# File generated by ImageToStl.com - Free Image and 3D model conversion tools

mtllib surgical_curved_tip.mtl

o obj1
v 0.13928938 -0.24088797 0.01274794
v 0.13928942 -0.24088797 0.01424867
v 0.14031219 -0.25497875 0.01424867
v 0.14031221 -0.25497875 0.01274795
v 0.13928942 -0.24088797 0.01424867
v 0.13928938 -0.24088797 0.01570493
v 0.14031219 -0.25497875 0.01570494
v 0.14031219 -0.25497875 0.01424867
v 0.14102632 -0.26735148 0.01424868
v 0.14102632 -0.26735148 0.01274796
v 0.14102633 -0.26735148 0.01570494
v 0.14102632 -0.26735148 0.01424868
v 0.13849981 -0.22575793 0.01133113
v 0.13849981 -0.22575793 0.01274793
v 0.13928939 -0.24088797 0.01133114
v 0.13849981 -0.22575793 0.01424866
v 0.13849981 -0.22575793 0.01424866
v 0.13849983 -0.22575793 0.01570492
v 0.13849981 -0.22575793 0.01698833
v 0.13928939 -0.24088797 0.01698833
v 0.14031218 -0.25497875 0.01698834
v 0.14102633 -0.26735148 0.01698835
v 0.14088994 -0.27732763 0.01698836
v 0.14088996 -0.27732763 0.01570495
v 0.14088996 -0.27732763 0.01424869
v 0.14088996 -0.27732763 0.01424869
v 0.14088997 -0.27732763 0.01274796
v 0.14102633 -0.26735148 0.01133115
v 0.14088994 -0.27732763 0.01133116
v 0.14031218 -0.25497875 0.01133115
v 0.10037528 -0.28520831 0.01570495
v 0.10037531 -0.28520831 0.01424869
v 0.10311908 -0.28989419 0.0142487
v 0.10311908 -0.28989419 0.01570496
v 0.10037531 -0.28520831 0.01424869
v 0.10037531 -0.28520831 0.01274797
v 0.10311908 -0.28989419 0.01274797
v 0.10311908 -0.28989419 0.0142487
v 0.10667653 -0.29269084 0.0142487
v 0.10667653 -0.29269084 0.01570496
v 0.10667652 -0.29269084 0.01274797
v 0.10667653 -0.29269084 0.0142487
v 0.09865598 -0.27801427 0.01698836
v 0.09865598 -0.27801427 0.01570495
v 0.10037529 -0.28520831 0.01698836
v 0.09865598 -0.27801427 0.01424869
v 0.09865598 -0.27801427 0.01424869
v 0.09865598 -0.27801427 0.01274796
v 0.09865598 -0.27801427 0.01133116
v 0.10037529 -0.28520831 0.01133116
v 0.10311908 -0.28989419 0.01133117
v 0.10667655 -0.29269084 0.01133117
v 0.11083694 -0.29421696 0.01133117
v 0.11083695 -0.29421696 0.01274797
v 0.11083695 -0.29421696 0.0142487
v 0.11083695 -0.29421696 0.0142487
v 0.11083694 -0.29421696 0.01570496
v 0.10667655 -0.29269084 0.01698836
v 0.11083694 -0.29421696 0.01698836
v 0.10311908 -0.28989419 0.01698836
v 0.13949242 -0.28444657 0.01133116
v 0.13694751 -0.28912172 0.01133117
v 0.13464506 -0.28910169 0.00833711
v 0.13675149 -0.28449067 0.008311
v 0.13350032 -0.29198465 0.01133117
v 0.13185164 -0.29180226 0.00839516
v 0.12939583 -0.29366764 0.01133117
v 0.12849131 -0.29327187 0.00843546
v 0.13792039 -0.27737579 0.0083073
v 0.12765712 -0.29293618 0.00804338
v 0.12942548 -0.29176196 0.0079045
v 0.13141532 -0.28914699 0.0077928
v 0.13298611 -0.28456053 0.00774737
v 0.13385096 -0.27744207 0.00774093
v 0.13723382 0.15966764 0.01555067
v 0.13683406 0.15995446 0.01552134
v 0.1337592 0.15992823 0.01833182
v 0.13436753 0.1596643 0.01837629
v 0.13562582 0.16025797 0.01546019
v 0.13207531 0.16017094 0.01824158
v 0.13253562 0.16056886 0.01533097
v 0.12882493 0.16035858 0.01817852
v 0.13442974 0.15942517 0.01838785
v 0.13726217 0.15942517 0.01556307
v 0.12724565 0.16030207 0.01871317
v 0.1287854 0.16015401 0.01891237
v 0.13001552 0.15992346 0.0190745
v 0.13049844 0.15966359 0.01914256
v 0.13054822 0.15942517 0.01915496
v 0.09698024 0.15966764 0.01360207
v 0.09696677 0.15966764 0.01424867
v 0.09708455 0.15995494 0.01425022
v 0.09719241 0.15995565 0.01362556
v 0.09696677 0.15966764 0.01424867
v 0.09698023 0.15966764 0.01485103
v 0.09719239 0.15995565 0.01483208
v 0.09708455 0.15995494 0.01425022
v 0.09741668 0.16025725 0.01425415
v 0.09778777 0.16025987 0.01367765
v 0.09778777 0.16025987 0.0147925
v 0.09741668 0.16025725 0.01425415
v 0.0969784 0.15942517 0.01275593
v 0.09697841 0.15942517 0.01359373
v 0.09700699 0.15966764 0.01276928
v 0.0969784 0.15942517 0.01424843
v 0.0969784 0.15942517 0.01424843
v 0.0969784 0.15942517 0.01485866
v 0.0969784 0.15942517 0.01556307
v 0.09700699 0.15966764 0.01555067
v 0.09740624 0.15995446 0.01552134
v 0.09861235 0.16025797 0.01546019
v 0.10169663 0.16056886 0.01533097
v 0.09863661 0.16054693 0.01471799
v 0.09782864 0.16054097 0.01426047
v 0.09782864 0.16054097 0.01426047
v 0.09863661 0.16054717 0.01377457
v 0.09861235 0.16025797 0.01288336
v 0.10169663 0.16056886 0.01305443
v 0.09740624 0.15995446 0.0128048
v 0.12441453 0.16379777 0.01476913
v 0.11692926 0.16379848 0.01480513
v 0.11705215 0.16178265 0.01489061
v 0.1246196 0.16177788 0.01484841
v 0.10944399 0.16379777 0.01476913
v 0.10948479 0.16177788 0.01484841
v 0.11710234 0.16094866 0.01512855
v 0.12493989 0.16093269 0.01507228
v 0.10926512 0.16093269 0.01507228
v 0.10324846 0.16379681 0.01466125
v 0.10326698 0.16176954 0.01472252
v 0.10285504 0.16089979 0.01489645
v 0.10904767 0.16069618 0.01556009
v 0.11711469 0.1607298 0.01562184
v 0.12518242 0.16069618 0.01556009
v 0.13135032 0.16089979 0.01489645
v 0.13083749 0.16176954 0.01472252
v 0.13061008 0.16379681 0.01466125
v 0.10944398 0.16379777 0.01378399
v 0.11692926 0.16379848 0.01374763
v 0.11705215 0.16178265 0.01363939
v 0.10948478 0.16177788 0.01368397
v 0.12441455 0.16379777 0.01378399
v 0.12461962 0.16177788 0.01368397
v 0.11710234 0.16094866 0.01333767
v 0.1092651 0.16093269 0.01340144
v 0.12493984 0.16093269 0.01340144
v 0.13061006 0.16379681 0.01389259
v 0.1308375 0.16176954 0.01381593
v 0.13135034 0.16089979 0.01359838
v 0.13253564 0.16056886 0.01305443
v 0.12518242 0.16069618 0.0127843
v 0.11711471 0.1607298 0.01271146
v 0.10904765 0.16069618 0.0127843
v 0.10285504 0.16089979 0.01359838
v 0.10326698 0.16176954 0.01381593
v 0.10324846 0.16379681 0.01389259
v 0.13444431 0.1637961 0.01406723
v 0.13571814 0.16379586 0.01427763
v 0.13582893 0.16176262 0.01427489
v 0.13460653 0.16176429 0.0140255
v 0.13571814 0.16379586 0.01427763
v 0.13444431 0.1637961 0.01448756
v 0.13460651 0.16176429 0.01452058
v 0.13582893 0.16176262 0.01427489
v 0.13605584 0.16087785 0.01426833
v 0.13496357 0.16088238 0.01391977
v 0.13496354 0.16088238 0.01460391
v 0.13605584 0.16087785 0.01426833
v 0.13559322 0.16054693 0.01471799
v 0.13640049 0.16054097 0.01426047
v 0.13640049 0.16054097 0.01426047
v 0.13559321 0.16054693 0.01377457
v 0.09320813 -0.00325832 0.01274804
v 0.09320812 -0.00325832 0.01424841
v 0.0933571 0.0255498 0.01424803
v 0.09335712 0.0255498 0.01274945
v 0.09320812 -0.00325832 0.01424841
v 0.09320815 -0.00325832 0.01570443
v 0.0933571 0.0255498 0.01570226
v 0.0933571 0.0255498 0.01424803
v 0.09390134 0.05060139 0.01424694
v 0.09390135 0.05060139 0.01275325
v 0.09390135 0.05060139 0.01569641
v 0.09390134 0.05060139 0.01424694
v 0.09351726 -0.03416571 0.01133101
v 0.09351726 -0.03416571 0.01274782
v 0.09320813 -0.00325832 0.01133147
v 0.09351726 -0.03416571 0.01424854
v 0.09351726 -0.03416571 0.01424854
v 0.09351724 -0.03416571 0.0157048
v 0.09351726 -0.03416571 0.01698821
v 0.09320813 -0.00325832 0.0169876
v 0.09335712 0.0255498 0.01698388
v 0.09390132 0.05060139 0.01697374
v 0.09477797 0.07023898 0.01695406
v 0.09477797 0.07023898 0.01568495
v 0.09477797 0.07023898 0.01424479
v 0.09477797 0.07023898 0.01424479
v 0.09477797 0.07023898 0.01276075
v 0.09390132 0.05060139 0.01134312
v 0.09477797 0.07023898 0.0113598
v 0.09335712 0.02554979 0.01133456
v 0.14059605 -0.12533101 0.01698826
v 0.1409394 -0.09636649 0.01698825
v 0.1377385 -0.09636649 0.01927862
v 0.13750641 -0.12533101 0.01927863
v 0.14115475 -0.06560478 0.01698823
v 0.13786057 -0.06560478 0.0192786
v 0.14128774 -0.03416571 0.01698821
v 0.13792889 -0.03416571 0.01927858
v 0.13710806 -0.15137896 0.01927865
v 0.14007899 -0.15137896 0.01698828
v 0.13332601 -0.03416571 0.01963013
v 0.13334632 -0.06560478 0.01963015
v 0.13335209 -0.09636649 0.01963016
v 0.13327251 -0.12533101 0.01963018
v 0.13303675 -0.15137896 0.0196302
v 0.09672971 0.02554979 0.00831498
v 0.09659407 -0.00325833 0.00830809
v 0.09721917 0.05060139 0.00833345
v 0.09799838 0.07023897 0.00836956
v 0.09687611 -0.03416571 0.00830715
v 0.10241152 0.07023897 0.00780951
v 0.1017658 0.05060139 0.00776971
v 0.10135144 0.02554979 0.00774934
v 0.10123399 -0.00325833 0.00774184
v 0.10147901 -0.03416571 0.00774079
v 0.1375715 0.09550968 0.01279447
v 0.13757148 0.09550968 0.01423547
v 0.13870649 0.09121099 0.0142381
v 0.13870648 0.09121099 0.01278494
v 0.13757148 0.09550968 0.01423547
v 0.1375715 0.09550968 0.0156338
v 0.13870648 0.09121099 0.01564834
v 0.13870649 0.09121099 0.0142381
v 0.13975319 0.08337656 0.01424168
v 0.13975319 0.08337656 0.01277242
v 0.13975321 0.08337656 0.0156673
v 0.13975319 0.08337656 0.01424168
v 0.13648054 0.09804073 0.01144013
v 0.13648054 0.09804073 0.01279721
v 0.13757151 0.09550968 0.01143417
v 0.13648053 0.09804073 0.01423476
v 0.13648053 0.09804073 0.01423476
v 0.13648055 0.09804073 0.01562962
v 0.13648054 0.09804073 0.01685903
v 0.13757151 0.09550968 0.01686606
v 0.13870646 0.09121099 0.0168911
v 0.13975321 0.0833768 0.01692377
v 0.14057943 0.07023898 0.01695406
v 0.14057943 0.07023898 0.01568495
v 0.14057945 0.07023898 0.01424479
v 0.14057945 0.07023898 0.01424479
v 0.14057945 0.07023898 0.01276075
v 0.13975321 0.0833768 0.0113853
v 0.14057943 0.07023922 0.0113598
v 0.13870646 0.09121099 0.01141308
v 0.1356578 0.14811364 0.01331789
v 0.1356578 0.14811364 0.01424843
v 0.13478738 0.14155903 0.01424856
v 0.13478735 0.14155903 0.01316506
v 0.1356578 0.14811364 0.01424843
v 0.1356578 0.14811364 0.01513452
v 0.13478735 0.14155903 0.01528759
v 0.13478738 0.14155903 0.01424856
v 0.13394888 0.13445345 0.0142488
v 0.13394886 0.13445345 0.01301188
v 0.13394889 0.13445345 0.01544113
v 0.13394888 0.13445345 0.0142488
v 0.1363934 0.15333477 0.01250476
v 0.1363934 0.15333477 0.0134446
v 0.13565782 0.14811364 0.01229114
v 0.1363934 0.15333477 0.01424843
v 0.1363934 0.15333477 0.01424843
v 0.13639341 0.15333477 0.01500779
v 0.1363934 0.15333477 0.01581436
v 0.13565782 0.14811364 0.01602787
v 0.13478735 0.14155903 0.01628561
v 0.13394888 0.13445345 0.01654429
v 0.13330925 0.12757865 0.0167609
v 0.13330925 0.12757865 0.01556964
v 0.13330925 0.12757865 0.01424916
v 0.13330925 0.12757865 0.01424916
v 0.13330925 0.12757865 0.0128841
v 0.13394888 0.13445345 0.01177521
v 0.13330925 0.12757865 0.01155932
v 0.13478735 0.14155903 0.01203365
v 0.13230529 0.14155903 0.00874502
v 0.13305034 0.14811364 0.00890702
v 0.13159403 0.13445345 0.00858076
v 0.13106316 0.12757865 0.00844045
v 0.13368249 0.15333477 0.00904065
v 0.12798524 0.12757865 0.00780435
v 0.12836702 0.13445345 0.0078835
v 0.128904 0.14155903 0.00797338
v 0.12947711 0.14811364 0.00806064
v 0.12996754 0.15333477 0.00813192
v 0.09855494 0.09550968 0.01686606
v 0.09721218 0.09121099 0.0168911
v 0.10012972 0.09121099 0.01910887
v 0.1012983 0.09550968 0.01906524
v 0.09591602 0.0833768 0.01692377
v 0.09899834 0.0833768 0.01916621
v 0.09799838 0.07023898 0.01921903
v 0.10240968 0.09804073 0.01905296
v 0.09983289 0.09804073 0.01685903
v 0.10241154 0.07023898 0.01956665
v 0.10322222 0.0833768 0.01951025
v 0.10412788 0.09121099 0.01944933
v 0.10505772 0.09550968 0.01940272
v 0.10594083 0.09804073 0.0193896
v 0.10287879 0.11213031 0.01274535
v 0.10287881 0.11213031 0.01424977
v 0.10261948 0.11645594 0.01425012
v 0.1026195 0.11645594 0.01275881
v 0.10287881 0.11213031 0.01424977
v 0.10287879 0.11213031 0.01570948
v 0.10261948 0.11645594 0.01569685
v 0.10261948 0.11645594 0.01425012
v 0.10210271 0.12156764 0.01424976
v 0.10210271 0.12156764 0.01280137
v 0.1021027 0.12156764 0.01565357
v 0.10210271 0.12156764 0.01424976
v 0.10284398 0.10847726 0.01133546
v 0.10284398 0.10847726 0.01274976
v 0.10287878 0.11213031 0.01132449
v 0.10284398 0.10847726 0.01424786
v 0.10284398 0.10847726 0.01424786
v 0.10284397 0.10847726 0.01570162
v 0.10284398 0.10847726 0.01698276
v 0.10287878 0.11213031 0.01699647
v 0.10261947 0.11645594 0.01697525
v 0.1021027 0.12156764 0.01690229
v 0.10136527 0.12757865 0.0167609
v 0.10136527 0.12757865 0.01556976
v 0.10136528 0.12757865 0.01424916
v 0.10136528 0.12757865 0.01424916
v 0.10136525 0.12757865 0.0128841
v 0.1021027 0.12156764 0.01141878
v 0.10136527 0.12757865 0.01155932
v 0.10261947 0.11645594 0.01134642
v 0.10094669 0.10030046 0.01279041
v 0.10094669 0.10030046 0.01423654
v 0.10184559 0.10269991 0.01424024
v 0.10184558 0.10269991 0.0127773
v 0.10094669 0.10030046 0.01423654
v 0.10094668 0.10030046 0.01563987
v 0.10184558 0.10269991 0.01565978
v 0.10184559 0.10269991 0.01424024
v 0.10249089 0.10537902 0.01424441
v 0.10249089 0.10537902 0.01276228
v 0.10249089 0.10537902 0.01568255
v 0.10249089 0.10537902 0.01424441
v 0.09983289 0.09804073 0.01144013
v 0.09983288 0.09804073 0.01279721
v 0.10094668 0.10030046 0.01142523
v 0.09983288 0.09804073 0.01423476
v 0.09983288 0.09804073 0.01423476
v 0.09983289 0.09804073 0.01562962
v 0.10094668 0.10030046 0.01687655
v 0.10184558 0.10269991 0.01691076
v 0.10249087 0.10537902 0.0169501
v 0.10249087 0.10537902 0.01136312
v 0.10184558 0.10269991 0.01139638
v 0.13299669 0.12156764 0.01280137
v 0.13299668 0.12156764 0.01424976
v 0.13298498 0.11645594 0.01425024
v 0.132985 0.11645594 0.01275881
v 0.13299668 0.12156764 0.01424976
v 0.13299669 0.12156764 0.01565357
v 0.13298498 0.11645594 0.01569685
v 0.13298498 0.11645594 0.01425024
v 0.13320933 0.11213031 0.01424977
v 0.13320935 0.11213031 0.01274535
v 0.13320935 0.11213031 0.01570948
v 0.13320933 0.11213031 0.01424977
v 0.13299666 0.12156764 0.01141878
v 0.13299666 0.12156764 0.01690229
v 0.13298498 0.11645594 0.01697525
v 0.13320933 0.11213031 0.01699647
v 0.13360491 0.10847726 0.01698276
v 0.13360491 0.10847726 0.01570162
v 0.13360491 0.10847726 0.01424786
v 0.13360491 0.10847726 0.01424786
v 0.13360491 0.10847726 0.01274976
v 0.13320933 0.11213031 0.01132449
v 0.13360491 0.10847726 0.01133546
v 0.13298498 0.11645594 0.01134642
v 0.13084993 0.11645594 0.00829538
v 0.13082445 0.12156764 0.00834497
v 0.13107674 0.11213031 0.00828739
v 0.13144204 0.10847726 0.00831696
v 0.12847809 0.10847726 0.00775155
v 0.12815426 0.1121303 0.00771781
v 0.12792407 0.11645593 0.00771745
v 0.12784767 0.12156764 0.00774737
v 0.13350032 -0.29198465 0.01698836
v 0.13694753 -0.28912172 0.01698836
v 0.13464504 -0.28910169 0.01926061
v 0.13185164 -0.29180226 0.01922533
v 0.13949241 -0.28444657 0.01698836
v 0.1367515 -0.28449067 0.01927646
v 0.13792041 -0.27737579 0.01927872
v 0.12849133 -0.29327187 0.01920089
v 0.12939583 -0.29366764 0.01698836
v 0.13385096 -0.27744207 0.01963027
v 0.13298613 -0.28456053 0.01962634
v 0.13141532 -0.28914699 0.01959881
v 0.1294255 -0.29176196 0.01953086
v 0.1276571 -0.29293618 0.01944646
v 0.09665479 -0.12533101 0.01274787
v 0.09665479 -0.12533101 0.0142486
v 0.09541546 -0.09636649 0.01424858
v 0.09541547 -0.09636649 0.01274785
v 0.09665479 -0.12533101 0.0142486
v 0.09665479 -0.12533101 0.01570486
v 0.09541547 -0.09636649 0.01570484
v 0.09541546 -0.09636649 0.01424858
v 0.09430413 -0.06560478 0.01424856
v 0.09430413 -0.06560478 0.01274784
v 0.09430413 -0.06560478 0.01570482
v 0.09430413 -0.06560478 0.01424856
v 0.09782557 -0.15137896 0.01133108
v 0.09782556 -0.15137896 0.01274789
v 0.0966548 -0.12533101 0.01133107
v 0.09782559 -0.15137896 0.01424861
v 0.09782559 -0.15137896 0.01424861
v 0.09782556 -0.15137896 0.01570487
v 0.09782557 -0.15137896 0.01698828
v 0.0966548 -0.12533101 0.01698826
v 0.09541547 -0.09636649 0.01698825
v 0.09430413 -0.06560478 0.01698823
v 0.09430413 -0.06560478 0.01133103
v 0.09541547 -0.09636649 0.01133105
v 0.14136326 -0.00325832 0.0169876
v 0.14132306 0.0255498 0.01698388
v 0.13795047 0.0255498 0.01927115
v 0.13797735 -0.00325832 0.01927761
v 0.14108813 0.05060139 0.01697374
v 0.13777031 0.05060139 0.01925338
v 0.13735901 0.07023898 0.01921903
v 0.13294585 0.07023898 0.01956665
v 0.13322365 0.05060139 0.01960325
v 0.13332874 0.0255498 0.0196221
v 0.13333739 -0.00325832 0.01962915
v 0.10475454 0.11645594 0.00829538
v 0.1050114 0.11213031 0.00828739
v 0.10427496 0.12156764 0.00834497
v 0.10361134 0.12757865 0.00844045
v 0.10500686 0.10847726 0.00831696
v 0.10668927 0.12757865 0.00780435
v 0.1072517 0.12156764 0.00774737
v 0.1076804 0.11645593 0.00771745
v 0.10793389 0.1121303 0.00771781
v 0.10797082 0.10847726 0.00775155
v 0.14108813 0.05060139 0.01275325
v 0.14108816 0.05060139 0.01424694
v 0.14132306 0.0255498 0.01424803
v 0.14132309 0.0255498 0.01274945
v 0.14108816 0.05060139 0.01424694
v 0.14108813 0.05060139 0.01569641
v 0.14132306 0.0255498 0.01570226
v 0.14132306 0.0255498 0.01424803
v 0.14136326 -0.00325832 0.01424841
v 0.14136326 -0.00325832 0.01274804
v 0.14136328 -0.00325832 0.01570443
v 0.14136326 -0.00325832 0.01424841
v 0.14108814 0.05060139 0.01134312
v 0.14128774 -0.03416571 0.0157048
v 0.14128774 -0.03416571 0.01424854
v 0.14128774 -0.03416571 0.01424854
v 0.14128774 -0.03416571 0.01274782
v 0.14136326 -0.00325832 0.01133147
v 0.14128773 -0.03416571 0.01133101
v 0.14132304 0.02554979 0.01133456
v 0.09961702 -0.21005902 0.01274792
v 0.09961703 -0.21005926 0.01424865
v 0.09936972 -0.19298229 0.01424864
v 0.09936975 -0.19298229 0.01274791
v 0.09961703 -0.21005926 0.01424865
v 0.09961702 -0.21005926 0.01570491
v 0.09936975 -0.19298229 0.0157049
v 0.09936972 -0.19298229 0.01424864
v 0.09875564 -0.17373285 0.01424863
v 0.09875563 -0.17373285 0.0127479
v 0.09875563 -0.17373285 0.01570489
v 0.09875564 -0.17373285 0.01424863
v 0.09944658 -0.22589526 0.01133113
v 0.09944659 -0.22589526 0.01274793
v 0.099617 -0.21005902 0.01133112
v 0.09944658 -0.22589526 0.01424866
v 0.09944658 -0.22589526 0.01424866
v 0.09944659 -0.22589526 0.01570492
v 0.09944658 -0.22589526 0.01698833
v 0.099617 -0.21005902 0.01698831
v 0.09936973 -0.19298229 0.01698831
v 0.09875563 -0.17373285 0.01698829
v 0.09875563 -0.17373285 0.0113311
v 0.09936973 -0.19298229 0.01133111
v 0.13084993 0.11645594 0.01928886
v 0.13107674 0.11213031 0.01929721
v 0.13082445 0.12156764 0.0192395
v 0.13106316 0.12757865 0.01914449
v 0.13144203 0.10847726 0.01926919
v 0.12798524 0.12757865 0.0195653
v 0.12784769 0.12156764 0.01962133
v 0.12792408 0.11645594 0.01965078
v 0.12815426 0.11213031 0.01965114
v 0.12847809 0.10847726 0.01962003
v 0.09806573 -0.26791367 0.01133115
v 0.09828472 -0.25539073 0.01133115
v 0.1012398 -0.25536188 0.00830728
v 0.10108641 -0.26787433 0.00830729
v 0.09888698 -0.24114975 0.01133114
v 0.10172775 -0.2411314 0.00830728
v 0.10219251 -0.22588572 0.00830727
v 0.10162558 -0.27796587 0.0083073
v 0.10595544 -0.22587237 0.0077409
v 0.10562071 -0.24110612 0.00774091
v 0.1052893 -0.25532207 0.00774092
v 0.10522583 -0.26781997 0.00774093
v 0.10569498 -0.27789983 0.00774093
v 0.14115477 -0.06560478 0.01274784
v 0.14115474 -0.06560478 0.01424856
v 0.1409394 -0.09636649 0.01424858
v 0.1409394 -0.09636649 0.01274785
v 0.14115474 -0.06560478 0.01424856
v 0.14115477 -0.06560478 0.01570482
v 0.14093938 -0.09636649 0.01570484
v 0.1409394 -0.09636649 0.01424858
v 0.14059605 -0.12533101 0.0142486
v 0.14059603 -0.12533101 0.01274787
v 0.14059605 -0.12533101 0.01570486
v 0.14059605 -0.12533101 0.0142486
v 0.14115474 -0.06560478 0.01133103
v 0.14007901 -0.15137896 0.01570487
v 0.14007902 -0.15137896 0.01424861
v 0.14007902 -0.15137896 0.01424861
v 0.14007902 -0.15137896 0.01274789
v 0.14059603 -0.12533101 0.01133107
v 0.14007899 -0.15137896 0.01133108
v 0.1409394 -0.09636649 0.01133105
v 0.09806575 -0.26791367 0.01274796
v 0.09806575 -0.26791367 0.01424868
v 0.09828472 -0.25539073 0.01424867
v 0.09828469 -0.25539073 0.01274795
v 0.09806575 -0.26791367 0.01424868
v 0.09806575 -0.26791367 0.01570494
v 0.09828471 -0.25539073 0.01570494
v 0.09828472 -0.25539073 0.01424867
v 0.098887 -0.24114975 0.01424867
v 0.098887 -0.24114975 0.01274794
v 0.098887 -0.24114975 0.01570493
v 0.098887 -0.24114975 0.01424867
v 0.09806575 -0.26791367 0.01698835
v 0.09828472 -0.25539073 0.01698834
v 0.09888697 -0.24114975 0.01698833
v 0.09672971 0.0255498 0.01927115
v 0.09721915 0.05060139 0.01925338
v 0.09659407 -0.00325832 0.01927761
v 0.09687613 -0.03416571 0.01927858
v 0.10147901 -0.03416571 0.01963013
v 0.10123399 -0.00325832 0.01962915
v 0.10135144 0.0255498 0.0196221
v 0.1017658 0.05060139 0.01960325
v 0.10541902 -0.28976497 0.00833711
v 0.10831746 -0.29240856 0.00839516
v 0.1031159 -0.28514537 0.008311
v 0.11172698 -0.2937468 0.00843546
v 0.10688116 -0.28506836 0.00774738
v 0.10864781 -0.2896615 0.0077928
v 0.11074002 -0.29223546 0.0079045
v 0.11254892 -0.29334816 0.00804338
v 0.13939172 -0.1737307 0.0127479
v 0.13939171 -0.1737307 0.01424863
v 0.1387337 -0.19296512 0.01424864
v 0.13873369 -0.19296512 0.01274791
v 0.13939171 -0.1737307 0.01424863
v 0.13939172 -0.1737307 0.01570489
v 0.1387337 -0.19296512 0.0157049
v 0.1387337 -0.19296512 0.01424864
v 0.13835354 -0.21000132 0.01424865
v 0.13835354 -0.21000108 0.01274792
v 0.13835354 -0.21000108 0.01570491
v 0.13835354 -0.21000132 0.01424865
v 0.13939172 -0.1737307 0.0113311
v 0.13939172 -0.1737307 0.01698829
v 0.1387337 -0.19296512 0.01698831
v 0.13835353 -0.21000108 0.01698831
v 0.13835353 -0.21000108 0.01133112
v 0.1387337 -0.19296512 0.01133111
v 0.12487173 -0.29469213 0.01274797
v 0.12487175 -0.29469213 0.0142487
v 0.1201365 -0.2951425 0.0142487
v 0.12013648 -0.2951425 0.01274797
v 0.12487175 -0.29469213 0.0142487
v 0.12487173 -0.29469213 0.01570496
v 0.12013647 -0.2951425 0.01570496
v 0.1201365 -0.2951425 0.0142487
v 0.11539119 -0.29499254 0.0142487
v 0.11539118 -0.29499254 0.01274797
v 0.11539117 -0.29499254 0.01570496
v 0.11539119 -0.29499254 0.0142487
v 0.12939583 -0.29366764 0.01274797
v 0.12487173 -0.29469213 0.01133117
v 0.12939584 -0.29366764 0.0142487
v 0.12939584 -0.29366764 0.0142487
v 0.12939584 -0.29366764 0.01570496
v 0.12487173 -0.29469213 0.01698837
v 0.1201365 -0.2951425 0.01698837
v 0.11539118 -0.29499254 0.01698837
v 0.11539118 -0.29499254 0.01133117
v 0.1201365 -0.2951425 0.01133117
v 0.10415986 0.10269991 0.00844869
v 0.10337912 0.10030046 0.0085114
v 0.10471484 0.10537902 0.00837681
v 0.10240968 0.09804073 0.00854358
v 0.10776249 0.10537902 0.00781748
v 0.10733134 0.10269991 0.00789663
v 0.10671239 0.10030046 0.00796566
v 0.10594082 0.09804073 0.00800106
v 0.10541905 -0.28976497 0.01926061
v 0.1031159 -0.28514537 0.01927646
v 0.10831745 -0.29240856 0.01922533
v 0.111727 -0.2937468 0.01920089
v 0.10162559 -0.27796587 0.01927872
v 0.11254892 -0.29334816 0.01944646
v 0.11074004 -0.29223546 0.01953086
v 0.10864781 -0.28966126 0.01959881
v 0.10688116 -0.28506836 0.01962634
v 0.10569499 -0.27789983 0.01963027
v 0.13949242 -0.28444657 0.01274797
v 0.13949241 -0.28444657 0.01424869
v 0.13694753 -0.28912172 0.0142487
v 0.13694751 -0.28912172 0.01274797
v 0.13949241 -0.28444657 0.01424869
v 0.13949242 -0.28444657 0.01570495
v 0.13694751 -0.28912172 0.01570496
v 0.13694753 -0.28912172 0.0142487
v 0.13350032 -0.29198465 0.0142487
v 0.13350034 -0.29198489 0.01274797
v 0.13350034 -0.29198489 0.01570496
v 0.13350032 -0.29198465 0.0142487
v 0.12645321 -0.24097118 0.01983708
v 0.1190882 -0.24101886 0.01990598
v 0.11929846 -0.25518474 0.01990599
v 0.12695971 -0.25510964 0.01983709
v 0.11172318 -0.24106655 0.01983708
v 0.11163722 -0.25525984 0.01983709
v 0.11954601 -0.26763257 0.019906
v 0.12737739 -0.26753005 0.01983709
v 0.11171468 -0.26773509 0.01983709
v 0.13199094 -0.22578081 0.01963024
v 0.12609228 -0.22580156 0.01983707
v 0.13255568 -0.2409316 0.01963025
v 0.1189732 -0.22582659 0.01990597
v 0.11185412 -0.22585163 0.01983707
v 0.10595545 -0.22587237 0.01963024
v 0.10562071 -0.24110612 0.01963025
v 0.10528928 -0.25532207 0.01963026
v 0.10522583 -0.26781997 0.01963027
v 0.11207408 -0.27779612 0.0198371
v 0.11977297 -0.27767095 0.019906
v 0.12747186 -0.27754578 0.0198371
v 0.13386624 -0.26744518 0.01963027
v 0.13330759 -0.25504741 0.01963026
v 0.12517563 0.09550968 0.01960132
v 0.11806321 0.09550968 0.01966748
v 0.11795932 0.09121099 0.01971636
v 0.12552339 0.09121099 0.0196496
v 0.11095083 0.09550968 0.01960132
v 0.11039525 0.09121099 0.0196496
v 0.11783463 0.08337656 0.01978026
v 0.12582578 0.08337656 0.01971279
v 0.10984348 0.08337656 0.01971279
v 0.1303726 0.09804073 0.0193896
v 0.12483729 0.09804073 0.01958773
v 0.13106874 0.09550968 0.01940272
v 0.11815669 0.09804073 0.01965377
v 0.11147614 0.09804073 0.01958773
v 0.10932946 0.07023898 0.01977109
v 0.1176787 0.07023898 0.01983928
v 0.12602791 0.07023898 0.01977109
v 0.132447 0.08337656 0.01951025
v 0.13179074 0.09121099 0.01944933
v 0.12387587 0.14811364 0.01969701
v 0.11711575 0.14811364 0.019826
v 0.11713722 0.14155903 0.01984889
v 0.12357217 0.14155903 0.019736
v 0.1103556 0.14811364 0.01969701
v 0.11070226 0.14155903 0.019736
v 0.11720335 0.13445345 0.01987441
v 0.12330849 0.13445345 0.01977749
v 0.11109821 0.13445345 0.01977749
v 0.12996754 0.15333477 0.01923877
v 0.12414409 0.15333477 0.01966566
v 0.12947713 0.14811364 0.01931006
v 0.11711583 0.15333477 0.01980799
v 0.11008753 0.15333477 0.01966566
v 0.1042641 0.15333477 0.01923877
v 0.10475436 0.14811364 0.01931006
v 0.10537048 0.14155903 0.01939721
v 0.10603966 0.13445345 0.01948674
v 0.10668926 0.12757865 0.0195653
v 0.11151414 0.12757865 0.01981647
v 0.11733724 0.12757865 0.01990028
v 0.12316036 0.12757865 0.01981647
v 0.12836704 0.13445345 0.01948674
v 0.12890397 0.14155903 0.01939721
v 0.12318142 0.12156764 0.01984759
v 0.11754969 0.12156764 0.01992293
v 0.11780222 0.11645594 0.01993533
v 0.12333761 0.11645594 0.01986416
v 0.11191797 0.12156764 0.01984759
v 0.11226684 0.11645594 0.01986416
v 0.11804406 0.11213031 0.0199289
v 0.12357308 0.11213031 0.0198594
v 0.11251508 0.11213031 0.0198594
v 0.1072517 0.12156764 0.01962133
v 0.10768038 0.11645594 0.01965078
v 0.10793389 0.11213031 0.01965114
v 0.10797082 0.10847726 0.01962003
v 0.11261699 0.10847726 0.0198265
v 0.11822446 0.10847726 0.01989528
v 0.12383191 0.10847726 0.0198265
v 0.1260965 0.05060139 0.01980913
v 0.11749475 0.05060139 0.01987779
v 0.11734009 0.0255498 0.01989748
v 0.12608388 0.0255498 0.01982869
v 0.10889299 0.05060139 0.01980913
v 0.1085963 0.0255498 0.01982869
v 0.1172857 -0.00325832 0.01990477
v 0.12606399 -0.00325832 0.01983586
v 0.10850742 -0.00325832 0.01983586
v 0.10869434 -0.03416571 0.01983695
v 0.11740249 -0.03416571 0.01990586
v 0.12611069 -0.03416571 0.01983695
v 0.12626992 -0.06560478 0.01983697
v 0.11772944 -0.06560478 0.01990588
v 0.11817744 -0.09636649 0.01990589
v 0.12647609 -0.09636649 0.01983699
v 0.10918896 -0.06560478 0.01983697
v 0.10987881 -0.09636649 0.01983699
v 0.11862542 -0.12533101 0.01990591
v 0.12663555 -0.12533101 0.01983701
v 0.1106153 -0.12533101 0.01983701
v 0.10211258 -0.06560478 0.01963015
v 0.1030028 -0.09636649 0.01963016
v 0.10397834 -0.12533101 0.01963018
v 0.10486782 -0.15137896 0.0196302
v 0.11124983 -0.15137896 0.01983703
v 0.11895232 -0.15137896 0.01990593
v 0.12665474 -0.15137896 0.01983703
v 0.12648126 -0.17373118 0.01983704
v 0.11907366 -0.17373165 0.01990594
v 0.11905172 -0.1929737 0.01990595
v 0.12622741 -0.19297037 0.01983705
v 0.11166605 -0.17373213 0.01983704
v 0.111876 -0.1929768 0.01983705
v 0.1189853 -0.21003017 0.01990596
v 0.12604661 -0.21001968 0.01983706
v 0.11192393 -0.21004066 0.01983706
v 0.13261904 -0.17373094 0.01963021
v 0.1055283 -0.17373237 0.01963021
v 0.1059304 -0.19297943 0.01963022
v 0.1060731 -0.21004948 0.01963023
v 0.13189743 -0.21001086 0.01963023
v 0.13217305 -0.19296798 0.01963022
v 0.12707368 -0.28467879 0.0198321
v 0.11993375 -0.28482088 0.01990064
v 0.12003244 -0.28945598 0.01986345
v 0.12627262 -0.28928956 0.01979717
v 0.11279373 -0.28495654 0.0198321
v 0.11379138 -0.28957066 0.01979717
v 0.12008581 -0.29218039 0.0197626
v 0.12527201 -0.29196486 0.01970395
v 0.11489674 -0.29222617 0.01970395
v 0.11568786 -0.29361448 0.01952693
v 0.12011182 -0.29366812 0.01956734
v 0.12452985 -0.2933701 0.01952693
v 0.117121 0.16050902 0.01827401
v 0.12358618 0.16047111 0.01822847
v 0.11065575 0.16047111 0.01822847
v 0.10541686 0.16035858 0.01817852
v 0.10699622 0.16030207 0.01871317
v 0.1111131 0.16035429 0.0188989
v 0.11712098 0.16038051 0.01899236
v 0.12312882 0.16035429 0.0188989
v 0.09861638 -0.09636649 0.01927862
v 0.09759831 -0.06560478 0.0192786
v 0.09974441 -0.12533101 0.01927863
v 0.10079652 -0.15137896 0.01927865
v 0.13596593 -0.19296631 0.01927867
v 0.13562986 -0.21000537 0.01927868
v 0.1365345 -0.1737307 0.01927866
v 0.13575387 -0.2257677 0.01927869
v 0.10213751 -0.19298109 0.01927867
v 0.10161285 -0.17373261 0.01927866
v 0.10234067 -0.21005496 0.01927868
v 0.10219252 -0.22588572 0.01927869
v 0.1012398 -0.25536188 0.01927871
v 0.10172777 -0.2411314 0.0192787
v 0.10108639 -0.26787433 0.01927872
v 0.12012602 -0.29451832 0.01924261
v 0.11572543 -0.29439411 0.01922306
v 0.12451807 -0.29413208 0.01922306
v 0.10475454 0.11645594 0.01928886
v 0.10427496 0.12156764 0.0192395
v 0.1050114 0.11213031 0.01929721
v 0.10500687 0.10847726 0.01926908
v 0.10361134 0.12757865 0.01914449
v 0.09857365 0.14811364 0.01602787
v 0.0994871 0.14155903 0.01628561
v 0.10196914 0.14155903 0.01884038
v 0.10118115 0.14811364 0.01867849
v 0.10045782 0.13445345 0.01654429
v 0.10281269 0.13445345 0.01900453
v 0.10054913 0.15333477 0.01854485
v 0.09783822 0.15333477 0.01581436
v 0.13735715 -0.25500783 0.01927871
v 0.13800567 -0.26739106 0.01927872
v 0.13644862 -0.24090633 0.0192787
v 0.13554092 0.10030046 0.01687655
v 0.13476008 0.10269991 0.01691076
v 0.13244578 0.10269991 0.01914343
v 0.1331085 0.10030046 0.01908359
v 0.13412057 0.10537902 0.0169501
v 0.13189662 0.10537902 0.01921198
v 0.13390376 0.09804073 0.01905296
v 0.12884897 0.10537902 0.01955912
v 0.12927432 0.10269991 0.01948604
v 0.12977521 0.10030046 0.01942238
v 0.11172317 -0.24106655 0.00740081
v 0.1190882 -0.24101886 0.00728732
v 0.11929846 -0.25518474 0.00728733
v 0.1116372 -0.25525984 0.00740082
v 0.12645319 -0.24097118 0.00740081
v 0.12695971 -0.25510964 0.00740082
v 0.11954601 -0.26763257 0.00728734
v 0.11171468 -0.26773509 0.00740082
v 0.12737741 -0.26753005 0.00740082
v 0.11185412 -0.22585163 0.0074008
v 0.1189732 -0.22582659 0.00728731
v 0.1260923 -0.22580156 0.0074008
v 0.13199094 -0.22578081 0.0077409
v 0.13255568 -0.2409316 0.00774091
v 0.13330761 -0.25504741 0.00774092
v 0.13386624 -0.26744518 0.00774093
v 0.12747188 -0.27754578 0.00740083
v 0.11977297 -0.27767095 0.00728734
v 0.11207408 -0.27779612 0.00740083
v 0.11095083 0.09550967 0.00766036
v 0.11806323 0.09550967 0.00755141
v 0.11795932 0.09121098 0.00749729
v 0.11039527 0.09121098 0.00760708
v 0.12517561 0.09550967 0.00766036
v 0.12552339 0.09121098 0.00760708
v 0.11783461 0.08337655 0.00742636
v 0.10984346 0.08337655 0.00753735
v 0.12582578 0.08337655 0.00753735
v 0.11147614 0.09804071 0.00767526
v 0.1050577 0.09550967 0.00798688
v 0.1181567 0.09804071 0.00756666
v 0.12483728 0.09804071 0.00767526
v 0.1303726 0.09804073 0.00800106
v 0.13106874 0.09550967 0.00798688
v 0.13179074 0.09121098 0.00793646
v 0.132447 0.08337679 0.00787042
v 0.13294585 0.07023897 0.00780951
v 0.1260279 0.07023897 0.0074731
v 0.11767872 0.07023897 0.00736093
v 0.10932946 0.07023897 0.0074731
v 0.10322224 0.08337655 0.00787042
v 0.10412788 0.09121098 0.00793646
v 0.1103556 0.14811362 0.00754029
v 0.11711574 0.14811362 0.00736696
v 0.11713722 0.14155902 0.00734384
v 0.11070228 0.14155902 0.00750119
v 0.12387586 0.14811362 0.00754029
v 0.12357217 0.14155902 0.00750119
v 0.11720335 0.13445343 0.00731785
v 0.11109821 0.13445343 0.00745923
v 0.12330849 0.13445343 0.00745923
v 0.1042641 0.15333477 0.00813192
v 0.11008754 0.15333475 0.00757164
v 0.10475436 0.14811364 0.00806064
v 0.11711581 0.15333475 0.00738496
v 0.12414409 0.15333475 0.00757164
v 0.12316036 0.12757863 0.00741942
v 0.11733724 0.12757863 0.00729115
v 0.11151415 0.12757863 0.00741942
v 0.10603967 0.13445345 0.0078835
v 0.10537046 0.14155903 0.00797338
v 0.111918 0.12156762 0.00738724
v 0.1175497 0.12156762 0.0072672
v 0.11780223 0.11645593 0.00725409
v 0.11226685 0.11645593 0.00736996
v 0.12318143 0.12156762 0.00738724
v 0.12333761 0.11645593 0.00736996
v 0.11804405 0.1121303 0.00726148
v 0.11251508 0.1121303 0.00737556
v 0.12357308 0.1121303 0.00737556
v 0.12383191 0.10847725 0.00741192
v 0.11822446 0.10847725 0.00729879
v 0.11261699 0.10847725 0.00741192
v 0.10889299 0.05060139 0.00743115
v 0.11749475 0.05060139 0.00731826
v 0.11734009 0.02554979 0.00729646
v 0.1085963 0.02554979 0.00740971
v 0.12609647 0.05060139 0.00743115
v 0.12608387 0.02554979 0.00740971
v 0.1172857 -0.00325833 0.00728837
v 0.10850741 -0.00325833 0.00740174
v 0.12606399 -0.00325833 0.00740174
v 0.13322367 0.05060139 0.00776971
v 0.13332872 0.02554979 0.00774934
v 0.13333739 -0.00325833 0.00774184
v 0.13332598 -0.03416571 0.00774079
v 0.12611067 -0.03416572 0.00740068
v 0.11740249 -0.03416572 0.0072872
v 0.10869433 -0.03416572 0.00740068
v 0.10918896 -0.06560479 0.0074007
v 0.11772944 -0.06560479 0.00728722
v 0.11817746 -0.09636649 0.00728723
v 0.10987881 -0.09636649 0.00740072
v 0.12626991 -0.06560479 0.0074007
v 0.12647608 -0.09636649 0.00740072
v 0.11862542 -0.12533101 0.00728725
v 0.1106153 -0.12533101 0.00740074
v 0.12663554 -0.12533101 0.00740074
v 0.10211256 -0.06560478 0.00774081
v 0.1333463 -0.06560478 0.00774081
v 0.1333521 -0.09636649 0.00774083
v 0.13327248 -0.12533101 0.00774084
v 0.13303675 -0.15137896 0.00774086
v 0.12665474 -0.15137896 0.00740075
v 0.1189523 -0.15137896 0.00728727
v 0.11124983 -0.15137896 0.00740075
v 0.10397832 -0.12533101 0.00774084
v 0.10486782 -0.15137896 0.00774086
v 0.1030028 -0.09636649 0.00774083
v 0.11166604 -0.17373213 0.00740077
v 0.11907366 -0.17373165 0.00728728
v 0.11905172 -0.1929737 0.00728729
v 0.11187598 -0.1929768 0.00740078
v 0.12648129 -0.17373118 0.00740077
v 0.12622742 -0.1929706 0.00740078
v 0.1189853 -0.21003017 0.0072873
v 0.11192395 -0.21004066 0.00740079
v 0.12604661 -0.21001968 0.00740079
v 0.10552831 -0.17373237 0.00774087
v 0.13261904 -0.17373094 0.00774087
v 0.13217305 -0.19296798 0.00774088
v 0.13189745 -0.21001086 0.00774089
v 0.1060731 -0.21004948 0.00774089
v 0.10593039 -0.19297943 0.00774088
v 0.11279373 -0.28495654 0.00740894
v 0.11993375 -0.28482088 0.00729617
v 0.12003244 -0.28945598 0.00735732
v 0.11379138 -0.28957066 0.0074664
v 0.12707369 -0.28467879 0.00740894
v 0.12627262 -0.28928956 0.0074664
v 0.12008582 -0.29218039 0.00752327
v 0.11489674 -0.29222617 0.00761971
v 0.12527201 -0.29196486 0.00761971
v 0.12452985 -0.2933701 0.00791105
v 0.12011184 -0.29366812 0.00784454
v 0.11568789 -0.29361448 0.00791105
v 0.09861638 -0.09636649 0.00830719
v 0.09974441 -0.12533101 0.00830721
v 0.09759831 -0.06560478 0.00830717
v 0.10079652 -0.15137896 0.00830722
v 0.10048209 0.15992823 0.0092656
v 0.09987336 0.1596643 0.00921076
v 0.10216628 0.16017094 0.00937909
v 0.10541686 0.16035858 0.00945812
v 0.09981084 0.15942517 0.00919765
v 0.10699621 0.16030207 0.00877612
v 0.10545623 0.16015401 0.00852245
v 0.10422578 0.15992346 0.00831657
v 0.10374247 0.15966359 0.00823074
v 0.10369235 0.15942517 0.00821572
v 0.10213751 -0.19298109 0.00830725
v 0.10234068 -0.21005496 0.00830726
v 0.10161287 -0.17373261 0.00830724
v 0.13795045 0.02554979 0.00831498
v 0.13777031 0.05060139 0.00833345
v 0.13797736 -0.00325833 0.00830809
v 0.13792889 -0.03416571 0.00830715
v 0.13735901 0.07023897 0.00836956
v 0.13578892 0.09121098 0.00848494
v 0.13482815 0.09550967 0.00853071
v 0.13667092 0.08337679 0.00842486
v 0.13390376 0.09804073 0.00854358
v 0.11712098 0.16050902 0.00933534
v 0.11065577 0.16047111 0.00939351
v 0.12358616 0.16047111 0.00939351
v 0.12882495 0.16035858 0.00945812
v 0.12724563 0.16030207 0.00877612
v 0.12312882 0.16035429 0.00853842
v 0.11712097 0.16038051 0.00841897
v 0.11111312 0.16035429 0.00853842
v 0.1377385 -0.09636649 0.00830719
v 0.13786057 -0.06560478 0.00830717
v 0.13750641 -0.12533101 0.00830721
v 0.13710806 -0.15137896 0.00830722
v 0.13596591 -0.19296631 0.00830725
v 0.1365345 -0.1737307 0.00830724
v 0.13562986 -0.21000537 0.00830726
v 0.13575387 -0.2257677 0.00830727
v 0.12012604 -0.29451832 0.00836679
v 0.1245181 -0.29413208 0.00839886
v 0.11572543 -0.29439411 0.00839886
v 0.13735715 -0.25500783 0.00830728
v 0.13644861 -0.24090633 0.00830727
v 0.13800566 -0.26739106 0.00830729
v 0.09924136 0.16088238 0.01391977
v 0.0981487 0.16087785 0.01426833
v 0.09827533 0.16176262 0.01427489
v 0.09949787 0.16176429 0.0140255
v 0.0981487 0.16087785 0.01426833
v 0.09924135 0.16088238 0.01460391
v 0.09949787 0.16176429 0.01452046
v 0.09827533 0.16176262 0.01427489
v 0.09814037 0.16379586 0.01427763
v 0.09941421 0.1637961 0.01406723
v 0.09941421 0.1637961 0.01448756
v 0.09814037 0.16379586 0.01427763
v 0.09736846 0.15666214 0.01264196
v 0.09712005 0.15842167 0.01271456
v 0.09993248 0.15842167 0.00917178
v 0.10014576 0.15666214 0.00912648
v 0.09701578 0.15916005 0.01274496
v 0.09984298 0.15916005 0.00919085
v 0.10054913 0.15333477 0.00904065
v 0.09783824 0.15333477 0.01250476
v 0.10371721 0.15916005 0.00821203
v 0.10378654 0.15842167 0.00820189
v 0.10395172 0.15666214 0.0081777
v 0.11068459 0.16016832 0.00800961
v 0.11712083 0.16018096 0.00783604
v 0.11712067 0.15993132 0.00753444
v 0.11007121 0.1599275 0.0077303
v 0.12355708 0.16016832 0.00800961
v 0.12417009 0.1599275 0.0077303
v 0.11712046 0.15966453 0.0074225
v 0.10980467 0.15966405 0.00762468
v 0.12443623 0.15966405 0.00762468
v 0.1287854 0.16015401 0.00852245
v 0.13001551 0.15992346 0.00831657
v 0.13049844 0.15966359 0.00823074
v 0.13054821 0.15942517 0.00821572
v 0.12446369 0.15942515 0.00760835
v 0.1171203 0.15942515 0.00740581
v 0.10977688 0.15942515 0.00760835
v 0.10048208 0.15992823 0.01833182
v 0.10216631 0.16017118 0.01824158
v 0.09987335 0.1596643 0.01837629
v 0.09981084 0.15942517 0.01838785
v 0.10369235 0.15942517 0.01915496
v 0.10374248 0.15966359 0.01914256
v 0.10422578 0.15992346 0.0190745
v 0.10545625 0.16015401 0.01891237
v 0.12355708 0.16016832 0.01931363
v 0.11712083 0.16018096 0.01944929
v 0.11712067 0.15993133 0.0196858
v 0.12417011 0.15992752 0.01953274
v 0.11068459 0.16016832 0.01931363
v 0.11007121 0.15992752 0.01953274
v 0.11712047 0.15966454 0.01977378
v 0.12443624 0.15966406 0.01961594
v 0.10980469 0.15966406 0.01961594
v 0.10977688 0.15942517 0.01962906
v 0.1171203 0.15942517 0.01978701
v 0.12446369 0.15942517 0.01962906
v 0.13562584 0.16025797 0.01288336
v 0.1368341 0.15995446 0.0128048
v 0.1337592 0.15992823 0.0092656
v 0.13207531 0.16017118 0.00937909
v 0.13723381 0.15966764 0.01276928
v 0.13436754 0.1596643 0.00921076
v 0.13726218 0.15942517 0.01275593
v 0.13442975 0.15942517 0.00919765
v 0.13644919 0.16025987 0.01367765
v 0.13681985 0.16025725 0.01425415
v 0.13715526 0.15995494 0.01425022
v 0.1370476 0.15995565 0.01362556
v 0.13681985 0.16025725 0.01425415
v 0.13644919 0.16025987 0.0147925
v 0.1370476 0.15995565 0.01483208
v 0.13715526 0.15995494 0.01425022
v 0.13727398 0.15966764 0.01424867
v 0.1372605 0.15966764 0.01360207
v 0.1372605 0.15966764 0.01485103
v 0.13727398 0.15966764 0.01424867
v 0.1372622 0.15942517 0.01485866
v 0.1372622 0.15942517 0.01424843
v 0.1372622 0.15942517 0.01424843
v 0.1372622 0.15942517 0.01359373
v 0.09736846 0.15666214 0.01352614
v 0.09736846 0.15666214 0.01424843
v 0.09712006 0.15842167 0.01424843
v 0.09712006 0.15842167 0.01356917
v 0.09736846 0.15666214 0.01424843
v 0.09736846 0.15666214 0.01492625
v 0.09712006 0.15842167 0.01488322
v 0.09712006 0.15842167 0.01424843
v 0.09701581 0.15916029 0.01424843
v 0.0970158 0.15916005 0.01358729
v 0.0970158 0.15916005 0.0148651
v 0.09701581 0.15916029 0.01424843
v 0.09783824 0.15333477 0.0134446
v 0.09783824 0.15333477 0.01424843
v 0.09783824 0.15333477 0.01424843
v 0.09783822 0.15333477 0.01500779
v 0.09736846 0.15666214 0.01567703
v 0.09712005 0.15842167 0.01560455
v 0.09701578 0.15916005 0.01557404
v 0.13686804 0.15666214 0.01567703
v 0.13711904 0.15842167 0.01560455
v 0.13430662 0.15842167 0.01841372
v 0.13409075 0.15666214 0.01845914
v 0.13722441 0.15916005 0.01557404
v 0.13439722 0.15916005 0.01839465
v 0.13368249 0.15333477 0.01854485
v 0.13052297 0.15916005 0.01915866
v 0.13045254 0.15842167 0.01916879
v 0.13028479 0.15666214 0.01919299
v 0.13412057 0.10537902 0.01136312
v 0.13476008 0.10269991 0.01139638
v 0.13244577 0.10269991 0.00844869
v 0.13189662 0.10537902 0.00837681
v 0.13554092 0.10030046 0.01142523
v 0.13310848 0.10030046 0.0085114
v 0.12977521 0.10030046 0.00796566
v 0.12927432 0.10269991 0.00789663
v 0.12884897 0.10537902 0.00781748
v 0.1125399 0.105379 0.00748154
v 0.11830573 0.105379 0.00736961
v 0.11830282 0.10269989 0.00745449
v 0.11230278 0.10269989 0.00756511
v 0.12407155 0.105379 0.00748154
v 0.12430285 0.10269989 0.00756511
v 0.11824378 0.10030045 0.00752864
v 0.11193757 0.10030045 0.00763783
v 0.12455003 0.10030045 0.00763783
v 0.1357889 0.09121099 0.01910887
v 0.13667089 0.08337656 0.01916621
v 0.13482815 0.09550968 0.01906524
v 0.12407155 0.10537902 0.01976344
v 0.11830574 0.10537902 0.01983151
v 0.11830282 0.10269991 0.01975486
v 0.12430286 0.10269991 0.01968762
v 0.1125399 0.10537902 0.01976344
v 0.11230278 0.10269991 0.01968762
v 0.11824377 0.10030046 0.0196881
v 0.12455003 0.10030046 0.01962158
v 0.11193755 0.10030046 0.01962158
v 0.10776252 0.10537902 0.01955912
v 0.10733132 0.10269991 0.01948604
v 0.10671239 0.10030046 0.01942238
v 0.09591602 0.08337656 0.0113853
v 0.09721217 0.09121099 0.01141308
v 0.10012972 0.09121098 0.00848494
v 0.09899832 0.08337655 0.00842486
v 0.09855495 0.09550968 0.01143417
v 0.1012983 0.09550967 0.00853071
v 0.09591602 0.08337656 0.01277242
v 0.09591603 0.0833768 0.01424156
v 0.09721217 0.09121099 0.0142381
v 0.09721217 0.09121099 0.01278494
v 0.09591603 0.0833768 0.01424156
v 0.09591602 0.0833768 0.0156673
v 0.09721217 0.09121099 0.01564834
v 0.09721217 0.09121099 0.0142381
v 0.09855494 0.09550968 0.01423547
v 0.09855494 0.09550968 0.01279447
v 0.09855494 0.09550968 0.0156338
v 0.09855494 0.09550968 0.01423547
v 0.10415988 0.10269991 0.01914343
v 0.10471484 0.10537902 0.01921198
v 0.10337912 0.10030046 0.01908359
v 0.13412058 0.10537902 0.01276228
v 0.13412058 0.10537902 0.01424441
v 0.13476008 0.10269991 0.01424024
v 0.13476007 0.10269991 0.0127773
v 0.13412058 0.10537902 0.01424441
v 0.13412058 0.10537902 0.01568255
v 0.13476007 0.10269991 0.01565978
v 0.13476008 0.10269991 0.01424024
v 0.13554089 0.10030046 0.01423654
v 0.1355409 0.10030046 0.01279041
v 0.13554092 0.10030046 0.01563987
v 0.13554089 0.10030046 0.01423654
v 0.13230531 0.14155903 0.01884038
v 0.13159405 0.13445345 0.01900453
v 0.13305034 0.14811364 0.01867849
v 0.10045782 0.13445345 0.01301188
v 0.10045785 0.13445345 0.0142488
v 0.0994871 0.14155903 0.01424856
v 0.0994871 0.14155903 0.01316506
v 0.10045785 0.13445345 0.0142488
v 0.10045783 0.13445345 0.01544113
v 0.09948708 0.14155903 0.01528759
v 0.0994871 0.14155903 0.01424856
v 0.09857365 0.14811364 0.01424843
v 0.09857365 0.14811364 0.01331789
v 0.09857364 0.14811364 0.01513452
v 0.09857365 0.14811364 0.01424843
v 0.10045783 0.13445345 0.01177521
v 0.09857364 0.14811364 0.01229114
v 0.0994871 0.14155903 0.01203365
v 0.10196915 0.14155903 0.00874502
v 0.10281269 0.13445345 0.00858087
v 0.10118115 0.14811364 0.00890702
v 0.1097904 0.15916003 0.00760668
v 0.1171201 0.15916003 0.00740498
v 0.11711955 0.15842165 0.00740236
v 0.10982807 0.15842165 0.00760227
v 0.12444977 0.15916003 0.00760668
v 0.12441103 0.15842165 0.00760227
v 0.11711827 0.15666212 0.0073964
v 0.1099178 0.15666212 0.00759166
v 0.1243187 0.15666212 0.00759166
v 0.13052298 0.15916005 0.00821203
v 0.13045254 0.15842167 0.00820189
v 0.13028479 0.15666214 0.0081777
v 0.09993246 0.15842167 0.01841372
v 0.099843 0.15916005 0.01839465
v 0.10014577 0.15666214 0.01845914
v 0.10395172 0.15666214 0.01919299
v 0.10378657 0.15842167 0.01916879
v 0.10371722 0.15916005 0.01915866
v 0.12444979 0.15916005 0.01963061
v 0.1171201 0.15916005 0.01978796
v 0.11711955 0.15842167 0.01979047
v 0.12441105 0.15842167 0.01963502
v 0.10979041 0.15916005 0.01963061
v 0.10982807 0.15842167 0.01963502
v 0.11711827 0.15666214 0.01979655
v 0.1243187 0.15666214 0.01964563
v 0.1099178 0.15666214 0.01964563
v 0.13722442 0.15916005 0.01274496
v 0.13711902 0.15842167 0.01271456
v 0.13430662 0.15842167 0.00917178
v 0.13439721 0.15916005 0.00919085
v 0.13686804 0.15666214 0.01264196
v 0.13409075 0.15666214 0.00912648
v 0.13722438 0.15916005 0.01358729
v 0.13722439 0.15916005 0.01424843
v 0.13711905 0.15842167 0.01424843
v 0.13711904 0.15842167 0.01356917
v 0.13722439 0.15916005 0.01424843
v 0.13722439 0.15916005 0.0148651
v 0.13711905 0.15842167 0.01488322
v 0.13711905 0.15842167 0.01424843
v 0.13686807 0.15666214 0.01424843
v 0.13686806 0.15666214 0.01352614
v 0.13686806 0.15666214 0.01492625
v 0.13686807 0.15666214 0.01424843
vn 0.99806 0.06226 -1E-05
vn 0.99806 0.06226 -3E-05
vn 0.99788 0.06501 1E-05
vn 0.99788 0.06501 -1E-05
vn 0.99806 0.06226 3E-05
vn 0.99806 0.06226 1E-05
vn 0.99788 0.06501 1E-05
vn 0.99788 0.06501 -0
vn 0.99976 0.02199 0
vn 0.99976 0.02199 0
vn 0.99976 0.02199 -0
vn 0.99976 0.02199 -1E-05
vn 0.93122 0.02785 -0.36338
vn 0.99953 0.03071 -0
vn 0.92761 0.05652 -0.36925
vn 0.99953 0.03071 0
vn 0.99953 0.03071 -1E-05
vn 0.99953 0.03071 0
vn 0.90353 0.02715 0.42767
vn 0.89986 0.0549 0.43272
vn 0.89699 0.05725 0.43832
vn 0.89831 0.01966 0.43891
vn 0.89959 -0.08935 0.4275
vn 0.99462 -0.10357 1E-05
vn 0.99462 -0.10357 -0
vn 0.99462 -0.10357 1E-05
vn 0.99462 -0.10357 -1E-05
vn 0.92588 0.02031 -0.37728
vn 0.92578 -0.09175 -0.36676
vn 0.92488 0.05894 -0.37566
vn -0.92786 -0.37292 -0
vn -0.92786 -0.37292 -1E-05
vn -0.75368 -0.65724 -0
vn -0.75369 -0.65723 0
vn -0.92786 -0.37292 0
vn -0.92786 -0.37292 0
vn -0.75369 -0.65723 0
vn -0.75369 -0.65723 -0
vn -0.48722 -0.87328 0
vn -0.48722 -0.87328 0
vn -0.48722 -0.87328 -0
vn -0.48722 -0.87328 -1E-05
vn -0.89492 -0.12759 0.4276
vn -0.98929 -0.14596 -0
vn -0.85673 -0.32874 0.39743
vn -0.98929 -0.14596 0
vn -0.98929 -0.14596 0
vn -0.98929 -0.14596 0
vn -0.92101 -0.13112 -0.3668
vn -0.87929 -0.33671 -0.33685
vn -0.74298 -0.60942 -0.27675
vn -0.50198 -0.84415 -0.18822
vn -0.26361 -0.95698 -0.12129
vn -0.2572 -0.96636 0
vn -0.25721 -0.96636 0
vn -0.2572 -0.96636 -0
vn -0.25721 -0.96636 -0
vn -0.49838 -0.83334 0.23907
vn -0.26393 -0.95169 0.15693
vn -0.72832 -0.59687 0.33661
vn 0.89119 -0.30436 -0.33636
vn 0.76161 -0.587 -0.27455
vn 0.47281 -0.38591 -0.79217
vn 0.48647 -0.16911 -0.85717
vn 0.52948 -0.82836 -0.18297
vn 0.37609 -0.61429 -0.69368
vn 0.30684 -0.94464 -0.11619
vn 0.25199 -0.77117 -0.58464
vn 0.46597 -0.04475 -0.88367
vn 0.11552 -0.40599 -0.90655
vn 0.13593 -0.25553 -0.9572
vn 0.12229 -0.10226 -0.98721
vn 0.10747 -0.03312 -0.99366
vn 0.09875 -0.00723 -0.99509
vn 0.82116 0.45137 0.34922
vn 0.41429 0.86543 0.28178
vn 0.21256 0.79687 0.56553
vn 0.43553 0.45825 0.7748
vn 0.15697 0.95096 0.26652
vn 0.09615 0.94117 0.32397
vn 0.07614 0.91989 0.38472
vn 0.04088 0.9819 0.18495
vn 0.49461 0.04935 0.86771
vn 0.92597 0.00347 0.37759
vn 0.02856 0.95648 0.29039
vn 0.05595 0.87512 0.48065
vn 0.09598 0.65212 0.75202
vn 0.14248 0.29374 0.94521
vn 0.14126 0.04141 0.98911
vn -0.93908 0.33923 -0.0552
vn -0.96878 0.24791 0.0016
vn -0.73589 0.67709 0.00464
vn -0.61883 0.77098 -0.15048
vn -0.96877 0.24794 0.00163
vn -0.9391 0.33787 0.06273
vn -0.62018 0.76597 0.16927
vn -0.73587 0.67711 0.00481
vn -0.48972 0.87183 0.00862
vn -0.33672 0.89973 -0.2777
vn -0.33874 0.88825 0.31026
vn -0.48971 0.87184 0.00876
vn -0.94525 0.00498 -0.32632
vn -0.99825 -0.05877 -0.00663
vn -0.83383 0.46438 -0.29847
vn -0.99679 -0.08008 3E-05
vn -0.99679 -0.08005 0.00017
vn -0.99824 -0.05883 0.00759
vn -0.92599 0.00458 0.37751
vn -0.82106 0.45155 0.34922
vn -0.41466 0.86513 0.28215
vn -0.1572 0.95073 0.26722
vn -0.07631 0.91916 0.38643
vn -0.22536 0.79765 0.55944
vn -0.40899 0.91239 0.01633
vn -0.40895 0.91241 0.01644
vn -0.22519 0.83106 -0.50856
vn -0.15891 0.96271 -0.21894
vn -0.07482 0.94249 -0.32576
vn -0.41859 0.87869 -0.22952
vn 0.01135 0.02122 0.99971
vn -1E-05 0.02202 0.99976
vn -2E-05 0.15455 0.98799
vn 0.01297 0.14786 0.98892
vn -0.01138 0.01974 0.99974
vn -0.013 0.14596 0.98921
vn 8E-05 0.6475 0.76207
vn 0.01654 0.6285 0.77763
vn -0.01635 0.62748 0.77846
vn -0.03212 0.01382 0.99939
vn -0.03685 0.12023 0.99206
vn -0.04707 0.57453 0.81713
vn -0.01716 0.95824 0.28545
vn 4E-05 0.96676 0.2557
vn 0.01726 0.95821 0.28553
vn 0.04751 0.57703 0.81534
vn 0.03698 0.12508 0.99146
vn 0.03206 0.01792 0.99933
vn -0.01158 0.02504 -0.99962
vn -1E-05 0.02782 -0.99961
vn -1E-05 0.19269 -0.98126
vn -0.0138 0.18147 -0.9833
vn 0.01155 0.02661 -0.99958
vn 0.01377 0.1836 -0.98291
vn 0.0001 0.70293 -0.71126
vn -0.01735 0.68277 -0.73042
vn 0.01756 0.68353 -0.72971
vn 0.03252 0.02199 -0.99923
vn 0.03882 0.1537 -0.98736
vn 0.05082 0.63086 -0.77423
vn 0.07467 0.94299 -0.32433
vn 0.01663 0.97254 -0.23212
vn 3E-05 0.97847 -0.20637
vn -0.01654 0.97257 -0.23204
vn -0.0503 0.6286 -0.7761
vn -0.03886 0.14843 -0.98816
vn -0.03258 0.01782 -0.99931
vn 0.10796 0.01616 -0.99402
vn 0.99728 0.07372 0.00096
vn 0.93499 0.35461 0.00715
vn 0.12988 0.10874 -0.98555
vn 0.99728 0.07365 0.00092
vn 0.1072 0.01359 0.99414
vn 0.12639 0.09042 0.98785
vn 0.93495 0.35472 0.00714
vn 0.55997 0.82811 0.02584
vn 0.17195 0.52407 -0.83414
vn 0.16559 0.47389 0.86487
vn 0.56001 0.82808 0.02596
vn 0.22339 0.80257 0.55315
vn 0.40267 0.9152 0.01621
vn 0.40267 0.9152 0.01631
vn 0.2231 0.83517 -0.50272
vn -1 -0.00241 -0
vn -1 -0.00242 -1E-05
vn -0.99991 0.01345 -1E-05
vn -0.99991 0.01345 -0
vn -1 -0.00242 2E-05
vn -1 -0.00241 0
vn -0.99991 0.01345 1E-05
vn -0.99991 0.01345 0
vn -0.99945 0.03316 -1E-05
vn -0.99945 0.03316 1E-05
vn -0.99945 0.03316 -1E-05
vn -0.99945 0.03316 1E-05
vn -0.91378 -0.01549 -0.40591
vn -0.99985 -0.01751 -0
vn -0.91304 -0.00223 -0.40787
vn -0.99985 -0.01751 0
vn -0.99985 -0.01751 -1E-05
vn -0.99985 -0.01751 0
vn -0.88471 -0.01517 0.4659
vn -0.88396 -0.00206 0.46756
vn -0.88398 0.01194 0.46738
vn -0.88538 0.02927 0.46395
vn -0.88725 0.05746 0.4577
vn -0.99786 0.06546 0
vn -0.99785 0.06547 -0
vn -0.99786 0.06546 -0
vn -0.99785 0.06546 0
vn -0.91453 0.03006 -0.4034
vn -0.9159 0.05931 -0.39699
vn -0.91332 0.01207 -0.40706
vn 0.89315 -0.01356 0.44955
vn 0.88971 -0.00781 0.45646
vn 0.34445 -0.00243 0.9388
vn 0.35303 -0.00466 0.9356
vn 0.8865 -0.00468 0.46271
vn 0.33657 -0.00142 0.94166
vn 0.88449 -0.00271 0.46655
vn 0.33158 -0.00074 0.94343
vn 0.36374 -0.00816 0.93147
vn 0.89746 -0.02121 0.44058
vn 0.05246 0 0.99862
vn 0.05353 -1E-05 0.99857
vn 0.05512 -0.00011 0.99848
vn 0.05715 -0.00039 0.99837
vn 0.05946 -0.00089 0.99823
vn -0.4148 0.00556 -0.90989
vn -0.41421 -0.00086 -0.91018
vn -0.41904 0.01407 -0.90786
vn -0.42668 0.02832 -0.90396
vn -0.41656 -0.00687 -0.90908
vn -0.08748 0.00753 -0.99614
vn -0.08577 0.0036 -0.99631
vn -0.08435 0.00141 -0.99644
vn -0.08416 -3E-05 -0.99645
vn -0.0849 -0.00121 -0.99639
vn 0.94521 0.32646 1E-05
vn 0.94522 0.32644 1E-05
vn 0.98096 0.19421 -1E-05
vn 0.98096 0.19423 -1E-05
vn 0.9452 0.32648 -1E-05
vn 0.94521 0.32646 -1E-05
vn 0.98095 0.19424 1E-05
vn 0.98095 0.19426 1E-05
vn 0.99522 0.09765 -0
vn 0.99522 0.09766 1E-05
vn 0.99522 0.09765 -1E-05
vn 0.99522 0.09766 -1E-05
vn 0.87046 0.35603 -0.33991
vn 0.92086 0.38989 1E-05
vn 0.88756 0.29537 -0.35355
vn 0.92086 0.38989 1E-05
vn 0.92086 0.38989 -2E-05
vn 0.92086 0.38989 -1E-05
vn 0.84633 0.34694 0.40417
vn 0.86285 0.28827 0.41521
vn 0.88445 0.17138 0.43403
vn 0.88953 0.08626 0.44866
vn 0.88802 0.03901 0.45815
vn 0.99902 0.04434 0
vn 0.99902 0.04434 1E-05
vn 0.99902 0.04434 0
vn 0.99902 0.04434 -0
vn 0.91753 0.08834 -0.38772
vn 0.91676 0.04015 -0.39741
vn 0.91104 0.17555 -0.37307
vn 0.99077 -0.13558 1E-05
vn 0.99077 -0.13558 0
vn 0.99223 -0.12442 -3E-05
vn 0.99223 -0.12442 -1E-05
vn 0.99077 -0.13558 0
vn 0.99077 -0.13558 -1E-05
vn 0.99223 -0.12442 1E-05
vn 0.99223 -0.12442 2E-05
vn 0.99448 -0.10492 -1E-05
vn 0.99448 -0.10492 0
vn 0.99448 -0.10492 0
vn 0.99448 -0.10493 -1E-05
vn 0.93838 -0.11814 -0.32478
vn 0.9901 -0.14036 -0
vn 0.94003 -0.11423 -0.32141
vn 0.9901 -0.14037 -0
vn 0.9901 -0.14037 -2E-05
vn 0.9901 -0.14037 0
vn 0.91794 -0.11361 0.3801
vn 0.91914 -0.10974 0.37833
vn 0.92117 -0.10032 0.376
vn 0.92359 -0.08408 0.37404
vn 0.92686 -0.05563 0.37125
vn 0.99738 -0.0723 0
vn 0.99738 -0.0723 -0
vn 0.99738 -0.0723 -0
vn 0.99738 -0.0723 0
vn 0.9457 -0.08755 -0.31304
vn 0.94922 -0.05893 -0.30906
vn 0.94248 -0.10452 -0.31751
vn 0.541 -0.04061 -0.84004
vn 0.5411 -0.04531 -0.83974
vn 0.54085 -0.03243 -0.84049
vn 0.54077 -0.01867 -0.84096
vn 0.54139 -0.04742 -0.83944
vn 0.14129 0.00509 -0.98995
vn 0.14782 0.00258 -0.98901
vn 0.15486 0.00057 -0.98794
vn 0.16141 -0.00093 -0.98689
vn 0.16667 -0.00187 -0.98601
vn -0.8486 0.33323 0.41089
vn -0.87843 0.20445 0.43192
vn -0.36654 0.08982 0.92606
vn -0.37741 0.15203 0.91348
vn -0.88732 0.11061 0.44769
vn -0.35267 0.04667 0.93458
vn -0.34205 0.0234 0.93939
vn -0.37895 0.16971 0.90972
vn -0.82529 0.4006 0.39801
vn -0.05448 0.00576 0.9985
vn -0.05674 0.01132 0.99832
vn -0.06002 0.01984 0.998
vn -0.063 0.02705 0.99765
vn -0.0657 0.01894 0.99766
vn -0.99968 -0.02517 1E-05
vn -0.99968 -0.02518 1E-05
vn -0.99678 -0.08023 -1E-05
vn -0.99678 -0.08023 1E-05
vn -0.99968 -0.02516 -1E-05
vn -0.99968 -0.02517 -1E-05
vn -0.99678 -0.08023 -1E-05
vn -0.99678 -0.08023 -0
vn -0.9938 -0.11118 -0
vn -0.9938 -0.11118 1E-05
vn -0.9938 -0.11118 -1E-05
vn -0.9938 -0.11118 -1E-05
vn -0.94919 0.05268 -0.31027
vn -0.99811 0.06147 0
vn -0.95209 -0.02523 -0.30479
vn -0.99811 0.06144 0
vn -0.99811 0.06149 -1E-05
vn -0.99811 0.06146 0
vn -0.92528 0.05063 0.3759
vn -0.92888 -0.02471 0.36956
vn -0.92762 -0.07127 0.36666
vn -0.92529 -0.09587 0.36694
vn -0.92321 -0.1064 0.36926
vn -0.99199 -0.12631 -1E-05
vn -0.99199 -0.12631 -1E-05
vn -0.99199 -0.12632 2E-05
vn -0.99199 -0.12632 1E-05
vn -0.94758 -0.09925 -0.30371
vn -0.94534 -0.10987 -0.30702
vn -0.95038 -0.07322 -0.30234
vn -0.91784 0.39695 0
vn -0.91785 0.39692 0
vn -0.95612 0.29298 1E-05
vn -0.9561 0.29304 1E-05
vn -0.91782 0.39699 -1E-05
vn -0.91784 0.39695 -0
vn -0.9561 0.29304 -1E-05
vn -0.95608 0.29309 -1E-05
vn -0.98475 0.17398 0
vn -0.98474 0.17403 0
vn -0.98474 0.17403 -1E-05
vn -0.98473 0.17408 -0
vn -0.84841 0.4109 -0.33371
vn -0.89483 0.44642 -0
vn -0.87156 0.36472 -0.32765
vn -0.89483 0.44642 0
vn -0.89483 0.44641 1E-05
vn -0.89483 0.44641 0
vn -0.84818 0.35467 0.39344
vn -0.8841 0.2584 0.38936
vn -0.91129 0.15076 0.38317
vn -0.9355 0.15576 -0.31714
vn -0.90806 0.26641 -0.32319
vn 0.99963 -0.02712 -1E-05
vn 0.99963 -0.02711 1E-05
vn 0.99969 0.02476 1E-05
vn 0.99969 0.02476 -0
vn 0.99963 -0.02712 -1E-05
vn 0.99963 -0.02712 1E-05
vn 0.99969 0.02476 0
vn 0.99969 0.02476 -0
vn 0.99681 0.07975 1E-05
vn 0.99681 0.07975 -0
vn 0.99681 0.07976 0
vn 0.99681 0.07976 -1E-05
vn 0.95198 -0.01885 -0.30559
vn 0.92926 -0.01756 0.36901
vn 0.9297 0.02709 0.36733
vn 0.92674 0.07324 0.36849
vn 0.92021 0.12011 0.37254
vn 0.99071 0.13597 0
vn 0.99071 0.13599 0
vn 0.99071 0.13596 0
vn 0.99071 0.13597 -0
vn 0.94974 0.07516 -0.30388
vn 0.94332 0.12422 -0.30777
vn 0.95243 0.02696 -0.30355
vn 0.54088 0.01948 -0.84088
vn 0.54114 -0.00032 -0.84094
vn 0.53784 0.03896 -0.84214
vn 0.53128 0.05605 -0.84534
vn 0.12947 -0.00133 -0.99158
vn 0.13235 0.0049 -0.99119
vn 0.1346 0.00755 -0.99087
vn 0.13679 0.00716 -0.99057
vn 0.52606 -0.81778 0.23342
vn 0.74666 -0.57503 0.33443
vn 0.40699 -0.34334 0.84645
vn 0.33075 -0.56275 0.75757
vn 0.8684 -0.29735 0.39682
vn 0.40358 -0.14356 0.90361
vn 0.37909 -0.03708 0.92462
vn 0.22382 -0.70223 0.67585
vn 0.30689 -0.93974 0.15072
vn 0.06112 -0.00457 0.99812
vn 0.06694 -0.02066 0.99754
vn 0.07668 -0.06416 0.99499
vn 0.08789 -0.16632 0.98215
vn 0.07621 -0.27255 0.95912
vn -0.99904 -0.04383 -1E-05
vn -0.99904 -0.04383 0
vn -0.99922 -0.03943 -1E-05
vn -0.99922 -0.03943 -1E-05
vn -0.99904 -0.04383 0
vn -0.99904 -0.04383 1E-05
vn -0.99922 -0.03943 1E-05
vn -0.99922 -0.03943 1E-05
vn -0.99953 -0.03056 -0
vn -0.99953 -0.03056 0
vn -0.99953 -0.03056 0
vn -0.99953 -0.03056 -0
vn -0.92475 -0.03873 -0.3786
vn -0.99906 -0.04324 0
vn -0.92105 -0.03964 -0.38741
vn -0.99906 -0.04324 2E-05
vn -0.99906 -0.04324 -2E-05
vn -0.99906 -0.04324 -0
vn -0.8966 -0.03734 0.44126
vn -0.89251 -0.03882 0.44935
vn -0.88913 -0.0345 0.45635
vn -0.88637 -0.02664 0.46222
vn -0.91549 -0.02764 -0.40139
vn -0.91772 -0.03566 -0.39561
vn 0.88369 -0.00037 0.46807
vn 0.88412 0.00475 0.46724
vn 0.33069 0.00191 0.94374
vn 0.32916 -0.00011 0.94427
vn 0.88551 0.01562 0.46436
vn 0.33413 0.00651 0.9425
vn 0.34174 0.01601 0.93966
vn 0.05413 0.00453 0.99852
vn 0.05284 0.00181 0.9986
vn 0.05263 0.00065 0.99861
vn 0.05202 0.00013 0.99865
vn -0.54157 -0.03712 -0.83983
vn -0.53773 -0.01721 -0.84294
vn -0.54274 -0.04661 -0.8386
vn -0.54247 -0.04865 -0.83867
vn -0.52874 0.01568 -0.84864
vn -0.14167 -0.00267 -0.98991
vn -0.1371 -0.0044 -0.99055
vn -0.13404 -0.00651 -0.99095
vn -0.13155 -0.00887 -0.99127
vn -0.12813 -0.01115 -0.99169
vn 0.99984 0.01764 -0
vn 0.99984 0.01764 -2E-05
vn 0.99999 0.00539 2E-05
vn 0.99999 0.00539 -1E-05
vn 0.99984 0.01764 2E-05
vn 0.99984 0.01764 1E-05
vn 0.99999 0.00539 0
vn 0.99999 0.00539 -0
vn 1 -0.00052 0
vn 1 -0.00052 -0
vn 1 -0.00052 0
vn 1 -0.00052 -1E-05
vn 0.91461 0.01593 -0.40402
vn 0.99999 -0.00334 -0
vn 0.99999 -0.00334 -0
vn 0.99999 -0.00334 0
vn 0.99999 -0.00334 -1E-05
vn 0.91311 -0.00039 -0.40772
vn 0.91361 -0.00255 -0.40658
vn 0.91344 0.00479 -0.40694
vn -1 -0.00186 1E-05
vn -1 -0.00186 1E-05
vn -0.99973 -0.02318 -2E-05
vn -0.99973 -0.02318 -0
vn -1 -0.00186 -1E-05
vn -1 -0.00186 -1E-05
vn -0.99973 -0.02318 0
vn -0.99973 -0.02318 2E-05
vn -0.99933 -0.03673 1E-05
vn -0.99933 -0.03673 1E-05
vn -0.99933 -0.03673 -0
vn -0.99933 -0.03673 -1E-05
vn -0.93166 0.02133 -0.36271
vn -0.99972 0.02371 0
vn -0.93273 -0.00154 -0.36058
vn -0.99972 0.02371 -1E-05
vn -0.99972 0.02371 1E-05
vn -0.99972 0.02371 -0
vn -0.90421 0.02075 0.42659
vn -0.90539 -0.00159 0.42459
vn -0.90379 -0.02033 0.4275
vn -0.90061 -0.03231 0.43343
vn -0.92832 -0.03325 -0.3703
vn -0.93144 -0.02083 -0.3633
vn 0.45167 0.01733 0.89202
vn 0.4488 0.03224 0.89305
vn 0.4534 0.00172 0.89131
vn 0.45485 -0.01268 0.89048
vn 0.44227 0.04492 0.89575
vn 0.09413 0.00697 0.99554
vn 0.08817 0.00738 0.99608
vn 0.08432 0.00591 0.99642
vn 0.08202 0.00172 0.99663
vn 0.08045 -0.00542 0.99674
vn -0.926 -0.01892 -0.37705
vn -0.9265 0.02638 -0.37538
vn -0.45406 0.01158 -0.8909
vn -0.45276 -0.00932 -0.89158
vn -0.9289 0.03541 -0.36864
vn -0.46152 0.01598 -0.88698
vn -0.46825 0.00981 -0.88354
vn -0.46366 -0.06491 -0.88363
vn -0.10279 0.00162 -0.9947
vn -0.09952 0.00239 -0.99503
vn -0.09611 0.00146 -0.99537
vn -0.09558 -0.00199 -0.99542
vn -0.09821 -0.01169 -0.9951
vn 0.99998 -0.00562 -0
vn 0.99998 -0.00561 2E-05
vn 0.99996 -0.00943 0
vn 0.99996 -0.00943 -0
vn 0.99998 -0.00562 -2E-05
vn 0.99998 -0.00562 -0
vn 0.99996 -0.00943 -0
vn 0.99996 -0.00943 1E-05
vn 0.99987 -0.01585 -1E-05
vn 0.99987 -0.01585 -0
vn 0.99987 -0.01585 0
vn 0.99987 -0.01585 0
vn 0.91566 -0.00463 -0.40192
vn 0.99968 -0.02529 1E-05
vn 0.99968 -0.02529 1E-05
vn 0.99968 -0.02529 -0
vn 0.99968 -0.02529 -1E-05
vn 0.9219 -0.01414 -0.38718
vn 0.92553 -0.02175 -0.37805
vn 0.91858 -0.00801 -0.39517
vn -0.99979 -0.02044 1E-05
vn -0.99979 -0.02044 0
vn -0.99955 0.02987 2E-05
vn -0.99955 0.02987 -0
vn -0.99979 -0.02044 -0
vn -0.99979 -0.02044 0
vn -0.99955 0.02987 0
vn -0.99955 0.02987 -1E-05
vn -0.99922 0.03946 0
vn -0.99922 0.03946 0
vn -0.99922 0.03946 -1E-05
vn -0.99922 0.03946 0
vn -0.8985 -0.01834 0.4386
vn -0.89873 0.02569 0.43774
vn -0.90122 0.03436 0.432
vn -0.33126 0.00461 0.94353
vn -0.33463 0.01157 0.94228
vn -0.3305 -0.00065 0.94381
vn -0.33275 -0.00554 0.943
vn -0.05249 -0.00073 0.99862
vn -0.05209 4E-05 0.99864
vn -0.05226 0.00106 0.99863
vn -0.05304 0.00267 0.99859
vn -0.45827 -0.39714 -0.79515
vn -0.35209 -0.62211 -0.69929
vn -0.47903 -0.18635 -0.85779
vn -0.21424 -0.77569 -0.59363
vn -0.10647 -0.03736 -0.99361
vn -0.11743 -0.10468 -0.98755
vn -0.12284 -0.25316 -0.95959
vn -0.09392 -0.40111 -0.9112
vn 0.99947 -0.03246 0
vn 0.99947 -0.03246 1E-05
vn 0.9996 -0.02825 -1E-05
vn 0.9996 -0.02825 0
vn 0.99947 -0.03246 -1E-05
vn 0.99947 -0.03246 -1E-05
vn 0.9996 -0.02825 0
vn 0.9996 -0.02825 0
vn 0.99998 -0.00651 -0
vn 0.99998 -0.00651 -1E-05
vn 0.99998 -0.00651 1E-05
vn 0.99998 -0.00651 0
vn 0.92872 -0.02924 -0.36963
vn 0.90099 -0.02849 0.4329
vn 0.90386 -0.02491 0.4271
vn 0.90514 -0.00579 0.42507
vn 0.93252 -0.00597 -0.36107
vn 0.93128 -0.02565 -0.36341
vn 0.15809 -0.98742 -0
vn 0.15809 -0.98742 1E-05
vn 0.03161 -0.9995 -1E-05
vn 0.03161 -0.9995 -1E-05
vn 0.1581 -0.98742 -1E-05
vn 0.15809 -0.98742 -0
vn 0.03161 -0.9995 -1E-05
vn 0.03161 -0.9995 -2E-05
vn -0.09997 -0.99499 2E-05
vn -0.09997 -0.99499 1E-05
vn -0.09997 -0.99499 0
vn -0.09997 -0.99499 -1E-05
vn 0.30115 -0.95358 -0
vn 0.15752 -0.98229 -0.10145
vn 0.30114 -0.95358 4E-05
vn 0.30116 -0.95357 -0
vn 0.30115 -0.95358 -1E-05
vn 0.15753 -0.97873 0.13146
vn 0.0308 -0.99075 0.13214
vn -0.10046 -0.98574 0.13499
vn -0.10039 -0.98948 -0.10421
vn 0.03104 -0.99431 -0.10193
vn -0.49682 0.11392 -0.86034
vn -0.4756 0.16818 -0.86343
vn -0.51518 0.06109 -0.8549
vn -0.45991 0.20537 -0.86389
vn -0.12347 -0.01076 -0.99229
vn -0.11761 -0.00383 -0.99305
vn -0.11126 0.01199 -0.99372
vn -0.10558 0.03284 -0.99387
vn -0.39347 -0.35177 0.84937
vn -0.39715 -0.15755 0.90413
vn -0.30828 -0.56815 0.763
vn -0.1889 -0.7053 0.68328
vn -0.37718 -0.05348 0.92459
vn -0.06147 -0.26813 0.96142
vn -0.07919 -0.1642 0.98324
vn -0.07341 -0.06549 0.99515
vn -0.06579 -0.02306 0.99757
vn -0.06086 -0.00713 0.99812
vn 0.94068 -0.3393 0
vn 0.94068 -0.3393 1E-05
vn 0.77244 -0.63508 -1E-05
vn 0.77246 -0.63507 0
vn 0.94068 -0.3393 -0
vn 0.94068 -0.3393 -0
vn 0.77245 -0.63507 0
vn 0.77246 -0.63506 -0
vn 0.51506 -0.85716 -0.00024
vn 0.51507 -0.85715 -1E-05
vn 0.51507 -0.85715 2E-05
vn 0.51507 -0.85715 -0.00012
vn 0.0216 0.0007 0.99977
vn 3E-05 6E-05 1
vn 3E-05 5E-05 1
vn 0.02085 0.00081 0.99978
vn -0.02156 0.00024 0.99977
vn -0.0208 3E-05 0.99978
vn -1E-05 0 1
vn 0.02048 0.00052 0.99979
vn -0.0205 -0.00051 0.99979
vn 0.06357 0.00144 0.99798
vn 0.02227 0.00029 0.99975
vn 0.06153 0.00287 0.9981
vn 0 4E-05 1
vn -0.02228 0.00023 0.99975
vn -0.06397 0.00096 0.99795
vn -0.06212 0.00149 0.99807
vn -0.05995 0.00096 0.9982
vn -0.05882 -0.00116 0.99827
vn -0.02114 -0.00208 0.99977
vn -9E-05 -0.00047 1
vn 0.02121 -0.00106 0.99977
vn 0.05925 0.0013 0.99824
vn 0.05944 0.00298 0.99823
vn 0.02182 0.01122 0.9997
vn 0.00015 0.00855 0.99996
vn 0.0001 0.00988 0.99995
vn 0.02076 0.0111 0.99972
vn -0.02176 0.01246 0.99969
vn -0.02052 0.01181 0.99972
vn 6E-05 0.0064 0.99998
vn 0.01972 0.00692 0.99978
vn -0.01958 0.00738 0.99978
vn 0.06538 0.01384 0.99776
vn 0.02299 -0.00122 0.99973
vn 0.06263 0.02295 0.99777
vn 7E-05 -0.00426 0.99999
vn -0.02294 0.00089 0.99974
vn -0.0189 0.00379 0.99981
vn 3E-05 0.00327 0.99999
vn 0.01896 0.00344 0.99981
vn 0.05604 0.00954 0.99838
vn 0.05895 0.0171 0.99811
vn 0.04433 0.00415 0.99901
vn 0.00012 0.00408 0.99999
vn 0.00011 0.00417 0.99999
vn 0.04084 0.00462 0.99915
vn -0.04359 0.00419 0.99904
vn -0.0401 0.00419 0.99919
vn -5E-05 0.00437 0.99999
vn 0.03697 0.00515 0.9993
vn -0.03633 0.00404 0.99933
vn 0.12796 0.00203 0.99178
vn 0.04661 0.00414 0.9989
vn 0.12079 0.00299 0.99267
vn 0.00029 0.00371 0.99999
vn -0.04643 0.00438 0.99891
vn -0.1279 0.00214 0.99178
vn -0.12115 0.00256 0.99263
vn -0.11237 0.00284 0.99366
vn -0.10305 0.00272 0.99467
vn -0.09472 0.0018 0.9955
vn -0.03302 0.00355 0.99945
vn -3E-05 0.0043 0.99999
vn 0.03346 0.00557 0.99942
vn 0.10258 0.00568 0.99471
vn 0.11219 0.00425 0.99368
vn 0.03107 0.00507 0.9995
vn 0.00014 0.0033 0.99999
vn 9E-05 0.00058 1
vn 0.02973 0.00253 0.99955
vn -0.03081 0.00224 0.99952
vn -0.02954 -0.00071 0.99956
vn 0.00012 -0.00525 0.99999
vn 0.029 -0.00315 0.99957
vn -0.02873 -0.00617 0.99957
vn -0.08877 -9E-05 0.99605
vn -0.08497 -0.00296 0.99638
vn -0.08267 -0.00691 0.99655
vn -0.07975 -0.01153 0.99675
vn -0.02785 -0.01453 0.99951
vn 0.00022 -0.01477 0.99989
vn 0.02837 -0.0125 0.99952
vn 0.01847 0.00142 0.99983
vn 1E-05 0.0014 1
vn -0 0.00053 1
vn 0.0182 0.00052 0.99983
vn -0.01846 0.00168 0.99983
vn -0.01822 0.00065 0.99983
vn -2E-05 0.00014 1
vn 0.01813 0.00016 0.99984
vn -0.01817 0.0001 0.99983
vn -0.01833 -0.00021 0.99983
vn -3E-05 1E-05 1
vn 0.01827 7E-05 0.99983
vn 0.01863 0.0001 0.99983
vn -3E-05 -2E-05 1
vn -3E-05 -3E-05 1
vn 0.01917 9E-05 0.99982
vn -0.01869 -0.00039 0.99983
vn -0.01922 -0.0005 0.99982
vn -2E-05 -4E-05 1
vn 0.01987 3E-05 0.9998
vn -0.01991 -0.00054 0.9998
vn -0.05346 -0.00133 0.99857
vn -0.05528 -0.00178 0.99847
vn -0.05686 -0.00197 0.99838
vn -0.05906 -0.00193 0.99825
vn -0.02069 -0.0005 0.99979
vn -1E-05 -4E-05 1
vn 0.02067 -0.00012 0.99979
vn 0.02147 -0.00028 0.99977
vn -2E-05 -5E-05 1
vn -2E-05 -3E-05 1
vn 0.02213 -0.00032 0.99976
vn -0.02149 -0.00036 0.99977
vn -0.02217 -0.00017 0.99975
vn -1E-05 -0 1
vn 0.02245 -0.00013 0.99975
vn -0.02249 5E-05 0.99975
vn 0.06176 -0.00135 0.99809
vn -0.06134 -0.0016 0.99812
vn -0.06329 -0.00098 0.99799
vn -0.06401 -3E-05 0.99795
vn 0.06433 -0.00031 0.99793
vn 0.06357 -0.00128 0.99798
vn 0.02293 -0.00737 0.99971
vn -0.00014 -0.00462 0.99999
vn 0.00051 -0.02343 0.99973
vn 0.02623 -0.02984 0.99921
vn -0.02296 -0.00833 0.9997
vn -0.02496 -0.03055 0.99922
vn 0.00217 -0.0853 0.99635
vn 0.0303 -0.09292 0.99521
vn -0.02543 -0.09282 0.99536
vn -0.02997 -0.2594 0.9653
vn 0.00712 -0.25098 0.96797
vn 0.04472 -0.26259 0.96387
vn -0.00012 0.99143 0.13066
vn 0.01395 0.99091 0.1338
vn -0.01393 0.9909 0.13385
vn -0.04079 0.98189 0.18502
vn -0.02886 0.95653 0.29019
vn -0.01382 0.95661 0.29106
vn -1E-05 0.95668 0.29115
vn 0.0138 0.95663 0.29098
vn -0.34357 -0.01271 0.93904
vn -0.33736 -0.00981 0.94132
vn -0.3528 -0.01507 0.93558
vn -0.36263 -0.01426 0.93182
vn 0.38015 -0.00979 0.92487
vn 0.38239 -0.00232 0.924
vn 0.3732 -0.01106 0.92768
vn 0.37916 0.01058 0.92527
vn -0.37957 -0.00786 0.92513
vn -0.37219 -0.01245 0.92807
vn -0.3828 -0.00055 0.92383
vn -0.38059 0.00803 0.92471
vn -0.36733 0.0095 0.93004
vn -0.37429 0.01302 0.92722
vn -0.36608 -0.00754 0.93055
vn 0.02266 -0.74921 0.66195
vn -0.07056 -0.75022 0.65742
vn 0.11378 -0.74929 0.65239
vn -0.45249 -0.0299 0.89127
vn -0.45496 -0.03662 0.88976
vn -0.44771 -0.01432 0.89407
vn -0.43904 0.01134 0.8984
vn -0.45699 -0.03791 0.88867
vn -0.91904 -0.11304 0.37762
vn -0.92015 -0.11187 0.37523
vn -0.46218 -0.0367 0.88603
vn -0.46498 -0.03654 0.88456
vn -0.92156 -0.11033 0.37222
vn -0.45931 -0.03722 0.8875
vn -0.46715 -0.03656 0.88342
vn -0.91805 -0.11293 0.38004
vn 0.36612 0.02231 0.9303
vn 0.36572 0.00806 0.93069
vn 0.37293 0.02173 0.9276
vn 0.86499 0.30643 0.39736
vn 0.89023 0.23682 0.38911
vn 0.41452 0.08241 0.9063
vn 0.39624 0.11385 0.91106
vn 0.90867 0.17297 0.38
vn 0.43056 0.05988 0.90057
vn 0.382 0.14208 0.91317
vn 0.0769 -0.01236 0.99696
vn 0.07339 -0.01282 0.99722
vn 0.0692 -0.00345 0.9976
vn -0.03562 0.00035 -0.99937
vn -0.00012 0.0001 -1
vn -0.0001 8E-05 -1
vn -0.03435 0.00014 -0.99941
vn 0.03534 0.00118 -0.99937
vn 0.03412 0.00124 -0.99942
vn -1E-05 0 -1
vn -0.0337 -0.00058 -0.99943
vn 0.03396 0.00078 -0.99942
vn -0.03672 0.00023 -0.99933
vn -9E-05 6E-05 -1
vn 0.03651 0.00062 -0.99933
vn 0.10244 0.00225 -0.99474
vn 0.09938 0.00461 -0.99504
vn 0.09653 0.00491 -0.99532
vn 0.09553 0.00209 -0.99542
vn 0.03485 -0.00186 -0.99939
vn 0.00017 -0.00077 -1
vn -0.03462 -0.00314 -0.9994
vn -0.03608 0.0162 -0.99922
vn -7E-05 0.01029 -0.99995
vn -0.00025 0.01102 -0.99994
vn -0.03382 0.0147 -0.99932
vn 0.03573 0.01403 -0.99926
vn 0.03379 0.01312 -0.99934
vn -0.00014 0.00714 -0.99997
vn -0.03246 0.00891 -0.99943
vn 0.03215 0.00784 -0.99945
vn -0.03782 0.00349 -0.99928
vn -0.10133 0.03926 -0.99408
vn -3E-05 -0.00404 -0.99999
vn 0.03754 0.00094 -0.99929
vn 0.10555 0.02486 -0.9941
vn 0.10114 0.03272 -0.99433
vn 0.09551 0.02288 -0.99517
vn 0.09151 0.01244 -0.99573
vn 0.08792 0.00576 -0.99611
vn 0.03105 0.00384 -0.99951
vn -7E-05 0.00365 -0.99999
vn -0.03121 0.0046 -0.9995
vn -0.09089 0.01484 -0.99575
vn -0.09572 0.02681 -0.99505
vn -0.0594 0.00315 -0.99823
vn -9E-05 0.00402 -0.99999
vn -0.00034 0.00389 -0.99999
vn -0.05672 0.00319 -0.99839
vn 0.05871 0.00349 -0.99827
vn 0.05595 0.00395 -0.99843
vn -0.00035 0.00405 -0.99999
vn -0.05377 0.00308 -0.99855
vn 0.05299 0.00457 -0.99858
vn -0.16647 -0.0017 -0.98605
vn -0.0614 0.00302 -0.99811
vn -0.16137 -0.00144 -0.98689
vn -0.00024 0.00365 -0.99999
vn 0.06085 0.00319 -0.99814
vn 0.05084 0.00551 -0.99869
vn -7E-05 0.00437 -0.99999
vn -0.05117 0.00264 -0.99869
vn -0.14762 -0.00162 -0.98904
vn -0.1546 -0.00132 -0.98798
vn -0.04938 0.00125 -0.99878
vn -0.00023 0.0034 -0.99999
vn -0.00013 0.00051 -1
vn -0.04828 -0.00186 -0.99883
vn 0.04883 0.00526 -0.99879
vn 0.04797 0.00315 -0.99884
vn -7E-05 -0.00586 -0.99998
vn -0.04739 -0.00756 -0.99885
vn 0.04726 -0.0025 -0.99888
vn 0.04615 -0.01247 -0.99886
vn -5E-05 -0.01635 -0.99987
vn -0.04619 -0.01617 -0.9988
vn -0.0304 0.00208 -0.99954
vn -4E-05 0.00156 -1
vn -3E-05 0.00059 -1
vn -0.02997 0.00082 -0.99955
vn 0.0303 0.00155 -0.99954
vn 0.0299 0.00054 -0.99955
vn -2E-05 0.00015 -1
vn -0.02987 0.00012 -0.99955
vn 0.02982 0.00015 -0.99956
vn 0.08559 0.00227 -0.99633
vn 0.08433 0.00075 -0.99644
vn 0.084 0.00015 -0.99647
vn 0.08495 0 -0.99639
vn 0.03007 8E-05 -0.99955
vn -1E-05 -0 -1
vn -0.03011 -0.00032 -0.99955
vn -0.03067 -0.00061 -0.99953
vn 1E-05 -4E-05 -1
vn 3E-05 -5E-05 -1
vn -0.03153 -0.0008 -0.9995
vn 0.03068 0.00013 -0.99953
vn 0.0316 0.00013 -0.9995
vn 6E-05 -6E-05 -1
vn -0.03263 -0.00087 -0.99947
vn 0.03276 2E-05 -0.99946
vn -0.08655 -0.00218 -0.99625
vn 0.08623 0 -0.99628
vn 0.0887 -0.00017 -0.99606
vn 0.09186 -0.00061 -0.99577
vn 0.0955 -0.00141 -0.99543
vn 0.0341 -0.00021 -0.99942
vn 9E-05 -7E-05 -1
vn -0.03389 -0.0008 -0.99943
vn -0.09217 -0.00321 -0.99574
vn -0.09577 -0.00315 -0.9954
vn -0.08903 -0.00286 -0.99603
vn -0.03522 -0.00061 -0.99938
vn 9E-05 -8E-05 -1
vn 6E-05 -6E-05 -1
vn -0.03634 -0.00034 -0.99934
vn 0.03542 -0.00045 -0.99937
vn 0.03647 -0.00046 -0.99933
vn -1E-05 -1E-05 -1
vn -0.03695 -4E-05 -0.99932
vn 0.03693 -9E-05 -0.99932
vn -0.09945 -0.0026 -0.99504
vn 0.09915 -0.00217 -0.99507
vn 0.10217 -0.00209 -0.99476
vn 0.10369 -0.00058 -0.99461
vn -0.10384 -2E-05 -0.99459
vn -0.10178 -0.00155 -0.99481
vn -0.03737 -0.01401 -0.9992
vn 0.00021 -0.00805 -0.99997
vn 0.00102 -0.03842 -0.99926
vn -0.04081 -0.0503 -0.9979
vn 0.03787 -0.0124 -0.99921
vn 0.04322 -0.04915 -0.99786
vn 0.00359 -0.13912 -0.99027
vn -0.0414 -0.15013 -0.9878
vn 0.04921 -0.15104 -0.9873
vn 0.06722 -0.39359 -0.91683
vn 0.01075 -0.37977 -0.92502
vn -0.04533 -0.39004 -0.91968
vn -0.42903 -0.01598 -0.90315
vn -0.43873 -0.01801 -0.89844
vn -0.42104 -0.01256 -0.90696
vn -0.44901 -0.01751 -0.89336
vn -0.23054 0.83694 -0.49636
vn -0.4879 0.48616 -0.72498
vn -0.0998 0.95977 -0.26245
vn -0.04175 0.98835 -0.14637
vn -0.56587 0.05334 -0.82276
vn -0.03026 0.97209 -0.23266
vn -0.05924 0.91361 -0.40226
vn -0.10927 0.71872 -0.68666
vn -0.17544 0.34843 -0.92077
vn -0.17907 0.04836 -0.98265
vn -0.46739 -0.00958 -0.884
vn -0.47081 -0.00065 -0.88223
vn -0.45931 -0.01547 -0.88814
vn 0.41428 0.0023 -0.91014
vn 0.41827 0.00759 -0.90829
vn 0.41327 -5E-05 -0.91061
vn 0.41568 -0.00099 -0.90951
vn 0.42641 0.0192 -0.90432
vn 0.45167 0.08909 -0.88773
vn 0.46223 0.15304 -0.87345
vn 0.43769 0.04375 -0.89806
vn 0.46501 0.17243 -0.86835
vn 0.00018 0.99469 -0.10289
vn -0.01398 0.9943 -0.10567
vn 0.01395 0.99429 -0.10576
vn 0.04178 0.98836 -0.1463
vn 0.02993 0.97214 -0.23247
vn 0.01474 0.97225 -0.23348
vn 1E-05 0.97235 -0.23352
vn -0.01471 0.97227 -0.23338
vn 0.42849 -0.00291 -0.90354
vn 0.42082 -0.0016 -0.90714
vn 0.43919 -0.00597 -0.89838
vn 0.45027 -0.00999 -0.89283
vn 0.4678 -0.01204 -0.88375
vn 0.46047 -0.01337 -0.88757
vn 0.47034 -0.00287 -0.88248
vn 0.46683 0.01296 -0.88425
vn 0.02472 -0.82368 -0.56652
vn 0.12581 -0.82328 -0.55351
vn -0.07867 -0.82504 -0.55957
vn 0.45253 0.02748 -0.89132
vn 0.46008 0.02623 -0.88749
vn 0.45242 0.00997 -0.89175
vn -0.17106 0.51281 -0.84129
vn -0.58955 0.80731 0.0262
vn -0.97026 0.24196 0.00633
vn -0.13041 0.0927 -0.98712
vn -0.58942 0.8074 0.02631
vn -0.16448 0.46197 0.87151
vn -0.12688 0.07497 0.98908
vn -0.97027 0.24195 0.00633
vn -0.99869 -0.05117 0.00085
vn -0.10824 0.00283 -0.99412
vn -0.10749 0.00035 0.99421
vn -0.99869 -0.05113 0.00079
vn -0.93777 -0.11745 -0.32678
vn -0.93739 -0.11737 -0.32791
vn -0.5413 -0.04684 -0.83953
vn -0.54143 -0.04686 -0.83944
vn -0.93722 -0.1173 -0.32843
vn -0.54124 -0.04678 -0.83956
vn -0.5415 -0.04706 -0.83938
vn -0.93848 -0.11744 -0.32476
vn -0.17224 -0.00245 -0.98505
vn -0.17125 -0.00235 -0.98522
vn -0.16968 -0.00201 -0.9855
vn -0.02632 0.87553 -0.48244
vn 0 0.87239 -0.4888
vn 0 0.59748 -0.80188
vn -0.04859 0.62755 -0.77706
vn 0.02632 0.87554 -0.48243
vn 0.04855 0.62741 -0.77717
vn 0 0.23309 -0.97245
vn -0.0677 0.25931 -0.96342
vn 0.06769 0.25923 -0.96344
vn 0.05931 0.91366 -0.40214
vn 0.1093 0.71858 -0.6868
vn 0.17547 0.34836 -0.92079
vn 0.17915 0.04857 -0.98262
vn 0.06528 0.03974 -0.99708
vn -1E-05 0.03705 -0.99931
vn -0.06531 0.03935 -0.99709
vn -0.21256 0.79685 0.56555
vn -0.09613 0.94112 0.32412
vn -0.43536 0.45844 0.77479
vn -0.49455 0.04999 0.86771
vn -0.1413 0.04154 0.98909
vn -0.14246 0.29389 0.94516
vn -0.09597 0.65204 0.75209
vn -0.05597 0.87519 0.48053
vn 0.02458 0.82239 0.56839
vn 1E-05 0.81868 0.57425
vn 1E-05 0.51522 0.85706
vn 0.04192 0.54817 0.83531
vn -0.02458 0.82239 0.56839
vn -0.04183 0.54804 0.8354
vn 0 0.18771 0.98222
vn 0.05396 0.21087 0.97602
vn -0.05394 0.21093 0.97601
vn -0.05105 0.03284 0.99816
vn -0 0.03019 0.99954
vn 0.05106 0.03242 0.99817
vn 0.15868 0.96291 -0.21824
vn 0.41822 0.87895 -0.2292
vn 0.23057 0.83691 -0.49641
vn 0.09983 0.95975 -0.2625
vn 0.83392 0.46422 -0.29846
vn 0.48809 0.48589 -0.72504
vn 0.94525 0.00395 -0.32632
vn 0.56594 0.05257 -0.82277
vn 0.33507 0.90088 -0.27595
vn 0.48692 0.8734 0.00859
vn 0.73416 0.67896 0.00457
vn 0.61755 0.77212 -0.14984
vn 0.48691 0.87341 0.00876
vn 0.3371 0.88956 0.30831
vn 0.61887 0.76719 0.16858
vn 0.73419 0.67893 0.00473
vn 0.96858 0.2487 0.00161
vn 0.93893 0.33969 -0.05501
vn 0.93897 0.33826 0.06263
vn 0.96858 0.24869 0.00162
vn 0.99818 -0.05985 0.00759
vn 0.99671 -0.08109 1E-05
vn 0.99671 -0.08101 0.00019
vn 0.99818 -0.05998 -0.00664
vn -0.99018 -0.13979 0
vn -0.99018 -0.1398 0
vn -0.99018 -0.13978 0
vn -0.99018 -0.13979 1E-05
vn -0.99018 -0.13979 0
vn -0.99018 -0.13979 -0
vn -0.99018 -0.1398 -1E-05
vn -0.99018 -0.13979 -2E-05
vn -0.99017 -0.13985 6E-05
vn -0.99019 -0.13973 3E-05
vn -0.99019 -0.13973 -4E-05
vn -0.99018 -0.1398 -5E-05
vn -0.9902 -0.13964 0
vn -0.9902 -0.13964 0
vn -0.9902 -0.13964 -2E-05
vn -0.9902 -0.13964 -1E-05
vn -0.91757 -0.11308 0.38115
vn -0.9173 -0.11287 0.38187
vn -0.91719 -0.11282 0.38215
vn 0.91744 -0.11428 0.38111
vn 0.91716 -0.11417 0.38183
vn 0.46915 -0.03741 0.88233
vn 0.46848 -0.03728 0.88269
vn 0.91704 -0.11409 0.38212
vn 0.4695 -0.03725 0.88215
vn 0.46702 -0.03688 0.88348
vn 0.13553 0.00119 0.99077
vn 0.13454 0.00135 0.99091
vn 0.13183 0.00157 0.99127
vn 0.93225 0.17853 -0.31469
vn 0.91417 0.24423 -0.3235
vn 0.50148 0.10371 -0.85893
vn 0.51882 0.07548 -0.85155
vn 0.88909 0.31526 -0.33187
vn 0.48116 0.14102 -0.86522
vn 0.11158 0.00532 -0.99374
vn 0.11825 -0.00638 -0.99296
vn 0.12459 -0.00728 -0.99218
vn -0.0441 -0.02343 -0.99875
vn 1E-05 -0.0267 -0.99964
vn 0.0001 -0.03011 -0.99955
vn -0.04202 -0.02466 -0.99881
vn 0.04425 -0.02278 -0.99876
vn 0.04224 -0.02567 -0.99878
vn -0 -0.02257 -0.99975
vn -0.03968 -0.01506 -0.9991
vn 0.03976 -0.0176 -0.99905
vn 0.36625 0.07457 0.92752
vn 0.35231 0.03631 0.93518
vn 0.37841 0.12829 0.9167
vn 0.02738 -0.02192 0.99938
vn 0.00029 -0.02443 0.9997
vn 6E-05 -0.0274 0.99962
vn 0.02604 -0.02521 0.99934
vn -0.02667 -0.02259 0.99939
vn -0.02527 -0.02465 0.99938
vn 0.0003 -0.02131 0.99977
vn 0.02454 -0.01817 0.99953
vn -0.02408 -0.01629 0.99958
vn -0.07694 -0.01437 0.99693
vn -0.07311 -0.0112 0.99726
vn -0.06913 0.00073 0.99761
vn -0.91531 0.1133 -0.38648
vn -0.90473 0.20951 -0.37089
vn -0.45129 0.1075 -0.88588
vn -0.43786 0.05592 -0.8973
vn -0.87263 0.34143 -0.34921
vn -0.45972 0.18117 -0.86939
vn -0.99218 0.12486 -0
vn -0.99218 0.12485 -1E-05
vn -0.9729 0.23123 -0
vn -0.97289 0.23125 0
vn -0.99217 0.12487 -1E-05
vn -0.99217 0.12486 -0
vn -0.97289 0.23125 1E-05
vn -0.97289 0.23127 0
vn -0.92674 0.37569 0
vn -0.92674 0.37571 -0
vn -0.92674 0.37571 0
vn -0.92673 0.37573 0
vn -0.41029 0.09049 0.90746
vn -0.42642 0.04749 0.90328
vn -0.39208 0.1359 0.90984
vn 0.98014 0.19829 -1E-05
vn 0.98015 0.19827 0
vn 0.96258 0.27099 -1E-05
vn 0.96257 0.27103 -0
vn 0.98014 0.19833 0
vn 0.98014 0.1983 0
vn 0.96257 0.27103 -0
vn 0.96256 0.27107 0
vn 0.93789 0.34694 1E-05
vn 0.93787 0.34697 1E-05
vn 0.93788 0.34697 -1E-05
vn 0.93787 0.347 -2E-05
vn 0.46146 -0.03072 0.88663
vn 0.45825 -0.02368 0.88851
vn 0.46466 -0.03486 0.8848
vn -0.9911 -0.13311 1E-05
vn -0.9911 -0.13311 2E-05
vn -0.99061 -0.13669 0
vn -0.99061 -0.13669 -0
vn -0.9911 -0.13311 -1E-05
vn -0.9911 -0.13311 -1E-05
vn -0.99061 -0.13669 0
vn -0.99061 -0.13669 -1E-05
vn -0.99033 -0.13875 0
vn -0.99033 -0.13875 1E-05
vn -0.99033 -0.13875 -0
vn -0.99033 -0.13875 -2E-05
vn -0.94319 -0.11443 -0.31194
vn -0.93973 -0.11709 -0.32125
vn -0.94133 -0.1162 -0.31684
vn -0.54177 -0.04765 -0.83918
vn -0.54216 -0.0482 -0.83889
vn -0.5418 -0.04724 -0.83918
vn -0.06334 0.00348 -0.99799
vn -1E-05 0.00386 -0.99999
vn -9E-05 0.00353 -0.99999
vn -0.06305 0.00326 -0.99801
vn 0.0633 0.00286 -0.99799
vn 0.06294 0.00283 -0.99801
vn -5E-05 0.00386 -0.99999
vn -0.06227 0.0035 -0.99805
vn 0.06219 0.003 -0.99806
vn 0.17265 -0.00281 -0.98498
vn 0.17159 -0.00242 -0.98516
vn 0.16985 -0.00225 -0.98547
vn -0.46919 -0.03663 0.88234
vn -0.46949 -0.03667 0.88218
vn -0.46843 -0.03643 0.88275
vn -0.13243 0.00169 0.99119
vn -0.13458 0.00148 0.9909
vn -0.13585 0.00098 0.99073
vn 0.04942 0.00428 0.99877
vn 5E-05 0.00352 0.99999
vn 3E-05 0.00398 0.99999
vn 0.04906 0.00401 0.99879
vn -0.04941 0.00395 0.99877
vn -0.04903 0.00425 0.99879
vn 9E-05 0.00393 0.99999
vn 0.0481 0.00426 0.99883
vn -0.04796 0.00389 0.99884
vn 0.93709 -0.11832 -0.32842
vn 0.93725 -0.11863 -0.32785
vn 0.54124 -0.04761 -0.83952
vn 0.54121 -0.0476 -0.83954
vn 0.93764 -0.11874 -0.32669
vn 0.54138 -0.04785 -0.83941
vn 0.98997 -0.14127 0
vn 0.98998 -0.1412 -1E-05
vn 0.98998 -0.14122 -2E-05
vn 0.98998 -0.14123 -1E-05
vn 0.98998 -0.14123 0
vn 0.98998 -0.14118 -0
vn 0.98998 -0.14122 1E-05
vn 0.98998 -0.14121 0
vn 0.98998 -0.14122 -2E-05
vn 0.98998 -0.14122 -2E-05
vn 0.98998 -0.14122 2E-05
vn 0.98998 -0.14121 2E-05
vt 0.88854 0.48562
vt 0.88991 0.48564
vt 0.89002 0.47275
vt 0.88866 0.47278
vt 0.94267 0.95099
vt 0.94134 0.95102
vt 0.94158 0.96381
vt 0.94289 0.96382
vt 0.88947 0.46162
vt 0.88815 0.46177
vt 0.94125 0.97477
vt 0.94253 0.97489
vt 0.88694 0.49957
vt 0.88825 0.49959
vt 0.88724 0.4856
vt 0.88964 0.4996
vt 0.94233 0.93707
vt 0.94099 0.93709
vt 0.9398 0.93711
vt 0.94017 0.95105
vt 0.94044 0.9638
vt 0.94014 0.97468
vt 0.939 0.98301
vt 0.94005 0.98326
vt 0.94127 0.98356
vt 0.888 0.45291
vt 0.88673 0.45326
vt 0.88692 0.46189
vt 0.88558 0.45357
vt 0.88739 0.4728
vt 0.90471 0.9896
vt 0.90361 0.99022
vt 0.90646 0.99411
vt 0.90736 0.99323
vt 0.84977 0.44656
vt 0.85092 0.4472
vt 0.85364 0.44353
vt 0.85268 0.44259
vt 0.90965 0.99662
vt 0.91031 0.99554
vt 0.85662 0.44115
vt 0.85592 0.44002
vt 0.90347 0.98353
vt 0.90243 0.98383
vt 0.90562 0.9891
vt 0.90121 0.98418
vt 0.84737 0.45264
vt 0.84862 0.453
vt 0.84977 0.45334
vt 0.85195 0.44777
vt 0.85446 0.44433
vt 0.85723 0.44214
vt 0.86041 0.44069
vt 0.86003 0.43957
vt 0.85959 0.43832
vt 0.91328 0.99826
vt 0.91368 0.99706
vt 0.91085 0.99465
vt 0.91402 0.99606
vt 0.9081 0.99251
vt 0.88351 0.4481
vt 0.88111 0.44472
vt 0.8784 0.44588
vt 0.88022 0.44899
vt 0.87844 0.44253
vt 0.87638 0.44408
vt 0.87531 0.44099
vt 0.874 0.44298
vt 0.88182 0.45422
vt 0.87337 0.44331
vt 0.87463 0.44417
vt 0.87609 0.446
vt 0.87744 0.44923
vt 0.87861 0.45453
vt 0.93406 0.58093
vt 0.9338 0.58065
vt 0.93109 0.58182
vt 0.93151 0.58199
vt 0.93296 0.58009
vt 0.92991 0.5816
vt 0.93056 0.57942
vt 0.9275 0.58133
vt 0.93158 0.58214
vt 0.93417 0.58109
vt 0.92628 0.58169
vt 0.92744 0.5819
vt 0.92837 0.58213
vt 0.92873 0.58232
vt 0.92878 0.5825
vt 0.84932 0.85634
vt 0.84887 0.85672
vt 0.84906 0.85695
vt 0.84952 0.85659
vt 0.90181 0.58027
vt 0.90225 0.58062
vt 0.90245 0.58037
vt 0.90201 0.58004
vt 0.84937 0.85726
vt 0.84996 0.85701
vt 0.9029 0.57997
vt 0.90233 0.57974
vt 0.84973 0.85574
vt 0.84919 0.85617
vt 0.84985 0.85589
vt 0.84873 0.85655
vt 0.90167 0.58046
vt 0.90212 0.5808
vt 0.90259 0.58115
vt 0.9027 0.58099
vt 0.90296 0.58071
vt 0.90379 0.58014
vt 0.90618 0.57946
vt 0.90357 0.57951
vt 0.90272 0.57943
vt 0.84974 0.85757
vt 0.8506 0.85751
vt 0.8509 0.85678
vt 0.85322 0.8576
vt 0.85011 0.85618
vt 0.92422 0.57635
vt 0.91821 0.57632
vt 0.91832 0.57793
vt 0.92436 0.57796
vt 0.91221 0.57638
vt 0.91227 0.57798
vt 0.91836 0.57862
vt 0.9246 0.57866
vt 0.91211 0.57868
vt 0.90725 0.57656
vt 0.90733 0.57821
vt 0.90704 0.57895
vt 0.91196 0.57912
vt 0.91837 0.57904
vt 0.92478 0.5791
vt 0.92967 0.5789
vt 0.9293 0.57817
vt 0.92918 0.57651
vt 0.85906 0.86086
vt 0.86495 0.86095
vt 0.86505 0.85937
vt 0.85915 0.85928
vt 0.87085 0.86088
vt 0.87096 0.85929
vt 0.86509 0.85868
vt 0.859 0.85858
vt 0.87118 0.85859
vt 0.87574 0.86062
vt 0.87581 0.85898
vt 0.87616 0.85823
vt 0.87699 0.85763
vt 0.87134 0.85808
vt 0.8651 0.85817
vt 0.85887 0.85807
vt 0.85403 0.85821
vt 0.8543 0.85895
vt 0.85417 0.86058
vt 0.87887 0.86043
vt 0.87994 0.86038
vt 0.87996 0.85869
vt 0.8789 0.85872
vt 0.93338 0.57663
vt 0.93232 0.57661
vt 0.9324 0.57831
vt 0.93346 0.57831
vt 0.88016 0.85793
vt 0.87913 0.85794
vt 0.93267 0.57908
vt 0.93369 0.57905
vt 0.93317 0.57945
vt 0.93402 0.57937
vt 0.88047 0.85761
vt 0.87961 0.85754
vt 0.8406 0.70486
vt 0.83922 0.70486
vt 0.83931 0.73136
vt 0.84069 0.73134
vt 0.8932 0.73214
vt 0.89453 0.73213
vt 0.89461 0.70569
vt 0.89328 0.70568
vt 0.83977 0.75437
vt 0.84114 0.75433
vt 0.89506 0.68274
vt 0.89374 0.6827
vt 0.84221 0.67646
vt 0.84091 0.67644
vt 0.84191 0.70487
vt 0.83953 0.67641
vt 0.89351 0.76055
vt 0.89484 0.76052
vt 0.89602 0.7605
vt 0.89571 0.73213
vt 0.89579 0.70571
vt 0.89623 0.68278
vt 0.89699 0.66487
vt 0.89584 0.6648
vt 0.89453 0.66471
vt 0.84057 0.77238
vt 0.84193 0.7723
vt 0.84243 0.75429
vt 0.8432 0.77222
vt 0.84199 0.73133
vt 0.94151 0.84439
vt 0.94187 0.81774
vt 0.93777 0.81772
vt 0.9375 0.84437
vt 0.94211 0.78942
vt 0.93794 0.78941
vt 0.94224 0.76046
vt 0.93801 0.76046
vt 0.93712 0.86833
vt 0.94103 0.86836
vt 0.93376 0.76047
vt 0.93377 0.7894
vt 0.93372 0.81771
vt 0.93359 0.84436
vt 0.93336 0.86834
vt 0.84663 0.73132
vt 0.84657 0.70488
vt 0.84702 0.75425
vt 0.84767 0.77214
vt 0.84686 0.67648
vt 0.85172 0.77217
vt 0.85121 0.75426
vt 0.8509 0.73133
vt 0.85087 0.70489
vt 0.85112 0.67648
vt 0.88688 0.79573
vt 0.8882 0.796
vt 0.88896 0.79193
vt 0.88764 0.79172
vt 0.94086 0.64116
vt 0.9396 0.64144
vt 0.94038 0.64542
vt 0.94165 0.64521
vt 0.88988 0.78471
vt 0.88854 0.78458
vt 0.94128 0.65255
vt 0.94258 0.65241
vt 0.88506 0.79795
vt 0.88631 0.79824
vt 0.88567 0.79546
vt 0.88764 0.79853
vt 0.94027 0.63864
vt 0.93899 0.63895
vt 0.93787 0.63923
vt 0.9385 0.64169
vt 0.93927 0.64561
vt 0.94015 0.65266
vt 0.94099 0.66458
vt 0.94215 0.66451
vt 0.94347 0.66444
vt 0.89077 0.77266
vt 0.88941 0.77258
vt 0.88728 0.78445
vt 0.88813 0.77251
vt 0.88641 0.79152
vt 0.88347 0.84625
vt 0.88433 0.84633
vt 0.88467 0.84018
vt 0.88366 0.84014
vt 0.93737 0.59083
vt 0.93655 0.59088
vt 0.93656 0.59702
vt 0.93753 0.59701
vt 0.88478 0.83345
vt 0.88362 0.83344
vt 0.93639 0.60375
vt 0.93752 0.60375
vt 0.88211 0.85087
vt 0.88294 0.85104
vt 0.88253 0.84617
vt 0.88367 0.85119
vt 0.93693 0.58594
vt 0.93623 0.58604
vt 0.9355 0.58615
vt 0.93573 0.59093
vt 0.93563 0.59703
vt 0.93535 0.60374
vt 0.93507 0.61031
vt 0.93621 0.61031
vt 0.93747 0.61031
vt 0.88483 0.8269
vt 0.88352 0.82688
vt 0.88245 0.83343
vt 0.88226 0.82687
vt 0.88261 0.84011
vt 0.87853 0.83979
vt 0.87848 0.84561
vt 0.8784 0.83324
vt 0.87824 0.82674
vt 0.87823 0.85
vt 0.87526 0.82663
vt 0.87535 0.83306
vt 0.87542 0.83951
vt 0.87537 0.84521
vt 0.87523 0.84949
vt 0.89977 0.64199
vt 0.89892 0.64593
vt 0.9026 0.64597
vt 0.90334 0.64199
vt 0.89794 0.65297
vt 0.90182 0.65304
vt 0.90104 0.66492
vt 0.90412 0.63951
vt 0.90049 0.63947
vt 0.90506 0.66489
vt 0.90565 0.65295
vt 0.90623 0.64577
vt 0.90684 0.64172
vt 0.90753 0.63926
vt 0.84751 0.81208
vt 0.84607 0.81213
vt 0.84609 0.81626
vt 0.84752 0.81628
vt 0.90018 0.6251
vt 0.90158 0.62513
vt 0.90155 0.62093
vt 0.90016 0.62096
vt 0.84599 0.82117
vt 0.84737 0.82121
vt 0.90135 0.616
vt 0.90001 0.61605
vt 0.84871 0.80842
vt 0.84732 0.80853
vt 0.84889 0.81204
vt 0.84588 0.80865
vt 0.90001 0.62857
vt 0.90141 0.62868
vt 0.90267 0.62877
vt 0.90283 0.62515
vt 0.90278 0.62091
vt 0.90254 0.61596
vt 0.90214 0.6102
vt 0.90101 0.61025
vt 0.89976 0.6103
vt 0.84582 0.82693
vt 0.84711 0.82697
vt 0.84869 0.82125
vt 0.84836 0.827
vt 0.84888 0.81629
vt 0.84596 0.80039
vt 0.8446 0.8007
vt 0.84511 0.8031
vt 0.84651 0.80283
vt 0.89868 0.6365
vt 0.9 0.63682
vt 0.90058 0.63438
vt 0.89923 0.63411
vt 0.84555 0.8057
vt 0.84697 0.8055
vt 0.90106 0.63172
vt 0.89968 0.63152
vt 0.84662 0.79772
vt 0.84537 0.79804
vt 0.84726 0.80008
vt 0.84404 0.79836
vt 0.89808 0.63883
vt 0.89936 0.63916
vt 0.90117 0.63712
vt 0.9018 0.63463
vt 0.90231 0.63189
vt 0.84835 0.8053
vt 0.84785 0.80257
vt 0.88353 0.82112
vt 0.88492 0.82115
vt 0.88511 0.81628
vt 0.88368 0.8162
vt 0.93751 0.61606
vt 0.93617 0.61608
vt 0.93629 0.621
vt 0.93767 0.62093
vt 0.88539 0.81216
vt 0.88396 0.81204
vt 0.93655 0.62517
vt 0.93794 0.62505
vt 0.8822 0.82108
vt 0.93496 0.61611
vt 0.93505 0.62106
vt 0.93531 0.62527
vt 0.93569 0.62884
vt 0.93693 0.62869
vt 0.93831 0.62852
vt 0.88576 0.8087
vt 0.88434 0.80852
vt 0.88259 0.81192
vt 0.88298 0.80835
vt 0.88232 0.81613
vt 0.87832 0.81599
vt 0.8782 0.82096
vt 0.87858 0.81174
vt 0.87894 0.80814
vt 0.87597 0.80816
vt 0.87566 0.81173
vt 0.87541 0.81595
vt 0.87527 0.82089
vt 0.9321 0.9942
vt 0.93477 0.99197
vt 0.93229 0.99112
vt 0.93024 0.99301
vt 0.9371 0.98853
vt 0.93409 0.98788
vt 0.93559 0.98253
vt 0.92779 0.99415
vt 0.92896 0.99572
vt 0.93235 0.98229
vt 0.93126 0.98772
vt 0.92993 0.99106
vt 0.92846 0.99297
vt 0.92715 0.99387
vt 0.84353 0.59242
vt 0.84215 0.59237
vt 0.84112 0.6191
vt 0.8425 0.61915
vt 0.89618 0.84446
vt 0.89752 0.8444
vt 0.89647 0.81772
vt 0.89513 0.81777
vt 0.84019 0.64746
vt 0.84158 0.64749
vt 0.89553 0.78942
vt 0.89419 0.78946
vt 0.84583 0.56841
vt 0.84452 0.56836
vt 0.84484 0.59247
vt 0.84314 0.5683
vt 0.89718 0.86848
vt 0.89852 0.86843
vt 0.89971 0.86838
vt 0.8987 0.84435
vt 0.89765 0.81768
vt 0.89671 0.78939
vt 0.84288 0.64753
vt 0.8438 0.61919
vt 0.94224 0.73201
vt 0.94206 0.70551
vt 0.93784 0.70554
vt 0.93799 0.73202
vt 0.94166 0.68252
vt 0.93749 0.68258
vt 0.93694 0.66467
vt 0.93291 0.66469
vt 0.93332 0.68262
vt 0.93358 0.70557
vt 0.93371 0.73204
vt 0.85288 0.81621
vt 0.85296 0.81193
vt 0.85266 0.82118
vt 0.85233 0.82691
vt 0.85286 0.80825
vt 0.85527 0.82676
vt 0.85556 0.82105
vt 0.85579 0.8161
vt 0.85592 0.81186
vt 0.8559 0.80823
vt 0.8901 0.75458
vt 0.89147 0.75462
vt 0.8919 0.73156
vt 0.89052 0.73154
vt 0.94416 0.68245
vt 0.94283 0.68249
vt 0.94324 0.70549
vt 0.94458 0.70548
vt 0.89209 0.705
vt 0.8907 0.705
vt 0.94342 0.732
vt 0.94476 0.732
vt 0.8888 0.75455
vt 0.94342 0.76046
vt 0.94476 0.76047
vt 0.89209 0.67649
vt 0.8907 0.67649
vt 0.8894 0.70499
vt 0.8894 0.67649
vt 0.88922 0.73153
vt 0.84618 0.51403
vt 0.84479 0.51402
vt 0.8445 0.52981
vt 0.84589 0.52985
vt 0.89884 0.92269
vt 0.90018 0.92268
vt 0.8999 0.90688
vt 0.89856 0.90691
vt 0.84395 0.54763
vt 0.84533 0.54768
vt 0.89934 0.88907
vt 0.898 0.88912
vt 0.84751 0.4994
vt 0.84621 0.4994
vt 0.84749 0.51405
vt 0.84483 0.49941
vt 0.89886 0.9373
vt 0.9002 0.9373
vt 0.90138 0.93731
vt 0.90137 0.92266
vt 0.90109 0.90685
vt 0.90053 0.88903
vt 0.84664 0.54772
vt 0.8472 0.52988
vt 0.93159 0.62116
vt 0.93184 0.62539
vt 0.93149 0.61619
vt 0.93156 0.6104
vt 0.93219 0.62899
vt 0.9286 0.6105
vt 0.92859 0.61625
vt 0.92872 0.62119
vt 0.92896 0.6254
vt 0.92926 0.62897
vt 0.84825 0.4617
vt 0.84752 0.47261
vt 0.85168 0.47285
vt 0.85227 0.46214
vt 0.84741 0.48542
vt 0.8516 0.48553
vt 0.8517 0.49945
vt 0.85351 0.45403
vt 0.85521 0.49951
vt 0.85515 0.48565
vt 0.85525 0.47305
vt 0.85575 0.46244
vt 0.85673 0.45438
vt 0.89057 0.64749
vt 0.89196 0.64748
vt 0.89171 0.6191
vt 0.89032 0.61911
vt 0.94463 0.78943
vt 0.94329 0.78942
vt 0.94305 0.81775
vt 0.94439 0.81777
vt 0.89134 0.59239
vt 0.88996 0.59241
vt 0.94269 0.84441
vt 0.94403 0.84443
vt 0.88927 0.64749
vt 0.94221 0.86838
vt 0.94355 0.86841
vt 0.89086 0.56837
vt 0.88948 0.5684
vt 0.88865 0.59243
vt 0.88817 0.56843
vt 0.88902 0.61913
vt 0.84703 0.46154
vt 0.84572 0.46137
vt 0.84492 0.47251
vt 0.84627 0.47256
vt 0.8996 0.97542
vt 0.90088 0.97526
vt 0.90016 0.96419
vt 0.89886 0.96424
vt 0.84476 0.48541
vt 0.84612 0.48542
vt 0.90007 0.9513
vt 0.89874 0.9513
vt 0.90198 0.97513
vt 0.90131 0.96415
vt 0.90124 0.9513
vt 0.9 0.70571
vt 0.90038 0.6828
vt 0.89995 0.73212
vt 0.90024 0.76048
vt 0.90448 0.76048
vt 0.90421 0.73211
vt 0.90425 0.7057
vt 0.90455 0.68279
vt 0.85718 0.44556
vt 0.85926 0.44377
vt 0.85525 0.44873
vt 0.86166 0.44274
vt 0.85804 0.44902
vt 0.85949 0.44576
vt 0.861 0.44393
vt 0.86228 0.4431
vt 0.88894 0.54778
vt 0.89032 0.54774
vt 0.88985 0.52996
vt 0.88847 0.52999
vt 0.943 0.88901
vt 0.94166 0.88897
vt 0.94118 0.90674
vt 0.94253 0.90677
vt 0.8896 0.51419
vt 0.88821 0.5142
vt 0.94092 0.92251
vt 0.94227 0.92251
vt 0.88763 0.54781
vt 0.94048 0.88894
vt 0.94 0.90671
vt 0.93973 0.9225
vt 0.88689 0.51421
vt 0.88715 0.53002
vt 0.87194 0.43884
vt 0.87219 0.43754
vt 0.86793 0.43709
vt 0.8679 0.43842
vt 0.92578 0.99901
vt 0.92554 0.99776
vt 0.92151 0.99817
vt 0.92154 0.99945
vt 0.86366 0.43736
vt 0.86385 0.43867
vt 0.91748 0.99793
vt 0.9173 0.99919
vt 0.87573 0.43989
vt 0.87172 0.44
vt 0.87621 0.43867
vt 0.92978 0.9979
vt 0.92933 0.99671
vt 0.92535 0.9967
vt 0.92149 0.9971
vt 0.91763 0.99687
vt 0.86403 0.43983
vt 0.86788 0.4396
vt 0.85208 0.80235
vt 0.85145 0.79989
vt 0.85256 0.8051
vt 0.85071 0.79758
vt 0.85569 0.80514
vt 0.85532 0.80247
vt 0.85479 0.80008
vt 0.85416 0.79784
vt 0.91054 0.99155
vt 0.9086 0.98833
vt 0.91265 0.99339
vt 0.91511 0.99444
vt 0.90687 0.98295
vt 0.91574 0.99412
vt 0.91442 0.99327
vt 0.91288 0.99139
vt 0.91142 0.98806
vt 0.9101 0.98261
vt 0.88453 0.44754
vt 0.88568 0.44691
vt 0.88289 0.44306
vt 0.88195 0.44394
vt 0.93917 0.98958
vt 0.93804 0.98901
vt 0.93555 0.99268
vt 0.93649 0.99354
vt 0.87979 0.44046
vt 0.87907 0.44156
vt 0.93267 0.99507
vt 0.93337 0.99614
vt 0.92733 0.95086
vt 0.92068 0.95086
vt 0.92086 0.96336
vt 0.92754 0.96338
vt 0.91404 0.95095
vt 0.91418 0.96352
vt 0.92105 0.97392
vt 0.92756 0.97395
vt 0.91454 0.97411
vt 0.93257 0.93708
vt 0.92712 0.93706
vt 0.93286 0.95093
vt 0.92057 0.93708
vt 0.91402 0.93713
vt 0.90859 0.9372
vt 0.90853 0.95109
vt 0.90863 0.96374
vt 0.90912 0.97444
vt 0.91514 0.98227
vt 0.92122 0.98207
vt 0.9273 0.98211
vt 0.93299 0.97416
vt 0.9331 0.96352
vt 0.92589 0.64141
vt 0.91916 0.64138
vt 0.91909 0.64543
vt 0.92615 0.64544
vt 0.91242 0.64148
vt 0.91202 0.64554
vt 0.91903 0.6527
vt 0.92637 0.65269
vt 0.91169 0.65281
vt 0.93088 0.63914
vt 0.9256 0.63901
vt 0.93143 0.64155
vt 0.91924 0.63898
vt 0.91285 0.63906
vt 0.91136 0.66483
vt 0.91898 0.66477
vt 0.9266 0.66472
vt 0.93242 0.65273
vt 0.93194 0.64556
vt 0.92412 0.59199
vt 0.91838 0.5921
vt 0.9184 0.59781
vt 0.9241 0.59773
vt 0.91265 0.59199
vt 0.91271 0.59771
vt 0.91844 0.60422
vt 0.92405 0.60417
vt 0.91285 0.60414
vt 0.92886 0.58725
vt 0.92411 0.5876
vt 0.92892 0.59167
vt 0.91838 0.58771
vt 0.91265 0.58761
vt 0.90791 0.58728
vt 0.90786 0.59168
vt 0.90794 0.59747
vt 0.90819 0.60396
vt 0.90853 0.61039
vt 0.91307 0.61053
vt 0.91854 0.6106
vt 0.92402 0.61059
vt 0.92874 0.60403
vt 0.92888 0.5975
vt 0.9241 0.61629
vt 0.91871 0.6163
vt 0.91892 0.6212
vt 0.92427 0.62121
vt 0.91333 0.61623
vt 0.91357 0.62115
vt 0.91913 0.62538
vt 0.92449 0.6254
vt 0.91376 0.62535
vt 0.90886 0.61612
vt 0.90912 0.62106
vt 0.90926 0.6253
vt 0.90926 0.62891
vt 0.91384 0.62891
vt 0.9193 0.62892
vt 0.92473 0.62894
vt 0.92679 0.68266
vt 0.91893 0.68272
vt 0.91891 0.70565
vt 0.92693 0.70561
vt 0.91106 0.68276
vt 0.91089 0.70568
vt 0.91896 0.73208
vt 0.92702 0.73206
vt 0.91089 0.7321
vt 0.91111 0.76048
vt 0.91911 0.76048
vt 0.92712 0.76047
vt 0.92725 0.78939
vt 0.9194 0.78939
vt 0.91976 0.81769
vt 0.92739 0.8177
vt 0.91154 0.78938
vt 0.91212 0.81767
vt 0.92011 0.84435
vt 0.92748 0.84436
vt 0.91274 0.84433
vt 0.90503 0.78937
vt 0.90579 0.81766
vt 0.90662 0.84432
vt 0.9074 0.86834
vt 0.91328 0.86834
vt 0.92039 0.86834
vt 0.92748 0.86834
vt 0.92736 0.88895
vt 0.92052 0.88897
vt 0.92055 0.90676
vt 0.92719 0.90674
vt 0.91367 0.88898
vt 0.9139 0.90678
vt 0.92054 0.92253
vt 0.92708 0.92251
vt 0.914 0.92257
vt 0.93303 0.88894
vt 0.908 0.88899
vt 0.90839 0.9068
vt 0.90858 0.9226
vt 0.93251 0.9225
vt 0.9327 0.90672
vt 0.92679 0.98763
vt 0.92133 0.98768
vt 0.9214 0.99123
vt 0.92611 0.99112
vt 0.91589 0.98781
vt 0.91669 0.9913
vt 0.92143 0.99331
vt 0.92536 0.99315
vt 0.9175 0.99331
vt 0.91808 0.99438
vt 0.92144 0.99446
vt 0.92481 0.99423
vt 0.91838 0.58115
vt 0.92346 0.58117
vt 0.9133 0.58119
vt 0.90925 0.58136
vt 0.91047 0.58171
vt 0.91367 0.58172
vt 0.91838 0.58173
vt 0.92309 0.5817
vt 0.90174 0.81765
vt 0.90087 0.78936
vt 0.90271 0.84431
vt 0.90363 0.86833
vt 0.93623 0.9067
vt 0.93599 0.9225
vt 0.93665 0.88892
vt 0.93606 0.9371
vt 0.90486 0.90681
vt 0.90436 0.88899
vt 0.9051 0.92263
vt 0.90511 0.93726
vt 0.90506 0.96394
vt 0.90499 0.95121
vt 0.90563 0.97474
vt 0.92145 0.99516
vt 0.91809 0.99501
vt 0.92481 0.99486
vt 0.90625 0.62097
vt 0.90598 0.61601
vt 0.90635 0.62523
vt 0.90626 0.62889
vt 0.9056 0.61026
vt 0.90109 0.59096
vt 0.90125 0.59703
vt 0.90484 0.59725
vt 0.90471 0.59135
vt 0.90166 0.60369
vt 0.90518 0.6038
vt 0.90483 0.58685
vt 0.90128 0.58621
vt 0.93668 0.96367
vt 0.93648 0.97439
vt 0.9364 0.951
vt 0.93726 0.63696
vt 0.93669 0.63455
vt 0.93309 0.63471
vt 0.93363 0.63709
vt 0.93616 0.63189
vt 0.93261 0.63205
vt 0.93425 0.63931
vt 0.9296 0.632
vt 0.92997 0.63461
vt 0.93039 0.63695
vt 0.86065 0.48578
vt 0.86728 0.48586
vt 0.86741 0.4734
vt 0.86078 0.47327
vt 0.87392 0.48584
vt 0.87406 0.47335
vt 0.86755 0.46293
vt 0.86111 0.46277
vt 0.874 0.46285
vt 0.86064 0.49959
vt 0.86719 0.49963
vt 0.87375 0.49964
vt 0.8792 0.49961
vt 0.87945 0.48575
vt 0.87961 0.47317
vt 0.87937 0.46257
vt 0.87365 0.45479
vt 0.86767 0.45488
vt 0.86169 0.45472
vt 0.85907 0.79561
vt 0.86583 0.79571
vt 0.86576 0.79166
vt 0.85868 0.79154
vt 0.87257 0.79568
vt 0.87283 0.79164
vt 0.8657 0.78437
vt 0.85835 0.78427
vt 0.87305 0.78438
vt 0.8595 0.79804
vt 0.85348 0.79537
vt 0.86591 0.79812
vt 0.87229 0.79809
vt 0.87759 0.79796
vt 0.87814 0.79553
vt 0.87864 0.79152
vt 0.87911 0.78434
vt 0.8796 0.77237
vt 0.87328 0.77234
vt 0.86565 0.7723
vt 0.85803 0.77223
vt 0.8523 0.78412
vt 0.85287 0.79131
vt 0.85953 0.84486
vt 0.8651 0.84472
vt 0.86511 0.83914
vt 0.85953 0.83926
vt 0.87069 0.84485
vt 0.87071 0.83924
vt 0.86515 0.83283
vt 0.85962 0.83293
vt 0.8707 0.83288
vt 0.855 0.84949
vt 0.85957 0.8491
vt 0.85486 0.84523
vt 0.86511 0.84897
vt 0.87064 0.8491
vt 0.87069 0.82652
vt 0.86524 0.8265
vt 0.8598 0.82659
vt 0.855 0.83315
vt 0.85484 0.83955
vt 0.86003 0.82091
vt 0.8654 0.82083
vt 0.8656 0.81593
vt 0.86026 0.81599
vt 0.87077 0.82083
vt 0.87095 0.81592
vt 0.86581 0.81175
vt 0.86043 0.81179
vt 0.87118 0.81173
vt 0.87142 0.80818
vt 0.86597 0.80821
vt 0.86051 0.80822
vt 0.85773 0.75429
vt 0.8656 0.75434
vt 0.86558 0.73138
vt 0.85756 0.73135
vt 0.87348 0.75439
vt 0.87362 0.73142
vt 0.86563 0.70492
vt 0.85756 0.7049
vt 0.87371 0.70494
vt 0.88001 0.75444
vt 0.88028 0.73146
vt 0.88041 0.70496
vt 0.88046 0.67649
vt 0.8738 0.67649
vt 0.86578 0.67648
vt 0.85777 0.67648
vt 0.85819 0.64755
vt 0.86606 0.64753
vt 0.86641 0.61919
vt 0.85876 0.61921
vt 0.87393 0.64752
vt 0.87406 0.61918
vt 0.86675 0.59249
vt 0.85937 0.59251
vt 0.87414 0.59248
vt 0.85167 0.64756
vt 0.88046 0.64751
vt 0.8804 0.61916
vt 0.88026 0.59247
vt 0.88002 0.56846
vt 0.87413 0.56846
vt 0.86702 0.56846
vt 0.85991 0.56846
vt 0.85324 0.59252
vt 0.85401 0.56846
vt 0.85242 0.61923
vt 0.8603 0.54779
vt 0.86716 0.5478
vt 0.86718 0.52998
vt 0.86053 0.52996
vt 0.87401 0.54781
vt 0.87384 0.53
vt 0.86717 0.51419
vt 0.86063 0.51416
vt 0.87373 0.5142
vt 0.85461 0.54778
vt 0.87969 0.54783
vt 0.87936 0.53003
vt 0.87917 0.51421
vt 0.85519 0.51412
vt 0.855 0.52994
vt 0.86242 0.44927
vt 0.86775 0.44939
vt 0.86779 0.44593
vt 0.86321 0.44587
vt 0.87307 0.44939
vt 0.87238 0.446
vt 0.86782 0.44391
vt 0.864 0.44391
vt 0.87163 0.44404
vt 0.87109 0.44298
vt 0.86783 0.44278
vt 0.86456 0.44286
vt 0.84834 0.61924
vt 0.8493 0.59253
vt 0.84748 0.64757
vt 0.85021 0.56847
vt 0.85295 0.85474
vt 0.85256 0.85457
vt 0.85406 0.85499
vt 0.85634 0.85531
vt 0.8525 0.85442
vt 0.85752 0.85489
vt 0.85642 0.85463
vt 0.85555 0.85438
vt 0.85521 0.85419
vt 0.85516 0.85402
vt 0.85144 0.52993
vt 0.85169 0.51409
vt 0.85094 0.54778
vt 0.88456 0.73149
vt 0.88421 0.75447
vt 0.88472 0.70498
vt 0.88473 0.67649
vt 0.88365 0.7724
vt 0.88229 0.79138
vt 0.88166 0.79534
vt 0.88297 0.78431
vt 0.881 0.79778
vt 0.86511 0.85556
vt 0.86021 0.85552
vt 0.87001 0.85553
vt 0.87389 0.85532
vt 0.87271 0.8549
vt 0.86964 0.85488
vt 0.86511 0.85486
vt 0.86058 0.85488
vt 0.88448 0.61915
vt 0.88465 0.64751
vt 0.8842 0.59246
vt 0.88381 0.56846
vt 0.88292 0.53004
vt 0.88334 0.54785
vt 0.88268 0.51422
vt 0.88273 0.49958
vt 0.86783 0.44203
vt 0.87111 0.44231
vt 0.86456 0.44217
vt 0.8832 0.47299
vt 0.88302 0.48566
vt 0.88286 0.46229
vt 0.85106 0.85791
vt 0.85003 0.85789
vt 0.85014 0.85865
vt 0.8512 0.85869
vt 0.90303 0.57912
vt 0.90405 0.57914
vt 0.90422 0.57837
vt 0.90316 0.57838
vt 0.84996 0.86034
vt 0.85103 0.86039
vt 0.90411 0.57667
vt 0.90303 0.57669
vt 0.84877 0.85369
vt 0.84932 0.85506
vt 0.85242 0.85376
vt 0.85228 0.85253
vt 0.84962 0.85557
vt 0.85248 0.85425
vt 0.85201 0.84999
vt 0.84814 0.85085
vt 0.85516 0.85384
vt 0.85515 0.85331
vt 0.85511 0.85203
vt 0.86026 0.85445
vt 0.86511 0.85439
vt 0.86511 0.8541
vt 0.85981 0.85416
vt 0.86996 0.85445
vt 0.87041 0.85417
vt 0.86511 0.85388
vt 0.85961 0.85395
vt 0.87061 0.85396
vt 0.87381 0.85464
vt 0.87468 0.85439
vt 0.87502 0.8542
vt 0.87507 0.85404
vt 0.87064 0.85378
vt 0.86511 0.8537
vt 0.85959 0.85378
vt 0.90567 0.58186
vt 0.90685 0.58164
vt 0.90525 0.58203
vt 0.90518 0.58219
vt 0.90798 0.58253
vt 0.90803 0.58236
vt 0.90839 0.58217
vt 0.90931 0.58193
vt 0.92342 0.58206
vt 0.91838 0.58212
vt 0.91838 0.58239
vt 0.9239 0.58232
vt 0.91334 0.58208
vt 0.91286 0.58234
vt 0.91838 0.58261
vt 0.92411 0.58254
vt 0.91265 0.58255
vt 0.91262 0.58274
vt 0.91838 0.5828
vt 0.92413 0.58272
vt 0.87932 0.8568
vt 0.88012 0.85621
vt 0.87727 0.85476
vt 0.87617 0.85501
vt 0.88038 0.85592
vt 0.87766 0.85459
vt 0.8805 0.85577
vt 0.87773 0.85444
vt 0.88026 0.85704
vt 0.88085 0.85729
vt 0.88116 0.85698
vt 0.8807 0.85662
vt 0.93442 0.57967
vt 0.93385 0.5799
vt 0.93431 0.58031
vt 0.93475 0.57998
vt 0.88136 0.85676
vt 0.8809 0.85637
vt 0.93451 0.58056
vt 0.93494 0.58021
vt 0.93464 0.58073
vt 0.93509 0.58039
vt 0.8815 0.85658
vt 0.88103 0.85621
vt 0.84804 0.85397
vt 0.84741 0.85421
vt 0.84816 0.85575
vt 0.8487 0.85543
vt 0.90049 0.5829
vt 0.9011 0.58309
vt 0.90166 0.58157
vt 0.90113 0.5813
vt 0.84857 0.85635
vt 0.84905 0.85599
vt 0.90199 0.58099
vt 0.90152 0.58067
vt 0.84731 0.85101
vt 0.84658 0.85116
vt 0.89986 0.586
vt 0.90056 0.5861
vt 0.90174 0.58328
vt 0.90221 0.58186
vt 0.90248 0.58133
vt 0.93503 0.58322
vt 0.93455 0.58179
vt 0.93163 0.58285
vt 0.93175 0.58415
vt 0.93428 0.58126
vt 0.93159 0.58233
vt 0.93195 0.58682
vt 0.92878 0.58269
vt 0.92878 0.58325
vt 0.9288 0.5846
vt 0.88343 0.8053
vt 0.88394 0.80263
vt 0.87984 0.8024
vt 0.87936 0.80507
vt 0.88449 0.80022
vt 0.88038 0.80001
vt 0.8771 0.80015
vt 0.87668 0.80249
vt 0.87631 0.80512
vt 0.86043 0.80519
vt 0.86605 0.8052
vt 0.86604 0.8026
vt 0.86022 0.80257
vt 0.87164 0.80517
vt 0.87184 0.80258
vt 0.86599 0.80029
vt 0.8599 0.80023
vt 0.87205 0.80026
vt 0.93557 0.64569
vt 0.93626 0.65276
vt 0.93492 0.64174
vt 0.92495 0.63194
vt 0.91937 0.63192
vt 0.91937 0.63451
vt 0.92515 0.63453
vt 0.91377 0.63194
vt 0.91356 0.63455
vt 0.91931 0.63682
vt 0.92536 0.63684
vt 0.91324 0.63688
vt 0.90906 0.63198
vt 0.90868 0.63465
vt 0.90816 0.63703
vt 0.84415 0.78414
vt 0.84511 0.79121
vt 0.84922 0.7911
vt 0.84845 0.78403
vt 0.84594 0.79517
vt 0.84994 0.79509
vt 0.8429 0.78428
vt 0.84156 0.78442
vt 0.84258 0.79165
vt 0.84389 0.79142
vt 0.89552 0.6527
vt 0.89681 0.65285
vt 0.89781 0.64572
vt 0.89654 0.64549
vt 0.84342 0.79576
vt 0.84473 0.79546
vt 0.89868 0.64171
vt 0.89742 0.64141
vt 0.90549 0.63476
vt 0.90597 0.63203
vt 0.90486 0.63721
vt 0.88478 0.80551
vt 0.88619 0.80574
vt 0.88664 0.80316
vt 0.88527 0.80289
vt 0.93874 0.63147
vt 0.93738 0.63169
vt 0.93788 0.63431
vt 0.93922 0.63404
vt 0.88713 0.80081
vt 0.88578 0.80051
vt 0.93843 0.63668
vt 0.93973 0.63638
vt 0.93201 0.59727
vt 0.93178 0.60388
vt 0.93209 0.59133
vt 0.84682 0.83349
vt 0.84566 0.83347
vt 0.84566 0.84018
vt 0.84667 0.84016
vt 0.8995 0.60376
vt 0.90062 0.60372
vt 0.90033 0.59704
vt 0.89936 0.59704
vt 0.84595 0.84632
vt 0.8468 0.84624
vt 0.90027 0.59092
vt 0.89945 0.59088
vt 0.84798 0.83351
vt 0.84773 0.84616
vt 0.84771 0.84014
vt 0.85175 0.83984
vt 0.85198 0.83335
vt 0.85176 0.84563
vt 0.85959 0.85358
vt 0.86511 0.8535
vt 0.86511 0.85294
vt 0.85959 0.85303
vt 0.87063 0.85358
vt 0.87063 0.85303
vt 0.86511 0.85158
vt 0.8596 0.85169
vt 0.87063 0.8517
vt 0.87507 0.85385
vt 0.87508 0.85332
vt 0.87512 0.85204
vt 0.90513 0.58289
vt 0.90517 0.58237
vt 0.90502 0.58419
vt 0.90797 0.58463
vt 0.90798 0.58328
vt 0.90798 0.58273
vt 0.92413 0.58293
vt 0.91838 0.58301
vt 0.91838 0.58359
vt 0.92412 0.5835
vt 0.91263 0.58294
vt 0.91264 0.58352
vt 0.91838 0.585
vt 0.92411 0.5849
vt 0.91265 0.58491
vt 0.88061 0.8556
vt 0.88091 0.85509
vt 0.87781 0.85378
vt 0.87775 0.85427
vt 0.88147 0.85372
vt 0.87796 0.85255
vt 0.88117 0.85602
vt 0.88166 0.85638
vt 0.88207 0.85579
vt 0.88153 0.85546
vt 0.93524 0.5806
vt 0.93477 0.58093
vt 0.9351 0.58151
vt 0.93563 0.58123
vt 0.88282 0.85424
vt 0.8822 0.854
vt 0.93567 0.58302
vt 0.93628 0.58283
usemtl mat0
f 1/1/1 2/2/2 3/3/3
f 1/1/1 3/3/3 4/4/4
f 5/5/5 6/6/6 7/7/7
f 5/5/5 7/7/7 8/8/8
f 4/4/4 3/3/3 9/9/9
f 4/4/4 9/9/9 10/10/10
f 8/8/8 7/7/7 11/11/11
f 8/8/8 11/11/11 12/12/12
f 13/13/13 14/14/14 1/1/1
f 13/13/13 1/1/1 15/15/15
f 14/14/14 16/16/16 2/2/2
f 14/14/14 2/2/2 1/1/1
f 17/17/17 18/18/18 6/6/6
f 17/17/17 6/6/6 5/5/5
f 18/18/18 19/19/19 20/20/20
f 18/18/18 20/20/20 6/6/6
f 6/6/6 20/20/20 21/21/21
f 6/6/6 21/21/21 7/7/7
f 7/7/7 21/21/21 22/22/22
f 7/7/7 22/22/22 11/11/11
f 11/11/11 22/22/22 23/23/23
f 11/11/11 23/23/23 24/24/24
f 12/12/12 11/11/11 24/24/24
f 12/12/12 24/24/24 25/25/25
f 10/10/10 9/9/9 26/26/26
f 10/10/10 26/26/26 27/27/27
f 28/28/28 10/10/10 27/27/27
f 28/28/28 27/27/27 29/29/29
f 30/30/30 4/4/4 10/10/10
f 30/30/30 10/10/10 28/28/28
f 15/15/15 1/1/1 4/4/4
f 15/15/15 4/4/4 30/30/30
f 31/31/31 32/32/32 33/33/33
f 31/31/31 33/33/33 34/34/34
f 35/35/35 36/36/36 37/37/37
f 35/35/35 37/37/37 38/38/38
f 34/34/34 33/33/33 39/39/39
f 34/34/34 39/39/39 40/40/40
f 38/38/38 37/37/37 41/41/41
f 38/38/38 41/41/41 42/42/42
f 43/43/43 44/44/44 31/31/31
f 43/43/43 31/31/31 45/45/45
f 44/44/44 46/46/46 32/32/32
f 44/44/44 32/32/32 31/31/31
f 47/47/47 48/48/48 36/36/36
f 47/47/47 36/36/36 35/35/35
f 48/48/48 49/49/49 50/50/50
f 48/48/48 50/50/50 36/36/36
f 36/36/36 50/50/50 51/51/51
f 36/36/36 51/51/51 37/37/37
f 37/37/37 51/51/51 52/52/52
f 37/37/37 52/52/52 41/41/41
f 41/41/41 52/52/52 53/53/53
f 41/41/41 53/53/53 54/54/54
f 42/42/42 41/41/41 54/54/54
f 42/42/42 54/54/54 55/55/55
f 40/40/40 39/39/39 56/56/56
f 40/40/40 56/56/56 57/57/57
f 58/58/58 40/40/40 57/57/57
f 58/58/58 57/57/57 59/59/59
f 60/60/60 34/34/34 40/40/40
f 60/60/60 40/40/40 58/58/58
f 45/45/45 31/31/31 34/34/34
f 45/45/45 34/34/34 60/60/60
f 61/61/61 62/62/62 63/63/63
f 61/61/61 63/63/63 64/64/64
f 62/62/62 65/65/65 66/66/66
f 62/62/62 66/66/66 63/63/63
f 67/67/67 68/68/68 66/66/66
f 67/67/67 66/66/66 65/65/65
f 64/64/64 69/69/69 29/29/29
f 64/64/64 29/29/29 61/61/61
f 66/66/66 68/68/68 70/70/70
f 66/66/66 70/70/70 71/71/71
f 63/63/63 66/66/66 71/71/71
f 63/63/63 71/71/71 72/72/72
f 64/64/64 63/63/63 72/72/72
f 64/64/64 72/72/72 73/73/73
f 69/69/69 64/64/64 73/73/73
f 69/69/69 73/73/73 74/74/74
f 75/75/75 76/76/76 77/77/77
f 75/75/75 77/77/77 78/78/78
f 76/76/76 79/79/79 80/80/80
f 76/76/76 80/80/80 77/77/77
f 81/81/81 82/82/82 80/80/80
f 81/81/81 80/80/80 79/79/79
f 78/78/78 83/83/83 84/84/84
f 78/78/78 84/84/84 75/75/75
f 80/80/80 82/82/82 85/85/85
f 80/80/80 85/85/85 86/86/86
f 77/77/77 80/80/80 86/86/86
f 77/77/77 86/86/86 87/87/87
f 78/78/78 77/77/77 87/87/87
f 78/78/78 87/87/87 88/88/88
f 83/83/83 78/78/78 88/88/88
f 83/83/83 88/88/88 89/89/89
f 90/90/90 91/91/91 92/92/92
f 90/90/90 92/92/92 93/93/93
f 94/94/94 95/95/95 96/96/96
f 94/94/94 96/96/96 97/97/97
f 93/93/93 92/92/92 98/98/98
f 93/93/93 98/98/98 99/99/99
f 97/97/97 96/96/96 100/100/100
f 97/97/97 100/100/100 101/101/101
f 102/102/102 103/103/103 90/90/90
f 102/102/102 90/90/90 104/104/104
f 103/103/103 105/105/105 91/91/91
f 103/103/103 91/91/91 90/90/90
f 106/106/106 107/107/107 95/95/95
f 106/106/106 95/95/95 94/94/94
f 107/107/107 108/108/108 109/109/109
f 107/107/107 109/109/109 95/95/95
f 95/95/95 109/109/109 110/110/110
f 95/95/95 110/110/110 96/96/96
f 96/96/96 110/110/110 111/111/111
f 96/96/96 111/111/111 100/100/100
f 100/100/100 111/111/111 112/112/112
f 100/100/100 112/112/112 113/113/113
f 101/101/101 100/100/100 113/113/113
f 101/101/101 113/113/113 114/114/114
f 99/99/99 98/98/98 115/115/115
f 99/99/99 115/115/115 116/116/116
f 117/117/117 99/99/99 116/116/116
f 117/117/117 116/116/116 118/118/118
f 119/119/119 93/93/93 99/99/99
f 119/119/119 99/99/99 117/117/117
f 104/104/104 90/90/90 93/93/93
f 104/104/104 93/93/93 119/119/119
f 120/120/120 121/121/121 122/122/122
f 120/120/120 122/122/122 123/123/123
f 121/121/121 124/124/124 125/125/125
f 121/121/121 125/125/125 122/122/122
f 123/123/123 122/122/122 126/126/126
f 123/123/123 126/126/126 127/127/127
f 122/122/122 125/125/125 128/128/128
f 122/122/122 128/128/128 126/126/126
f 124/124/124 129/129/129 130/130/130
f 124/124/124 130/130/130 125/125/125
f 125/125/125 130/130/130 131/131/131
f 125/125/125 131/131/131 128/128/128
f 128/128/128 131/131/131 112/112/112
f 128/128/128 112/112/112 132/132/132
f 126/126/126 128/128/128 132/132/132
f 126/126/126 132/132/132 133/133/133
f 127/127/127 126/126/126 133/133/133
f 127/127/127 133/133/133 134/134/134
f 135/135/135 127/127/127 134/134/134
f 135/135/135 134/134/134 81/81/81
f 136/136/136 123/123/123 127/127/127
f 136/136/136 127/127/127 135/135/135
f 137/137/137 120/120/120 123/123/123
f 137/137/137 123/123/123 136/136/136
f 138/138/138 139/139/139 140/140/140
f 138/138/138 140/140/140 141/141/141
f 139/139/139 142/142/142 143/143/143
f 139/139/139 143/143/143 140/140/140
f 141/141/141 140/140/140 144/144/144
f 141/141/141 144/144/144 145/145/145
f 140/140/140 143/143/143 146/146/146
f 140/140/140 146/146/146 144/144/144
f 142/142/142 147/147/147 148/148/148
f 142/142/142 148/148/148 143/143/143
f 143/143/143 148/148/148 149/149/149
f 143/143/143 149/149/149 146/146/146
f 146/146/146 149/149/149 150/150/150
f 146/146/146 150/150/150 151/151/151
f 144/144/144 146/146/146 151/151/151
f 144/144/144 151/151/151 152/152/152
f 145/145/145 144/144/144 152/152/152
f 145/145/145 152/152/152 153/153/153
f 154/154/154 145/145/145 153/153/153
f 154/154/154 153/153/153 118/118/118
f 155/155/155 141/141/141 145/145/145
f 155/155/155 145/145/145 154/154/154
f 156/156/156 138/138/138 141/141/141
f 156/156/156 141/141/141 155/155/155
f 157/157/157 158/158/158 159/159/159
f 157/157/157 159/159/159 160/160/160
f 161/161/161 162/162/162 163/163/163
f 161/161/161 163/163/163 164/164/164
f 160/160/160 159/159/159 165/165/165
f 160/160/160 165/165/165 166/166/166
f 164/164/164 163/163/163 167/167/167
f 164/164/164 167/167/167 168/168/168
f 162/162/162 137/137/137 136/136/136
f 162/162/162 136/136/136 163/163/163
f 163/163/163 136/136/136 135/135/135
f 163/163/163 135/135/135 167/167/167
f 167/167/167 135/135/135 81/81/81
f 167/167/167 81/81/81 169/169/169
f 168/168/168 167/167/167 169/169/169
f 168/168/168 169/169/169 170/170/170
f 166/166/166 165/165/165 171/171/171
f 166/166/166 171/171/171 172/172/172
f 149/149/149 166/166/166 172/172/172
f 149/149/149 172/172/172 150/150/150
f 148/148/148 160/160/160 166/166/166
f 148/148/148 166/166/166 149/149/149
f 147/147/147 157/157/157 160/160/160
f 147/147/147 160/160/160 148/148/148
f 173/173/173 174/174/174 175/175/175
f 173/173/173 175/175/175 176/176/176
f 177/177/177 178/178/178 179/179/179
f 177/177/177 179/179/179 180/180/180
f 176/176/176 175/175/175 181/181/181
f 176/176/176 181/181/181 182/182/182
f 180/180/180 179/179/179 183/183/183
f 180/180/180 183/183/183 184/184/184
f 185/185/185 186/186/186 173/173/173
f 185/185/185 173/173/173 187/187/187
f 186/186/186 188/188/188 174/174/174
f 186/186/186 174/174/174 173/173/173
f 189/189/189 190/190/190 178/178/178
f 189/189/189 178/178/178 177/177/177
f 190/190/190 191/191/191 192/192/192
f 190/190/190 192/192/192 178/178/178
f 178/178/178 192/192/192 193/193/193
f 178/178/178 193/193/193 179/179/179
f 179/179/179 193/193/193 194/194/194
f 179/179/179 194/194/194 183/183/183
f 183/183/183 194/194/194 195/195/195
f 183/183/183 195/195/195 196/196/196
f 184/184/184 183/183/183 196/196/196
f 184/184/184 196/196/196 197/197/197
f 182/182/182 181/181/181 198/198/198
f 182/182/182 198/198/198 199/199/199
f 200/200/200 182/182/182 199/199/199
f 200/200/200 199/199/199 201/201/201
f 202/202/202 176/176/176 182/182/182
f 202/202/202 182/182/182 200/200/200
f 187/187/187 173/173/173 176/176/176
f 187/187/187 176/176/176 202/202/202
f 203/203/203 204/204/204 205/205/205
f 203/203/203 205/205/205 206/206/206
f 204/204/204 207/207/207 208/208/208
f 204/204/204 208/208/208 205/205/205
f 209/209/209 210/210/210 208/208/208
f 209/209/209 208/208/208 207/207/207
f 206/206/206 211/211/211 212/212/212
f 206/206/206 212/212/212 203/203/203
f 208/208/208 210/210/210 213/213/213
f 208/208/208 213/213/213 214/214/214
f 205/205/205 208/208/208 214/214/214
f 205/205/205 214/214/214 215/215/215
f 206/206/206 205/205/205 215/215/215
f 206/206/206 215/215/215 216/216/216
f 211/211/211 206/206/206 216/216/216
f 211/211/211 216/216/216 217/217/217
f 187/187/187 202/202/202 218/218/218
f 187/187/187 218/218/218 219/219/219
f 202/202/202 200/200/200 220/220/220
f 202/202/202 220/220/220 218/218/218
f 201/201/201 221/221/221 220/220/220
f 201/201/201 220/220/220 200/200/200
f 219/219/219 222/222/222 185/185/185
f 219/219/219 185/185/185 187/187/187
f 220/220/220 221/221/221 223/223/223
f 220/220/220 223/223/223 224/224/224
f 218/218/218 220/220/220 224/224/224
f 218/218/218 224/224/224 225/225/225
f 219/219/219 218/218/218 225/225/225
f 219/219/219 225/225/225 226/226/226
f 222/222/222 219/219/219 226/226/226
f 222/222/222 226/226/226 227/227/227
f 228/228/228 229/229/229 230/230/230
f 228/228/228 230/230/230 231/231/231
f 232/232/232 233/233/233 234/234/234
f 232/232/232 234/234/234 235/235/235
f 231/231/231 230/230/230 236/236/236
f 231/231/231 236/236/236 237/237/237
f 235/235/235 234/234/234 238/238/238
f 235/235/235 238/238/238 239/239/239
f 240/240/240 241/241/241 228/228/228
f 240/240/240 228/228/228 242/242/242
f 241/241/241 243/243/243 229/229/229
f 241/241/241 229/229/229 228/228/228
f 244/244/244 245/245/245 233/233/233
f 244/244/244 233/233/233 232/232/232
f 245/245/245 246/246/246 247/247/247
f 245/245/245 247/247/247 233/233/233
f 233/233/233 247/247/247 248/248/248
f 233/233/233 248/248/248 234/234/234
f 234/234/234 248/248/248 249/249/249
f 234/234/234 249/249/249 238/238/238
f 238/238/238 249/249/249 250/250/250
f 238/238/238 250/250/250 251/251/251
f 239/239/239 238/238/238 251/251/251
f 239/239/239 251/251/251 252/252/252
f 237/237/237 236/236/236 253/253/253
f 237/237/237 253/253/253 254/254/254
f 255/255/255 237/237/237 254/254/254
f 255/255/255 254/254/254 256/256/256
f 257/257/257 231/231/231 237/237/237
f 257/257/257 237/237/237 255/255/255
f 242/242/242 228/228/228 231/231/231
f 242/242/242 231/231/231 257/257/257
f 258/258/258 259/259/259 260/260/260
f 258/258/258 260/260/260 261/261/261
f 262/262/262 263/263/263 264/264/264
f 262/262/262 264/264/264 265/265/265
f 261/261/261 260/260/260 266/266/266
f 261/261/261 266/266/266 267/267/267
f 265/265/265 264/264/264 268/268/268
f 265/265/265 268/268/268 269/269/269
f 270/270/270 271/271/271 258/258/258
f 270/270/270 258/258/258 272/272/272
f 271/271/271 273/273/273 259/259/259
f 271/271/271 259/259/259 258/258/258
f 274/274/274 275/275/275 263/263/263
f 274/274/274 263/263/263 262/262/262
f 275/275/275 276/276/276 277/277/277
f 275/275/275 277/277/277 263/263/263
f 263/263/263 277/277/277 278/278/278
f 263/263/263 278/278/278 264/264/264
f 264/264/264 278/278/278 279/279/279
f 264/264/264 279/279/279 268/268/268
f 268/268/268 279/279/279 280/280/280
f 268/268/268 280/280/280 281/281/281
f 269/269/269 268/268/268 281/281/281
f 269/269/269 281/281/281 282/282/282
f 267/267/267 266/266/266 283/283/283
f 267/267/267 283/283/283 284/284/284
f 285/285/285 267/267/267 284/284/284
f 285/285/285 284/284/284 286/286/286
f 287/287/287 261/261/261 267/267/267
f 287/287/287 267/267/267 285/285/285
f 272/272/272 258/258/258 261/261/261
f 272/272/272 261/261/261 287/287/287
f 272/272/272 287/287/287 288/288/288
f 272/272/272 288/288/288 289/289/289
f 287/287/287 285/285/285 290/290/290
f 287/287/287 290/290/290 288/288/288
f 286/286/286 291/291/291 290/290/290
f 286/286/286 290/290/290 285/285/285
f 289/289/289 292/292/292 270/270/270
f 289/289/289 270/270/270 272/272/272
f 290/290/290 291/291/291 293/293/293
f 290/290/290 293/293/293 294/294/294
f 288/288/288 290/290/290 294/294/294
f 288/288/288 294/294/294 295/295/295
f 289/289/289 288/288/288 295/295/295
f 289/289/289 295/295/295 296/296/296
f 292/292/292 289/289/289 296/296/296
f 292/292/292 296/296/296 297/297/297
f 298/298/298 299/299/299 300/300/300
f 298/298/298 300/300/300 301/301/301
f 299/299/299 302/302/302 303/303/303
f 299/299/299 303/303/303 300/300/300
f 195/195/195 304/304/304 303/303/303
f 195/195/195 303/303/303 302/302/302
f 301/301/301 305/305/305 306/306/306
f 301/301/301 306/306/306 298/298/298
f 303/303/303 304/304/304 307/307/307
f 303/303/303 307/307/307 308/308/308
f 300/300/300 303/303/303 308/308/308
f 300/300/300 308/308/308 309/309/309
f 301/301/301 300/300/300 309/309/309
f 301/301/301 309/309/309 310/310/310
f 305/305/305 301/301/301 310/310/310
f 305/305/305 310/310/310 311/311/311
f 312/312/312 313/313/313 314/314/314
f 312/312/312 314/314/314 315/315/315
f 316/316/316 317/317/317 318/318/318
f 316/316/316 318/318/318 319/319/319
f 315/315/315 314/314/314 320/320/320
f 315/315/315 320/320/320 321/321/321
f 319/319/319 318/318/318 322/322/322
f 319/319/319 322/322/322 323/323/323
f 324/324/324 325/325/325 312/312/312
f 324/324/324 312/312/312 326/326/326
f 325/325/325 327/327/327 313/313/313
f 325/325/325 313/313/313 312/312/312
f 328/328/328 329/329/329 317/317/317
f 328/328/328 317/317/317 316/316/316
f 329/329/329 330/330/330 331/331/331
f 329/329/329 331/331/331 317/317/317
f 317/317/317 331/331/331 332/332/332
f 317/317/317 332/332/332 318/318/318
f 318/318/318 332/332/332 333/333/333
f 318/318/318 333/333/333 322/322/322
f 322/322/322 333/333/333 334/334/334
f 322/322/322 334/334/334 335/335/335
f 323/323/323 322/322/322 335/335/335
f 323/323/323 335/335/335 336/336/336
f 321/321/321 320/320/320 337/337/337
f 321/321/321 337/337/337 338/338/338
f 339/339/339 321/321/321 338/338/338
f 339/339/339 338/338/338 340/340/340
f 341/341/341 315/315/315 321/321/321
f 341/341/341 321/321/321 339/339/339
f 326/326/326 312/312/312 315/315/315
f 326/326/326 315/315/315 341/341/341
f 342/342/342 343/343/343 344/344/344
f 342/342/342 344/344/344 345/345/345
f 346/346/346 347/347/347 348/348/348
f 346/346/346 348/348/348 349/349/349
f 345/345/345 344/344/344 350/350/350
f 345/345/345 350/350/350 351/351/351
f 349/349/349 348/348/348 352/352/352
f 349/349/349 352/352/352 353/353/353
f 354/354/354 355/355/355 342/342/342
f 354/354/354 342/342/342 356/356/356
f 355/355/355 357/357/357 343/343/343
f 355/355/355 343/343/343 342/342/342
f 358/358/358 359/359/359 347/347/347
f 358/358/358 347/347/347 346/346/346
f 359/359/359 306/306/306 360/360/360
f 359/359/359 360/360/360 347/347/347
f 347/347/347 360/360/360 361/361/361
f 347/347/347 361/361/361 348/348/348
f 348/348/348 361/361/361 362/362/362
f 348/348/348 362/362/362 352/352/352
f 352/352/352 362/362/362 330/330/330
f 352/352/352 330/330/330 329/329/329
f 353/353/353 352/352/352 329/329/329
f 353/353/353 329/329/329 328/328/328
f 351/351/351 350/350/350 327/327/327
f 351/351/351 327/327/327 325/325/325
f 363/363/363 351/351/351 325/325/325
f 363/363/363 325/325/325 324/324/324
f 364/364/364 345/345/345 351/351/351
f 364/364/364 351/351/351 363/363/363
f 356/356/356 342/342/342 345/345/345
f 356/356/356 345/345/345 364/364/364
f 365/365/365 366/366/366 367/367/367
f 365/365/365 367/367/367 368/368/368
f 369/369/369 370/370/370 371/371/371
f 369/369/369 371/371/371 372/372/372
f 368/368/368 367/367/367 373/373/373
f 368/368/368 373/373/373 374/374/374
f 372/372/372 371/371/371 375/375/375
f 372/372/372 375/375/375 376/376/376
f 286/286/286 284/284/284 365/365/365
f 286/286/286 365/365/365 377/377/377
f 284/284/284 283/283/283 366/366/366
f 284/284/284 366/366/366 365/365/365
f 282/282/282 281/281/281 370/370/370
f 282/282/282 370/370/370 369/369/369
f 281/281/281 280/280/280 378/378/378
f 281/281/281 378/378/378 370/370/370
f 370/370/370 378/378/378 379/379/379
f 370/370/370 379/379/379 371/371/371
f 371/371/371 379/379/379 380/380/380
f 371/371/371 380/380/380 375/375/375
f 375/375/375 380/380/380 381/381/381
f 375/375/375 381/381/381 382/382/382
f 376/376/376 375/375/375 382/382/382
f 376/376/376 382/382/382 383/383/383
f 374/374/374 373/373/373 384/384/384
f 374/374/374 384/384/384 385/385/385
f 386/386/386 374/374/374 385/385/385
f 386/386/386 385/385/385 387/387/387
f 388/388/388 368/368/368 374/374/374
f 388/388/388 374/374/374 386/386/386
f 377/377/377 365/365/365 368/368/368
f 377/377/377 368/368/368 388/388/388
f 377/377/377 388/388/388 389/389/389
f 377/377/377 389/389/389 390/390/390
f 388/388/388 386/386/386 391/391/391
f 388/388/388 391/391/391 389/389/389
f 387/387/387 392/392/392 391/391/391
f 387/387/387 391/391/391 386/386/386
f 390/390/390 291/291/291 286/286/286
f 390/390/390 286/286/286 377/377/377
f 391/391/391 392/392/392 393/393/393
f 391/391/391 393/393/393 394/394/394
f 389/389/389 391/391/391 394/394/394
f 389/389/389 394/394/394 395/395/395
f 390/390/390 389/389/389 395/395/395
f 390/390/390 395/395/395 396/396/396
f 291/291/291 390/390/390 396/396/396
f 291/291/291 396/396/396 293/293/293
f 397/397/397 398/398/398 399/399/399
f 397/397/397 399/399/399 400/400/400
f 398/398/398 401/401/401 402/402/402
f 398/398/398 402/402/402 399/399/399
f 23/23/23 403/403/403 402/402/402
f 23/23/23 402/402/402 401/401/401
f 400/400/400 404/404/404 405/405/405
f 400/400/400 405/405/405 397/397/397
f 402/402/402 403/403/403 406/406/406
f 402/402/402 406/406/406 407/407/407
f 399/399/399 402/402/402 407/407/407
f 399/399/399 407/407/407 408/408/408
f 400/400/400 399/399/399 408/408/408
f 400/400/400 408/408/408 409/409/409
f 404/404/404 400/400/400 409/409/409
f 404/404/404 409/409/409 410/410/410
f 411/411/411 412/412/412 413/413/413
f 411/411/411 413/413/413 414/414/414
f 415/415/415 416/416/416 417/417/417
f 415/415/415 417/417/417 418/418/418
f 414/414/414 413/413/413 419/419/419
f 414/414/414 419/419/419 420/420/420
f 418/418/418 417/417/417 421/421/421
f 418/418/418 421/421/421 422/422/422
f 423/423/423 424/424/424 411/411/411
f 423/423/423 411/411/411 425/425/425
f 424/424/424 426/426/426 412/412/412
f 424/424/424 412/412/412 411/411/411
f 427/427/427 428/428/428 416/416/416
f 427/427/427 416/416/416 415/415/415
f 428/428/428 429/429/429 430/430/430
f 428/428/428 430/430/430 416/416/416
f 416/416/416 430/430/430 431/431/431
f 416/416/416 431/431/431 417/417/417
f 417/417/417 431/431/431 432/432/432
f 417/417/417 432/432/432 421/421/421
f 421/421/421 432/432/432 191/191/191
f 421/421/421 191/191/191 190/190/190
f 422/422/422 421/421/421 190/190/190
f 422/422/422 190/190/190 189/189/189
f 420/420/420 419/419/419 188/188/188
f 420/420/420 188/188/188 186/186/186
f 433/433/433 420/420/420 186/186/186
f 433/433/433 186/186/186 185/185/185
f 434/434/434 414/414/414 420/420/420
f 434/434/434 420/420/420 433/433/433
f 425/425/425 411/411/411 414/414/414
f 425/425/425 414/414/414 434/434/434
f 435/435/435 436/436/436 437/437/437
f 435/435/435 437/437/437 438/438/438
f 436/436/436 439/439/439 440/440/440
f 436/436/436 440/440/440 437/437/437
f 250/250/250 441/441/441 440/440/440
f 250/250/250 440/440/440 439/439/439
f 438/438/438 210/210/210 209/209/209
f 438/438/438 209/209/209 435/435/435
f 440/440/440 441/441/441 442/442/442
f 440/440/440 442/442/442 443/443/443
f 437/437/437 440/440/440 443/443/443
f 437/437/437 443/443/443 444/444/444
f 438/438/438 437/437/437 444/444/444
f 438/438/438 444/444/444 445/445/445
f 210/210/210 438/438/438 445/445/445
f 210/210/210 445/445/445 213/213/213
f 326/326/326 341/341/341 446/446/446
f 326/326/326 446/446/446 447/447/447
f 341/341/341 339/339/339 448/448/448
f 341/341/341 448/448/448 446/446/446
f 340/340/340 449/449/449 448/448/448
f 340/340/340 448/448/448 339/339/339
f 447/447/447 450/450/450 324/324/324
f 447/447/447 324/324/324 326/326/326
f 448/448/448 449/449/449 451/451/451
f 448/448/448 451/451/451 452/452/452
f 446/446/446 448/448/448 452/452/452
f 446/446/446 452/452/452 453/453/453
f 447/447/447 446/446/446 453/453/453
f 447/447/447 453/453/453 454/454/454
f 450/450/450 447/447/447 454/454/454
f 450/450/450 454/454/454 455/455/455
f 456/456/456 457/457/457 458/458/458
f 456/456/456 458/458/458 459/459/459
f 460/460/460 461/461/461 462/462/462
f 460/460/460 462/462/462 463/463/463
f 459/459/459 458/458/458 464/464/464
f 459/459/459 464/464/464 465/465/465
f 463/463/463 462/462/462 466/466/466
f 463/463/463 466/466/466 467/467/467
f 256/256/256 254/254/254 456/456/456
f 256/256/256 456/456/456 468/468/468
f 254/254/254 253/253/253 457/457/457
f 254/254/254 457/457/457 456/456/456
f 252/252/252 251/251/251 461/461/461
f 252/252/252 461/461/461 460/460/460
f 251/251/251 250/250/250 439/439/439
f 251/251/251 439/439/439 461/461/461
f 461/461/461 439/439/439 436/436/436
f 461/461/461 436/436/436 462/462/462
f 462/462/462 436/436/436 435/435/435
f 462/462/462 435/435/435 466/466/466
f 466/466/466 435/435/435 209/209/209
f 466/466/466 209/209/209 469/469/469
f 467/467/467 466/466/466 469/469/469
f 467/467/467 469/469/469 470/470/470
f 465/465/465 464/464/464 471/471/471
f 465/465/465 471/471/471 472/472/472
f 473/473/473 465/465/465 472/472/472
f 473/473/473 472/472/472 474/474/474
f 475/475/475 459/459/459 465/465/465
f 475/475/475 465/465/465 473/473/473
f 468/468/468 456/456/456 459/459/459
f 468/468/468 459/459/459 475/475/475
f 476/476/476 477/477/477 478/478/478
f 476/476/476 478/478/478 479/479/479
f 480/480/480 481/481/481 482/482/482
f 480/480/480 482/482/482 483/483/483
f 479/479/479 478/478/478 484/484/484
f 479/479/479 484/484/484 485/485/485
f 483/483/483 482/482/482 486/486/486
f 483/483/483 486/486/486 487/487/487
f 488/488/488 489/489/489 476/476/476
f 488/488/488 476/476/476 490/490/490
f 489/489/489 491/491/491 477/477/477
f 489/489/489 477/477/477 476/476/476
f 492/492/492 493/493/493 481/481/481
f 492/492/492 481/481/481 480/480/480
f 493/493/493 494/494/494 495/495/495
f 493/493/493 495/495/495 481/481/481
f 481/481/481 495/495/495 496/496/496
f 481/481/481 496/496/496 482/482/482
f 482/482/482 496/496/496 497/497/497
f 482/482/482 497/497/497 486/486/486
f 486/486/486 497/497/497 429/429/429
f 486/486/486 429/429/429 428/428/428
f 487/487/487 486/486/486 428/428/428
f 487/487/487 428/428/428 427/427/427
f 485/485/485 484/484/484 426/426/426
f 485/485/485 426/426/426 424/424/424
f 498/498/498 485/485/485 424/424/424
f 498/498/498 424/424/424 423/423/423
f 499/499/499 479/479/479 485/485/485
f 499/499/499 485/485/485 498/498/498
f 490/490/490 476/476/476 479/479/479
f 490/490/490 479/479/479 499/499/499
f 380/380/380 379/379/379 500/500/500
f 380/380/380 500/500/500 501/501/501
f 379/379/379 378/378/378 502/502/502
f 379/379/379 502/502/502 500/500/500
f 280/280/280 503/503/503 502/502/502
f 280/280/280 502/502/502 378/378/378
f 501/501/501 504/504/504 381/381/381
f 501/501/501 381/381/381 380/380/380
f 502/502/502 503/503/503 505/505/505
f 502/502/502 505/505/505 506/506/506
f 500/500/500 502/502/502 506/506/506
f 500/500/500 506/506/506 507/507/507
f 501/501/501 500/500/500 507/507/507
f 501/501/501 507/507/507 508/508/508
f 504/504/504 501/501/501 508/508/508
f 504/504/504 508/508/508 509/509/509
f 510/510/510 511/511/511 512/512/512
f 510/510/510 512/512/512 513/513/513
f 511/511/511 514/514/514 515/515/515
f 511/511/511 515/515/515 512/512/512
f 488/488/488 516/516/516 515/515/515
f 488/488/488 515/515/515 514/514/514
f 513/513/513 517/517/517 49/49/49
f 513/513/513 49/49/49 510/510/510
f 515/515/515 516/516/516 518/518/518
f 515/515/515 518/518/518 519/519/519
f 512/512/512 515/515/515 519/519/519
f 512/512/512 519/519/519 520/520/520
f 513/513/513 512/512/512 520/520/520
f 513/513/513 520/520/520 521/521/521
f 517/517/517 513/513/513 521/521/521
f 517/517/517 521/521/521 522/522/522
f 523/523/523 524/524/524 525/525/525
f 523/523/523 525/525/525 526/526/526
f 527/527/527 528/528/528 529/529/529
f 527/527/527 529/529/529 530/530/530
f 526/526/526 525/525/525 531/531/531
f 526/526/526 531/531/531 532/532/532
f 530/530/530 529/529/529 533/533/533
f 530/530/530 533/533/533 534/534/534
f 474/474/474 472/472/472 523/523/523
f 474/474/474 523/523/523 535/535/535
f 472/472/472 471/471/471 524/524/524
f 472/472/472 524/524/524 523/523/523
f 470/470/470 469/469/469 528/528/528
f 470/470/470 528/528/528 527/527/527
f 469/469/469 209/209/209 207/207/207
f 469/469/469 207/207/207 528/528/528
f 528/528/528 207/207/207 204/204/204
f 528/528/528 204/204/204 529/529/529
f 529/529/529 204/204/204 203/203/203
f 529/529/529 203/203/203 533/533/533
f 533/533/533 203/203/203 212/212/212
f 533/533/533 212/212/212 536/536/536
f 534/534/534 533/533/533 536/536/536
f 534/534/534 536/536/536 537/537/537
f 532/532/532 531/531/531 538/538/538
f 532/532/532 538/538/538 539/539/539
f 540/540/540 532/532/532 539/539/539
f 540/540/540 539/539/539 541/541/541
f 542/542/542 526/526/526 532/532/532
f 542/542/542 532/532/532 540/540/540
f 535/535/535 523/523/523 526/526/526
f 535/535/535 526/526/526 542/542/542
f 543/543/543 544/544/544 545/545/545
f 543/543/543 545/545/545 546/546/546
f 547/547/547 548/548/548 549/549/549
f 547/547/547 549/549/549 550/550/550
f 546/546/546 545/545/545 551/551/551
f 546/546/546 551/551/551 552/552/552
f 550/550/550 549/549/549 553/553/553
f 550/550/550 553/553/553 554/554/554
f 49/49/49 48/48/48 543/543/543
f 49/49/49 543/543/543 510/510/510
f 48/48/48 47/47/47 544/544/544
f 48/48/48 544/544/544 543/543/543
f 46/46/46 44/44/44 548/548/548
f 46/46/46 548/548/548 547/547/547
f 44/44/44 43/43/43 555/555/555
f 44/44/44 555/555/555 548/548/548
f 548/548/548 555/555/555 556/556/556
f 548/548/548 556/556/556 549/549/549
f 549/549/549 556/556/556 557/557/557
f 549/549/549 557/557/557 553/553/553
f 553/553/553 557/557/557 494/494/494
f 553/553/553 494/494/494 493/493/493
f 554/554/554 553/553/553 493/493/493
f 554/554/554 493/493/493 492/492/492
f 552/552/552 551/551/551 491/491/491
f 552/552/552 491/491/491 489/489/489
f 514/514/514 552/552/552 489/489/489
f 514/514/514 489/489/489 488/488/488
f 511/511/511 546/546/546 552/552/552
f 511/511/511 552/552/552 514/514/514
f 510/510/510 543/543/543 546/546/546
f 510/510/510 546/546/546 511/511/511
f 194/194/194 193/193/193 558/558/558
f 194/194/194 558/558/558 559/559/559
f 193/193/193 192/192/192 560/560/560
f 193/193/193 560/560/560 558/558/558
f 191/191/191 561/561/561 560/560/560
f 191/191/191 560/560/560 192/192/192
f 559/559/559 304/304/304 195/195/195
f 559/559/559 195/195/195 194/194/194
f 560/560/560 561/561/561 562/562/562
f 560/560/560 562/562/562 563/563/563
f 558/558/558 560/560/560 563/563/563
f 558/558/558 563/563/563 564/564/564
f 559/559/559 558/558/558 564/564/564
f 559/559/559 564/564/564 565/565/565
f 304/304/304 559/559/559 565/565/565
f 304/304/304 565/565/565 307/307/307
f 52/52/52 51/51/51 566/566/566
f 52/52/52 566/566/566 567/567/567
f 51/51/51 50/50/50 568/568/568
f 51/51/51 568/568/568 566/566/566
f 49/49/49 517/517/517 568/568/568
f 49/49/49 568/568/568 50/50/50
f 567/567/567 569/569/569 53/53/53
f 567/567/567 53/53/53 52/52/52
f 568/568/568 517/517/517 522/522/522
f 568/568/568 522/522/522 570/570/570
f 566/566/566 568/568/568 570/570/570
f 566/566/566 570/570/570 571/571/571
f 567/567/567 566/566/566 571/571/571
f 567/567/567 571/571/571 572/572/572
f 569/569/569 567/567/567 572/572/572
f 569/569/569 572/572/572 573/573/573
f 574/574/574 575/575/575 576/576/576
f 574/574/574 576/576/576 577/577/577
f 578/578/578 579/579/579 580/580/580
f 578/578/578 580/580/580 581/581/581
f 577/577/577 576/576/576 582/582/582
f 577/577/577 582/582/582 583/583/583
f 581/581/581 580/580/580 584/584/584
f 581/581/581 584/584/584 585/585/585
f 541/541/541 539/539/539 574/574/574
f 541/541/541 574/574/574 586/586/586
f 539/539/539 538/538/538 575/575/575
f 539/539/539 575/575/575 574/574/574
f 537/537/537 536/536/536 579/579/579
f 537/537/537 579/579/579 578/578/578
f 536/536/536 212/212/212 587/587/587
f 536/536/536 587/587/587 579/579/579
f 579/579/579 587/587/587 588/588/588
f 579/579/579 588/588/588 580/580/580
f 580/580/580 588/588/588 589/589/589
f 580/580/580 589/589/589 584/584/584
f 584/584/584 589/589/589 19/19/19
f 584/584/584 19/19/19 18/18/18
f 585/585/585 584/584/584 18/18/18
f 585/585/585 18/18/18 17/17/17
f 583/583/583 582/582/582 16/16/16
f 583/583/583 16/16/16 14/14/14
f 590/590/590 583/583/583 14/14/14
f 590/590/590 14/14/14 13/13/13
f 591/591/591 577/577/577 583/583/583
f 591/591/591 583/583/583 590/590/590
f 586/586/586 574/574/574 577/577/577
f 586/586/586 577/577/577 591/591/591
f 592/592/592 593/593/593 594/594/594
f 592/592/592 594/594/594 595/595/595
f 596/596/596 597/597/597 598/598/598
f 596/596/596 598/598/598 599/599/599
f 595/595/595 594/594/594 600/600/600
f 595/595/595 600/600/600 601/601/601
f 599/599/599 598/598/598 602/602/602
f 599/599/599 602/602/602 603/603/603
f 67/67/67 604/604/604 592/592/592
f 67/67/67 592/592/592 605/605/605
f 604/604/604 606/606/606 593/593/593
f 604/604/604 593/593/593 592/592/592
f 607/607/607 608/608/608 597/597/597
f 607/607/607 597/597/597 596/596/596
f 608/608/608 405/405/405 609/609/609
f 608/608/608 609/609/609 597/597/597
f 597/597/597 609/609/609 610/610/610
f 597/597/597 610/610/610 598/598/598
f 598/598/598 610/610/610 611/611/611
f 598/598/598 611/611/611 602/602/602
f 602/602/602 611/611/611 59/59/59
f 602/602/602 59/59/59 57/57/57
f 603/603/603 602/602/602 57/57/57
f 603/603/603 57/57/57 56/56/56
f 601/601/601 600/600/600 55/55/55
f 601/601/601 55/55/55 54/54/54
f 612/612/612 601/601/601 54/54/54
f 612/612/612 54/54/54 53/53/53
f 613/613/613 595/595/595 601/601/601
f 613/613/613 601/601/601 612/612/612
f 605/605/605 592/592/592 595/595/595
f 605/605/605 595/595/595 613/613/613
f 356/356/356 364/364/364 614/614/614
f 356/356/356 614/614/614 615/615/615
f 364/364/364 363/363/363 616/616/616
f 364/364/364 616/616/616 614/614/614
f 324/324/324 450/450/450 616/616/616
f 324/324/324 616/616/616 363/363/363
f 615/615/615 617/617/617 354/354/354
f 615/615/615 354/354/354 356/356/356
f 616/616/616 450/450/450 455/455/455
f 616/616/616 455/455/455 618/618/618
f 614/614/614 616/616/616 618/618/618
f 614/614/614 618/618/618 619/619/619
f 615/615/615 614/614/614 619/619/619
f 615/615/615 619/619/619 620/620/620
f 617/617/617 615/615/615 620/620/620
f 617/617/617 620/620/620 621/621/621
f 45/45/45 60/60/60 622/622/622
f 45/45/45 622/622/622 623/623/623
f 60/60/60 58/58/58 624/624/624
f 60/60/60 624/624/624 622/622/622
f 59/59/59 625/625/625 624/624/624
f 59/59/59 624/624/624 58/58/58
f 623/623/623 626/626/626 43/43/43
f 623/623/623 43/43/43 45/45/45
f 624/624/624 625/625/625 627/627/627
f 624/624/624 627/627/627 628/628/628
f 622/622/622 624/624/624 628/628/628
f 622/622/622 628/628/628 629/629/629
f 623/623/623 622/622/622 629/629/629
f 623/623/623 629/629/629 630/630/630
f 626/626/626 623/623/623 630/630/630
f 626/626/626 630/630/630 631/631/631
f 632/632/632 633/633/633 634/634/634
f 632/632/632 634/634/634 635/635/635
f 636/636/636 637/637/637 638/638/638
f 636/636/636 638/638/638 639/639/639
f 635/635/635 634/634/634 640/640/640
f 635/635/635 640/640/640 641/641/641
f 639/639/639 638/638/638 642/642/642
f 639/639/639 642/642/642 643/643/643
f 29/29/29 27/27/27 632/632/632
f 29/29/29 632/632/632 61/61/61
f 27/27/27 26/26/26 633/633/633
f 27/27/27 633/633/633 632/632/632
f 25/25/25 24/24/24 637/637/637
f 25/25/25 637/637/637 636/636/636
f 24/24/24 23/23/23 401/401/401
f 24/24/24 401/401/401 637/637/637
f 637/637/637 401/401/401 398/398/398
f 637/637/637 398/398/398 638/638/638
f 638/638/638 398/398/398 397/397/397
f 638/638/638 397/397/397 642/642/642
f 642/642/642 397/397/397 405/405/405
f 642/642/642 405/405/405 608/608/608
f 643/643/643 642/642/642 608/608/608
f 643/643/643 608/608/608 607/607/607
f 641/641/641 640/640/640 606/606/606
f 641/641/641 606/606/606 604/604/604
f 65/65/65 641/641/641 604/604/604
f 65/65/65 604/604/604 67/67/67
f 62/62/62 635/635/635 641/641/641
f 62/62/62 641/641/641 65/65/65
f 61/61/61 632/632/632 635/635/635
f 61/61/61 635/635/635 62/62/62
f 644/644/644 645/645/645 646/646/646
f 644/644/644 646/646/646 647/647/647
f 645/645/645 648/648/648 649/649/649
f 645/645/645 649/649/649 646/646/646
f 647/647/647 646/646/646 650/650/650
f 647/647/647 650/650/650 651/651/651
f 646/646/646 649/649/649 652/652/652
f 646/646/646 652/652/652 650/650/650
f 653/653/653 654/654/654 644/644/644
f 653/653/653 644/644/644 655/655/655
f 654/654/654 656/656/656 645/645/645
f 654/654/654 645/645/645 644/644/644
f 656/656/656 657/657/657 648/648/648
f 656/656/656 648/648/648 645/645/645
f 657/657/657 658/658/658 659/659/659
f 657/657/657 659/659/659 648/648/648
f 648/648/648 659/659/659 660/660/660
f 648/648/648 660/660/660 649/649/649
f 649/649/649 660/660/660 661/661/661
f 649/649/649 661/661/661 652/652/652
f 652/652/652 661/661/661 631/631/631
f 652/652/652 631/631/631 662/662/662
f 650/650/650 652/652/652 662/662/662
f 650/650/650 662/662/662 663/663/663
f 651/651/651 650/650/650 663/663/663
f 651/651/651 663/663/663 664/664/664
f 665/665/665 651/651/651 664/664/664
f 665/665/665 664/664/664 406/406/406
f 666/666/666 647/647/647 651/651/651
f 666/666/666 651/651/651 665/665/665
f 655/655/655 644/644/644 647/647/647
f 655/655/655 647/647/647 666/666/666
f 667/667/667 668/668/668 669/669/669
f 667/667/667 669/669/669 670/670/670
f 668/668/668 671/671/671 672/672/672
f 668/668/668 672/672/672 669/669/669
f 670/670/670 669/669/669 673/673/673
f 670/670/670 673/673/673 674/674/674
f 669/669/669 672/672/672 675/675/675
f 669/669/669 675/675/675 673/673/673
f 676/676/676 677/677/677 667/667/667
f 676/676/676 667/667/667 678/678/678
f 677/677/677 679/679/679 668/668/668
f 677/677/677 668/668/668 667/667/667
f 679/679/679 680/680/680 671/671/671
f 679/679/679 671/671/671 668/668/668
f 680/680/680 311/311/311 310/310/310
f 680/680/680 310/310/310 671/671/671
f 671/671/671 310/310/310 309/309/309
f 671/671/671 309/309/309 672/672/672
f 672/672/672 309/309/309 308/308/308
f 672/672/672 308/308/308 675/675/675
f 675/675/675 308/308/308 307/307/307
f 675/675/675 307/307/307 681/681/681
f 673/673/673 675/675/675 681/681/681
f 673/673/673 681/681/681 682/682/682
f 674/674/674 673/673/673 682/682/682
f 674/674/674 682/682/682 683/683/683
f 684/684/684 674/674/674 683/683/683
f 684/684/684 683/683/683 442/442/442
f 685/685/685 670/670/670 674/674/674
f 685/685/685 674/674/674 684/684/684
f 678/678/678 667/667/667 670/670/670
f 678/678/678 670/670/670 685/685/685
f 686/686/686 687/687/687 688/688/688
f 686/686/686 688/688/688 689/689/689
f 687/687/687 690/690/690 691/691/691
f 687/687/687 691/691/691 688/688/688
f 689/689/689 688/688/688 692/692/692
f 689/689/689 692/692/692 693/693/693
f 688/688/688 691/691/691 694/694/694
f 688/688/688 694/694/694 692/692/692
f 695/695/695 696/696/696 686/686/686
f 695/695/695 686/686/686 697/697/697
f 696/696/696 698/698/698 687/687/687
f 696/696/696 687/687/687 686/686/686
f 698/698/698 699/699/699 690/690/690
f 698/698/698 690/690/690 687/687/687
f 699/699/699 700/700/700 701/701/701
f 699/699/699 701/701/701 690/690/690
f 690/690/690 701/701/701 702/702/702
f 690/690/690 702/702/702 691/691/691
f 691/691/691 702/702/702 703/703/703
f 691/691/691 703/703/703 694/694/694
f 694/694/694 703/703/703 704/704/704
f 694/694/694 704/704/704 705/705/705
f 692/692/692 694/694/694 705/705/705
f 692/692/692 705/705/705 706/706/706
f 693/693/693 692/692/692 706/706/706
f 693/693/693 706/706/706 707/707/707
f 708/708/708 693/693/693 707/707/707
f 708/708/708 707/707/707 505/505/505
f 709/709/709 689/689/689 693/693/693
f 709/709/709 693/693/693 708/708/708
f 697/697/697 686/686/686 689/689/689
f 697/697/697 689/689/689 709/709/709
f 710/710/710 711/711/711 712/712/712
f 710/710/710 712/712/712 713/713/713
f 711/711/711 714/714/714 715/715/715
f 711/711/711 715/715/715 712/712/712
f 713/713/713 712/712/712 716/716/716
f 713/713/713 716/716/716 717/717/717
f 712/712/712 715/715/715 718/718/718
f 712/712/712 718/718/718 716/716/716
f 505/505/505 707/707/707 710/710/710
f 505/505/505 710/710/710 506/506/506
f 707/707/707 706/706/706 711/711/711
f 707/707/707 711/711/711 710/710/710
f 706/706/706 705/705/705 714/714/714
f 706/706/706 714/714/714 711/711/711
f 705/705/705 704/704/704 719/719/719
f 705/705/705 719/719/719 714/714/714
f 714/714/714 719/719/719 720/720/720
f 714/714/714 720/720/720 715/715/715
f 715/715/715 720/720/720 721/721/721
f 715/715/715 721/721/721 718/718/718
f 718/718/718 721/721/721 722/722/722
f 718/718/718 722/722/722 723/723/723
f 716/716/716 718/718/718 723/723/723
f 716/716/716 723/723/723 724/724/724
f 717/717/717 716/716/716 724/724/724
f 717/717/717 724/724/724 725/725/725
f 508/508/508 717/717/717 725/725/725
f 508/508/508 725/725/725 509/509/509
f 507/507/507 713/713/713 717/717/717
f 507/507/507 717/717/717 508/508/508
f 506/506/506 710/710/710 713/713/713
f 506/506/506 713/713/713 507/507/507
f 726/726/726 727/727/727 728/728/728
f 726/726/726 728/728/728 729/729/729
f 727/727/727 730/730/730 731/731/731
f 727/727/727 731/731/731 728/728/728
f 729/729/729 728/728/728 732/732/732
f 729/729/729 732/732/732 733/733/733
f 728/728/728 731/731/731 734/734/734
f 728/728/728 734/734/734 732/732/732
f 442/442/442 683/683/683 726/726/726
f 442/442/442 726/726/726 443/443/443
f 683/683/683 682/682/682 727/727/727
f 683/683/683 727/727/727 726/726/726
f 682/682/682 681/681/681 730/730/730
f 682/682/682 730/730/730 727/727/727
f 681/681/681 307/307/307 565/565/565
f 681/681/681 565/565/565 730/730/730
f 730/730/730 565/565/565 564/564/564
f 730/730/730 564/564/564 731/731/731
f 731/731/731 564/564/564 563/563/563
f 731/731/731 563/563/563 734/734/734
f 734/734/734 563/563/563 562/562/562
f 734/734/734 562/562/562 735/735/735
f 732/732/732 734/734/734 735/735/735
f 732/732/732 735/735/735 736/736/736
f 733/733/733 732/732/732 736/736/736
f 733/733/733 736/736/736 737/737/737
f 445/445/445 733/733/733 737/737/737
f 445/445/445 737/737/737 213/213/213
f 444/444/444 729/729/729 733/733/733
f 444/444/444 733/733/733 445/445/445
f 443/443/443 726/726/726 729/729/729
f 443/443/443 729/729/729 444/444/444
f 738/738/738 739/739/739 740/740/740
f 738/738/738 740/740/740 741/741/741
f 739/739/739 742/742/742 743/743/743
f 739/739/739 743/743/743 740/740/740
f 741/741/741 740/740/740 744/744/744
f 741/741/741 744/744/744 745/745/745
f 740/740/740 743/743/743 746/746/746
f 740/740/740 746/746/746 744/744/744
f 213/213/213 737/737/737 738/738/738
f 213/213/213 738/738/738 214/214/214
f 737/737/737 736/736/736 739/739/739
f 737/737/737 739/739/739 738/738/738
f 736/736/736 735/735/735 742/742/742
f 736/736/736 742/742/742 739/739/739
f 735/735/735 562/562/562 747/747/747
f 735/735/735 747/747/747 742/742/742
f 742/742/742 747/747/747 748/748/748
f 742/742/742 748/748/748 743/743/743
f 743/743/743 748/748/748 749/749/749
f 743/743/743 749/749/749 746/746/746
f 746/746/746 749/749/749 750/750/750
f 746/746/746 750/750/750 751/751/751
f 744/744/744 746/746/746 751/751/751
f 744/744/744 751/751/751 752/752/752
f 745/745/745 744/744/744 752/752/752
f 745/745/745 752/752/752 753/753/753
f 216/216/216 745/745/745 753/753/753
f 216/216/216 753/753/753 217/217/217
f 215/215/215 741/741/741 745/745/745
f 215/215/215 745/745/745 216/216/216
f 214/214/214 738/738/738 741/741/741
f 214/214/214 741/741/741 215/215/215
f 754/754/754 755/755/755 756/756/756
f 754/754/754 756/756/756 757/757/757
f 755/755/755 758/758/758 759/759/759
f 755/755/755 759/759/759 756/756/756
f 757/757/757 756/756/756 760/760/760
f 757/757/757 760/760/760 761/761/761
f 756/756/756 759/759/759 762/762/762
f 756/756/756 762/762/762 760/760/760
f 217/217/217 753/753/753 754/754/754
f 217/217/217 754/754/754 763/763/763
f 753/753/753 752/752/752 755/755/755
f 753/753/753 755/755/755 754/754/754
f 752/752/752 751/751/751 758/758/758
f 752/752/752 758/758/758 755/755/755
f 751/751/751 750/750/750 764/764/764
f 751/751/751 764/764/764 758/758/758
f 758/758/758 764/764/764 765/765/765
f 758/758/758 765/765/765 759/759/759
f 759/759/759 765/765/765 766/766/766
f 759/759/759 766/766/766 762/762/762
f 762/762/762 766/766/766 658/658/658
f 762/762/762 658/658/658 657/657/657
f 760/760/760 762/762/762 657/657/657
f 760/760/760 657/657/657 656/656/656
f 761/761/761 760/760/760 656/656/656
f 761/761/761 656/656/656 654/654/654
f 767/767/767 761/761/761 654/654/654
f 767/767/767 654/654/654 653/653/653
f 768/768/768 757/757/757 761/761/761
f 768/768/768 761/761/761 767/767/767
f 763/763/763 754/754/754 757/757/757
f 763/763/763 757/757/757 768/768/768
f 769/769/769 770/770/770 771/771/771
f 769/769/769 771/771/771 772/772/772
f 770/770/770 773/773/773 774/774/774
f 770/770/770 774/774/774 771/771/771
f 772/772/772 771/771/771 775/775/775
f 772/772/772 775/775/775 776/776/776
f 771/771/771 774/774/774 777/777/777
f 771/771/771 777/777/777 775/775/775
f 406/406/406 664/664/664 769/769/769
f 406/406/406 769/769/769 407/407/407
f 664/664/664 663/663/663 770/770/770
f 664/664/664 770/770/770 769/769/769
f 663/663/663 662/662/662 773/773/773
f 663/663/663 773/773/773 770/770/770
f 662/662/662 631/631/631 630/630/630
f 662/662/662 630/630/630 773/773/773
f 773/773/773 630/630/630 629/629/629
f 773/773/773 629/629/629 774/774/774
f 774/774/774 629/629/629 628/628/628
f 774/774/774 628/628/628 777/777/777
f 777/777/777 628/628/628 627/627/627
f 777/777/777 627/627/627 778/778/778
f 775/775/775 777/777/777 778/778/778
f 775/775/775 778/778/778 779/779/779
f 776/776/776 775/775/775 779/779/779
f 776/776/776 779/779/779 780/780/780
f 409/409/409 776/776/776 780/780/780
f 409/409/409 780/780/780 410/410/410
f 408/408/408 772/772/772 776/776/776
f 408/408/408 776/776/776 409/409/409
f 407/407/407 769/769/769 772/772/772
f 407/407/407 772/772/772 408/408/408
f 134/134/134 133/133/133 781/781/781
f 134/134/134 781/781/781 782/782/782
f 133/133/133 132/132/132 783/783/783
f 133/133/133 783/783/783 781/781/781
f 112/112/112 784/784/784 783/783/783
f 112/112/112 783/783/783 132/132/132
f 782/782/782 82/82/82 81/81/81
f 782/782/782 81/81/81 134/134/134
f 783/783/783 784/784/784 785/785/785
f 783/783/783 785/785/785 786/786/786
f 781/781/781 783/783/783 786/786/786
f 781/781/781 786/786/786 787/787/787
f 782/782/782 781/781/781 787/787/787
f 782/782/782 787/787/787 788/788/788
f 82/82/82 782/782/782 788/788/788
f 82/82/82 788/788/788 85/85/85
f 432/432/432 431/431/431 789/789/789
f 432/432/432 789/789/789 790/790/790
f 431/431/431 430/430/430 791/791/791
f 431/431/431 791/791/791 789/789/789
f 429/429/429 792/792/792 791/791/791
f 429/429/429 791/791/791 430/430/430
f 790/790/790 561/561/561 191/191/191
f 790/790/790 191/191/191 432/432/432
f 791/791/791 792/792/792 750/750/750
f 791/791/791 750/750/750 749/749/749
f 789/789/789 791/791/791 749/749/749
f 789/789/789 749/749/749 748/748/748
f 790/790/790 789/789/789 748/748/748
f 790/790/790 748/748/748 747/747/747
f 561/561/561 790/790/790 747/747/747
f 561/561/561 747/747/747 562/562/562
f 589/589/589 588/588/588 793/793/793
f 589/589/589 793/793/793 794/794/794
f 588/588/588 587/587/587 795/795/795
f 588/588/588 795/795/795 793/793/793
f 212/212/212 211/211/211 795/795/795
f 212/212/212 795/795/795 587/587/587
f 794/794/794 796/796/796 19/19/19
f 794/794/794 19/19/19 589/589/589
f 795/795/795 211/211/211 217/217/217
f 795/795/795 217/217/217 763/763/763
f 793/793/793 795/795/795 763/763/763
f 793/793/793 763/763/763 768/768/768
f 794/794/794 793/793/793 768/768/768
f 794/794/794 768/768/768 767/767/767
f 796/796/796 794/794/794 767/767/767
f 796/796/796 767/767/767 653/653/653
f 497/497/497 496/496/496 797/797/797
f 497/497/497 797/797/797 798/798/798
f 496/496/496 495/495/495 799/799/799
f 496/496/496 799/799/799 797/797/797
f 494/494/494 800/800/800 799/799/799
f 494/494/494 799/799/799 495/495/495
f 798/798/798 792/792/792 429/429/429
f 798/798/798 429/429/429 497/497/497
f 799/799/799 800/800/800 658/658/658
f 799/799/799 658/658/658 766/766/766
f 797/797/797 799/799/799 766/766/766
f 797/797/797 766/766/766 765/765/765
f 798/798/798 797/797/797 765/765/765
f 798/798/798 765/765/765 764/764/764
f 792/792/792 798/798/798 764/764/764
f 792/792/792 764/764/764 750/750/750
f 557/557/557 556/556/556 801/801/801
f 557/557/557 801/801/801 802/802/802
f 556/556/556 555/555/555 803/803/803
f 556/556/556 803/803/803 801/801/801
f 43/43/43 626/626/626 803/803/803
f 43/43/43 803/803/803 555/555/555
f 802/802/802 800/800/800 494/494/494
f 802/802/802 494/494/494 557/557/557
f 803/803/803 626/626/626 631/631/631
f 803/803/803 631/631/631 661/661/661
f 801/801/801 803/803/803 661/661/661
f 801/801/801 661/661/661 660/660/660
f 802/802/802 801/801/801 660/660/660
f 802/802/802 660/660/660 659/659/659
f 800/800/800 802/802/802 659/659/659
f 800/800/800 659/659/659 658/658/658
f 611/611/611 610/610/610 804/804/804
f 611/611/611 804/804/804 805/805/805
f 610/610/610 609/609/609 806/806/806
f 610/610/610 806/806/806 804/804/804
f 405/405/405 404/404/404 806/806/806
f 405/405/405 806/806/806 609/609/609
f 805/805/805 625/625/625 59/59/59
f 805/805/805 59/59/59 611/611/611
f 806/806/806 404/404/404 410/410/410
f 806/806/806 410/410/410 780/780/780
f 804/804/804 806/806/806 780/780/780
f 804/804/804 780/780/780 779/779/779
f 805/805/805 804/804/804 779/779/779
f 805/805/805 779/779/779 778/778/778
f 625/625/625 805/805/805 778/778/778
f 625/625/625 778/778/778 627/627/627
f 333/333/333 332/332/332 807/807/807
f 333/333/333 807/807/807 808/808/808
f 332/332/332 331/331/331 809/809/809
f 332/332/332 809/809/809 807/807/807
f 330/330/330 810/810/810 809/809/809
f 330/330/330 809/809/809 331/331/331
f 808/808/808 811/811/811 334/334/334
f 808/808/808 334/334/334 333/333/333
f 809/809/809 810/810/810 722/722/722
f 809/809/809 722/722/722 721/721/721
f 807/807/807 809/809/809 721/721/721
f 807/807/807 721/721/721 720/720/720
f 808/808/808 807/807/807 720/720/720
f 808/808/808 720/720/720 719/719/719
f 811/811/811 808/808/808 719/719/719
f 811/811/811 719/719/719 704/704/704
f 812/812/812 813/813/813 814/814/814
f 812/812/812 814/814/814 815/815/815
f 813/813/813 816/816/816 817/817/817
f 813/813/813 817/817/817 814/814/814
f 334/334/334 811/811/811 817/817/817
f 334/334/334 817/817/817 816/816/816
f 815/815/815 818/818/818 819/819/819
f 815/815/815 819/819/819 812/812/812
f 817/817/817 811/811/811 704/704/704
f 817/817/817 704/704/704 703/703/703
f 814/814/814 817/817/817 703/703/703
f 814/814/814 703/703/703 702/702/702
f 815/815/815 814/814/814 702/702/702
f 815/815/815 702/702/702 701/701/701
f 818/818/818 815/815/815 701/701/701
f 818/818/818 701/701/701 700/700/700
f 22/22/22 21/21/21 820/820/820
f 22/22/22 820/820/820 821/821/821
f 21/21/21 20/20/20 822/822/822
f 21/21/21 822/822/822 820/820/820
f 19/19/19 796/796/796 822/822/822
f 19/19/19 822/822/822 20/20/20
f 821/821/821 403/403/403 23/23/23
f 821/821/821 23/23/23 22/22/22
f 822/822/822 796/796/796 653/653/653
f 822/822/822 653/653/653 655/655/655
f 820/820/820 822/822/822 655/655/655
f 820/820/820 655/655/655 666/666/666
f 821/821/821 820/820/820 666/666/666
f 821/821/821 666/666/666 665/665/665
f 403/403/403 821/821/821 665/665/665
f 403/403/403 665/665/665 406/406/406
f 823/823/823 824/824/824 825/825/825
f 823/823/823 825/825/825 826/826/826
f 824/824/824 827/827/827 828/828/828
f 824/824/824 828/828/828 825/825/825
f 381/381/381 504/504/504 828/828/828
f 381/381/381 828/828/828 827/827/827
f 826/826/826 829/829/829 246/246/246
f 826/826/826 246/246/246 823/823/823
f 828/828/828 504/504/504 509/509/509
f 828/828/828 509/509/509 830/830/830
f 825/825/825 828/828/828 830/830/830
f 825/825/825 830/830/830 831/831/831
f 826/826/826 825/825/825 831/831/831
f 826/826/826 831/831/831 832/832/832
f 829/829/829 826/826/826 832/832/832
f 829/829/829 832/832/832 676/676/676
f 833/833/833 834/834/834 835/835/835
f 833/833/833 835/835/835 836/836/836
f 834/834/834 837/837/837 838/838/838
f 834/834/834 838/838/838 835/835/835
f 836/836/836 835/835/835 839/839/839
f 836/836/836 839/839/839 840/840/840
f 835/835/835 838/838/838 841/841/841
f 835/835/835 841/841/841 839/839/839
f 518/518/518 842/842/842 833/833/833
f 518/518/518 833/833/833 519/519/519
f 842/842/842 843/843/843 834/834/834
f 842/842/842 834/834/834 833/833/833
f 843/843/843 844/844/844 837/837/837
f 843/843/843 837/837/837 834/834/834
f 844/844/844 845/845/845 846/846/846
f 844/844/844 846/846/846 837/837/837
f 837/837/837 846/846/846 847/847/847
f 837/837/837 847/847/847 838/838/838
f 838/838/838 847/847/847 848/848/848
f 838/838/838 848/848/848 841/841/841
f 841/841/841 848/848/848 74/74/74
f 841/841/841 74/74/74 849/849/849
f 839/839/839 841/841/841 849/849/849
f 839/839/839 849/849/849 850/850/850
f 840/840/840 839/839/839 850/850/850
f 840/840/840 850/850/850 851/851/851
f 521/521/521 840/840/840 851/851/851
f 521/521/521 851/851/851 522/522/522
f 520/520/520 836/836/836 840/840/840
f 520/520/520 840/840/840 521/521/521
f 519/519/519 833/833/833 836/836/836
f 519/519/519 836/836/836 520/520/520
f 852/852/852 853/853/853 854/854/854
f 852/852/852 854/854/854 855/855/855
f 853/853/853 856/856/856 857/857/857
f 853/853/853 857/857/857 854/854/854
f 855/855/855 854/854/854 858/858/858
f 855/855/855 858/858/858 859/859/859
f 854/854/854 857/857/857 860/860/860
f 854/854/854 860/860/860 858/858/858
f 621/621/621 861/861/861 852/852/852
f 621/621/621 852/852/852 862/862/862
f 861/861/861 863/863/863 853/853/853
f 861/861/861 853/853/853 852/852/852
f 863/863/863 864/864/864 856/856/856
f 863/863/863 856/856/856 853/853/853
f 864/864/864 865/865/865 866/866/866
f 864/864/864 866/866/866 856/856/856
f 856/856/856 866/866/866 867/867/867
f 856/856/856 867/867/867 857/857/857
f 857/857/857 867/867/867 868/868/868
f 857/857/857 868/868/868 860/860/860
f 860/860/860 868/868/868 869/869/869
f 860/860/860 869/869/869 870/870/870
f 858/858/858 860/860/860 870/870/870
f 858/858/858 870/870/870 871/871/871
f 859/859/859 858/858/858 871/871/871
f 859/859/859 871/871/871 872/872/872
f 873/873/873 859/859/859 872/872/872
f 873/873/873 872/872/872 223/223/223
f 874/874/874 855/855/855 859/859/859
f 874/874/874 859/859/859 873/873/873
f 862/862/862 852/852/852 855/855/855
f 862/862/862 855/855/855 874/874/874
f 875/875/875 876/876/876 877/877/877
f 875/875/875 877/877/877 878/878/878
f 876/876/876 879/879/879 880/880/880
f 876/876/876 880/880/880 877/877/877
f 878/878/878 877/877/877 881/881/881
f 878/878/878 881/881/881 882/882/882
f 877/877/877 880/880/880 883/883/883
f 877/877/877 883/883/883 881/881/881
f 884/884/884 885/885/885 875/875/875
f 884/884/884 875/875/875 886/886/886
f 885/885/885 887/887/887 876/876/876
f 885/885/885 876/876/876 875/875/875
f 887/887/887 888/888/888 879/879/879
f 887/887/887 879/879/879 876/876/876
f 888/888/888 297/297/297 296/296/296
f 888/888/888 296/296/296 879/879/879
f 879/879/879 296/296/296 295/295/295
f 879/879/879 295/295/295 880/880/880
f 880/880/880 295/295/295 294/294/294
f 880/880/880 294/294/294 883/883/883
f 883/883/883 294/294/294 293/293/293
f 883/883/883 293/293/293 889/889/889
f 881/881/881 883/883/883 889/889/889
f 881/881/881 889/889/889 890/890/890
f 882/882/882 881/881/881 890/890/890
f 882/882/882 890/890/890 891/891/891
f 892/892/892 882/882/882 891/891/891
f 892/892/892 891/891/891 451/451/451
f 893/893/893 878/878/878 882/882/882
f 893/893/893 882/882/882 892/892/892
f 886/886/886 875/875/875 878/878/878
f 886/886/886 878/878/878 893/893/893
f 894/894/894 895/895/895 896/896/896
f 894/894/894 896/896/896 897/897/897
f 895/895/895 898/898/898 899/899/899
f 895/895/895 899/899/899 896/896/896
f 897/897/897 896/896/896 900/900/900
f 897/897/897 900/900/900 901/901/901
f 896/896/896 899/899/899 902/902/902
f 896/896/896 902/902/902 900/900/900
f 451/451/451 891/891/891 894/894/894
f 451/451/451 894/894/894 452/452/452
f 891/891/891 890/890/890 895/895/895
f 891/891/891 895/895/895 894/894/894
f 890/890/890 889/889/889 898/898/898
f 890/890/890 898/898/898 895/895/895
f 889/889/889 293/293/293 396/396/396
f 889/889/889 396/396/396 898/898/898
f 898/898/898 396/396/396 395/395/395
f 898/898/898 395/395/395 899/899/899
f 899/899/899 395/395/395 394/394/394
f 899/899/899 394/394/394 902/902/902
f 902/902/902 394/394/394 393/393/393
f 902/902/902 393/393/393 903/903/903
f 900/900/900 902/902/902 903/903/903
f 900/900/900 903/903/903 904/904/904
f 901/901/901 900/900/900 904/904/904
f 901/901/901 904/904/904 905/905/905
f 454/454/454 901/901/901 905/905/905
f 454/454/454 905/905/905 455/455/455
f 453/453/453 897/897/897 901/901/901
f 453/453/453 901/901/901 454/454/454
f 452/452/452 894/894/894 897/897/897
f 452/452/452 897/897/897 453/453/453
f 906/906/906 907/907/907 908/908/908
f 906/906/906 908/908/908 909/909/909
f 907/907/907 910/910/910 911/911/911
f 907/907/907 911/911/911 908/908/908
f 909/909/909 908/908/908 912/912/912
f 909/909/909 912/912/912 913/913/913
f 908/908/908 911/911/911 914/914/914
f 908/908/908 914/914/914 912/912/912
f 223/223/223 872/872/872 906/906/906
f 223/223/223 906/906/906 224/224/224
f 872/872/872 871/871/871 907/907/907
f 872/872/872 907/907/907 906/906/906
f 871/871/871 870/870/870 910/910/910
f 871/871/871 910/910/910 907/907/907
f 870/870/870 869/869/869 915/915/915
f 870/870/870 915/915/915 910/910/910
f 910/910/910 915/915/915 916/916/916
f 910/910/910 916/916/916 911/911/911
f 911/911/911 916/916/916 917/917/917
f 911/911/911 917/917/917 914/914/914
f 914/914/914 917/917/917 918/918/918
f 914/914/914 918/918/918 919/919/919
f 912/912/912 914/914/914 919/919/919
f 912/912/912 919/919/919 920/920/920
f 913/913/913 912/912/912 920/920/920
f 913/913/913 920/920/920 921/921/921
f 226/226/226 913/913/913 921/921/921
f 226/226/226 921/921/921 227/227/227
f 225/225/225 909/909/909 913/913/913
f 225/225/225 913/913/913 226/226/226
f 224/224/224 906/906/906 909/909/909
f 224/224/224 909/909/909 225/225/225
f 922/922/922 923/923/923 924/924/924
f 922/922/922 924/924/924 925/925/925
f 923/923/923 926/926/926 927/927/927
f 923/923/923 927/927/927 924/924/924
f 925/925/925 924/924/924 928/928/928
f 925/925/925 928/928/928 929/929/929
f 924/924/924 927/927/927 930/930/930
f 924/924/924 930/930/930 928/928/928
f 227/227/227 921/921/921 922/922/922
f 227/227/227 922/922/922 931/931/931
f 921/921/921 920/920/920 923/923/923
f 921/921/921 923/923/923 922/922/922
f 920/920/920 919/919/919 926/926/926
f 920/920/920 926/926/926 923/923/923
f 919/919/919 918/918/918 932/932/932
f 919/919/919 932/932/932 926/926/926
f 926/926/926 932/932/932 933/933/933
f 926/926/926 933/933/933 927/927/927
f 927/927/927 933/933/933 934/934/934
f 927/927/927 934/934/934 930/930/930
f 930/930/930 934/934/934 935/935/935
f 930/930/930 935/935/935 936/936/936
f 928/928/928 930/930/930 936/936/936
f 928/928/928 936/936/936 937/937/937
f 929/929/929 928/928/928 937/937/937
f 929/929/929 937/937/937 938/938/938
f 939/939/939 929/929/929 938/938/938
f 939/939/939 938/938/938 940/940/940
f 941/941/941 925/925/925 929/929/929
f 941/941/941 929/929/929 939/939/939
f 931/931/931 922/922/922 925/925/925
f 931/931/931 925/925/925 941/941/941
f 942/942/942 943/943/943 944/944/944
f 942/942/942 944/944/944 945/945/945
f 943/943/943 946/946/946 947/947/947
f 943/943/943 947/947/947 944/944/944
f 945/945/945 944/944/944 948/948/948
f 945/945/945 948/948/948 949/949/949
f 944/944/944 947/947/947 950/950/950
f 944/944/944 950/950/950 948/948/948
f 940/940/940 938/938/938 942/942/942
f 940/940/940 942/942/942 951/951/951
f 938/938/938 937/937/937 943/943/943
f 938/938/938 943/943/943 942/942/942
f 937/937/937 936/936/936 946/946/946
f 937/937/937 946/946/946 943/943/943
f 936/936/936 935/935/935 952/952/952
f 936/936/936 952/952/952 946/946/946
f 946/946/946 952/952/952 953/953/953
f 946/946/946 953/953/953 947/947/947
f 947/947/947 953/953/953 954/954/954
f 947/947/947 954/954/954 950/950/950
f 950/950/950 954/954/954 845/845/845
f 950/950/950 845/845/845 844/844/844
f 948/948/948 950/950/950 844/844/844
f 948/948/948 844/844/844 843/843/843
f 949/949/949 948/948/948 843/843/843
f 949/949/949 843/843/843 842/842/842
f 955/955/955 949/949/949 842/842/842
f 955/955/955 842/842/842 518/518/518
f 956/956/956 945/945/945 949/949/949
f 956/956/956 949/949/949 955/955/955
f 951/951/951 942/942/942 945/945/945
f 951/951/951 945/945/945 956/956/956
f 957/957/957 958/958/958 959/959/959
f 957/957/957 959/959/959 960/960/960
f 958/958/958 961/961/961 962/962/962
f 958/958/958 962/962/962 959/959/959
f 960/960/960 959/959/959 963/963/963
f 960/960/960 963/963/963 964/964/964
f 959/959/959 962/962/962 965/965/965
f 959/959/959 965/965/965 963/963/963
f 522/522/522 851/851/851 957/957/957
f 522/522/522 957/957/957 570/570/570
f 851/851/851 850/850/850 958/958/958
f 851/851/851 958/958/958 957/957/957
f 850/850/850 849/849/849 961/961/961
f 850/850/850 961/961/961 958/958/958
f 849/849/849 74/74/74 73/73/73
f 849/849/849 73/73/73 961/961/961
f 961/961/961 73/73/73 72/72/72
f 961/961/961 72/72/72 962/962/962
f 962/962/962 72/72/72 71/71/71
f 962/962/962 71/71/71 965/965/965
f 965/965/965 71/71/71 70/70/70
f 965/965/965 70/70/70 966/966/966
f 963/963/963 965/965/965 966/966/966
f 963/963/963 966/966/966 967/967/967
f 964/964/964 963/963/963 967/967/967
f 964/964/964 967/967/967 968/968/968
f 572/572/572 964/964/964 968/968/968
f 572/572/572 968/968/968 573/573/573
f 571/571/571 960/960/960 964/964/964
f 571/571/571 964/964/964 572/572/572
f 570/570/570 957/957/957 960/960/960
f 570/570/570 960/960/960 571/571/571
f 425/425/425 434/434/434 969/969/969
f 425/425/425 969/969/969 970/970/970
f 434/434/434 433/433/433 971/971/971
f 434/434/434 971/971/971 969/969/969
f 185/185/185 222/222/222 971/971/971
f 185/185/185 971/971/971 433/433/433
f 970/970/970 972/972/972 423/423/423
f 970/970/970 423/423/423 425/425/425
f 971/971/971 222/222/222 227/227/227
f 971/971/971 227/227/227 931/931/931
f 969/969/969 971/971/971 931/931/931
f 969/969/969 931/931/931 941/941/941
f 970/970/970 969/969/969 941/941/941
f 970/970/970 941/941/941 939/939/939
f 972/972/972 970/970/970 939/939/939
f 972/972/972 939/939/939 940/940/940
f 104/104/104 119/119/119 973/973/973
f 104/104/104 973/973/973 974/974/974
f 119/119/119 117/117/117 975/975/975
f 119/119/119 975/975/975 973/973/973
f 118/118/118 976/976/976 975/975/975
f 118/118/118 975/975/975 117/117/117
f 974/974/974 977/977/977 102/102/102
f 974/974/974 102/102/102 104/104/104
f 975/975/975 976/976/976 978/978/978
f 975/975/975 978/978/978 979/979/979
f 973/973/973 975/975/975 979/979/979
f 973/973/973 979/979/979 980/980/980
f 974/974/974 973/973/973 980/980/980
f 974/974/974 980/980/980 981/981/981
f 977/977/977 974/974/974 981/981/981
f 977/977/977 981/981/981 982/982/982
f 490/490/490 499/499/499 983/983/983
f 490/490/490 983/983/983 984/984/984
f 499/499/499 498/498/498 985/985/985
f 499/499/499 985/985/985 983/983/983
f 423/423/423 972/972/972 985/985/985
f 423/423/423 985/985/985 498/498/498
f 984/984/984 516/516/516 488/488/488
f 984/984/984 488/488/488 490/490/490
f 985/985/985 972/972/972 940/940/940
f 985/985/985 940/940/940 951/951/951
f 983/983/983 985/985/985 951/951/951
f 983/983/983 951/951/951 956/956/956
f 984/984/984 983/983/983 956/956/956
f 984/984/984 956/956/956 955/955/955
f 516/516/516 984/984/984 955/955/955
f 516/516/516 955/955/955 518/518/518
f 468/468/468 475/475/475 986/986/986
f 468/468/468 986/986/986 987/987/987
f 475/475/475 473/473/473 988/988/988
f 475/475/475 988/988/988 986/986/986
f 474/474/474 989/989/989 988/988/988
f 474/474/474 988/988/988 473/473/473
f 987/987/987 990/990/990 256/256/256
f 987/987/987 256/256/256 468/468/468
f 988/988/988 989/989/989 918/918/918
f 988/988/988 918/918/918 917/917/917
f 986/986/986 988/988/988 917/917/917
f 986/986/986 917/917/917 916/916/916
f 987/987/987 986/986/986 916/916/916
f 987/987/987 916/916/916 915/915/915
f 990/990/990 987/987/987 915/915/915
f 990/990/990 915/915/915 869/869/869
f 242/242/242 257/257/257 991/991/991
f 242/242/242 991/991/991 992/992/992
f 257/257/257 255/255/255 993/993/993
f 257/257/257 993/993/993 991/991/991
f 256/256/256 990/990/990 993/993/993
f 256/256/256 993/993/993 255/255/255
f 992/992/992 994/994/994 240/240/240
f 992/992/992 240/240/240 242/242/242
f 993/993/993 990/990/990 869/869/869
f 993/993/993 869/869/869 868/868/868
f 991/991/991 993/993/993 868/868/868
f 991/991/991 868/868/868 867/867/867
f 992/992/992 991/991/991 867/867/867
f 992/992/992 867/867/867 866/866/866
f 994/994/994 992/992/992 866/866/866
f 994/994/994 866/866/866 865/865/865
f 153/153/153 152/152/152 995/995/995
f 153/153/153 995/995/995 996/996/996
f 152/152/152 151/151/151 997/997/997
f 152/152/152 997/997/997 995/995/995
f 150/150/150 998/998/998 997/997/997
f 150/150/150 997/997/997 151/151/151
f 996/996/996 976/976/976 118/118/118
f 996/996/996 118/118/118 153/153/153
f 997/997/997 998/998/998 999/999/999
f 997/997/997 999/999/999 1000/1000/1000
f 995/995/995 997/997/997 1000/1000/1000
f 995/995/995 1000/1000/1000 1001/1001/1001
f 996/996/996 995/995/995 1001/1001/1001
f 996/996/996 1001/1001/1001 1002/1002/1002
f 976/976/976 996/996/996 1002/1002/1002
f 976/976/976 1002/1002/1002 978/978/978
f 535/535/535 542/542/542 1003/1003/1003
f 535/535/535 1003/1003/1003 1004/1004/1004
f 542/542/542 540/540/540 1005/1005/1005
f 542/542/542 1005/1005/1005 1003/1003/1003
f 541/541/541 1006/1006/1006 1005/1005/1005
f 541/541/541 1005/1005/1005 540/540/540
f 1004/1004/1004 989/989/989 474/474/474
f 1004/1004/1004 474/474/474 535/535/535
f 1005/1005/1005 1006/1006/1006 935/935/935
f 1005/1005/1005 935/935/935 934/934/934
f 1003/1003/1003 1005/1005/1005 934/934/934
f 1003/1003/1003 934/934/934 933/933/933
f 1004/1004/1004 1003/1003/1003 933/933/933
f 1004/1004/1004 933/933/933 932/932/932
f 989/989/989 1004/1004/1004 932/932/932
f 989/989/989 932/932/932 918/918/918
f 586/586/586 591/591/591 1007/1007/1007
f 586/586/586 1007/1007/1007 1008/1008/1008
f 591/591/591 590/590/590 1009/1009/1009
f 591/591/591 1009/1009/1009 1007/1007/1007
f 13/13/13 1010/1010/1010 1009/1009/1009
f 13/13/13 1009/1009/1009 590/590/590
f 1008/1008/1008 1006/1006/1006 541/541/541
f 1008/1008/1008 541/541/541 586/586/586
f 1009/1009/1009 1010/1010/1010 845/845/845
f 1009/1009/1009 845/845/845 954/954/954
f 1007/1007/1007 1009/1009/1009 954/954/954
f 1007/1007/1007 954/954/954 953/953/953
f 1008/1008/1008 1007/1007/1007 953/953/953
f 1008/1008/1008 953/953/953 952/952/952
f 1006/1006/1006 1008/1008/1008 952/952/952
f 1006/1006/1006 952/952/952 935/935/935
f 605/605/605 613/613/613 1011/1011/1011
f 605/605/605 1011/1011/1011 1012/1012/1012
f 613/613/613 612/612/612 1013/1013/1013
f 613/613/613 1013/1013/1013 1011/1011/1011
f 53/53/53 569/569/569 1013/1013/1013
f 53/53/53 1013/1013/1013 612/612/612
f 1012/1012/1012 68/68/68 67/67/67
f 1012/1012/1012 67/67/67 605/605/605
f 1013/1013/1013 569/569/569 573/573/573
f 1013/1013/1013 573/573/573 968/968/968
f 1011/1011/1011 1013/1013/1013 968/968/968
f 1011/1011/1011 968/968/968 967/967/967
f 1012/1012/1012 1011/1011/1011 967/967/967
f 1012/1012/1012 967/967/967 966/966/966
f 68/68/68 1012/1012/1012 966/966/966
f 68/68/68 966/966/966 70/70/70
f 15/15/15 30/30/30 1014/1014/1014
f 15/15/15 1014/1014/1014 1015/1015/1015
f 30/30/30 28/28/28 1016/1016/1016
f 30/30/30 1016/1016/1016 1014/1014/1014
f 29/29/29 69/69/69 1016/1016/1016
f 29/29/29 1016/1016/1016 28/28/28
f 1015/1015/1015 1010/1010/1010 13/13/13
f 1015/1015/1015 13/13/13 15/15/15
f 1016/1016/1016 69/69/69 74/74/74
f 1016/1016/1016 74/74/74 848/848/848
f 1014/1014/1014 1016/1016/1016 848/848/848
f 1014/1014/1014 848/848/848 847/847/847
f 1015/1015/1015 1014/1014/1014 847/847/847
f 1015/1015/1015 847/847/847 846/846/846
f 1010/1010/1010 1015/1015/1015 846/846/846
f 1010/1010/1010 846/846/846 845/845/845
f 1017/1017/1017 1018/1018/1018 1019/1019/1019
f 1017/1017/1017 1019/1019/1019 1020/1020/1020
f 1021/1021/1021 1022/1022/1022 1023/1023/1023
f 1021/1021/1021 1023/1023/1023 1024/1024/1024
f 1020/1020/1020 1019/1019/1019 1025/1025/1025
f 1020/1020/1020 1025/1025/1025 1026/1026/1026
f 1024/1024/1024 1023/1023/1023 1027/1027/1027
f 1024/1024/1024 1027/1027/1027 1028/1028/1028
f 118/118/118 116/116/116 1017/1017/1017
f 118/118/118 1017/1017/1017 154/154/154
f 116/116/116 115/115/115 1018/1018/1018
f 116/116/116 1018/1018/1018 1017/1017/1017
f 114/114/114 113/113/113 1022/1022/1022
f 114/114/114 1022/1022/1022 1021/1021/1021
f 113/113/113 112/112/112 131/131/131
f 113/113/113 131/131/131 1022/1022/1022
f 1022/1022/1022 131/131/131 130/130/130
f 1022/1022/1022 130/130/130 1023/1023/1023
f 1023/1023/1023 130/130/130 129/129/129
f 1023/1023/1023 129/129/129 1027/1027/1027
f 155/155/155 1020/1020/1020 1026/1026/1026
f 155/155/155 1026/1026/1026 156/156/156
f 154/154/154 1017/1017/1017 1020/1020/1020
f 154/154/154 1020/1020/1020 155/155/155
f 1029/1029/1029 1030/1030/1030 1031/1031/1031
f 1029/1029/1029 1031/1031/1031 1032/1032/1032
f 1030/1030/1030 1033/1033/1033 1034/1034/1034
f 1030/1030/1030 1034/1034/1034 1031/1031/1031
f 102/102/102 977/977/977 1034/1034/1034
f 102/102/102 1034/1034/1034 1033/1033/1033
f 1032/1032/1032 1035/1035/1035 1036/1036/1036
f 1032/1032/1032 1036/1036/1036 1029/1029/1029
f 1034/1034/1034 977/977/977 982/982/982
f 1034/1034/1034 982/982/982 1037/1037/1037
f 1031/1031/1031 1034/1034/1034 1037/1037/1037
f 1031/1031/1031 1037/1037/1037 1038/1038/1038
f 1032/1032/1032 1031/1031/1031 1038/1038/1038
f 1032/1032/1032 1038/1038/1038 1039/1039/1039
f 1035/1035/1035 1032/1032/1032 1039/1039/1039
f 1035/1035/1035 1039/1039/1039 884/884/884
f 1040/1040/1040 1041/1041/1041 1042/1042/1042
f 1040/1040/1040 1042/1042/1042 1043/1043/1043
f 1041/1041/1041 1044/1044/1044 1045/1045/1045
f 1041/1041/1041 1045/1045/1045 1042/1042/1042
f 1043/1043/1043 1042/1042/1042 1046/1046/1046
f 1043/1043/1043 1046/1046/1046 1047/1047/1047
f 1042/1042/1042 1045/1045/1045 1048/1048/1048
f 1042/1042/1042 1048/1048/1048 1046/1046/1046
f 978/978/978 1002/1002/1002 1040/1040/1040
f 978/978/978 1040/1040/1040 979/979/979
f 1002/1002/1002 1001/1001/1001 1041/1041/1041
f 1002/1002/1002 1041/1041/1041 1040/1040/1040
f 1001/1001/1001 1000/1000/1000 1044/1044/1044
f 1001/1001/1001 1044/1044/1044 1041/1041/1041
f 1000/1000/1000 999/999/999 1049/1049/1049
f 1000/1000/1000 1049/1049/1049 1044/1044/1044
f 1044/1044/1044 1049/1049/1049 1050/1050/1050
f 1044/1044/1044 1050/1050/1050 1045/1045/1045
f 1045/1045/1045 1050/1050/1050 1051/1051/1051
f 1045/1045/1045 1051/1051/1051 1048/1048/1048
f 1048/1048/1048 1051/1051/1051 1052/1052/1052
f 1048/1048/1048 1052/1052/1052 1053/1053/1053
f 1046/1046/1046 1048/1048/1048 1053/1053/1053
f 1046/1046/1046 1053/1053/1053 1054/1054/1054
f 1047/1047/1047 1046/1046/1046 1054/1054/1054
f 1047/1047/1047 1054/1054/1054 1055/1055/1055
f 981/981/981 1047/1047/1047 1055/1055/1055
f 981/981/981 1055/1055/1055 982/982/982
f 980/980/980 1043/1043/1043 1047/1047/1047
f 980/980/980 1047/1047/1047 981/981/981
f 979/979/979 1040/1040/1040 1043/1043/1043
f 979/979/979 1043/1043/1043 980/980/980
f 111/111/111 110/110/110 1056/1056/1056
f 111/111/111 1056/1056/1056 1057/1057/1057
f 110/110/110 109/109/109 1058/1058/1058
f 110/110/110 1058/1058/1058 1056/1056/1056
f 108/108/108 1059/1059/1059 1058/1058/1058
f 108/108/108 1058/1058/1058 109/109/109
f 1057/1057/1057 784/784/784 112/112/112
f 1057/1057/1057 112/112/112 111/111/111
f 1058/1058/1058 1059/1059/1059 1060/1060/1060
f 1058/1058/1058 1060/1060/1060 1061/1061/1061
f 1056/1056/1056 1058/1058/1058 1061/1061/1061
f 1056/1056/1056 1061/1061/1061 1062/1062/1062
f 1057/1057/1057 1056/1056/1056 1062/1062/1062
f 1057/1057/1057 1062/1062/1062 1063/1063/1063
f 784/784/784 1057/1057/1057 1063/1063/1063
f 784/784/784 1063/1063/1063 785/785/785
f 1064/1064/1064 1065/1065/1065 1066/1066/1066
f 1064/1064/1064 1066/1066/1066 1067/1067/1067
f 1065/1065/1065 1068/1068/1068 1069/1069/1069
f 1065/1065/1065 1069/1069/1069 1066/1066/1066
f 1067/1067/1067 1066/1066/1066 1070/1070/1070
f 1067/1067/1067 1070/1070/1070 1071/1071/1071
f 1066/1066/1066 1069/1069/1069 1072/1072/1072
f 1066/1066/1066 1072/1072/1072 1070/1070/1070
f 85/85/85 788/788/788 1064/1064/1064
f 85/85/85 1064/1064/1064 86/86/86
f 788/788/788 787/787/787 1065/1065/1065
f 788/788/788 1065/1065/1065 1064/1064/1064
f 787/787/787 786/786/786 1068/1068/1068
f 787/787/787 1068/1068/1068 1065/1065/1065
f 786/786/786 785/785/785 1063/1063/1063
f 786/786/786 1063/1063/1063 1068/1068/1068
f 1068/1068/1068 1063/1063/1063 1062/1062/1062
f 1068/1068/1068 1062/1062/1062 1069/1069/1069
f 1069/1069/1069 1062/1062/1062 1061/1061/1061
f 1069/1069/1069 1061/1061/1061 1072/1072/1072
f 1072/1072/1072 1061/1061/1061 1060/1060/1060
f 1072/1072/1072 1060/1060/1060 1073/1073/1073
f 1070/1070/1070 1072/1072/1072 1073/1073/1073
f 1070/1070/1070 1073/1073/1073 1074/1074/1074
f 1071/1071/1071 1070/1070/1070 1074/1074/1074
f 1071/1071/1071 1074/1074/1074 1075/1075/1075
f 88/88/88 1071/1071/1071 1075/1075/1075
f 88/88/88 1075/1075/1075 89/89/89
f 87/87/87 1067/1067/1067 1071/1071/1071
f 87/87/87 1071/1071/1071 88/88/88
f 86/86/86 1064/1064/1064 1067/1067/1067
f 86/86/86 1067/1067/1067 87/87/87
f 1076/1076/1076 1077/1077/1077 1078/1078/1078
f 1076/1076/1076 1078/1078/1078 1079/1079/1079
f 1077/1077/1077 1080/1080/1080 1081/1081/1081
f 1077/1077/1077 1081/1081/1081 1078/1078/1078
f 1082/1082/1082 1083/1083/1083 1081/1081/1081
f 1082/1082/1082 1081/1081/1081 1080/1080/1080
f 1079/1079/1079 998/998/998 150/150/150
f 1079/1079/1079 150/150/150 1076/1076/1076
f 1081/1081/1081 1083/1083/1083 1052/1052/1052
f 1081/1081/1081 1052/1052/1052 1051/1051/1051
f 1078/1078/1078 1081/1081/1081 1051/1051/1051
f 1078/1078/1078 1051/1051/1051 1050/1050/1050
f 1079/1079/1079 1078/1078/1078 1050/1050/1050
f 1079/1079/1079 1050/1050/1050 1049/1049/1049
f 998/998/998 1079/1079/1079 1049/1049/1049
f 998/998/998 1049/1049/1049 999/999/999
f 1084/1084/1084 1085/1085/1085 1086/1086/1086
f 1084/1084/1084 1086/1086/1086 1087/1087/1087
f 1088/1088/1088 1089/1089/1089 1090/1090/1090
f 1088/1088/1088 1090/1090/1090 1091/1091/1091
f 1087/1087/1087 1086/1086/1086 1092/1092/1092
f 1087/1087/1087 1092/1092/1092 1093/1093/1093
f 1091/1091/1091 1090/1090/1090 1094/1094/1094
f 1091/1091/1091 1094/1094/1094 1095/1095/1095
f 150/150/150 172/172/172 1084/1084/1084
f 150/150/150 1084/1084/1084 1076/1076/1076
f 172/172/172 171/171/171 1085/1085/1085
f 172/172/172 1085/1085/1085 1084/1084/1084
f 170/170/170 169/169/169 1089/1089/1089
f 170/170/170 1089/1089/1089 1088/1088/1088
f 169/169/169 81/81/81 79/79/79
f 169/169/169 79/79/79 1089/1089/1089
f 1089/1089/1089 79/79/79 76/76/76
f 1089/1089/1089 76/76/76 1090/1090/1090
f 1090/1090/1090 76/76/76 75/75/75
f 1090/1090/1090 75/75/75 1094/1094/1094
f 1094/1094/1094 75/75/75 84/84/84
f 1094/1094/1094 84/84/84 1096/1096/1096
f 1095/1095/1095 1094/1094/1094 1096/1096/1096
f 1095/1095/1095 1096/1096/1096 1097/1097/1097
f 1093/1093/1093 1092/1092/1092 1098/1098/1098
f 1093/1093/1093 1098/1098/1098 1099/1099/1099
f 1080/1080/1080 1093/1093/1093 1099/1099/1099
f 1080/1080/1080 1099/1099/1099 1082/1082/1082
f 1077/1077/1077 1087/1087/1087 1093/1093/1093
f 1077/1077/1077 1093/1093/1093 1080/1080/1080
f 1076/1076/1076 1084/1084/1084 1087/1087/1087
f 1076/1076/1076 1087/1087/1087 1077/1077/1077
f 1100/1100/1100 1101/1101/1101 1102/1102/1102
f 1100/1100/1100 1102/1102/1102 1103/1103/1103
f 1104/1104/1104 1105/1105/1105 1106/1106/1106
f 1104/1104/1104 1106/1106/1106 1107/1107/1107
f 1103/1103/1103 1102/1102/1102 1108/1108/1108
f 1103/1103/1103 1108/1108/1108 1109/1109/1109
f 1107/1107/1107 1106/1106/1106 1110/1110/1110
f 1107/1107/1107 1110/1110/1110 1111/1111/1111
f 1036/1036/1036 1112/1112/1112 1100/1100/1100
f 1036/1036/1036 1100/1100/1100 1029/1029/1029
f 1112/1112/1112 1113/1113/1113 1101/1101/1101
f 1112/1112/1112 1101/1101/1101 1100/1100/1100
f 1114/1114/1114 1115/1115/1115 1105/1105/1105
f 1114/1114/1114 1105/1105/1105 1104/1104/1104
f 1115/1115/1115 819/819/819 1116/1116/1116
f 1115/1115/1115 1116/1116/1116 1105/1105/1105
f 1105/1105/1105 1116/1116/1116 1117/1117/1117
f 1105/1105/1105 1117/1117/1117 1106/1106/1106
f 1106/1106/1106 1117/1117/1117 1118/1118/1118
f 1106/1106/1106 1118/1118/1118 1110/1110/1110
f 1110/1110/1110 1118/1118/1118 108/108/108
f 1110/1110/1110 108/108/108 107/107/107
f 1111/1111/1111 1110/1110/1110 107/107/107
f 1111/1111/1111 107/107/107 106/106/106
f 1109/1109/1109 1108/1108/1108 105/105/105
f 1109/1109/1109 105/105/105 103/103/103
f 1033/1033/1033 1109/1109/1109 103/103/103
f 1033/1033/1033 103/103/103 102/102/102
f 1030/1030/1030 1103/1103/1103 1109/1109/1109
f 1030/1030/1030 1109/1109/1109 1033/1033/1033
f 1029/1029/1029 1100/1100/1100 1103/1103/1103
f 1029/1029/1029 1103/1103/1103 1030/1030/1030
f 1119/1119/1119 1120/1120/1120 1121/1121/1121
f 1119/1119/1119 1121/1121/1121 1122/1122/1122
f 1120/1120/1120 1123/1123/1123 1124/1124/1124
f 1120/1120/1120 1124/1124/1124 1121/1121/1121
f 84/84/84 83/83/83 1124/1124/1124
f 84/84/84 1124/1124/1124 1123/1123/1123
f 1122/1122/1122 1125/1125/1125 276/276/276
f 1122/1122/1122 276/276/276 1119/1119/1119
f 1124/1124/1124 83/83/83 89/89/89
f 1124/1124/1124 89/89/89 1126/1126/1126
f 1121/1121/1121 1124/1124/1124 1126/1126/1126
f 1121/1121/1121 1126/1126/1126 1127/1127/1127
f 1122/1122/1122 1121/1121/1121 1127/1127/1127
f 1122/1122/1122 1127/1127/1127 1128/1128/1128
f 1125/1125/1125 1122/1122/1122 1128/1128/1128
f 1125/1125/1125 1128/1128/1128 695/695/695
f 1129/1129/1129 1130/1130/1130 1131/1131/1131
f 1129/1129/1129 1131/1131/1131 1132/1132/1132
f 1130/1130/1130 1133/1133/1133 1134/1134/1134
f 1130/1130/1130 1134/1134/1134 1131/1131/1131
f 240/240/240 994/994/994 1134/1134/1134
f 240/240/240 1134/1134/1134 1133/1133/1133
f 1132/1132/1132 392/392/392 387/387/387
f 1132/1132/1132 387/387/387 1129/1129/1129
f 1134/1134/1134 994/994/994 865/865/865
f 1134/1134/1134 865/865/865 1135/1135/1135
f 1131/1131/1131 1134/1134/1134 1135/1135/1135
f 1131/1131/1131 1135/1135/1135 1136/1136/1136
f 1132/1132/1132 1131/1131/1131 1136/1136/1136
f 1132/1132/1132 1136/1136/1136 1137/1137/1137
f 392/392/392 1132/1132/1132 1137/1137/1137
f 392/392/392 1137/1137/1137 393/393/393
f 1138/1138/1138 1139/1139/1139 1140/1140/1140
f 1138/1138/1138 1140/1140/1140 1141/1141/1141
f 1139/1139/1139 1142/1142/1142 1143/1143/1143
f 1139/1139/1139 1143/1143/1143 1140/1140/1140
f 1141/1141/1141 1140/1140/1140 1144/1144/1144
f 1141/1141/1141 1144/1144/1144 1145/1145/1145
f 1140/1140/1140 1143/1143/1143 1146/1146/1146
f 1140/1140/1140 1146/1146/1146 1144/1144/1144
f 455/455/455 905/905/905 1138/1138/1138
f 455/455/455 1138/1138/1138 618/618/618
f 905/905/905 904/904/904 1139/1139/1139
f 905/905/905 1139/1139/1139 1138/1138/1138
f 904/904/904 903/903/903 1142/1142/1142
f 904/904/904 1142/1142/1142 1139/1139/1139
f 903/903/903 393/393/393 1137/1137/1137
f 903/903/903 1137/1137/1137 1142/1142/1142
f 1142/1142/1142 1137/1137/1137 1136/1136/1136
f 1142/1142/1142 1136/1136/1136 1143/1143/1143
f 1143/1143/1143 1136/1136/1136 1135/1135/1135
f 1143/1143/1143 1135/1135/1135 1146/1146/1146
f 1146/1146/1146 1135/1135/1135 865/865/865
f 1146/1146/1146 865/865/865 864/864/864
f 1144/1144/1144 1146/1146/1146 864/864/864
f 1144/1144/1144 864/864/864 863/863/863
f 1145/1145/1145 1144/1144/1144 863/863/863
f 1145/1145/1145 863/863/863 861/861/861
f 620/620/620 1145/1145/1145 861/861/861
f 620/620/620 861/861/861 621/621/621
f 619/619/619 1141/1141/1141 1145/1145/1145
f 619/619/619 1145/1145/1145 620/620/620
f 618/618/618 1138/1138/1138 1141/1141/1141
f 618/618/618 1141/1141/1141 619/619/619
f 249/249/249 248/248/248 1147/1147/1147
f 249/249/249 1147/1147/1147 1148/1148/1148
f 248/248/248 247/247/247 1149/1149/1149
f 248/248/248 1149/1149/1149 1147/1147/1147
f 246/246/246 829/829/829 1149/1149/1149
f 246/246/246 1149/1149/1149 247/247/247
f 1148/1148/1148 441/441/441 250/250/250
f 1148/1148/1148 250/250/250 249/249/249
f 1149/1149/1149 829/829/829 676/676/676
f 1149/1149/1149 676/676/676 678/678/678
f 1147/1147/1147 1149/1149/1149 678/678/678
f 1147/1147/1147 678/678/678 685/685/685
f 1148/1148/1148 1147/1147/1147 685/685/685
f 1148/1148/1148 685/685/685 684/684/684
f 441/441/441 1148/1148/1148 684/684/684
f 441/441/441 684/684/684 442/442/442
f 1150/1150/1150 1151/1151/1151 1152/1152/1152
f 1150/1150/1150 1152/1152/1152 1153/1153/1153
f 1151/1151/1151 1154/1154/1154 1155/1155/1155
f 1151/1151/1151 1155/1155/1155 1152/1152/1152
f 1153/1153/1153 1152/1152/1152 1156/1156/1156
f 1153/1153/1153 1156/1156/1156 1157/1157/1157
f 1152/1152/1152 1155/1155/1155 1158/1158/1158
f 1152/1152/1152 1158/1158/1158 1156/1156/1156
f 509/509/509 725/725/725 1150/1150/1150
f 509/509/509 1150/1150/1150 830/830/830
f 725/725/725 724/724/724 1151/1151/1151
f 725/725/725 1151/1151/1151 1150/1150/1150
f 724/724/724 723/723/723 1154/1154/1154
f 724/724/724 1154/1154/1154 1151/1151/1151
f 723/723/723 722/722/722 1159/1159/1159
f 723/723/723 1159/1159/1159 1154/1154/1154
f 1154/1154/1154 1159/1159/1159 1160/1160/1160
f 1154/1154/1154 1160/1160/1160 1155/1155/1155
f 1155/1155/1155 1160/1160/1160 1161/1161/1161
f 1155/1155/1155 1161/1161/1161 1158/1158/1158
f 1158/1158/1158 1161/1161/1161 311/311/311
f 1158/1158/1158 311/311/311 680/680/680
f 1156/1156/1156 1158/1158/1158 680/680/680
f 1156/1156/1156 680/680/680 679/679/679
f 1157/1157/1157 1156/1156/1156 679/679/679
f 1157/1157/1157 679/679/679 677/677/677
f 832/832/832 1157/1157/1157 677/677/677
f 832/832/832 677/677/677 676/676/676
f 831/831/831 1153/1153/1153 1157/1157/1157
f 831/831/831 1157/1157/1157 832/832/832
f 830/830/830 1150/1150/1150 1153/1153/1153
f 830/830/830 1153/1153/1153 831/831/831
f 1162/1162/1162 1163/1163/1163 1164/1164/1164
f 1162/1162/1162 1164/1164/1164 1165/1165/1165
f 1163/1163/1163 1166/1166/1166 1167/1167/1167
f 1163/1163/1163 1167/1167/1167 1164/1164/1164
f 354/354/354 617/617/617 1167/1167/1167
f 354/354/354 1167/1167/1167 1166/1166/1166
f 1165/1165/1165 221/221/221 201/201/201
f 1165/1165/1165 201/201/201 1162/1162/1162
f 1167/1167/1167 617/617/617 621/621/621
f 1167/1167/1167 621/621/621 862/862/862
f 1164/1164/1164 1167/1167/1167 862/862/862
f 1164/1164/1164 862/862/862 874/874/874
f 1165/1165/1165 1164/1164/1164 874/874/874
f 1165/1165/1165 874/874/874 873/873/873
f 221/221/221 1165/1165/1165 873/873/873
f 221/221/221 873/873/873 223/223/223
f 1168/1168/1168 1169/1169/1169 1170/1170/1170
f 1168/1168/1168 1170/1170/1170 1171/1171/1171
f 1172/1172/1172 1173/1173/1173 1174/1174/1174
f 1172/1172/1172 1174/1174/1174 1175/1175/1175
f 1171/1171/1171 1170/1170/1170 1176/1176/1176
f 1171/1171/1171 1176/1176/1176 1177/1177/1177
f 1175/1175/1175 1174/1174/1174 1178/1178/1178
f 1175/1175/1175 1178/1178/1178 1179/1179/1179
f 201/201/201 199/199/199 1168/1168/1168
f 201/201/201 1168/1168/1168 1162/1162/1162
f 199/199/199 198/198/198 1169/1169/1169
f 199/199/199 1169/1169/1169 1168/1168/1168
f 197/197/197 196/196/196 1173/1173/1173
f 197/197/197 1173/1173/1173 1172/1172/1172
f 196/196/196 195/195/195 302/302/302
f 196/196/196 302/302/302 1173/1173/1173
f 1173/1173/1173 302/302/302 299/299/299
f 1173/1173/1173 299/299/299 1174/1174/1174
f 1174/1174/1174 299/299/299 298/298/298
f 1174/1174/1174 298/298/298 1178/1178/1178
f 1178/1178/1178 298/298/298 306/306/306
f 1178/1178/1178 306/306/306 359/359/359
f 1179/1179/1179 1178/1178/1178 359/359/359
f 1179/1179/1179 359/359/359 358/358/358
f 1177/1177/1177 1176/1176/1176 357/357/357
f 1177/1177/1177 357/357/357 355/355/355
f 1166/1166/1166 1177/1177/1177 355/355/355
f 1166/1166/1166 355/355/355 354/354/354
f 1163/1163/1163 1171/1171/1171 1177/1177/1177
f 1163/1163/1163 1177/1177/1177 1166/1166/1166
f 1162/1162/1162 1168/1168/1168 1171/1171/1171
f 1162/1162/1162 1171/1171/1171 1163/1163/1163
f 362/362/362 361/361/361 1180/1180/1180
f 362/362/362 1180/1180/1180 1181/1181/1181
f 361/361/361 360/360/360 1182/1182/1182
f 361/361/361 1182/1182/1182 1180/1180/1180
f 306/306/306 305/305/305 1182/1182/1182
f 306/306/306 1182/1182/1182 360/360/360
f 1181/1181/1181 810/810/810 330/330/330
f 1181/1181/1181 330/330/330 362/362/362
f 1182/1182/1182 305/305/305 311/311/311
f 1182/1182/1182 311/311/311 1161/1161/1161
f 1180/1180/1180 1182/1182/1182 1161/1161/1161
f 1180/1180/1180 1161/1161/1161 1160/1160/1160
f 1181/1181/1181 1180/1180/1180 1160/1160/1160
f 1181/1181/1181 1160/1160/1160 1159/1159/1159
f 810/810/810 1181/1181/1181 1159/1159/1159
f 810/810/810 1159/1159/1159 722/722/722
f 1183/1183/1183 1184/1184/1184 1185/1185/1185
f 1183/1183/1183 1185/1185/1185 1186/1186/1186
f 1187/1187/1187 1188/1188/1188 1189/1189/1189
f 1187/1187/1187 1189/1189/1189 1190/1190/1190
f 1186/1186/1186 1185/1185/1185 1191/1191/1191
f 1186/1186/1186 1191/1191/1191 1192/1192/1192
f 1190/1190/1190 1189/1189/1189 1193/1193/1193
f 1190/1190/1190 1193/1193/1193 1194/1194/1194
f 387/387/387 385/385/385 1183/1183/1183
f 387/387/387 1183/1183/1183 1129/1129/1129
f 385/385/385 384/384/384 1184/1184/1184
f 385/385/385 1184/1184/1184 1183/1183/1183
f 383/383/383 382/382/382 1188/1188/1188
f 383/383/383 1188/1188/1188 1187/1187/1187
f 382/382/382 381/381/381 827/827/827
f 382/382/382 827/827/827 1188/1188/1188
f 1188/1188/1188 827/827/827 824/824/824
f 1188/1188/1188 824/824/824 1189/1189/1189
f 1189/1189/1189 824/824/824 823/823/823
f 1189/1189/1189 823/823/823 1193/1193/1193
f 1193/1193/1193 823/823/823 246/246/246
f 1193/1193/1193 246/246/246 245/245/245
f 1194/1194/1194 1193/1193/1193 245/245/245
f 1194/1194/1194 245/245/245 244/244/244
f 1192/1192/1192 1191/1191/1191 243/243/243
f 1192/1192/1192 243/243/243 241/241/241
f 1133/1133/1133 1192/1192/1192 241/241/241
f 1133/1133/1133 241/241/241 240/240/240
f 1130/1130/1130 1186/1186/1186 1192/1192/1192
f 1130/1130/1130 1192/1192/1192 1133/1133/1133
f 1129/1129/1129 1183/1183/1183 1186/1186/1186
f 1129/1129/1129 1186/1186/1186 1130/1130/1130
f 279/279/279 278/278/278 1195/1195/1195
f 279/279/279 1195/1195/1195 1196/1196/1196
f 278/278/278 277/277/277 1197/1197/1197
f 278/278/278 1197/1197/1197 1195/1195/1195
f 276/276/276 1125/1125/1125 1197/1197/1197
f 276/276/276 1197/1197/1197 277/277/277
f 1196/1196/1196 503/503/503 280/280/280
f 1196/1196/1196 280/280/280 279/279/279
f 1197/1197/1197 1125/1125/1125 695/695/695
f 1197/1197/1197 695/695/695 697/697/697
f 1195/1195/1195 1197/1197/1197 697/697/697
f 1195/1195/1195 697/697/697 709/709/709
f 1196/1196/1196 1195/1195/1195 709/709/709
f 1196/1196/1196 709/709/709 708/708/708
f 503/503/503 1196/1196/1196 708/708/708
f 503/503/503 708/708/708 505/505/505
f 1198/1198/1198 1199/1199/1199 1200/1200/1200
f 1198/1198/1198 1200/1200/1200 1201/1201/1201
f 1202/1202/1202 1203/1203/1203 1204/1204/1204
f 1202/1202/1202 1204/1204/1204 1205/1205/1205
f 1201/1201/1201 1200/1200/1200 1206/1206/1206
f 1201/1201/1201 1206/1206/1206 1207/1207/1207
f 1205/1205/1205 1204/1204/1204 1208/1208/1208
f 1205/1205/1205 1208/1208/1208 1209/1209/1209
f 340/340/340 338/338/338 1198/1198/1198
f 340/340/340 1198/1198/1198 1210/1210/1210
f 338/338/338 337/337/337 1199/1199/1199
f 338/338/338 1199/1199/1199 1198/1198/1198
f 336/336/336 335/335/335 1203/1203/1203
f 336/336/336 1203/1203/1203 1202/1202/1202
f 335/335/335 334/334/334 816/816/816
f 335/335/335 816/816/816 1203/1203/1203
f 1203/1203/1203 816/816/816 813/813/813
f 1203/1203/1203 813/813/813 1204/1204/1204
f 1204/1204/1204 813/813/813 812/812/812
f 1204/1204/1204 812/812/812 1208/1208/1208
f 1208/1208/1208 812/812/812 819/819/819
f 1208/1208/1208 819/819/819 1115/1115/1115
f 1209/1209/1209 1208/1208/1208 1115/1115/1115
f 1209/1209/1209 1115/1115/1115 1114/1114/1114
f 1207/1207/1207 1206/1206/1206 1113/1113/1113
f 1207/1207/1207 1113/1113/1113 1112/1112/1112
f 1211/1211/1211 1207/1207/1207 1112/1112/1112
f 1211/1211/1211 1112/1112/1112 1036/1036/1036
f 1212/1212/1212 1201/1201/1201 1207/1207/1207
f 1212/1212/1212 1207/1207/1207 1211/1211/1211
f 1210/1210/1210 1198/1198/1198 1201/1201/1201
f 1210/1210/1210 1201/1201/1201 1212/1212/1212
f 1210/1210/1210 1212/1212/1212 1213/1213/1213
f 1210/1210/1210 1213/1213/1213 1214/1214/1214
f 1212/1212/1212 1211/1211/1211 1215/1215/1215
f 1212/1212/1212 1215/1215/1215 1213/1213/1213
f 1036/1036/1036 1035/1035/1035 1215/1215/1215
f 1036/1036/1036 1215/1215/1215 1211/1211/1211
f 1214/1214/1214 449/449/449 340/340/340
f 1214/1214/1214 340/340/340 1210/1210/1210
f 1215/1215/1215 1035/1035/1035 884/884/884
f 1215/1215/1215 884/884/884 886/886/886
f 1213/1213/1213 1215/1215/1215 886/886/886
f 1213/1213/1213 886/886/886 893/893/893
f 1214/1214/1214 1213/1213/1213 893/893/893
f 1214/1214/1214 893/893/893 892/892/892
f 449/449/449 1214/1214/1214 892/892/892
f 449/449/449 892/892/892 451/451/451
f 1216/1216/1216 1217/1217/1217 1218/1218/1218
f 1216/1216/1216 1218/1218/1218 1219/1219/1219
f 1217/1217/1217 1220/1220/1220 1221/1221/1221
f 1217/1217/1217 1221/1221/1221 1218/1218/1218
f 1219/1219/1219 1218/1218/1218 1222/1222/1222
f 1219/1219/1219 1222/1222/1222 1223/1223/1223
f 1218/1218/1218 1221/1221/1221 1224/1224/1224
f 1218/1218/1218 1224/1224/1224 1222/1222/1222
f 982/982/982 1055/1055/1055 1216/1216/1216
f 982/982/982 1216/1216/1216 1037/1037/1037
f 1055/1055/1055 1054/1054/1054 1217/1217/1217
f 1055/1055/1055 1217/1217/1217 1216/1216/1216
f 1054/1054/1054 1053/1053/1053 1220/1220/1220
f 1054/1054/1054 1220/1220/1220 1217/1217/1217
f 1053/1053/1053 1052/1052/1052 1225/1225/1225
f 1053/1053/1053 1225/1225/1225 1220/1220/1220
f 1220/1220/1220 1225/1225/1225 1226/1226/1226
f 1220/1220/1220 1226/1226/1226 1221/1221/1221
f 1221/1221/1221 1226/1226/1226 1227/1227/1227
f 1221/1221/1221 1227/1227/1227 1224/1224/1224
f 1224/1224/1224 1227/1227/1227 297/297/297
f 1224/1224/1224 297/297/297 888/888/888
f 1222/1222/1222 1224/1224/1224 888/888/888
f 1222/1222/1222 888/888/888 887/887/887
f 1223/1223/1223 1222/1222/1222 887/887/887
f 1223/1223/1223 887/887/887 885/885/885
f 1039/1039/1039 1223/1223/1223 885/885/885
f 1039/1039/1039 885/885/885 884/884/884
f 1038/1038/1038 1219/1219/1219 1223/1223/1223
f 1038/1038/1038 1223/1223/1223 1039/1039/1039
f 1037/1037/1037 1216/1216/1216 1219/1219/1219
f 1037/1037/1037 1219/1219/1219 1038/1038/1038
f 1118/1118/1118 1117/1117/1117 1228/1228/1228
f 1118/1118/1118 1228/1228/1228 1229/1229/1229
f 1117/1117/1117 1116/1116/1116 1230/1230/1230
f 1117/1117/1117 1230/1230/1230 1228/1228/1228
f 819/819/819 818/818/818 1230/1230/1230
f 819/819/819 1230/1230/1230 1116/1116/1116
f 1229/1229/1229 1059/1059/1059 108/108/108
f 1229/1229/1229 108/108/108 1118/1118/1118
f 1230/1230/1230 818/818/818 700/700/700
f 1230/1230/1230 700/700/700 1231/1231/1231
f 1228/1228/1228 1230/1230/1230 1231/1231/1231
f 1228/1228/1228 1231/1231/1231 1232/1232/1232
f 1229/1229/1229 1228/1228/1228 1232/1232/1232
f 1229/1229/1229 1232/1232/1232 1233/1233/1233
f 1059/1059/1059 1229/1229/1229 1233/1233/1233
f 1059/1059/1059 1233/1233/1233 1060/1060/1060
f 1234/1234/1234 1235/1235/1235 1236/1236/1236
f 1234/1234/1234 1236/1236/1236 1237/1237/1237
f 1235/1235/1235 1238/1238/1238 1239/1239/1239
f 1235/1235/1235 1239/1239/1239 1236/1236/1236
f 1237/1237/1237 1236/1236/1236 1240/1240/1240
f 1237/1237/1237 1240/1240/1240 1241/1241/1241
f 1236/1236/1236 1239/1239/1239 1242/1242/1242
f 1236/1236/1236 1242/1242/1242 1240/1240/1240
f 89/89/89 1075/1075/1075 1234/1234/1234
f 89/89/89 1234/1234/1234 1126/1126/1126
f 1075/1075/1075 1074/1074/1074 1235/1235/1235
f 1075/1075/1075 1235/1235/1235 1234/1234/1234
f 1074/1074/1074 1073/1073/1073 1238/1238/1238
f 1074/1074/1074 1238/1238/1238 1235/1235/1235
f 1073/1073/1073 1060/1060/1060 1233/1233/1233
f 1073/1073/1073 1233/1233/1233 1238/1238/1238
f 1238/1238/1238 1233/1233/1233 1232/1232/1232
f 1238/1238/1238 1232/1232/1232 1239/1239/1239
f 1239/1239/1239 1232/1232/1232 1231/1231/1231
f 1239/1239/1239 1231/1231/1231 1242/1242/1242
f 1242/1242/1242 1231/1231/1231 700/700/700
f 1242/1242/1242 700/700/700 699/699/699
f 1240/1240/1240 1242/1242/1242 699/699/699
f 1240/1240/1240 699/699/699 698/698/698
f 1241/1241/1241 1240/1240/1240 698/698/698
f 1241/1241/1241 698/698/698 696/696/696
f 1128/1128/1128 1241/1241/1241 696/696/696
f 1128/1128/1128 696/696/696 695/695/695
f 1127/1127/1127 1237/1237/1237 1241/1241/1241
f 1127/1127/1127 1241/1241/1241 1128/1128/1128
f 1126/1126/1126 1234/1234/1234 1237/1237/1237
f 1126/1126/1126 1237/1237/1237 1127/1127/1127
f 1243/1243/1243 1244/1244/1244 1245/1245/1245
f 1243/1243/1243 1245/1245/1245 1246/1246/1246
f 1244/1244/1244 1247/1247/1247 1248/1248/1248
f 1244/1244/1244 1248/1248/1248 1245/1245/1245
f 270/270/270 292/292/292 1248/1248/1248
f 270/270/270 1248/1248/1248 1247/1247/1247
f 1246/1246/1246 1083/1083/1083 1082/1082/1082
f 1246/1246/1246 1082/1082/1082 1243/1243/1243
f 1248/1248/1248 292/292/292 297/297/297
f 1248/1248/1248 297/297/297 1227/1227/1227
f 1245/1245/1245 1248/1248/1248 1227/1227/1227
f 1245/1245/1245 1227/1227/1227 1226/1226/1226
f 1246/1246/1246 1245/1245/1245 1226/1226/1226
f 1246/1246/1246 1226/1226/1226 1225/1225/1225
f 1083/1083/1083 1246/1246/1246 1225/1225/1225
f 1083/1083/1083 1225/1225/1225 1052/1052/1052
f 1249/1249/1249 1250/1250/1250 1251/1251/1251
f 1249/1249/1249 1251/1251/1251 1252/1252/1252
f 1253/1253/1253 1254/1254/1254 1255/1255/1255
f 1253/1253/1253 1255/1255/1255 1256/1256/1256
f 1252/1252/1252 1251/1251/1251 1257/1257/1257
f 1252/1252/1252 1257/1257/1257 1258/1258/1258
f 1256/1256/1256 1255/1255/1255 1259/1259/1259
f 1256/1256/1256 1259/1259/1259 1260/1260/1260
f 1082/1082/1082 1099/1099/1099 1249/1249/1249
f 1082/1082/1082 1249/1249/1249 1243/1243/1243
f 1099/1099/1099 1098/1098/1098 1250/1250/1250
f 1099/1099/1099 1250/1250/1250 1249/1249/1249
f 1097/1097/1097 1096/1096/1096 1254/1254/1254
f 1097/1097/1097 1254/1254/1254 1253/1253/1253
f 1096/1096/1096 84/84/84 1123/1123/1123
f 1096/1096/1096 1123/1123/1123 1254/1254/1254
f 1254/1254/1254 1123/1123/1123 1120/1120/1120
f 1254/1254/1254 1120/1120/1120 1255/1255/1255
f 1255/1255/1255 1120/1120/1120 1119/1119/1119
f 1255/1255/1255 1119/1119/1119 1259/1259/1259
f 1259/1259/1259 1119/1119/1119 276/276/276
f 1259/1259/1259 276/276/276 275/275/275
f 1260/1260/1260 1259/1259/1259 275/275/275
f 1260/1260/1260 275/275/275 274/274/274
f 1258/1258/1258 1257/1257/1257 273/273/273
f 1258/1258/1258 273/273/273 271/271/271
f 1247/1247/1247 1258/1258/1258 271/271/271
f 1247/1247/1247 271/271/271 270/270/270
f 1244/1244/1244 1252/1252/1252 1258/1258/1258
f 1244/1244/1244 1258/1258/1258 1247/1247/1247
f 1243/1243/1243 1249/1249/1249 1252/1252/1252
f 1243/1243/1243 1252/1252/1252 1244/1244/1244
# Vertices: 1260, normals: 1260, texture coordinates: 1260, faces: 2304

o obj2
v 0.10176826 0.29885665 0.0140743
v 0.10104154 0.2988731 0.01427803
v 0.10358311 0.3099145 0.0142779
v 0.10408325 0.30978337 0.01408204
v 0.10104154 0.2988731 0.01427803
v 0.10176826 0.29885665 0.01448164
v 0.10408325 0.30978337 0.01447388
v 0.10358311 0.3099145 0.0142779
v 0.1059732 0.31913152 0.0142779
v 0.10622266 0.31870213 0.0140992
v 0.10622264 0.31870213 0.01445659
v 0.1059732 0.31913152 0.0142779
v 0.10237721 0.28687492 0.01390348
v 0.09962031 0.28687492 0.01407323
v 0.10395542 0.29884043 0.0139055
v 0.09870133 0.28687468 0.01427792
v 0.09870133 0.28687468 0.01427792
v 0.0996203 0.28687468 0.01448272
v 0.10237721 0.28687492 0.01465247
v 0.10395542 0.29884043 0.01465044
v 0.10564008 0.309652 0.01463636
v 0.10712785 0.31821147 0.01460179
v 0.10813574 0.32334819 0.01455887
v 0.10801187 0.32512155 0.01444455
v 0.10797679 0.32601252 0.01427789
v 0.10797679 0.32601252 0.01427789
v 0.10801189 0.32512179 0.01411136
v 0.10712785 0.31821123 0.01395412
v 0.10813574 0.32334819 0.01399704
v 0.10564008 0.309652 0.01391956
v 0.1094536 0.32891622 0.01410039
v 0.10947911 0.33020106 0.01427801
v 0.110728 0.33160368 0.01427789
v 0.1107704 0.33020106 0.01409085
v 0.10947911 0.33020106 0.01427801
v 0.1094536 0.32891622 0.01445551
v 0.1107704 0.33020106 0.01446505
v 0.110728 0.33160368 0.01427789
v 0.11206168 0.33020106 0.01427789
v 0.11216491 0.32891622 0.01410039
v 0.1121649 0.32891622 0.01445551
v 0.11206168 0.33020106 0.01427789
v 0.1093058 0.32512179 0.01395615
v 0.10930578 0.32512179 0.01459976
v 0.11089711 0.32601252 0.01462038
v 0.11254227 0.32512155 0.01459976
v 0.11381963 0.32334819 0.01455887
v 0.11383621 0.32512155 0.01444455
v 0.11381738 0.32601252 0.01427789
v 0.11381738 0.32601252 0.01427789
v 0.11383621 0.32512179 0.01411136
v 0.11254229 0.32512155 0.01395615
v 0.11381963 0.32334819 0.01399704
v 0.11089711 0.32601252 0.01393552
v 0.11890468 0.27474251 0.01475774
v 0.11263432 0.27474251 0.01479291
v 0.11309408 0.26276436 0.01479291
v 0.12007312 0.26276413 0.01475775
v 0.10636395 0.27474251 0.01475774
v 0.10611507 0.26276413 0.01475775
v 0.11352684 0.2510933 0.01479292
v 0.1210299 0.2510933 0.01475775
v 0.1060238 0.2510933 0.01475775
v 0.12198181 0.28687492 0.01465247
v 0.11754014 0.28687468 0.01475773
v 0.1241001 0.27474251 0.01465248
v 0.11217949 0.28687492 0.0147929
v 0.10681885 0.28687468 0.01475773
v 0.10116851 0.27474251 0.01465248
v 0.10033245 0.26276413 0.01465249
v 0.09980699 0.2510933 0.01465249
v 0.09953019 0.23988333 0.0146525
v 0.10604177 0.23988333 0.01475776
v 0.1139006 0.23988357 0.01479293
v 0.12175938 0.23988333 0.01475776
v 0.12724668 0.2510933 0.01465249
v 0.12827097 0.23988333 0.0146525
v 0.12585573 0.26276413 0.01465249
v 0.10636397 0.27474251 0.01379822
v 0.11263432 0.27474251 0.01376306
v 0.11309409 0.26276436 0.01376306
v 0.10611507 0.26276413 0.01379823
v 0.11890467 0.27474251 0.01379822
v 0.12007311 0.26276413 0.01379823
v 0.11352684 0.2510933 0.01376307
v 0.10602382 0.2510933 0.01379824
v 0.12102988 0.2510933 0.01379824
v 0.10681885 0.28687468 0.01379822
v 0.1011685 0.27474251 0.01390349
v 0.11217949 0.28687492 0.01376305
v 0.11754015 0.28687468 0.01379822
v 0.12198181 0.28687492 0.01390348
v 0.12410009 0.27474251 0.01390349
v 0.12585574 0.26276413 0.01390349
v 0.12724668 0.2510933 0.0139035
v 0.12827097 0.23988333 0.01390351
v 0.1217594 0.23988333 0.01379825
v 0.1139006 0.23988357 0.01376308
v 0.10604177 0.23988333 0.01379825
v 0.09980699 0.2510933 0.0139035
v 0.09953019 0.23988333 0.01390351
v 0.10033245 0.26276413 0.01390349
v 0.12732485 0.27474251 0.01407324
v 0.12839976 0.27474251 0.01427792
v 0.13064136 0.26276436 0.01427793
v 0.12944493 0.26276413 0.01407325
v 0.12839976 0.27474251 0.01427792
v 0.12732485 0.27474251 0.01448272
v 0.12944494 0.26276413 0.01448273
v 0.13064136 0.26276436 0.01427793
v 0.13239163 0.2510933 0.01427794
v 0.13110542 0.2510933 0.01407325
v 0.13110541 0.2510933 0.01448274
v 0.13239163 0.2510933 0.01427794
v 0.12473871 0.28687468 0.01407323
v 0.12565768 0.28687492 0.01427792
v 0.12565768 0.28687492 0.01427792
v 0.12473872 0.28687468 0.01448272
v 0.13231266 0.23988333 0.01448274
v 0.1336599 0.23988357 0.01427794
v 0.1336599 0.23988357 0.01427794
v 0.13231264 0.23988333 0.01407326
v 0.09566039 0.2092227 0.01407328
v 0.09426612 0.2092227 0.01427796
v 0.09396867 0.21906653 0.01427796
v 0.09536529 0.21906653 0.01407327
v 0.09426612 0.2092227 0.01427796
v 0.0956604 0.2092227 0.01448276
v 0.09536527 0.21906653 0.01448276
v 0.09396867 0.21906653 0.01427796
v 0.0939201 0.22923914 0.01427795
v 0.09530261 0.22923914 0.01407327
v 0.0953026 0.22923914 0.01448275
v 0.0939201 0.22923914 0.01427795
v 0.10031289 0.19956389 0.01390353
v 0.09617175 0.19956389 0.01407329
v 0.09984319 0.2092227 0.01390353
v 0.09479137 0.19956389 0.01427797
v 0.09479137 0.19956389 0.01427797
v 0.09617174 0.19956389 0.01448277
v 0.10031289 0.19956389 0.01465252
v 0.09984319 0.2092227 0.01465252
v 0.09955503 0.21906653 0.01465251
v 0.09945013 0.22923914 0.01465251
v 0.09548852 0.23988333 0.01448274
v 0.0941413 0.23988357 0.01427794
v 0.0941413 0.23988357 0.01427794
v 0.0954885 0.23988333 0.01407326
v 0.09945013 0.22923914 0.01390351
v 0.09955505 0.21906653 0.01390352
v 0.11601689 0.31870213 0.0140992
v 0.11624037 0.31913152 0.0142779
v 0.11920959 0.30991474 0.0142779
v 0.11871742 0.30978337 0.01408204
v 0.11624037 0.31913152 0.0142779
v 0.11601689 0.31870213 0.01445671
v 0.11871742 0.30978337 0.01447388
v 0.11920959 0.30991474 0.0142779
v 0.12247767 0.2988731 0.01427791
v 0.12175193 0.29885665 0.0140743
v 0.12175195 0.29885665 0.01448164
v 0.12247767 0.2988731 0.01427791
v 0.11514139 0.31821147 0.01395412
v 0.11514139 0.31821147 0.01460179
v 0.11716852 0.309652 0.01463636
v 0.11956577 0.29884043 0.01465044
v 0.11956578 0.29884043 0.0139055
v 0.11716852 0.309652 0.01391956
v 0.10887299 0.31870213 0.01386591
v 0.11110678 0.31913152 0.01383611
v 0.11139634 0.30991474 0.01378473
v 0.10822994 0.30978337 0.01381847
v 0.11336654 0.31870213 0.01386591
v 0.11457075 0.30978337 0.01381847
v 0.11175962 0.2988731 0.01376578
v 0.10748936 0.29885665 0.01380071
v 0.11603081 0.29885665 0.01380071
v 0.11336654 0.31870213 0.01469
v 0.1111068 0.31913152 0.0147198
v 0.11139634 0.30991474 0.01477119
v 0.11457074 0.30978337 0.01473745
v 0.10887298 0.31870213 0.01469
v 0.10822992 0.30978337 0.01473745
v 0.11175959 0.2988731 0.01479015
v 0.11603083 0.29885665 0.01475522
v 0.10748936 0.29885665 0.01475522
v 0.09594828 0.2510933 0.01407325
v 0.09466206 0.2510933 0.01427794
v 0.09554681 0.26276413 0.01427793
v 0.09674323 0.26276413 0.01407325
v 0.09466206 0.2510933 0.01427794
v 0.09594829 0.2510933 0.01448274
v 0.09674324 0.26276413 0.01448273
v 0.09554681 0.26276413 0.01427793
v 0.09686883 0.27474275 0.01427792
v 0.09794377 0.27474251 0.01407324
v 0.09794377 0.27474251 0.01448272
v 0.09686883 0.27474275 0.01427792
v 0.13048768 0.16757408 0.01465254
v 0.12423947 0.16757408 0.0147578
v 0.12441453 0.16379777 0.01476913
v 0.13061008 0.16379681 0.01466125
v 0.11669849 0.16757408 0.01479297
v 0.11692926 0.16379848 0.01480513
v 0.10915752 0.16757408 0.0147578
v 0.10944399 0.16379777 0.01476913
v 0.1029093 0.16757408 0.01465254
v 0.10324846 0.16379681 0.01466125
v 0.1029093 0.16757408 0.01390355
v 0.10915752 0.16757408 0.01379829
v 0.10944398 0.16379777 0.01378399
v 0.10324846 0.16379681 0.01389259
v 0.11669847 0.16757408 0.01376312
v 0.11692926 0.16379848 0.01374763
v 0.12423944 0.16757408 0.01379829
v 0.12441455 0.16379777 0.01378399
v 0.13048768 0.16757408 0.01390355
v 0.13061006 0.16379681 0.01389259
v 0.13436589 0.16757408 0.0140733
v 0.13444431 0.1637961 0.01406723
v 0.13565864 0.16757408 0.01427799
v 0.13571814 0.16379586 0.01427763
v 0.13565864 0.16757408 0.01427799
v 0.1343659 0.16757408 0.01448279
v 0.13444431 0.1637961 0.01448756
v 0.13571814 0.16379586 0.01427763
v 0.13309132 0.22923914 0.01407327
v 0.1344738 0.22923914 0.01427795
v 0.13493532 0.21906653 0.01427796
v 0.13353877 0.21906653 0.01407327
v 0.1344738 0.22923914 0.01427795
v 0.13309133 0.22923914 0.01448275
v 0.13353875 0.21906653 0.01448276
v 0.13493532 0.21906653 0.01427796
v 0.13516478 0.2092227 0.01427796
v 0.13377053 0.2092227 0.01407328
v 0.13377053 0.2092227 0.01448276
v 0.13516478 0.2092227 0.01427796
v 0.12894377 0.22923914 0.01390351
v 0.12894377 0.22923914 0.01465251
v 0.12934896 0.21906653 0.01465251
v 0.12958768 0.2092227 0.01465252
v 0.12976098 0.19956389 0.01465252
v 0.13390212 0.19956389 0.01448277
v 0.13528252 0.19956389 0.01427797
v 0.13528252 0.19956389 0.01427797
v 0.1339021 0.19956389 0.01407329
v 0.12958768 0.2092227 0.01390353
v 0.12976098 0.19956389 0.01390353
v 0.12934898 0.21906653 0.01390352
v 0.1061323 0.22923914 0.01379825
v 0.11419694 0.22923914 0.01376309
v 0.11445202 0.21906653 0.01376309
v 0.10630521 0.21906653 0.01379826
v 0.12226163 0.22923914 0.01379825
v 0.12259878 0.21906653 0.01379826
v 0.11471544 0.2092227 0.0137631
v 0.10658218 0.2092227 0.01379826
v 0.1228487 0.2092227 0.01379826
v 0.12308913 0.19956389 0.01379827
v 0.11503695 0.19956389 0.0137631
v 0.10698473 0.19956389 0.01379827
v 0.12226161 0.22923914 0.01475777
v 0.11419696 0.22923914 0.01479293
v 0.114452 0.21906653 0.01479294
v 0.1225988 0.21906653 0.01475777
v 0.1061323 0.22923914 0.01475777
v 0.10630523 0.21906653 0.01475777
v 0.11471544 0.2092227 0.01479295
v 0.12284869 0.2092227 0.01475778
v 0.10658219 0.2092227 0.01475778
v 0.10698473 0.19956389 0.01475779
v 0.11503693 0.19956389 0.01479295
v 0.12308913 0.19956389 0.01475779
v 0.09840915 0.17349735 0.0140733
v 0.09709704 0.17349735 0.01427798
v 0.09631486 0.18118659 0.01427798
v 0.09765041 0.18118659 0.0140733
v 0.09709704 0.17349735 0.01427798
v 0.09840915 0.17349735 0.01448278
v 0.09765042 0.18118659 0.01448278
v 0.09631486 0.18118659 0.01427798
v 0.09550767 0.19006696 0.01427797
v 0.09686717 0.19006696 0.01407329
v 0.09686717 0.19006696 0.01448277
v 0.09550767 0.19006696 0.01427797
v 0.09903108 0.16757408 0.0140733
v 0.10234541 0.17349735 0.01390355
v 0.09773834 0.16757408 0.01427799
v 0.09773834 0.16757408 0.01427799
v 0.09903109 0.16757408 0.01448279
v 0.10234541 0.17349735 0.01465254
v 0.10165708 0.18118659 0.01465253
v 0.10094579 0.19006696 0.01465253
v 0.10094579 0.19006696 0.01390354
v 0.10165708 0.18118659 0.01390354
v 0.09941421 0.1637961 0.01448756
v 0.09814037 0.16379586 0.01427763
v 0.09941421 0.1637961 0.01406723
v 0.09814037 0.16379586 0.01427763
v 0.13402773 0.19006696 0.01407329
v 0.13538729 0.19006696 0.01427797
v 0.13549121 0.18118659 0.01427798
v 0.13415566 0.18118659 0.0140733
v 0.13538729 0.19006696 0.01427797
v 0.13402775 0.19006696 0.01448277
v 0.13415566 0.18118659 0.01448278
v 0.13549121 0.18118659 0.01427798
v 0.13558482 0.17349735 0.01427798
v 0.13427274 0.17349735 0.0140733
v 0.13427274 0.17349735 0.01448278
v 0.13558482 0.17349735 0.01427798
v 0.12994914 0.19006696 0.01390354
v 0.12994912 0.19006696 0.01465253
v 0.13014898 0.18118659 0.01465253
v 0.13033649 0.17349735 0.01465254
v 0.13033649 0.17349735 0.01390355
v 0.13014896 0.18118659 0.01390354
v 0.10751686 0.19006696 0.01379828
v 0.11544749 0.19006696 0.01376311
v 0.11590303 0.18118659 0.01376311
v 0.10811228 0.18118659 0.01379828
v 0.12337808 0.19006696 0.01379828
v 0.12369379 0.18118659 0.01379828
v 0.11634095 0.17349735 0.01376312
v 0.10868712 0.17349735 0.01379828
v 0.12399477 0.17349735 0.01379828
v 0.12337808 0.19006696 0.01475779
v 0.11544749 0.19006696 0.01479296
v 0.11590302 0.18118659 0.01479296
v 0.12369381 0.18118659 0.0147578
v 0.10751686 0.19006696 0.01475779
v 0.10811229 0.18118659 0.0147578
v 0.11634094 0.17349735 0.01479297
v 0.12399478 0.17349735 0.0147578
v 0.10868712 0.17349735 0.0147578
vn -0.17737 0.03576 -0.98349
vn -0.97968 0.20059 -8E-05
vn -0.97258 0.23255 -0.00014
vn -0.22509 0.05243 -0.97293
vn -0.97967 0.20059 0.0001
vn -0.17743 0.03578 0.98348
vn -0.22494 0.05249 0.97296
vn -0.9726 0.23247 4E-05
vn -0.9633 0.26843 -0.00013
vn -0.27669 0.07235 -0.95823
vn -0.27673 0.07236 0.95822
vn -0.96331 0.26841 -1E-05
vn -0.04367 0.0055 -0.99903
vn -0.14356 0.02341 -0.98937
vn -0.05368 0.00895 -0.99852
vn -0.98657 0.16334 -3E-05
vn -0.98657 0.16334 -3E-05
vn -0.14377 0.02345 0.98933
vn -0.04354 0.00548 0.99904
vn -0.05439 0.00905 0.99848
vn -0.07052 0.01479 0.9974
vn -0.09169 0.02339 0.99551
vn -0.10954 0.03254 0.99345
vn -0.29497 0.09214 0.95105
vn -0.94248 0.33425 6E-05
vn -0.94245 0.33434 -0.00013
vn -0.29487 0.09211 -0.95109
vn -0.09164 0.02337 -0.99552
vn -0.10947 0.03253 -0.99346
vn -0.07109 0.01474 -0.99736
vn -0.21402 0.09774 -0.97193
vn -0.7924 0.61001 1E-05
vn -0.01942 0.99981 7E-05
vn 0.00041 0.11206 -0.9937
vn -0.7924 0.61001 6E-05
vn -0.21404 0.09772 0.97192
vn 0.00049 0.11209 0.9937
vn -0.01945 0.99981 -0.00013
vn 0.76788 0.6406 -7E-05
vn 0.21329 0.11007 -0.97077
vn 0.2134 0.11012 0.97074
vn 0.7679 0.64057 -3E-05
vn -0.06655 0.03192 -0.99727
vn -0.06653 0.03191 0.99727
vn 8E-05 0.03071 0.99953
vn 0.06653 0.03585 0.99714
vn 0.10927 0.0391 0.99324
vn 0.29388 0.10968 0.94953
vn 0.9235 0.3836 -1E-05
vn 0.9235 0.38359 -0.00017
vn 0.29376 0.10963 -0.94957
vn 0.06657 0.03587 -0.99714
vn 0.10925 0.03909 -0.99325
vn 0.00035 0.03068 -0.99953
vn 0.01311 0.00159 0.99991
vn 0.00011 0.00014 1
vn 8E-05 9E-05 1
vn 0.01176 0.0012 0.99993
vn -0.01289 0.00048 0.99992
vn -0.01159 0.00023 0.99993
vn 6E-05 6E-05 1
vn 0.01092 0.0009 0.99994
vn -0.01079 7E-05 0.99994
vn 0.04295 0.00862 0.99904
vn 0.01537 0.00224 0.99988
vn 0.03672 0.00622 0.99931
vn 0.00016 0.00032 1
vn -0.01536 0.00109 0.99988
vn -0.03683 0.0033 0.99932
vn -0.0328 0.00195 0.99946
vn -0.03051 0.0011 0.99953
vn -0.02913 0.00048 0.99958
vn -0.01031 -3E-05 0.99995
vn 4E-05 4E-05 1
vn 0.0104 0.00065 0.99995
vn 0.03065 0.00339 0.99952
vn 0.02925 0.00237 0.99957
vn 0.03297 0.00461 0.99945
vn -0.01312 0.00058 -0.99991
vn -0.00011 0.00012 -1
vn -7E-05 8E-05 -1
vn -0.01175 0.0003 -0.99993
vn 0.01289 0.00145 -0.99992
vn 0.0116 0.00111 -0.99993
vn -4E-05 5E-05 -1
vn -0.0109 0.00012 -0.99994
vn 0.01081 0.00084 -0.99994
vn -0.01538 0.00111 -0.99988
vn -0.03674 0.00341 -0.99932
vn -0.00016 0.0003 -1
vn 0.01504 0.00205 -0.99988
vn 0.04327 0.00852 -0.99903
vn 0.03704 0.00618 -0.99929
vn 0.03281 0.00443 -0.99945
vn 0.03054 0.00326 -0.99953
vn 0.02918 0.00227 -0.99957
vn 0.01034 0.0006 -0.99995
vn -2E-05 3E-05 -1
vn -0.01038 1E-05 -0.99995
vn -0.03062 0.00121 -0.99953
vn -0.02921 0.00057 -0.99957
vn -0.03296 0.0021 -0.99945
vn 0.12258 0.0243 -0.99216
vn 0.98067 0.19567 -3E-05
vn 0.98698 0.16084 -4E-05
vn 0.10993 0.01782 -0.99378
vn 0.98065 0.19577 -7E-05
vn 0.12271 0.02434 0.99214
vn 0.10972 0.0178 0.9938
vn 0.98698 0.16086 -8E-05
vn 0.992 0.12623 -2E-05
vn 0.10213 0.01295 -0.99469
vn 0.10202 0.01294 0.9947
vn 0.992 0.12625 -5E-05
vn 0.14377 0.03389 -0.98903
vn 0.97299 0.23083 -9E-05
vn 0.97298 0.23089 -5E-05
vn 0.14383 0.0339 0.98902
vn 0.09691 0.00894 0.99525
vn 0.99581 0.09148 -0.00014
vn 0.99581 0.09145 4E-05
vn 0.09683 0.00879 -0.99526
vn -0.0939 -0.00397 -0.99557
vn -0.99914 -0.04152 1E-05
vn -0.99984 -0.01763 1E-05
vn -0.09364 -0.00171 -0.99561
vn -0.99914 -0.04153 -0.00011
vn -0.09348 -0.00393 0.99561
vn -0.09334 -0.00173 0.99563
vn -0.99984 -0.01765 -0.0001
vn -0.99998 0.00689 2E-05
vn -0.09425 0.00062 -0.99555
vn -0.09475 0.00059 0.9955
vn -0.99998 0.00686 -0.00011
vn -0.02844 -0.00165 -0.99959
vn -0.09429 -0.00597 -0.99553
vn -0.02817 -0.00109 -0.9996
vn -0.99798 -0.06354 3E-05
vn -0.99798 -0.06355 -0.00014
vn -0.09435 -0.00602 0.99552
vn -0.02847 -0.00168 0.99959
vn -0.02819 -0.00113 0.9996
vn -0.02813 -0.00058 0.9996
vn -0.02841 -5E-05 0.9996
vn -0.0967 0.00282 0.99531
vn -0.99951 0.03138 -0.00012
vn -0.99951 0.03141 4E-05
vn -0.0967 0.00295 -0.99531
vn -0.02844 2E-05 -0.9996
vn -0.02814 -0.00052 -0.9996
vn 0.27558 0.08918 -0.95713
vn 0.94678 0.32187 -0.0002
vn 0.9571 0.28976 -0.00019
vn 0.22456 0.06688 -0.97216
vn 0.94678 0.32187 -4E-05
vn 0.27567 0.08922 0.9571
vn 0.22493 0.06688 0.97208
vn 0.95709 0.28978 1E-05
vn 0.96494 0.26249 -0.00018
vn 0.1774 0.04781 -0.98298
vn 0.17748 0.04783 0.98296
vn 0.96493 0.26252 -3E-05
vn 0.0917 0.02908 -0.99536
vn 0.09171 0.02908 0.99536
vn 0.07101 0.01932 0.99729
vn 0.05453 0.01277 0.99843
vn 0.05443 0.01275 -0.99844
vn 0.07112 0.01953 -0.99728
vn -0.03421 0.01241 -0.99934
vn 9E-05 0.01115 -0.99994
vn 3E-05 0.00416 -0.99999
vn -0.0254 0.0057 -0.99966
vn 0.03461 0.01474 -0.99929
vn 0.02479 0.00719 -0.99967
vn -0.00022 0.00124 -1
vn -0.01921 0.00248 -0.99981
vn 0.01927 0.00382 -0.99981
vn 0.03498 0.0145 0.99928
vn 0.00041 0.01106 0.99994
vn 0.00029 0.00409 0.99999
vn 0.0254 0.00736 0.99965
vn -0.03429 0.0125 0.99933
vn -0.02479 0.00562 0.99968
vn 0.00022 0.00127 1
vn 0.0192 0.0038 0.99981
vn -0.01874 0.00235 0.99982
vn -0.10176 0.00568 -0.99479
vn -0.99834 0.05764 -4E-05
vn -0.99612 0.08801 -1E-05
vn -0.10952 0.00944 -0.99394
vn -0.99834 0.05761 -8E-05
vn -0.10159 0.00561 0.99481
vn -0.1097 0.00942 0.99392
vn -0.99612 0.08798 -7E-05
vn -0.99233 0.1236 -5E-05
vn -0.12243 0.01495 -0.99236
vn -0.12266 0.01497 0.99234
vn -0.99233 0.12358 -8E-05
vn 0.03029 0.00204 0.99954
vn 0.01074 0.00196 0.99994
vn 0.01135 0.02123 0.99971
vn 0.03206 0.0179 0.99933
vn -4E-05 0.00158 1
vn -1E-05 0.02197 0.99976
vn -0.01083 0.00059 0.99994
vn -0.01137 0.01976 0.99974
vn -0.03044 -0.00183 0.99954
vn -0.03212 0.01382 0.99939
vn -0.03031 -0.00132 -0.99954
vn -0.01075 0.00106 -0.99994
vn -0.01158 0.02503 -0.99962
vn -0.03258 0.01779 -0.99931
vn 4E-05 0.00202 -1
vn -1E-05 0.02779 -0.99961
vn 0.01084 0.00228 -0.99994
vn 0.01155 0.02658 -0.99958
vn 0.03045 0.00214 -0.99953
vn 0.03252 0.02199 -0.99923
vn 0.10094 0.00269 -0.99489
vn 0.10795 0.01617 -0.99402
vn 0.99983 0.01845 0.00014
vn 0.99728 0.07365 0.00098
vn 0.99983 0.01845 4E-05
vn 0.10029 0.00254 0.99496
vn 0.10721 0.01357 0.99414
vn 0.99729 0.07362 0.00093
vn 0.09479 0.00563 -0.99548
vn 0.99825 0.05916 2E-05
vn 0.99943 0.03377 6E-05
vn 0.09324 0.00312 -0.99564
vn 0.99825 0.05919 -0.00014
vn 0.09439 0.00564 0.99552
vn 0.09329 0.00321 0.99563
vn 0.99943 0.03379 -0.00013
vn 0.99984 0.01808 2E-05
vn 0.09322 0.00169 -0.99564
vn 0.09359 0.00171 0.99561
vn 0.99984 0.0181 -0.00012
vn 0.02843 0.00146 -0.99959
vn 0.02847 0.00154 0.99959
vn 0.02813 0.00094 0.9996
vn 0.02812 0.00061 0.9996
vn 0.02836 0.00053 0.9996
vn 0.094 0.00126 0.99557
vn 0.99992 0.01253 -0.00013
vn 0.99992 0.01252 4E-05
vn 0.09398 0.00122 -0.99557
vn 0.02813 0.00056 -0.9996
vn 0.02839 0.0005 -0.9996
vn 0.02812 0.00088 -0.9996
vn -0.0101 -9E-05 -0.99995
vn -1E-05 2E-05 -1
vn -1E-05 0 -1
vn -0.00999 -0.00021 -0.99995
vn 0.01008 0.00041 -0.99995
vn 0.00998 0.00028 -0.99995
vn -0 -1E-05 -1
vn -0.01 -0.00035 -0.99995
vn 0.00999 0.00023 -0.99995
vn 0.01008 0.00026 -0.99995
vn -0 -1E-05 -1
vn -0.01009 -0.0005 -0.99995
vn 0.01011 0.00045 0.99995
vn 2E-05 2E-05 1
vn 0 0 1
vn 0.00998 0.00031 0.99995
vn -0.01007 -0.00012 0.99995
vn -0.00998 -0.00023 0.99995
vn -1E-05 -1E-05 1
vn 0.00997 0.00025 0.99995
vn -0.01001 -0.00037 0.99995
vn -0.01012 -0.00052 0.99995
vn -3E-05 -1E-05 1
vn 0.01005 0.00027 0.99995
vn -0.09885 -0.01011 -0.99505
vn -0.99471 -0.10273 4E-05
vn -0.99556 -0.09417 2E-05
vn -0.09722 -0.00913 -0.99522
vn -0.99471 -0.10273 -0.00014
vn -0.09893 -0.01013 0.99504
vn -0.09729 -0.00915 0.99521
vn -0.99556 -0.09417 -0.00014
vn -0.99668 -0.08136 5E-05
vn -0.09562 -0.00775 -0.99539
vn -0.09568 -0.00779 0.99538
vn -0.99668 -0.08137 -0.00011
vn -0.10099 -0.00975 -0.99484
vn -0.02984 -0.00279 -0.99955
vn -0.99471 -0.10271 8E-05
vn -0.99471 -0.10269 -1E-05
vn -0.10046 -0.01011 0.99489
vn -0.0299 -0.0028 0.99955
vn -0.02939 -0.00253 0.99956
vn -0.02888 -0.00216 0.99958
vn -0.02884 -0.00214 -0.99958
vn -0.02934 -0.00252 -0.99957
vn -0.10747 0.00033 0.99421
vn -0.99869 -0.05118 0.00081
vn -0.10823 0.0028 -0.99412
vn -0.99869 -0.05122 0.00083
vn 0.09537 0.00128 -0.99544
vn 0.99992 0.01256 4E-05
vn 0.99991 0.01338 3E-05
vn 0.09706 0.0014 -0.99528
vn 0.99992 0.01264 -0.00013
vn 0.09539 0.00131 0.99544
vn 0.09708 0.00141 0.99528
vn 0.99991 0.0134 -0.00012
vn 0.9999 0.01388 2E-05
vn 0.09878 0.00149 -0.99511
vn 0.09878 0.00149 0.99511
vn 0.9999 0.01387 -0.00014
vn 0.02882 0.00057 -0.99958
vn 0.02878 0.00059 0.99959
vn 0.02929 0.00066 0.99957
vn 0.02981 0.00071 0.99956
vn 0.02987 0.00071 -0.99955
vn 0.02934 0.00065 -0.99957
vn -0.01023 -0.00065 -0.99995
vn 0 -2E-05 -1
vn 1E-05 -2E-05 -1
vn -0.01041 -0.00076 -0.99995
vn 0.01024 0.00031 -0.99995
vn 0.01042 0.00037 -0.99995
vn 1E-05 -2E-05 -1
vn -0.01058 -0.00084 -0.99994
vn 0.01061 0.00041 -0.99994
vn 0.0102 0.00032 0.99995
vn -3E-05 -2E-05 1
vn -3E-05 -2E-05 1
vn 0.01038 0.00037 0.99995
vn -0.01027 -0.00066 0.99995
vn -0.01045 -0.00077 0.99995
vn -3E-05 -2E-05 1
vn 0.01057 0.0004 0.99994
vn -0.01063 -0.00084 0.99994
vt 0.85168 0.97227
vt 0.85105 0.97228
vt 0.85309 0.98146
vt 0.85353 0.98135
vt 0.90456 0.4653
vt 0.90519 0.46532
vt 0.90705 0.45629
vt 0.90661 0.45618
vt 0.85502 0.98911
vt 0.85526 0.98874
vt 0.90878 0.44894
vt 0.90854 0.44858
vt 0.85226 0.96233
vt 0.84997 0.96231
vt 0.8535 0.97227
vt 0.84919 0.96231
vt 0.90269 0.47522
vt 0.90347 0.47521
vt 0.90575 0.4752
vt 0.907 0.46532
vt 0.90834 0.4564
vt 0.90954 0.44934
vt 0.91035 0.44512
vt 0.91024 0.44367
vt 0.91017 0.44293
vt 0.85665 0.99479
vt 0.85671 0.99405
vt 0.85602 0.98834
vt 0.85683 0.99258
vt 0.85483 0.98124
vt 0.85788 0.99719
vt 0.85787 0.99827
vt 0.85892 0.99945
vt 0.85896 0.99826
vt 0.9114 0.43948
vt 0.91141 0.44055
vt 0.91249 0.43948
vt 0.91244 0.43831
vt 0.86005 0.99828
vt 0.86013 0.9972
vt 0.91364 0.44054
vt 0.91357 0.43946
vt 0.85779 0.99405
vt 0.91131 0.44367
vt 0.91261 0.44293
vt 0.91396 0.44365
vt 0.91502 0.4451
vt 0.91503 0.44364
vt 0.91504 0.4429
vt 0.86154 0.99483
vt 0.86153 0.99408
vt 0.86046 0.99407
vt 0.86152 0.99262
vt 0.85909 0.9948
vt 0.91944 0.48514
vt 0.91427 0.48517
vt 0.9147 0.49506
vt 0.92046 0.49503
vt 0.90909 0.4852
vt 0.90894 0.49509
vt 0.91511 0.50469
vt 0.9213 0.50465
vt 0.90891 0.50472
vt 0.92193 0.47512
vt 0.91826 0.47514
vt 0.92373 0.48512
vt 0.91384 0.47516
vt 0.90941 0.47518
vt 0.9048 0.48522
vt 0.90416 0.49511
vt 0.90378 0.50475
vt 0.9036 0.514
vt 0.90898 0.51397
vt 0.91546 0.51394
vt 0.92195 0.5139
vt 0.92643 0.50463
vt 0.92733 0.51388
vt 0.92523 0.495
vt 0.85565 0.95228
vt 0.86085 0.95232
vt 0.86131 0.94238
vt 0.85552 0.94234
vt 0.86606 0.95236
vt 0.8671 0.94242
vt 0.86174 0.9327
vt 0.85551 0.93265
vt 0.86797 0.93274
vt 0.85595 0.96235
vt 0.85133 0.95225
vt 0.8604 0.96239
vt 0.86485 0.96242
vt 0.86854 0.96245
vt 0.87037 0.95239
vt 0.8719 0.94246
vt 0.87313 0.93278
vt 0.87405 0.92348
vt 0.86864 0.92344
vt 0.86212 0.92339
vt 0.8556 0.92335
vt 0.85035 0.93261
vt 0.85019 0.9233
vt 0.85071 0.9423
vt 0.87305 0.95241
vt 0.87396 0.95242
vt 0.87589 0.94249
vt 0.87489 0.94248
vt 0.9273 0.4851
vt 0.9264 0.4851
vt 0.9282 0.49498
vt 0.9292 0.49498
vt 0.87742 0.93281
vt 0.87634 0.9328
vt 0.92962 0.50461
vt 0.9307 0.5046
vt 0.87083 0.96247
vt 0.87161 0.96248
vt 0.92499 0.47509
vt 0.92421 0.4751
vt 0.93067 0.51386
vt 0.93179 0.51385
vt 0.87854 0.92351
vt 0.8774 0.9235
vt 0.84718 0.89785
vt 0.84602 0.89783
vt 0.8457 0.906
vt 0.84687 0.90601
vt 0.89939 0.53933
vt 0.90055 0.53932
vt 0.90026 0.5312
vt 0.8991 0.53121
vt 0.84559 0.91444
vt 0.84675 0.91444
vt 0.90016 0.52281
vt 0.89901 0.52281
vt 0.85112 0.88988
vt 0.84769 0.88985
vt 0.85065 0.89788
vt 0.84653 0.88983
vt 0.89988 0.54729
vt 0.90103 0.54728
vt 0.90444 0.54726
vt 0.904 0.5393
vt 0.90372 0.53118
vt 0.90359 0.52279
vt 0.90026 0.51402
vt 0.89914 0.51403
vt 0.8457 0.92327
vt 0.84683 0.92328
vt 0.85019 0.91447
vt 0.85035 0.90603
vt 0.86339 0.9888
vt 0.8636 0.98917
vt 0.86612 0.98156
vt 0.86569 0.98144
vt 0.91708 0.44853
vt 0.91686 0.4489
vt 0.91914 0.45623
vt 0.91957 0.45611
vt 0.8689 0.97242
vt 0.86828 0.97239
vt 0.92169 0.46523
vt 0.92231 0.4652
vt 0.86266 0.98839
vt 0.91614 0.44931
vt 0.91785 0.45635
vt 0.91988 0.46525
vt 0.86646 0.97236
vt 0.8644 0.98132
vt 0.85746 0.98875
vt 0.85931 0.98912
vt 0.85961 0.98149
vt 0.85698 0.98137
vt 0.86118 0.98878
vt 0.86224 0.98141
vt 0.85998 0.97234
vt 0.85643 0.9723
vt 0.86352 0.97235
vt 0.91467 0.44892
vt 0.91281 0.44857
vt 0.91309 0.45616
vt 0.91571 0.45625
vt 0.91097 0.44894
vt 0.91048 0.45628
vt 0.91344 0.46526
vt 0.91696 0.46526
vt 0.90991 0.46529
vt 0.84714 0.93259
vt 0.84606 0.93258
vt 0.84672 0.94227
vt 0.84773 0.94228
vt 0.89952 0.50477
vt 0.90059 0.50477
vt 0.9012 0.49513
vt 0.9002 0.49513
vt 0.84775 0.95223
vt 0.84865 0.95223
vt 0.90214 0.48523
vt 0.90123 0.48524
vt 0.92916 0.57343
vt 0.92411 0.57333
vt 0.92422 0.57635
vt 0.92918 0.57651
vt 0.91802 0.57329
vt 0.91821 0.57632
vt 0.91193 0.57336
vt 0.91221 0.57638
vt 0.90688 0.57349
vt 0.90725 0.57656
vt 0.85374 0.86363
vt 0.85875 0.86383
vt 0.85906 0.86086
vt 0.85417 0.86058
vt 0.86476 0.86392
vt 0.86495 0.86095
vt 0.87077 0.86386
vt 0.87085 0.86088
vt 0.87579 0.86368
vt 0.87574 0.86062
vt 0.87896 0.86355
vt 0.87887 0.86043
vt 0.88004 0.86351
vt 0.87994 0.86038
vt 0.9334 0.57352
vt 0.93233 0.5735
vt 0.93232 0.57661
vt 0.93338 0.57663
vt 0.87811 0.91467
vt 0.87927 0.91468
vt 0.87971 0.90623
vt 0.87854 0.90623
vt 0.93251 0.52264
vt 0.93135 0.52264
vt 0.93176 0.53104
vt 0.93293 0.53104
vt 0.87994 0.89806
vt 0.87877 0.89806
vt 0.93199 0.53917
vt 0.93315 0.53916
vt 0.87467 0.91465
vt 0.92793 0.52266
vt 0.9283 0.53106
vt 0.92853 0.53918
vt 0.9287 0.54715
vt 0.93212 0.54714
vt 0.93327 0.54714
vt 0.88007 0.89004
vt 0.87891 0.89004
vt 0.8753 0.89804
vt 0.87547 0.89003
vt 0.87506 0.90621
vt 0.85574 0.91451
vt 0.86243 0.91456
vt 0.8627 0.90613
vt 0.85594 0.90608
vt 0.86912 0.91461
vt 0.86945 0.90617
vt 0.86297 0.89797
vt 0.85624 0.89792
vt 0.86971 0.89801
vt 0.86995 0.89002
vt 0.86329 0.88999
vt 0.85663 0.88994
vt 0.92241 0.52269
vt 0.91576 0.52272
vt 0.91601 0.53111
vt 0.92273 0.53108
vt 0.9091 0.52276
vt 0.90929 0.53115
vt 0.91627 0.53923
vt 0.92297 0.5392
vt 0.90956 0.53927
vt 0.90994 0.54722
vt 0.91657 0.54719
vt 0.9232 0.54716
vt 0.84989 0.86835
vt 0.8488 0.86832
vt 0.848 0.87465
vt 0.84912 0.87467
vt 0.90201 0.56873
vt 0.9031 0.56871
vt 0.90238 0.5624
vt 0.90127 0.56242
vt 0.84722 0.88198
vt 0.84835 0.882
vt 0.90166 0.5551
vt 0.90053 0.55511
vt 0.85057 0.8635
vt 0.85312 0.86844
vt 0.84949 0.86345
vt 0.90263 0.57359
vt 0.90371 0.57356
vt 0.90633 0.56865
vt 0.90568 0.56236
vt 0.90502 0.55507
vt 0.85173 0.88204
vt 0.85242 0.87474
vt 0.90411 0.57667
vt 0.90303 0.57669
vt 0.85103 0.86039
vt 0.84996 0.86034
vt 0.87901 0.88216
vt 0.88015 0.88215
vt 0.88018 0.87478
vt 0.87906 0.8748
vt 0.93336 0.55498
vt 0.93223 0.55498
vt 0.93231 0.5623
vt 0.93342 0.56231
vt 0.88014 0.86841
vt 0.87904 0.86844
vt 0.93234 0.56863
vt 0.93343 0.56865
vt 0.87563 0.88217
vt 0.92886 0.55497
vt 0.92901 0.56228
vt 0.92911 0.56859
vt 0.87581 0.86852
vt 0.87575 0.87484
vt 0.85714 0.88211
vt 0.86367 0.88216
vt 0.86408 0.87488
vt 0.85771 0.87482
vt 0.8702 0.88218
vt 0.87045 0.87488
vt 0.86446 0.86865
vt 0.85827 0.86858
vt 0.87065 0.86862
vt 0.92345 0.55497
vt 0.91694 0.55499
vt 0.91734 0.56226
vt 0.92371 0.56226
vt 0.91042 0.55503
vt 0.91096 0.5623
vt 0.91772 0.56852
vt 0.92394 0.56853
vt 0.91149 0.56857
usemtl mat1
f 1261/1261/1261 1262/1262/1262 1263/1263/1263
f 1261/1261/1261 1263/1263/1263 1264/1264/1264
f 1265/1265/1265 1266/1266/1266 1267/1267/1267
f 1265/1265/1265 1267/1267/1267 1268/1268/1268
f 1264/1264/1264 1263/1263/1263 1269/1269/1269
f 1264/1264/1264 1269/1269/1269 1270/1270/1270
f 1268/1268/1268 1267/1267/1267 1271/1271/1271
f 1268/1268/1268 1271/1271/1271 1272/1272/1272
f 1273/1273/1273 1274/1274/1274 1261/1261/1261
f 1273/1273/1273 1261/1261/1261 1275/1275/1275
f 1274/1274/1274 1276/1276/1276 1262/1262/1262
f 1274/1274/1274 1262/1262/1262 1261/1261/1261
f 1277/1277/1277 1278/1278/1278 1266/1266/1266
f 1277/1277/1277 1266/1266/1266 1265/1265/1265
f 1278/1278/1278 1279/1279/1279 1280/1280/1280
f 1278/1278/1278 1280/1280/1280 1266/1266/1266
f 1266/1266/1266 1280/1280/1280 1281/1281/1281
f 1266/1266/1266 1281/1281/1281 1267/1267/1267
f 1267/1267/1267 1281/1281/1281 1282/1282/1282
f 1267/1267/1267 1282/1282/1282 1271/1271/1271
f 1271/1271/1271 1282/1282/1282 1283/1283/1283
f 1271/1271/1271 1283/1283/1283 1284/1284/1284
f 1272/1272/1272 1271/1271/1271 1284/1284/1284
f 1272/1272/1272 1284/1284/1284 1285/1285/1285
f 1270/1270/1270 1269/1269/1269 1286/1286/1286
f 1270/1270/1270 1286/1286/1286 1287/1287/1287
f 1288/1288/1288 1270/1270/1270 1287/1287/1287
f 1288/1288/1288 1287/1287/1287 1289/1289/1289
f 1290/1290/1290 1264/1264/1264 1270/1270/1270
f 1290/1290/1290 1270/1270/1270 1288/1288/1288
f 1275/1275/1275 1261/1261/1261 1264/1264/1264
f 1275/1275/1275 1264/1264/1264 1290/1290/1290
f 1291/1291/1291 1292/1292/1292 1293/1293/1293
f 1291/1291/1291 1293/1293/1293 1294/1294/1294
f 1295/1295/1295 1296/1296/1296 1297/1297/1297
f 1295/1295/1295 1297/1297/1297 1298/1298/1298
f 1294/1294/1294 1293/1293/1293 1299/1299/1299
f 1294/1294/1294 1299/1299/1299 1300/1300/1300
f 1298/1298/1298 1297/1297/1297 1301/1301/1301
f 1298/1298/1298 1301/1301/1301 1302/1302/1302
f 1289/1289/1289 1287/1287/1287 1291/1291/1291
f 1289/1289/1289 1291/1291/1291 1303/1303/1303
f 1287/1287/1287 1286/1286/1286 1292/1292/1292
f 1287/1287/1287 1292/1292/1292 1291/1291/1291
f 1285/1285/1285 1284/1284/1284 1296/1296/1296
f 1285/1285/1285 1296/1296/1296 1295/1295/1295
f 1284/1284/1284 1283/1283/1283 1304/1304/1304
f 1284/1284/1284 1304/1304/1304 1296/1296/1296
f 1296/1296/1296 1304/1304/1304 1305/1305/1305
f 1296/1296/1296 1305/1305/1305 1297/1297/1297
f 1297/1297/1297 1305/1305/1305 1306/1306/1306
f 1297/1297/1297 1306/1306/1306 1301/1301/1301
f 1301/1301/1301 1306/1306/1306 1307/1307/1307
f 1301/1301/1301 1307/1307/1307 1308/1308/1308
f 1302/1302/1302 1301/1301/1301 1308/1308/1308
f 1302/1302/1302 1308/1308/1308 1309/1309/1309
f 1300/1300/1300 1299/1299/1299 1310/1310/1310
f 1300/1300/1300 1310/1310/1310 1311/1311/1311
f 1312/1312/1312 1300/1300/1300 1311/1311/1311
f 1312/1312/1312 1311/1311/1311 1313/1313/1313
f 1314/1314/1314 1294/1294/1294 1300/1300/1300
f 1314/1314/1314 1300/1300/1300 1312/1312/1312
f 1303/1303/1303 1291/1291/1291 1294/1294/1294
f 1303/1303/1303 1294/1294/1294 1314/1314/1314
f 1315/1315/1315 1316/1316/1316 1317/1317/1317
f 1315/1315/1315 1317/1317/1317 1318/1318/1318
f 1316/1316/1316 1319/1319/1319 1320/1320/1320
f 1316/1316/1316 1320/1320/1320 1317/1317/1317
f 1318/1318/1318 1317/1317/1317 1321/1321/1321
f 1318/1318/1318 1321/1321/1321 1322/1322/1322
f 1317/1317/1317 1320/1320/1320 1323/1323/1323
f 1317/1317/1317 1323/1323/1323 1321/1321/1321
f 1324/1324/1324 1325/1325/1325 1315/1315/1315
f 1324/1324/1324 1315/1315/1315 1326/1326/1326
f 1325/1325/1325 1327/1327/1327 1316/1316/1316
f 1325/1325/1325 1316/1316/1316 1315/1315/1315
f 1327/1327/1327 1328/1328/1328 1319/1319/1319
f 1327/1327/1327 1319/1319/1319 1316/1316/1316
f 1328/1328/1328 1279/1279/1279 1329/1329/1329
f 1328/1328/1328 1329/1329/1329 1319/1319/1319
f 1319/1319/1319 1329/1329/1329 1330/1330/1330
f 1319/1319/1319 1330/1330/1330 1320/1320/1320
f 1320/1320/1320 1330/1330/1330 1331/1331/1331
f 1320/1320/1320 1331/1331/1331 1323/1323/1323
f 1323/1323/1323 1331/1331/1331 1332/1332/1332
f 1323/1323/1323 1332/1332/1332 1333/1333/1333
f 1321/1321/1321 1323/1323/1323 1333/1333/1333
f 1321/1321/1321 1333/1333/1333 1334/1334/1334
f 1322/1322/1322 1321/1321/1321 1334/1334/1334
f 1322/1322/1322 1334/1334/1334 1335/1335/1335
f 1336/1336/1336 1322/1322/1322 1335/1335/1335
f 1336/1336/1336 1335/1335/1335 1337/1337/1337
f 1338/1338/1338 1318/1318/1318 1322/1322/1322
f 1338/1338/1338 1322/1322/1322 1336/1336/1336
f 1326/1326/1326 1315/1315/1315 1318/1318/1318
f 1326/1326/1326 1318/1318/1318 1338/1338/1338
f 1339/1339/1339 1340/1340/1340 1341/1341/1341
f 1339/1339/1339 1341/1341/1341 1342/1342/1342
f 1340/1340/1340 1343/1343/1343 1344/1344/1344
f 1340/1340/1340 1344/1344/1344 1341/1341/1341
f 1342/1342/1342 1341/1341/1341 1345/1345/1345
f 1342/1342/1342 1345/1345/1345 1346/1346/1346
f 1341/1341/1341 1344/1344/1344 1347/1347/1347
f 1341/1341/1341 1347/1347/1347 1345/1345/1345
f 1273/1273/1273 1348/1348/1348 1339/1339/1339
f 1273/1273/1273 1339/1339/1339 1349/1349/1349
f 1348/1348/1348 1350/1350/1350 1340/1340/1340
f 1348/1348/1348 1340/1340/1340 1339/1339/1339
f 1350/1350/1350 1351/1351/1351 1343/1343/1343
f 1350/1350/1350 1343/1343/1343 1340/1340/1340
f 1351/1351/1351 1352/1352/1352 1353/1353/1353
f 1351/1351/1351 1353/1353/1353 1343/1343/1343
f 1343/1343/1343 1353/1353/1353 1354/1354/1354
f 1343/1343/1343 1354/1354/1354 1344/1344/1344
f 1344/1344/1344 1354/1354/1354 1355/1355/1355
f 1344/1344/1344 1355/1355/1355 1347/1347/1347
f 1347/1347/1347 1355/1355/1355 1356/1356/1356
f 1347/1347/1347 1356/1356/1356 1357/1357/1357
f 1345/1345/1345 1347/1347/1347 1357/1357/1357
f 1345/1345/1345 1357/1357/1357 1358/1358/1358
f 1346/1346/1346 1345/1345/1345 1358/1358/1358
f 1346/1346/1346 1358/1358/1358 1359/1359/1359
f 1360/1360/1360 1346/1346/1346 1359/1359/1359
f 1360/1360/1360 1359/1359/1359 1361/1361/1361
f 1362/1362/1362 1342/1342/1342 1346/1346/1346
f 1362/1362/1362 1346/1346/1346 1360/1360/1360
f 1349/1349/1349 1339/1339/1339 1342/1342/1342
f 1349/1349/1349 1342/1342/1342 1362/1362/1362
f 1363/1363/1363 1364/1364/1364 1365/1365/1365
f 1363/1363/1363 1365/1365/1365 1366/1366/1366
f 1367/1367/1367 1368/1368/1368 1369/1369/1369
f 1367/1367/1367 1369/1369/1369 1370/1370/1370
f 1366/1366/1366 1365/1365/1365 1371/1371/1371
f 1366/1366/1366 1371/1371/1371 1372/1372/1372
f 1370/1370/1370 1369/1369/1369 1373/1373/1373
f 1370/1370/1370 1373/1373/1373 1374/1374/1374
f 1352/1352/1352 1375/1375/1375 1363/1363/1363
f 1352/1352/1352 1363/1363/1363 1353/1353/1353
f 1375/1375/1375 1376/1376/1376 1364/1364/1364
f 1375/1375/1375 1364/1364/1364 1363/1363/1363
f 1377/1377/1377 1378/1378/1378 1368/1368/1368
f 1377/1377/1377 1368/1368/1368 1367/1367/1367
f 1378/1378/1378 1324/1324/1324 1326/1326/1326
f 1378/1378/1378 1326/1326/1326 1368/1368/1368
f 1368/1368/1368 1326/1326/1326 1338/1338/1338
f 1368/1368/1368 1338/1338/1338 1369/1369/1369
f 1369/1369/1369 1338/1338/1338 1336/1336/1336
f 1369/1369/1369 1336/1336/1336 1373/1373/1373
f 1373/1373/1373 1336/1336/1336 1337/1337/1337
f 1373/1373/1373 1337/1337/1337 1379/1379/1379
f 1374/1374/1374 1373/1373/1373 1379/1379/1379
f 1374/1374/1374 1379/1379/1379 1380/1380/1380
f 1372/1372/1372 1371/1371/1371 1381/1381/1381
f 1372/1372/1372 1381/1381/1381 1382/1382/1382
f 1355/1355/1355 1372/1372/1372 1382/1382/1382
f 1355/1355/1355 1382/1382/1382 1356/1356/1356
f 1354/1354/1354 1366/1366/1366 1372/1372/1372
f 1354/1354/1354 1372/1372/1372 1355/1355/1355
f 1353/1353/1353 1363/1363/1363 1366/1366/1366
f 1353/1353/1353 1366/1366/1366 1354/1354/1354
f 1383/1383/1383 1384/1384/1384 1385/1385/1385
f 1383/1383/1383 1385/1385/1385 1386/1386/1386
f 1387/1387/1387 1388/1388/1388 1389/1389/1389
f 1387/1387/1387 1389/1389/1389 1390/1390/1390
f 1386/1386/1386 1385/1385/1385 1391/1391/1391
f 1386/1386/1386 1391/1391/1391 1392/1392/1392
f 1390/1390/1390 1389/1389/1389 1393/1393/1393
f 1390/1390/1390 1393/1393/1393 1394/1394/1394
f 1395/1395/1395 1396/1396/1396 1383/1383/1383
f 1395/1395/1395 1383/1383/1383 1397/1397/1397
f 1396/1396/1396 1398/1398/1398 1384/1384/1384
f 1396/1396/1396 1384/1384/1384 1383/1383/1383
f 1399/1399/1399 1400/1400/1400 1388/1388/1388
f 1399/1399/1399 1388/1388/1388 1387/1387/1387
f 1400/1400/1400 1401/1401/1401 1402/1402/1402
f 1400/1400/1400 1402/1402/1402 1388/1388/1388
f 1388/1388/1388 1402/1402/1402 1403/1403/1403
f 1388/1388/1388 1403/1403/1403 1389/1389/1389
f 1389/1389/1389 1403/1403/1403 1404/1404/1404
f 1389/1389/1389 1404/1404/1404 1393/1393/1393
f 1393/1393/1393 1404/1404/1404 1332/1332/1332
f 1393/1393/1393 1332/1332/1332 1405/1405/1405
f 1394/1394/1394 1393/1393/1393 1405/1405/1405
f 1394/1394/1394 1405/1405/1405 1406/1406/1406
f 1392/1392/1392 1391/1391/1391 1407/1407/1407
f 1392/1392/1392 1407/1407/1407 1408/1408/1408
f 1409/1409/1409 1392/1392/1392 1408/1408/1408
f 1409/1409/1409 1408/1408/1408 1361/1361/1361
f 1410/1410/1410 1386/1386/1386 1392/1392/1392
f 1410/1410/1410 1392/1392/1392 1409/1409/1409
f 1397/1397/1397 1383/1383/1383 1386/1386/1386
f 1397/1397/1397 1386/1386/1386 1410/1410/1410
f 1411/1411/1411 1412/1412/1412 1413/1413/1413
f 1411/1411/1411 1413/1413/1413 1414/1414/1414
f 1415/1415/1415 1416/1416/1416 1417/1417/1417
f 1415/1415/1415 1417/1417/1417 1418/1418/1418
f 1414/1414/1414 1413/1413/1413 1419/1419/1419
f 1414/1414/1414 1419/1419/1419 1420/1420/1420
f 1418/1418/1418 1417/1417/1417 1421/1421/1421
f 1418/1418/1418 1421/1421/1421 1422/1422/1422
f 1313/1313/1313 1311/1311/1311 1411/1411/1411
f 1313/1313/1313 1411/1411/1411 1423/1423/1423
f 1311/1311/1311 1310/1310/1310 1412/1412/1412
f 1311/1311/1311 1412/1412/1412 1411/1411/1411
f 1309/1309/1309 1308/1308/1308 1416/1416/1416
f 1309/1309/1309 1416/1416/1416 1415/1415/1415
f 1308/1308/1308 1307/1307/1307 1424/1424/1424
f 1308/1308/1308 1424/1424/1424 1416/1416/1416
f 1416/1416/1416 1424/1424/1424 1425/1425/1425
f 1416/1416/1416 1425/1425/1425 1417/1417/1417
f 1417/1417/1417 1425/1425/1425 1426/1426/1426
f 1417/1417/1417 1426/1426/1426 1421/1421/1421
f 1421/1421/1421 1426/1426/1426 1324/1324/1324
f 1421/1421/1421 1324/1324/1324 1378/1378/1378
f 1422/1422/1422 1421/1421/1421 1378/1378/1378
f 1422/1422/1422 1378/1378/1378 1377/1377/1377
f 1420/1420/1420 1419/1419/1419 1376/1376/1376
f 1420/1420/1420 1376/1376/1376 1375/1375/1375
f 1427/1427/1427 1420/1420/1420 1375/1375/1375
f 1427/1427/1427 1375/1375/1375 1352/1352/1352
f 1428/1428/1428 1414/1414/1414 1420/1420/1420
f 1428/1428/1428 1420/1420/1420 1427/1427/1427
f 1423/1423/1423 1411/1411/1411 1414/1414/1414
f 1423/1423/1423 1414/1414/1414 1428/1428/1428
f 1429/1429/1429 1430/1430/1430 1431/1431/1431
f 1429/1429/1429 1431/1431/1431 1432/1432/1432
f 1430/1430/1430 1433/1433/1433 1434/1434/1434
f 1430/1430/1430 1434/1434/1434 1431/1431/1431
f 1432/1432/1432 1431/1431/1431 1435/1435/1435
f 1432/1432/1432 1435/1435/1435 1436/1436/1436
f 1431/1431/1431 1434/1434/1434 1437/1437/1437
f 1431/1431/1431 1437/1437/1437 1435/1435/1435
f 1289/1289/1289 1303/1303/1303 1429/1429/1429
f 1289/1289/1289 1429/1429/1429 1288/1288/1288
f 1303/1303/1303 1314/1314/1314 1430/1430/1430
f 1303/1303/1303 1430/1430/1430 1429/1429/1429
f 1314/1314/1314 1312/1312/1312 1433/1433/1433
f 1314/1314/1314 1433/1433/1433 1430/1430/1430
f 1312/1312/1312 1313/1313/1313 1423/1423/1423
f 1312/1312/1312 1423/1423/1423 1433/1433/1433
f 1433/1433/1433 1423/1423/1423 1428/1428/1428
f 1433/1433/1433 1428/1428/1428 1434/1434/1434
f 1434/1434/1434 1428/1428/1428 1427/1427/1427
f 1434/1434/1434 1427/1427/1427 1437/1437/1437
f 1437/1437/1437 1427/1427/1427 1352/1352/1352
f 1437/1437/1437 1352/1352/1352 1351/1351/1351
f 1435/1435/1435 1437/1437/1437 1351/1351/1351
f 1435/1435/1435 1351/1351/1351 1350/1350/1350
f 1436/1436/1436 1435/1435/1435 1350/1350/1350
f 1436/1436/1436 1350/1350/1350 1348/1348/1348
f 1275/1275/1275 1436/1436/1436 1348/1348/1348
f 1275/1275/1275 1348/1348/1348 1273/1273/1273
f 1290/1290/1290 1432/1432/1432 1436/1436/1436
f 1290/1290/1290 1436/1436/1436 1275/1275/1275
f 1288/1288/1288 1429/1429/1429 1432/1432/1432
f 1288/1288/1288 1432/1432/1432 1290/1290/1290
f 1438/1438/1438 1439/1439/1439 1440/1440/1440
f 1438/1438/1438 1440/1440/1440 1441/1441/1441
f 1439/1439/1439 1442/1442/1442 1443/1443/1443
f 1439/1439/1439 1443/1443/1443 1440/1440/1440
f 1441/1441/1441 1440/1440/1440 1444/1444/1444
f 1441/1441/1441 1444/1444/1444 1445/1445/1445
f 1440/1440/1440 1443/1443/1443 1446/1446/1446
f 1440/1440/1440 1446/1446/1446 1444/1444/1444
f 1307/1307/1307 1306/1306/1306 1438/1438/1438
f 1307/1307/1307 1438/1438/1438 1424/1424/1424
f 1306/1306/1306 1305/1305/1305 1439/1439/1439
f 1306/1306/1306 1439/1439/1439 1438/1438/1438
f 1305/1305/1305 1304/1304/1304 1442/1442/1442
f 1305/1305/1305 1442/1442/1442 1439/1439/1439
f 1304/1304/1304 1283/1283/1283 1282/1282/1282
f 1304/1304/1304 1282/1282/1282 1442/1442/1442
f 1442/1442/1442 1282/1282/1282 1281/1281/1281
f 1442/1442/1442 1281/1281/1281 1443/1443/1443
f 1443/1443/1443 1281/1281/1281 1280/1280/1280
f 1443/1443/1443 1280/1280/1280 1446/1446/1446
f 1446/1446/1446 1280/1280/1280 1279/1279/1279
f 1446/1446/1446 1279/1279/1279 1328/1328/1328
f 1444/1444/1444 1446/1446/1446 1328/1328/1328
f 1444/1444/1444 1328/1328/1328 1327/1327/1327
f 1445/1445/1445 1444/1444/1444 1327/1327/1327
f 1445/1445/1445 1327/1327/1327 1325/1325/1325
f 1426/1426/1426 1445/1445/1445 1325/1325/1325
f 1426/1426/1426 1325/1325/1325 1324/1324/1324
f 1425/1425/1425 1441/1441/1441 1445/1445/1445
f 1425/1425/1425 1445/1445/1445 1426/1426/1426
f 1424/1424/1424 1438/1438/1438 1441/1441/1441
f 1424/1424/1424 1441/1441/1441 1425/1425/1425
f 1447/1447/1447 1448/1448/1448 1449/1449/1449
f 1447/1447/1447 1449/1449/1449 1450/1450/1450
f 1451/1451/1451 1452/1452/1452 1453/1453/1453
f 1451/1451/1451 1453/1453/1453 1454/1454/1454
f 1450/1450/1450 1449/1449/1449 1455/1455/1455
f 1450/1450/1450 1455/1455/1455 1456/1456/1456
f 1454/1454/1454 1453/1453/1453 1457/1457/1457
f 1454/1454/1454 1457/1457/1457 1458/1458/1458
f 1361/1361/1361 1408/1408/1408 1447/1447/1447
f 1361/1361/1361 1447/1447/1447 1360/1360/1360
f 1408/1408/1408 1407/1407/1407 1448/1448/1448
f 1408/1408/1408 1448/1448/1448 1447/1447/1447
f 1406/1406/1406 1405/1405/1405 1452/1452/1452
f 1406/1406/1406 1452/1452/1452 1451/1451/1451
f 1405/1405/1405 1332/1332/1332 1331/1331/1331
f 1405/1405/1405 1331/1331/1331 1452/1452/1452
f 1452/1452/1452 1331/1331/1331 1330/1330/1330
f 1452/1452/1452 1330/1330/1330 1453/1453/1453
f 1453/1453/1453 1330/1330/1330 1329/1329/1329
f 1453/1453/1453 1329/1329/1329 1457/1457/1457
f 1457/1457/1457 1329/1329/1329 1279/1279/1279
f 1457/1457/1457 1279/1279/1279 1278/1278/1278
f 1458/1458/1458 1457/1457/1457 1278/1278/1278
f 1458/1458/1458 1278/1278/1278 1277/1277/1277
f 1456/1456/1456 1455/1455/1455 1276/1276/1276
f 1456/1456/1456 1276/1276/1276 1274/1274/1274
f 1349/1349/1349 1456/1456/1456 1274/1274/1274
f 1349/1349/1349 1274/1274/1274 1273/1273/1273
f 1362/1362/1362 1450/1450/1450 1456/1456/1456
f 1362/1362/1362 1456/1456/1456 1349/1349/1349
f 1360/1360/1360 1447/1447/1447 1450/1450/1450
f 1360/1360/1360 1450/1450/1450 1362/1362/1362
f 1459/1459/1459 1460/1460/1460 1461/1461/1461
f 1459/1459/1459 1461/1461/1461 1462/1462/1462
f 1460/1460/1460 1463/1463/1463 1464/1464/1464
f 1460/1460/1460 1464/1464/1464 1461/1461/1461
f 1463/1463/1463 1465/1465/1465 1466/1466/1466
f 1463/1463/1463 1466/1466/1466 1464/1464/1464
f 1465/1465/1465 1467/1467/1467 1468/1468/1468
f 1465/1465/1465 1468/1468/1468 1466/1466/1466
f 1469/1469/1469 1470/1470/1470 1471/1471/1471
f 1469/1469/1469 1471/1471/1471 1472/1472/1472
f 1470/1470/1470 1473/1473/1473 1474/1474/1474
f 1470/1470/1470 1474/1474/1474 1471/1471/1471
f 1473/1473/1473 1475/1475/1475 1476/1476/1476
f 1473/1473/1473 1476/1476/1476 1474/1474/1474
f 1475/1475/1475 1477/1477/1477 1478/1478/1478
f 1475/1475/1475 1478/1478/1478 1476/1476/1476
f 1477/1477/1477 1479/1479/1479 1480/1480/1480
f 1477/1477/1477 1480/1480/1480 1478/1478/1478
f 1479/1479/1479 1481/1481/1481 1482/1482/1482
f 1479/1479/1479 1482/1482/1482 1480/1480/1480
f 1483/1483/1483 1484/1484/1484 1485/1485/1485
f 1483/1483/1483 1485/1485/1485 1486/1486/1486
f 1484/1484/1484 1459/1459/1459 1462/1462/1462
f 1484/1484/1484 1462/1462/1462 1485/1485/1485
f 1487/1487/1487 1488/1488/1488 1489/1489/1489
f 1487/1487/1487 1489/1489/1489 1490/1490/1490
f 1491/1491/1491 1492/1492/1492 1493/1493/1493
f 1491/1491/1491 1493/1493/1493 1494/1494/1494
f 1490/1490/1490 1489/1489/1489 1495/1495/1495
f 1490/1490/1490 1495/1495/1495 1496/1496/1496
f 1494/1494/1494 1493/1493/1493 1497/1497/1497
f 1494/1494/1494 1497/1497/1497 1498/1498/1498
f 1356/1356/1356 1382/1382/1382 1487/1487/1487
f 1356/1356/1356 1487/1487/1487 1499/1499/1499
f 1382/1382/1382 1381/1381/1381 1488/1488/1488
f 1382/1382/1382 1488/1488/1488 1487/1487/1487
f 1380/1380/1380 1379/1379/1379 1492/1492/1492
f 1380/1380/1380 1492/1492/1492 1491/1491/1491
f 1379/1379/1379 1337/1337/1337 1500/1500/1500
f 1379/1379/1379 1500/1500/1500 1492/1492/1492
f 1492/1492/1492 1500/1500/1500 1501/1501/1501
f 1492/1492/1492 1501/1501/1501 1493/1493/1493
f 1493/1493/1493 1501/1501/1501 1502/1502/1502
f 1493/1493/1493 1502/1502/1502 1497/1497/1497
f 1497/1497/1497 1502/1502/1502 1503/1503/1503
f 1497/1497/1497 1503/1503/1503 1504/1504/1504
f 1498/1498/1498 1497/1497/1497 1504/1504/1504
f 1498/1498/1498 1504/1504/1504 1505/1505/1505
f 1496/1496/1496 1495/1495/1495 1506/1506/1506
f 1496/1496/1496 1506/1506/1506 1507/1507/1507
f 1508/1508/1508 1496/1496/1496 1507/1507/1507
f 1508/1508/1508 1507/1507/1507 1509/1509/1509
f 1510/1510/1510 1490/1490/1490 1496/1496/1496
f 1510/1510/1510 1496/1496/1496 1508/1508/1508
f 1499/1499/1499 1487/1487/1487 1490/1490/1490
f 1499/1499/1499 1490/1490/1490 1510/1510/1510
f 1511/1511/1511 1512/1512/1512 1513/1513/1513
f 1511/1511/1511 1513/1513/1513 1514/1514/1514
f 1512/1512/1512 1515/1515/1515 1516/1516/1516
f 1512/1512/1512 1516/1516/1516 1513/1513/1513
f 1514/1514/1514 1513/1513/1513 1517/1517/1517
f 1514/1514/1514 1517/1517/1517 1518/1518/1518
f 1513/1513/1513 1516/1516/1516 1519/1519/1519
f 1513/1513/1513 1519/1519/1519 1517/1517/1517
f 1361/1361/1361 1359/1359/1359 1511/1511/1511
f 1361/1361/1361 1511/1511/1511 1409/1409/1409
f 1359/1359/1359 1358/1358/1358 1512/1512/1512
f 1359/1359/1359 1512/1512/1512 1511/1511/1511
f 1358/1358/1358 1357/1357/1357 1515/1515/1515
f 1358/1358/1358 1515/1515/1515 1512/1512/1512
f 1357/1357/1357 1356/1356/1356 1499/1499/1499
f 1357/1357/1357 1499/1499/1499 1515/1515/1515
f 1515/1515/1515 1499/1499/1499 1510/1510/1510
f 1515/1515/1515 1510/1510/1510 1516/1516/1516
f 1516/1516/1516 1510/1510/1510 1508/1508/1508
f 1516/1516/1516 1508/1508/1508 1519/1519/1519
f 1519/1519/1519 1508/1508/1508 1509/1509/1509
f 1519/1519/1519 1509/1509/1509 1520/1520/1520
f 1517/1517/1517 1519/1519/1519 1520/1520/1520
f 1517/1517/1517 1520/1520/1520 1521/1521/1521
f 1518/1518/1518 1517/1517/1517 1521/1521/1521
f 1518/1518/1518 1521/1521/1521 1522/1522/1522
f 1397/1397/1397 1518/1518/1518 1522/1522/1522
f 1397/1397/1397 1522/1522/1522 1395/1395/1395
f 1410/1410/1410 1514/1514/1514 1518/1518/1518
f 1410/1410/1410 1518/1518/1518 1397/1397/1397
f 1409/1409/1409 1511/1511/1511 1514/1514/1514
f 1409/1409/1409 1514/1514/1514 1410/1410/1410
f 1523/1523/1523 1524/1524/1524 1525/1525/1525
f 1523/1523/1523 1525/1525/1525 1526/1526/1526
f 1524/1524/1524 1527/1527/1527 1528/1528/1528
f 1524/1524/1524 1528/1528/1528 1525/1525/1525
f 1526/1526/1526 1525/1525/1525 1529/1529/1529
f 1526/1526/1526 1529/1529/1529 1530/1530/1530
f 1525/1525/1525 1528/1528/1528 1531/1531/1531
f 1525/1525/1525 1531/1531/1531 1529/1529/1529
f 1337/1337/1337 1335/1335/1335 1523/1523/1523
f 1337/1337/1337 1523/1523/1523 1500/1500/1500
f 1335/1335/1335 1334/1334/1334 1524/1524/1524
f 1335/1335/1335 1524/1524/1524 1523/1523/1523
f 1334/1334/1334 1333/1333/1333 1527/1527/1527
f 1334/1334/1334 1527/1527/1527 1524/1524/1524
f 1333/1333/1333 1332/1332/1332 1404/1404/1404
f 1333/1333/1333 1404/1404/1404 1527/1527/1527
f 1527/1527/1527 1404/1404/1404 1403/1403/1403
f 1527/1527/1527 1403/1403/1403 1528/1528/1528
f 1528/1528/1528 1403/1403/1403 1402/1402/1402
f 1528/1528/1528 1402/1402/1402 1531/1531/1531
f 1531/1531/1531 1402/1402/1402 1401/1401/1401
f 1531/1531/1531 1401/1401/1401 1532/1532/1532
f 1529/1529/1529 1531/1531/1531 1532/1532/1532
f 1529/1529/1529 1532/1532/1532 1533/1533/1533
f 1530/1530/1530 1529/1529/1529 1533/1533/1533
f 1530/1530/1530 1533/1533/1533 1534/1534/1534
f 1502/1502/1502 1530/1530/1530 1534/1534/1534
f 1502/1502/1502 1534/1534/1534 1503/1503/1503
f 1501/1501/1501 1526/1526/1526 1530/1530/1530
f 1501/1501/1501 1530/1530/1530 1502/1502/1502
f 1500/1500/1500 1523/1523/1523 1526/1526/1526
f 1500/1500/1500 1526/1526/1526 1501/1501/1501
f 1535/1535/1535 1536/1536/1536 1537/1537/1537
f 1535/1535/1535 1537/1537/1537 1538/1538/1538
f 1539/1539/1539 1540/1540/1540 1541/1541/1541
f 1539/1539/1539 1541/1541/1541 1542/1542/1542
f 1538/1538/1538 1537/1537/1537 1543/1543/1543
f 1538/1538/1538 1543/1543/1543 1544/1544/1544
f 1542/1542/1542 1541/1541/1541 1545/1545/1545
f 1542/1542/1542 1545/1545/1545 1546/1546/1546
f 1469/1469/1469 1547/1547/1547 1535/1535/1535
f 1469/1469/1469 1535/1535/1535 1548/1548/1548
f 1547/1547/1547 1549/1549/1549 1536/1536/1536
f 1547/1547/1547 1536/1536/1536 1535/1535/1535
f 1550/1550/1550 1551/1551/1551 1540/1540/1540
f 1550/1550/1550 1540/1540/1540 1539/1539/1539
f 1551/1551/1551 1467/1467/1467 1552/1552/1552
f 1551/1551/1551 1552/1552/1552 1540/1540/1540
f 1540/1540/1540 1552/1552/1552 1553/1553/1553
f 1540/1540/1540 1553/1553/1553 1541/1541/1541
f 1541/1541/1541 1553/1553/1553 1554/1554/1554
f 1541/1541/1541 1554/1554/1554 1545/1545/1545
f 1545/1545/1545 1554/1554/1554 1401/1401/1401
f 1545/1545/1545 1401/1401/1401 1400/1400/1400
f 1546/1546/1546 1545/1545/1545 1400/1400/1400
f 1546/1546/1546 1400/1400/1400 1399/1399/1399
f 1544/1544/1544 1543/1543/1543 1398/1398/1398
f 1544/1544/1544 1398/1398/1398 1396/1396/1396
f 1555/1555/1555 1544/1544/1544 1396/1396/1396
f 1555/1555/1555 1396/1396/1396 1395/1395/1395
f 1556/1556/1556 1538/1538/1538 1544/1544/1544
f 1556/1556/1556 1544/1544/1544 1555/1555/1555
f 1548/1548/1548 1535/1535/1535 1538/1538/1538
f 1548/1548/1548 1538/1538/1538 1556/1556/1556
f 1557/1557/1557 1468/1468/1468 1467/1467/1467
f 1557/1557/1557 1467/1467/1467 1551/1551/1551
f 1558/1558/1558 1557/1557/1557 1551/1551/1551
f 1558/1558/1558 1551/1551/1551 1550/1550/1550
f 1559/1559/1559 1560/1560/1560 1549/1549/1549
f 1559/1559/1559 1549/1549/1549 1547/1547/1547
f 1472/1472/1472 1559/1559/1559 1547/1547/1547
f 1472/1472/1472 1547/1547/1547 1469/1469/1469
f 1561/1561/1561 1562/1562/1562 1563/1563/1563
f 1561/1561/1561 1563/1563/1563 1564/1564/1564
f 1565/1565/1565 1566/1566/1566 1567/1567/1567
f 1565/1565/1565 1567/1567/1567 1568/1568/1568
f 1564/1564/1564 1563/1563/1563 1569/1569/1569
f 1564/1564/1564 1569/1569/1569 1570/1570/1570
f 1568/1568/1568 1567/1567/1567 1571/1571/1571
f 1568/1568/1568 1571/1571/1571 1572/1572/1572
f 1509/1509/1509 1507/1507/1507 1561/1561/1561
f 1509/1509/1509 1561/1561/1561 1573/1573/1573
f 1507/1507/1507 1506/1506/1506 1562/1562/1562
f 1507/1507/1507 1562/1562/1562 1561/1561/1561
f 1505/1505/1505 1504/1504/1504 1566/1566/1566
f 1505/1505/1505 1566/1566/1566 1565/1565/1565
f 1504/1504/1504 1503/1503/1503 1574/1574/1574
f 1504/1504/1504 1574/1574/1574 1566/1566/1566
f 1566/1566/1566 1574/1574/1574 1575/1575/1575
f 1566/1566/1566 1575/1575/1575 1567/1567/1567
f 1567/1567/1567 1575/1575/1575 1576/1576/1576
f 1567/1567/1567 1576/1576/1576 1571/1571/1571
f 1571/1571/1571 1576/1576/1576 1459/1459/1459
f 1571/1571/1571 1459/1459/1459 1484/1484/1484
f 1572/1572/1572 1571/1571/1571 1484/1484/1484
f 1572/1572/1572 1484/1484/1484 1483/1483/1483
f 1570/1570/1570 1569/1569/1569 1481/1481/1481
f 1570/1570/1570 1481/1481/1481 1479/1479/1479
f 1577/1577/1577 1570/1570/1570 1479/1479/1479
f 1577/1577/1577 1479/1479/1479 1477/1477/1477
f 1578/1578/1578 1564/1564/1564 1570/1570/1570
f 1578/1578/1578 1570/1570/1570 1577/1577/1577
f 1573/1573/1573 1561/1561/1561 1564/1564/1564
f 1573/1573/1573 1564/1564/1564 1578/1578/1578
f 1579/1579/1579 1580/1580/1580 1581/1581/1581
f 1579/1579/1579 1581/1581/1581 1582/1582/1582
f 1580/1580/1580 1583/1583/1583 1584/1584/1584
f 1580/1580/1580 1584/1584/1584 1581/1581/1581
f 1582/1582/1582 1581/1581/1581 1585/1585/1585
f 1582/1582/1582 1585/1585/1585 1586/1586/1586
f 1581/1581/1581 1584/1584/1584 1587/1587/1587
f 1581/1581/1581 1587/1587/1587 1585/1585/1585
f 1395/1395/1395 1522/1522/1522 1579/1579/1579
f 1395/1395/1395 1579/1579/1579 1555/1555/1555
f 1522/1522/1522 1521/1521/1521 1580/1580/1580
f 1522/1522/1522 1580/1580/1580 1579/1579/1579
f 1521/1521/1521 1520/1520/1520 1583/1583/1583
f 1521/1521/1521 1583/1583/1583 1580/1580/1580
f 1520/1520/1520 1509/1509/1509 1573/1573/1573
f 1520/1520/1520 1573/1573/1573 1583/1583/1583
f 1583/1583/1583 1573/1573/1573 1578/1578/1578
f 1583/1583/1583 1578/1578/1578 1584/1584/1584
f 1584/1584/1584 1578/1578/1578 1577/1577/1577
f 1584/1584/1584 1577/1577/1577 1587/1587/1587
f 1587/1587/1587 1577/1577/1577 1477/1477/1477
f 1587/1587/1587 1477/1477/1477 1475/1475/1475
f 1585/1585/1585 1587/1587/1587 1475/1475/1475
f 1585/1585/1585 1475/1475/1475 1473/1473/1473
f 1586/1586/1586 1585/1585/1585 1473/1473/1473
f 1586/1586/1586 1473/1473/1473 1470/1470/1470
f 1548/1548/1548 1586/1586/1586 1470/1470/1470
f 1548/1548/1548 1470/1470/1470 1469/1469/1469
f 1556/1556/1556 1582/1582/1582 1586/1586/1586
f 1556/1556/1556 1586/1586/1586 1548/1548/1548
f 1555/1555/1555 1579/1579/1579 1582/1582/1582
f 1555/1555/1555 1582/1582/1582 1556/1556/1556
f 1588/1588/1588 1589/1589/1589 1590/1590/1590
f 1588/1588/1588 1590/1590/1590 1591/1591/1591
f 1589/1589/1589 1592/1592/1592 1593/1593/1593
f 1589/1589/1589 1593/1593/1593 1590/1590/1590
f 1591/1591/1591 1590/1590/1590 1594/1594/1594
f 1591/1591/1591 1594/1594/1594 1595/1595/1595
f 1590/1590/1590 1593/1593/1593 1596/1596/1596
f 1590/1590/1590 1596/1596/1596 1594/1594/1594
f 1503/1503/1503 1534/1534/1534 1588/1588/1588
f 1503/1503/1503 1588/1588/1588 1574/1574/1574
f 1534/1534/1534 1533/1533/1533 1589/1589/1589
f 1534/1534/1534 1589/1589/1589 1588/1588/1588
f 1533/1533/1533 1532/1532/1532 1592/1592/1592
f 1533/1533/1533 1592/1592/1592 1589/1589/1589
f 1532/1532/1532 1401/1401/1401 1554/1554/1554
f 1532/1532/1532 1554/1554/1554 1592/1592/1592
f 1592/1592/1592 1554/1554/1554 1553/1553/1553
f 1592/1592/1592 1553/1553/1553 1593/1593/1593
f 1593/1593/1593 1553/1553/1553 1552/1552/1552
f 1593/1593/1593 1552/1552/1552 1596/1596/1596
f 1596/1596/1596 1552/1552/1552 1467/1467/1467
f 1596/1596/1596 1467/1467/1467 1465/1465/1465
f 1594/1594/1594 1596/1596/1596 1465/1465/1465
f 1594/1594/1594 1465/1465/1465 1463/1463/1463
f 1595/1595/1595 1594/1594/1594 1463/1463/1463
f 1595/1595/1595 1463/1463/1463 1460/1460/1460
f 1576/1576/1576 1595/1595/1595 1460/1460/1460
f 1576/1576/1576 1460/1460/1460 1459/1459/1459
f 1575/1575/1575 1591/1591/1591 1595/1595/1595
f 1575/1575/1575 1595/1595/1595 1576/1576/1576
f 1574/1574/1574 1588/1588/1588 1591/1591/1591
f 1574/1574/1574 1591/1591/1591 1575/1575/1575
# Vertices: 336, normals: 336, texture coordinates: 336, faces: 576

