# File generated by ImageToStl.com - Free Image and 3D model conversion tools

mtllib surgical_long_tip.mtl

o obj1
v -0.02443141 0.23167339 0.01971143
v -0.02559397 0.22184244 0.01971143
v -0.02367653 0.22184244 0.0196113
v -0.02299448 0.23167339 0.01961129
v -0.02640866 0.17990676 0.01971146
v -0.02406943 0.17990676 0.01961132
v -0.02181979 0.17990676 0.01931616
v -0.02183256 0.22184244 0.01931613
v -0.02161257 0.23167339 0.01931613
v -0.02013359 0.22184244 0.01883608
v -0.02033934 0.23167339 0.01883607
v -0.01974708 0.17990676 0.0188361
v -0.01792953 0.17990676 0.01819058
v -0.01864378 0.22184244 0.01819056
v -0.01922286 0.23167339 0.01819055
v -0.01742195 0.22184244 0.01740354
v -0.0183072 0.23167339 0.01740353
v -0.0164389 0.17990676 0.01740356
v -0.01533014 0.17990676 0.01650604
v -0.01651311 0.22184244 0.01650601
v -0.01762612 0.23167339 0.01650601
v -0.01595441 0.22184244 0.01553195
v -0.01720742 0.23167339 0.01553195
v -0.01464853 0.17990676 0.01553198
v -0.01441735 0.17990676 0.01451906
v -0.01576492 0.22184244 0.01451903
v -0.01706541 0.23167339 0.01451903
v -0.01595441 0.22184244 0.01350611
v -0.01720742 0.23167339 0.01350611
v -0.01464853 0.17990676 0.01350614
v -0.01595441 0.22184244 0.01350611
v -0.01464853 0.17990676 0.01350614
v -0.01533014 0.17990676 0.01253208
v -0.01651311 0.22184244 0.01253205
v -0.01720742 0.23167339 0.01350611
v -0.01762612 0.23167339 0.01253205
v -0.01750234 0.22184244 0.01162606
v -0.01836746 0.23167339 0.01162606
v -0.016537 0.17990676 0.01162609
v -0.01871425 0.17990676 0.01077994
v -0.01928701 0.22184244 0.01077991
v -0.01970491 0.23167339 0.01077991
v -0.02191782 -0.27526364 0.00951945
v -0.0190987 -0.27526364 0.01001644
v -0.01896741 -0.32002172 0.01018443
v -0.02150993 -0.31994709 0.00967004
v -0.01647707 -0.27526364 0.01078021
v -0.01655849 -0.31994709 0.01088776
v -0.01743962 -0.32929644 0.01146272
v -0.01968365 -0.33005318 0.01131263
v -0.02145761 -0.32929644 0.01046207
v -0.02402276 0.23167339 0.00951915
v -0.02504866 0.22184244 0.00951916
v -0.02744323 0.22184244 0.00945085
v -0.02581728 0.23167339 0.00945084
v -0.02574341 0.17990676 0.00951918
v -0.02866474 0.17990676 0.00945087
v -0.03099753 0.17990676 0.00972196
v -0.02935538 0.22184244 0.00972193
v -0.02725026 0.23167339 0.00972193
v -0.03105433 0.22184244 0.01020199
v -0.02852348 0.23167339 0.01020198
v -0.03307024 0.17990676 0.01020201
v -0.03488779 0.17990676 0.01084753
v -0.03254415 0.22184244 0.01084751
v -0.02963996 0.23167339 0.0108475
v -0.03376599 0.22184244 0.01163452
v -0.03055562 0.23167339 0.01163452
v -0.03637843 0.17990676 0.01163455
v -0.03748718 0.17990676 0.01253208
v -0.03467481 0.22184244 0.01253205
v -0.03123671 0.23167339 0.01253205
v -0.03523353 0.22184244 0.01350611
v -0.0316554 0.23167339 0.01350611
v -0.0381688 0.17990676 0.01350614
v -0.03523353 0.22184244 0.01350611
v -0.0381688 0.17990676 0.01350614
v -0.03839996 0.17990676 0.01451906
v -0.03542301 0.22184244 0.01451903
v -0.0316554 0.23167339 0.01350611
v -0.03179741 0.23167339 0.01451903
v -0.03523353 0.22184244 0.01553195
v -0.03165542 0.23167339 0.01553195
v -0.0381688 0.17990676 0.01553198
v -0.03748718 0.17990676 0.01650604
v -0.03467481 0.22184244 0.01650601
v -0.03123671 0.23167339 0.01650601
v -0.03376599 0.22184244 0.01740354
v -0.03055562 0.23167339 0.01740353
v -0.03637843 0.17990676 0.01740356
v -0.03488779 0.17990676 0.01819058
v -0.03254415 0.22184244 0.01819056
v -0.02963996 0.23167339 0.01819055
v -0.02243276 -0.27526364 0.01971161
v -0.02424339 -0.27526364 0.01961159
v -0.02364594 -0.32002172 0.01944687
v -0.02199806 -0.31994709 0.01957955
v -0.02598468 -0.27526364 0.01931643
v -0.02525357 -0.31994709 0.0191951
v -0.024675 -0.32929644 0.01855078
v -0.02318469 -0.33005318 0.01834252
v -0.02193609 -0.32929644 0.01887849
v -0.03105433 0.22184244 0.01883608
v -0.02852348 0.23167339 0.01883607
v -0.03307024 0.17990676 0.0188361
v -0.03099753 0.17990676 0.01931616
v -0.02935538 0.22184244 0.01931613
v -0.02725026 0.23167339 0.01931613
v -0.02751139 0.22184244 0.0196113
v -0.02586836 0.23167339 0.01961129
v -0.0287479 0.17990676 0.01961132
v -0.01919717 -0.32929668 0.01855078
v -0.02071417 -0.33005318 0.01834252
v -0.02209297 -0.33225116 0.01484743
v -0.0184317 -0.33005342 0.01777354
v -0.02546716 -0.33005318 0.01777354
v -0.02699694 -0.32929644 0.01761773
v -0.0272141 -0.33005318 0.01672211
v -0.02854842 -0.32929644 0.01622131
v -0.02815953 -0.33005318 0.01534834
v -0.02909322 -0.32929644 0.01457408
v -0.02815953 -0.33005318 0.01386144
v -0.02854842 -0.32929644 0.01292684
v -0.0272141 -0.33005318 0.01248768
v -0.02209297 -0.33225116 0.01484743
v -0.02815953 -0.33005318 0.01386144
v -0.02699694 -0.32929644 0.01153031
v -0.02546716 -0.33005318 0.01143625
v -0.024675 -0.32929644 0.01059726
v -0.02309175 -0.33005318 0.0109047
v -0.0167944 -0.33005318 0.01247456
v -0.01532376 -0.32929644 0.01292684
v -0.01573934 -0.33005318 0.01386144
v -0.01477896 -0.32929644 0.01457408
v -0.01573934 -0.33005318 0.01534834
v -0.01573934 -0.33005318 0.01386144
v -0.01532376 -0.32929644 0.01622131
v -0.01668476 -0.33005318 0.01672211
v -0.01687522 -0.32929668 0.01761773
v -0.01315114 -0.27526364 0.01451933
v -0.01333007 -0.27526364 0.01553225
v -0.01371941 -0.32002172 0.01550843
v -0.01349104 -0.31994709 0.01452794
v -0.01385766 -0.27526364 0.01650631
v -0.0141386 -0.31994709 0.01646115
v -0.02598468 -0.27526364 0.00972223
v -0.02417903 -0.27526364 0.00945115
v -0.02358203 -0.32002172 0.0096394
v -0.02525357 -0.31994709 0.00986077
v -0.02899586 -0.27526364 0.01819086
v -0.03014964 -0.27526364 0.01740384
v -0.02901815 -0.32002172 0.01731541
v -0.02801345 -0.31994709 0.01810004
v -0.03100786 -0.27526364 0.01650631
v -0.02985755 -0.31994709 0.01646115
v -0.01586966 -0.27526364 0.01819086
v -0.0172765 -0.27526364 0.01883625
v -0.01730901 -0.32002172 0.01869847
v -0.01598269 -0.31994709 0.01810004
v -0.01888083 -0.27526364 0.01931643
v -0.01874256 -0.31994709 0.0191951
v -0.02348018 0.25874296 0.01325551
v -0.02219804 0.25874296 0.01338116
v -0.02206801 0.25820413 0.01203469
v -0.02346675 0.25820413 0.01176051
v -0.02100574 0.25874296 0.01357416
v -0.02076726 0.25820413 0.01245609
v -0.02052252 0.25556698 0.01133863
v -0.02193704 0.25556698 0.01068894
v -0.02345814 0.25556698 0.01026622
v -0.03171438 -0.27526364 0.01451933
v -0.03153545 -0.27526364 0.01350641
v -0.03027864 -0.32002172 0.01355257
v -0.03050511 -0.31994709 0.01452794
v -0.03153545 -0.27526364 0.01350641
v -0.03100786 -0.27526364 0.01253223
v -0.02985755 -0.31994709 0.01259472
v -0.03027864 -0.32002172 0.01355257
v -0.01385766 -0.27526364 0.01253223
v -0.01333007 -0.27526364 0.01350641
v -0.01371941 -0.32002172 0.01355257
v -0.0141386 -0.31994709 0.01259472
v -0.01333007 -0.27526364 0.01350641
v -0.01371941 -0.32002172 0.01355257
v -0.02899586 -0.27526364 0.0108478
v -0.02758901 -0.27526364 0.01020228
v -0.02668905 -0.32002172 0.01036253
v -0.02801345 -0.31994709 0.01095583
v -0.02758901 -0.27526364 0.01883625
v -0.02668905 -0.32002196 0.01869847
v -0.01471587 -0.27526364 0.01740384
v -0.01497992 -0.32002196 0.01731541
v -0.02062212 -0.27526364 0.01961159
v -0.02035211 -0.32002172 0.01944687
v -0.03153545 -0.27526364 0.01553225
v -0.03027864 -0.32002196 0.01550843
v -0.0147918 -0.27526364 0.01162636
v -0.01505532 -0.32002196 0.01173665
v -0.03014964 -0.27526364 0.01163482
v -0.02901815 -0.32002196 0.01174547
v -0.02209896 0.25874296 0.01573125
v -0.0228909 0.25874296 0.01580587
v -0.02282387 0.25820413 0.01732842
v -0.02195992 0.25820413 0.01716558
v -0.02371437 0.25874296 0.01583115
v -0.02372225 0.25820413 0.01738373
v -0.02373597 0.25556698 0.01893548
v -0.02275902 0.25556698 0.01885036
v -0.0218195 0.25556698 0.01859931
v -0.0207295 0.25874296 0.01544682
v -0.02136931 0.25874296 0.01560989
v -0.0211639 0.25820413 0.01690069
v -0.02046588 0.25820413 0.01654461
v -0.02095387 0.25556698 0.01819102
v -0.0201948 0.25556698 0.01764194
v -0.01981445 0.25874296 0.01502112
v -0.02020475 0.25874296 0.01524797
v -0.01989341 0.25820413 0.01611045
v -0.01946761 0.25820413 0.01561526
v -0.01957226 0.25556698 0.01697258
v -0.01910921 0.25556698 0.01620916
v -0.01949312 0.25874296 0.01451901
v -0.0195745 0.25874296 0.01477495
v -0.01920583 0.25820413 0.01507786
v -0.01911706 0.25820413 0.01451901
v -0.01882453 0.25556698 0.01538054
v -0.01872799 0.25556698 0.01451901
v -0.01981445 0.25874296 0.0140169
v -0.0195745 0.25874296 0.01426307
v -0.01920583 0.25820413 0.01396016
v -0.01946761 0.25820413 0.01342276
v -0.0195745 0.25874296 0.01426307
v -0.01920583 0.25820413 0.01396016
v -0.01882453 0.25556698 0.01365749
v -0.01882453 0.25556698 0.01365749
v -0.01910921 0.25556698 0.01282886
v -0.02023928 0.25874296 0.0137879
v -0.01993108 0.25820413 0.01292292
v -0.01961322 0.25556698 0.01205829
v -0.02559968 0.32667676 0.01465391
v -0.02472444 0.32667676 0.01467764
v -0.02337039 0.33743468 0.01463019
v -0.02417015 0.33731213 0.01461445
v -0.02372635 0.32667676 0.01469528
v -0.0225384 0.33731213 0.01464366
v -0.02139636 0.34370747 0.01460419
v -0.02164674 0.3449513 0.01458488
v -0.02265606 0.34370747 0.01458441
v -0.02532976 0.25874296 0.01330677
v -0.02450855 0.25874296 0.01323823
v -0.02458868 0.25820413 0.01172284
v -0.02548458 0.25820413 0.01187245
v -0.02467819 0.25556698 0.01020817
v -0.02565244 0.25556698 0.01043872
v -0.02669923 0.25874296 0.0135912
v -0.02605941 0.25874296 0.01342813
v -0.02628058 0.25820413 0.01213733
v -0.02697861 0.25820413 0.01249341
v -0.02651806 0.25556698 0.01084701
v -0.02727714 0.25556698 0.01139609
v -0.02761428 0.25874296 0.0140169
v -0.02722396 0.25874296 0.01379004
v -0.02755109 0.25820413 0.01292757
v -0.02797689 0.25820413 0.01342276
v -0.02789968 0.25556698 0.01206545
v -0.02836274 0.25556698 0.01282886
v -0.0279356 0.25874296 0.01451901
v -0.02785422 0.25874296 0.01426307
v -0.02823867 0.25820413 0.01396016
v -0.02832744 0.25820413 0.01451901
v -0.02785422 0.25874296 0.01426307
v -0.02823867 0.25820413 0.01396016
v -0.02864739 0.25556698 0.01365749
v -0.02864739 0.25556698 0.01365749
v -0.02874394 0.25556698 0.01451901
v -0.02761428 0.25874296 0.01502112
v -0.02785422 0.25874296 0.01477495
v -0.02823867 0.25820413 0.01507786
v -0.02797689 0.25820413 0.01561526
v -0.02864739 0.25556698 0.01538054
v -0.02836274 0.25556698 0.01620916
v -0.02669923 0.25874296 0.01544682
v -0.02722396 0.25874296 0.01524797
v -0.02755109 0.25820413 0.01611045
v -0.02697861 0.25820413 0.01654461
v -0.02789968 0.25556698 0.01697258
v -0.02727714 0.25556698 0.01764194
v -0.02532976 0.25874296 0.01573125
v -0.02605941 0.25874296 0.01560989
v -0.02628058 0.25820413 0.01690069
v -0.02548458 0.25820413 0.01716558
v -0.02651806 0.25556698 0.01819102
v -0.02565244 0.25556698 0.01859931
v -0.02453783 0.25874296 0.01580587
v -0.02462062 0.25820413 0.01732842
v -0.02471291 0.25556698 0.01885036
v -0.01991046 0.34370747 0.01461123
v -0.01911123 0.3449513 0.01459656
v -0.01941388 0.34856454 0.01452396
v -0.02042915 0.3449513 0.01459656
v -0.01842454 0.34370747 0.01460419
v -0.01789364 0.3449513 0.01458488
v -0.01716486 0.34370747 0.01458441
v -0.01696174 0.3449513 0.01456342
v -0.01632315 0.34370747 0.01455472
v -0.0164574 0.3449513 0.01453541
v -0.01602759 0.34370747 0.01451979
v -0.0164574 0.3449513 0.01450501
v -0.01632315 0.34370747 0.01448475
v -0.01701853 0.3449513 0.01447676
v -0.01941388 0.34856454 0.01452396
v -0.0164574 0.3449513 0.01450501
v -0.01746385 0.34370747 0.01445375
v -0.01856125 0.3449513 0.01445292
v -0.01965699 0.34370747 0.01443218
v -0.02038101 0.3449513 0.01444457
v -0.02139636 0.34370747 0.01443527
v -0.02164674 0.3449513 0.01445554
v -0.02265606 0.34370747 0.01445506
v -0.02257866 0.3449513 0.014477
v -0.02349775 0.34370747 0.01448475
v -0.023083 0.3449513 0.01450501
v -0.02379331 0.34370747 0.01451979
v -0.023083 0.3449513 0.01453541
v -0.023083 0.3449513 0.01450501
v -0.02349775 0.34370747 0.01455472
v -0.02257866 0.3449513 0.01456342
v -0.0157423 0.32667676 0.01451897
v -0.01585362 0.32667676 0.01448178
v -0.01570817 0.33743468 0.01449309
v -0.01558387 0.33731213 0.01451908
v -0.01585362 0.32667676 0.01448178
v -0.01618184 0.32667676 0.01444589
v -0.01596673 0.33731213 0.01446746
v -0.01570817 0.33743468 0.01449309
v -0.02729093 0.32667676 0.01451897
v -0.02717962 0.32667676 0.01455616
v -0.02549106 0.33743468 0.01454519
v -0.02564332 0.33731213 0.01451908
v -0.02685139 0.32667676 0.01459204
v -0.02526047 0.33731213 0.0145707
v -0.01676299 0.32667676 0.01441264
v -0.01649679 0.33743468 0.0144447
v -0.01781143 0.32667676 0.01438152
v -0.01739472 0.33731213 0.01442205
v -0.02631748 0.32667676 0.01462507
v -0.02474638 0.33743468 0.01459335
v -0.01944241 0.32667676 0.01435339
v -0.01880849 0.33743468 0.01440333
v -0.02119626 0.32667676 0.01433515
v -0.02032733 0.33731213 0.01438938
v -0.02151662 0.32667676 0.01470982
v -0.02039017 0.32667676 0.01470625
v -0.01962663 0.33743468 0.01465009
v -0.0206136 0.33731213 0.01465391
v -0.01930689 0.32667676 0.01469528
v -0.0186888 0.33731213 0.01464366
v -0.02264306 0.32667676 0.01470625
v -0.02157258 0.33743468 0.01465009
v -0.02260301 0.32667676 0.01433265
v -0.02153531 0.33743468 0.01438879
v -0.02372635 0.32667676 0.01434266
v -0.0225384 0.33731213 0.01439451
v -0.01830879 0.32667676 0.01467764
v -0.01782882 0.33743468 0.01463019
v -0.01743356 0.32667676 0.01465391
v -0.01705705 0.33731213 0.01461445
v -0.02472444 0.32667676 0.0143603
v -0.02337039 0.33743468 0.0144081
v -0.02559968 0.32667676 0.01438402
v -0.02417015 0.33731213 0.01442383
v -0.01671575 0.32667676 0.01462507
v -0.01645284 0.33743468 0.01459335
v -0.01618184 0.32667676 0.01459204
v -0.01596673 0.33731213 0.0145707
v -0.02631748 0.32667676 0.01441287
v -0.02474638 0.33743468 0.01444493
v -0.02685139 0.32667676 0.01444589
v -0.02526047 0.33731213 0.01446746
v -0.01585362 0.32667676 0.01455616
v -0.01570817 0.33743468 0.01454519
v -0.02717962 0.32667676 0.01448178
v -0.02549106 0.33743468 0.01449309
v -0.02717962 0.32667676 0.01448178
v -0.02549106 0.33743468 0.01449309
v -0.02030567 0.24212685 0.0107799
v -0.02184266 0.24212685 0.01001613
v -0.0218876 0.24940696 0.01010028
v -0.02041084 0.24940696 0.01084975
v -0.02349545 0.24212685 0.00951914
v -0.02347562 0.24940696 0.00961248
v -0.02780427 0.28145066 0.01435794
v -0.02810659 0.28145066 0.01443686
v -0.02798721 0.29263869 0.01444794
v -0.02766966 0.29263893 0.01437975
v -0.02810659 0.28145066 0.01443686
v -0.02820911 0.28145066 0.014519
v -0.02809492 0.29263893 0.01451899
v -0.02798721 0.29263869 0.01444794
v -0.0279503 0.30396906 0.01451898
v -0.02783956 0.30396906 0.01445926
v -0.02783956 0.30396906 0.01445926
v -0.027513 0.30396906 0.0144018
v -0.01797699 0.28145066 0.01468005
v -0.01767467 0.28145066 0.01460113
v -0.01702894 0.29263869 0.01459004
v -0.01734652 0.29263893 0.01465823
v -0.01757215 0.28145066 0.014519
v -0.01692124 0.29263893 0.01451899
v -0.01646044 0.30396906 0.01451898
v -0.0165712 0.30396906 0.01457871
v -0.01689775 0.30396906 0.01463617
v -0.02665137 0.28145066 0.01422145
v -0.0273125 0.28145066 0.01428523
v -0.02715308 0.29263869 0.01431681
v -0.02645858 0.29263893 0.01426162
v -0.0269818 0.30396906 0.01434875
v -0.02626765 0.30396906 0.01430238
v -0.01912989 0.28145066 0.01481654
v -0.01846875 0.28145066 0.01475277
v -0.0178631 0.29263869 0.01472117
v -0.0185576 0.29263893 0.01477636
v -0.01742895 0.30396906 0.01468921
v -0.01814309 0.30396906 0.01473559
v -0.02492592 0.28145066 0.01413026
v -0.02584523 0.28145066 0.01416912
v -0.02561176 0.29263869 0.01421644
v -0.02464608 0.29263893 0.0141827
v -0.02539689 0.30396906 0.01426423
v -0.02440386 0.30396906 0.01423598
v -0.02085534 0.28145066 0.01490774
v -0.01993603 0.28145066 0.01486888
v -0.0194044 0.29263869 0.01482154
v -0.0203701 0.29263893 0.01485528
v -0.01901387 0.30396906 0.01477373
v -0.02000688 0.30396906 0.01480199
v -0.02259557 0.28145066 0.0141138
v -0.02389127 0.28145066 0.0141082
v -0.02355921 0.29263869 0.01416375
v -0.02219814 0.29263893 0.01416851
v -0.02328624 0.30396906 0.01422001
v -0.02188665 0.30396906 0.01422406
v -0.02492592 0.28145066 0.01490774
v -0.02392815 0.28145066 0.0149317
v -0.02359796 0.29263869 0.0148759
v -0.02464608 0.29263893 0.01485528
v -0.02289063 0.28145066 0.01493981
v -0.02250809 0.29263893 0.01488294
v -0.02220537 0.30396906 0.01482535
v -0.02332609 0.30396906 0.01481939
v -0.02440386 0.30396906 0.01480199
v -0.02185311 0.28145066 0.0149317
v -0.02141822 0.29263869 0.0148759
v -0.02108467 0.30396906 0.01481939
v -0.01947794 0.28145066 0.01421597
v -0.02098017 0.28145066 0.0141541
v -0.02050123 0.29263869 0.01420332
v -0.0189232 0.29263893 0.01425685
v -0.02014172 0.30396906 0.01425327
v -0.01851905 0.30396906 0.01429833
v -0.02780427 0.28145066 0.01468005
v -0.0273125 0.28145066 0.01475277
v -0.02715308 0.29263869 0.01472117
v -0.02766966 0.29263893 0.01465823
v -0.02665137 0.28145066 0.01481654
v -0.02645858 0.29263893 0.01477636
v -0.02626765 0.30396906 0.01473559
v -0.0269818 0.30396906 0.01468921
v -0.027513 0.30396906 0.01463617
v -0.01797699 0.28145066 0.01435794
v -0.01851227 0.28145066 0.01428451
v -0.0179088 0.29263869 0.01431622
v -0.01734652 0.29263893 0.01437975
v -0.01747593 0.30396906 0.01434828
v -0.01689775 0.30396906 0.0144018
v -0.02810659 0.28145066 0.01460113
v -0.02798721 0.29263869 0.01459004
v -0.02783956 0.30396906 0.01457871
v -0.01767467 0.28145066 0.01443686
v -0.01702894 0.29263869 0.01444794
v -0.01767467 0.28145066 0.01443686
v -0.01702894 0.29263869 0.01444794
v -0.0165712 0.30396906 0.01445926
v -0.0165712 0.30396906 0.01445926
v -0.02584523 0.28145066 0.01486888
v -0.02561176 0.29263869 0.01482154
v -0.02539689 0.30396906 0.01477373
v -0.0277762 0.31532279 0.01447046
v -0.0274404 0.31532279 0.01442385
v -0.02789007 0.31532279 0.01451898
v -0.0277762 0.31532279 0.01447046
v -0.0161892 0.31532279 0.01456749
v -0.016525 0.31532279 0.01461411
v -0.01607533 0.31532279 0.01451898
v -0.02689418 0.31532279 0.01438081
v -0.02615984 0.31532279 0.01434314
v -0.01707122 0.31532279 0.01465714
v -0.01780555 0.31532279 0.01469481
v -0.02526444 0.31532279 0.01431227
v -0.02424336 0.31532279 0.01428926
v -0.01870094 0.31532279 0.01472569
v -0.01972205 0.31532279 0.01474869
v -0.02309413 0.31532279 0.01427627
v -0.02165497 0.31532279 0.0142796
v -0.0231351 0.31532279 0.01476276
v -0.02424336 0.31532279 0.01474869
v -0.0219827 0.31532279 0.01476765
v -0.02083031 0.31532279 0.01476276
v -0.0198607 0.31532279 0.01430333
v -0.01819214 0.31532279 0.01433992
v -0.02689418 0.31532279 0.01465714
v -0.0274404 0.31532279 0.01461411
v -0.02615984 0.31532279 0.01469481
v -0.01711953 0.31532279 0.01438046
v -0.016525 0.31532279 0.01442385
v -0.0277762 0.31532279 0.01456749
v -0.0161892 0.31532279 0.01447046
v -0.0161892 0.31532279 0.01447046
v -0.02526444 0.31532279 0.01472569
v -0.02660783 0.26309529 0.0148826
v -0.0259535 0.26309529 0.01494649
v -0.02594431 0.27092472 0.01491335
v -0.02667397 0.27092472 0.01485446
v -0.02520733 0.26309529 0.01499406
v -0.0251122 0.27092472 0.01495722
v -0.01923841 0.26309529 0.01451901
v -0.01932164 0.26309529 0.01441875
v -0.01854877 0.27092472 0.0144265
v -0.01845597 0.27092472 0.014519
v -0.01932164 0.26309529 0.01441875
v -0.01956701 0.26309529 0.01432231
v -0.01882242 0.27092472 0.01433745
v -0.01854877 0.27092472 0.0144265
v -0.02787222 0.26309529 0.01451901
v -0.027789 0.26309529 0.01461926
v -0.02799116 0.27092472 0.01461151
v -0.02808397 0.27092472 0.014519
v -0.02754362 0.26309529 0.0147157
v -0.02771752 0.27092472 0.01470056
v -0.02000149 0.26309529 0.01423255
v -0.01930691 0.27092472 0.01425472
v -0.0207853 0.26309529 0.01414874
v -0.02018099 0.27092472 0.01417747
v -0.02714446 0.26309529 0.01480463
v -0.02727241 0.27092472 0.01478245
v -0.02200464 0.26309529 0.01407317
v -0.02154073 0.27092472 0.01410761
v -0.02331582 0.26309529 0.01402393
v -0.02300289 0.27092472 0.01406219
v -0.02355531 0.26309529 0.01503316
v -0.02271319 0.26309529 0.01502326
v -0.02233087 0.27092472 0.01498416
v -0.02326997 0.27092472 0.01499334
v -0.02190331 0.26309529 0.01499406
v -0.02142774 0.27092472 0.01495722
v -0.02439745 0.26309529 0.01502326
v -0.02420907 0.27092472 0.01498416
v -0.02436751 0.26309529 0.01401714
v -0.02417569 0.27092472 0.01405599
v -0.02520733 0.26309529 0.01404396
v -0.0251122 0.27092472 0.01408079
v -0.02115713 0.26309529 0.01494649
v -0.02059563 0.27092472 0.01491335
v -0.02050281 0.26309529 0.0148826
v -0.01986596 0.27092472 0.01485446
v -0.0259535 0.26309529 0.01409152
v -0.02594431 0.27092472 0.01412466
v -0.02660783 0.26309529 0.01415542
v -0.02667397 0.27092472 0.01418355
v -0.01996617 0.26309529 0.01480463
v -0.01926753 0.27092472 0.01478245
v -0.01956701 0.26309529 0.0147157
v -0.01882242 0.27092472 0.01470056
v -0.02714446 0.26309529 0.01423338
v -0.02727241 0.27092472 0.01425555
v -0.02754362 0.26309529 0.01432231
v -0.02771752 0.27092472 0.01433745
v -0.01932164 0.26309529 0.01461926
v -0.01854877 0.27092472 0.01461151
v -0.027789 0.26309529 0.01441875
v -0.02799116 0.27092472 0.0144265
v -0.027789 0.26309529 0.01441875
v -0.02799116 0.27092472 0.0144265
v -0.03636539 0.0842537 0.01163461
v -0.03752229 0.0842537 0.01253213
v -0.03481004 0.0842537 0.01084759
v -0.03302625 -0.04476079 0.01084766
v -0.03448616 -0.04476079 0.01163468
v -0.03557208 -0.04476079 0.01253209
v -0.0156624 0.0842537 0.01162614
v -0.01793421 0.0842537 0.01078
v -0.01440315 0.0842537 0.01253213
v -0.01387151 -0.04476079 0.01253209
v -0.01505348 -0.04476079 0.01162622
v -0.0171859 -0.04476079 0.01078007
v -0.0382335 0.0842537 0.01553204
v -0.03752229 0.0842537 0.01650609
v -0.03847471 0.0842537 0.01451911
v -0.03646606 -0.04476079 0.01451919
v -0.03623965 -0.04476079 0.01553211
v -0.03557208 -0.04476079 0.01650617
v -0.02352192 0.0842537 0.01961138
v -0.0211746 0.0842537 0.01931622
v -0.02596273 0.0842537 0.01971151
v -0.02472179 -0.04476079 0.01971147
v -0.02243075 -0.04476079 0.01961145
v -0.02022745 -0.04476079 0.01931629
v -0.01556005 0.0842537 0.01740362
v -0.01440315 0.0842537 0.01650609
v -0.01711542 0.0842537 0.01819064
v -0.01641734 -0.04476079 0.01819072
v -0.01495741 -0.04476079 0.0174037
v -0.01387151 -0.04476079 0.01650617
v -0.03291355 0.0842537 0.01883616
v -0.03075084 0.0842537 0.01931622
v -0.03481004 0.0842537 0.01819064
v -0.03302625 -0.04476079 0.01819072
v -0.03124614 -0.04476079 0.01883624
v -0.02921613 -0.04476079 0.01931629
v -0.03291355 0.0842537 0.01020207
v -0.03075084 0.0842537 0.00972201
v -0.02921613 -0.04476079 0.00972209
v -0.03124614 -0.04476079 0.01020215
v -0.01369193 0.0842537 0.01350619
v -0.01345073 0.0842537 0.01451911
v -0.01369193 0.0842537 0.01350619
v -0.01297753 -0.04476079 0.01451919
v -0.01320392 -0.04476079 0.01350627
v -0.01320392 -0.04476079 0.01350627
v -0.0382335 0.0842537 0.01350619
v -0.0382335 0.0842537 0.01350619
v -0.03623965 -0.04476079 0.01350627
v -0.03623965 -0.04476079 0.01350627
v -0.01901189 0.0842537 0.01883616
v -0.01819745 -0.04476079 0.01883624
v -0.03636539 0.0842537 0.01740362
v -0.03448617 -0.04476079 0.0174037
v -0.02831677 0.0842537 0.00945093
v -0.02526857 0.0842537 0.00951924
v -0.02407023 -0.04476079 0.00951931
v -0.02693139 -0.04476079 0.00945101
v -0.01369193 0.0842537 0.01553204
v -0.01320392 -0.04476079 0.01553211
v -0.02840352 0.0842537 0.01961138
v -0.02701284 -0.04476079 0.01961145
v -0.02210126 0.17990676 0.01001616
v -0.02146827 0.0842537 0.01001622
v -0.02050312 -0.04476079 0.0100163
v -0.02178545 0.23167339 0.01001613
v -0.02174619 0.23634019 0.01001613
v -0.02005929 0.23634019 0.0107799
v -0.02356018 0.23634019 0.00951915
v -0.02576646 0.24940696 0.01922647
v -0.02478561 0.24940696 0.01951615
v -0.02587973 0.24212685 0.01931612
v -0.02485886 0.24212685 0.01961128
v -0.02379734 0.24212685 0.01971142
v -0.02376567 0.24940696 0.01961438
v -0.02746266 0.24940696 0.018122
v -0.02667019 0.24940696 0.01875536
v -0.02764511 0.24212685 0.01819055
v -0.02682032 0.24212685 0.01883607
v -0.02859602 0.24940696 0.01646892
v -0.02811259 0.24940696 0.01734964
v -0.02882469 0.24212685 0.016506
v -0.02832154 0.24212685 0.01740353
v -0.02899401 0.24940696 0.01451902
v -0.02889322 0.24940696 0.01551298
v -0.02923891 0.24212685 0.01451902
v -0.02913401 0.24212685 0.01553194
v -0.02859602 0.24940696 0.01256911
v -0.02889322 0.24940696 0.01352505
v -0.02882469 0.24212685 0.01253204
v -0.02913401 0.24212685 0.0135061
v -0.02889322 0.24940696 0.01352505
v -0.02913401 0.24212685 0.0135061
v -0.02746266 0.24940696 0.01091603
v -0.02811259 0.24940696 0.01168839
v -0.02764511 0.24212685 0.01084749
v -0.02832154 0.24212685 0.01163451
v -0.02576646 0.24940696 0.00981156
v -0.02667019 0.24940696 0.01028267
v -0.02587973 0.24212685 0.00972192
v -0.02682032 0.24212685 0.01020197
v -0.02474936 0.24940696 0.00954548
v -0.02482113 0.24212685 0.00945084
v -0.01893532 0.24940696 0.01256911
v -0.01946153 0.24940696 0.01168005
v -0.01876998 0.24212685 0.01253204
v -0.01931764 0.24212685 0.01162605
v -0.01853734 0.24940696 0.01451902
v -0.01863814 0.24940696 0.01352505
v -0.01835577 0.24212685 0.01451902
v -0.01846066 0.24212685 0.0135061
v -0.01863814 0.24940696 0.01352505
v -0.01846066 0.24212685 0.0135061
v -0.01893532 0.24940696 0.01646892
v -0.01863814 0.24940696 0.01551298
v -0.01876998 0.24212685 0.016506
v -0.01846066 0.24212685 0.01553194
v -0.02006869 0.24940696 0.018122
v -0.01941876 0.24940696 0.01734964
v -0.01994957 0.24212685 0.01819055
v -0.01927313 0.24212685 0.01740353
v -0.02176488 0.24940696 0.01922647
v -0.02086115 0.24940696 0.01875536
v -0.02171494 0.24212685 0.01931612
v -0.02077435 0.24212685 0.01883607
v -0.02274575 0.24940696 0.01951615
v -0.02273581 0.24212685 0.01961128
v -0.02206326 0.22184244 0.01001614
v -0.02617704 0.23634019 0.01931612
v -0.02505659 0.23634019 0.01961129
v -0.02389153 0.23634019 0.01971142
v -0.02811459 0.23634019 0.01819055
v -0.02720936 0.23634019 0.01883607
v -0.02940923 0.23634019 0.016506
v -0.02885701 0.23634019 0.01740353
v -0.02986385 0.23634019 0.01451902
v -0.02974871 0.23634019 0.01553195
v -0.02940923 0.23634019 0.01253204
v -0.02974871 0.23634019 0.0135061
v -0.02974871 0.23634019 0.0135061
v -0.02811459 0.23634019 0.0108475
v -0.02885701 0.23634019 0.01163452
v -0.02617704 0.23634019 0.00972192
v -0.02720936 0.23634019 0.01020198
v -0.02501518 0.23634019 0.00945084
v -0.01837382 0.23634019 0.01253204
v -0.01897489 0.23634019 0.01162605
v -0.0179192 0.23634019 0.01451902
v -0.01803433 0.23634019 0.0135061
v -0.01803433 0.23634019 0.0135061
v -0.01837382 0.23634019 0.016506
v -0.01803433 0.23634019 0.01553195
v -0.01966845 0.23634019 0.01819055
v -0.01892604 0.23634019 0.01740353
v -0.02160602 0.23634019 0.01931612
v -0.02057369 0.23634019 0.01883607
v -0.02272645 0.23634019 0.01961129
v -0.02770968 0.25957099 0.01439634
v -0.02747636 0.25957099 0.01427833
v -0.0277888 0.25957099 0.01451901
v -0.02770968 0.25957099 0.01439634
v -0.01965854 0.25957099 0.01464168
v -0.01989186 0.25957099 0.01475969
v -0.01957941 0.25957099 0.01451901
v -0.02709682 0.25957099 0.01416961
v -0.02658656 0.25957099 0.01407424
v -0.02027139 0.25957099 0.01486841
v -0.02078165 0.25957099 0.01496378
v -0.02596441 0.25957099 0.01399604
v -0.02525491 0.25957099 0.01393786
v -0.02140381 0.25957099 0.01504198
v -0.02211331 0.25957099 0.01510016
v -0.02445638 0.25957099 0.01390496
v -0.02345638 0.25957099 0.01391331
v -0.02448484 0.25957099 0.01513592
v -0.02525491 0.25957099 0.01510016
v -0.0236841 0.25957099 0.01514808
v -0.02288337 0.25957099 0.01513592
v -0.02220966 0.25957099 0.01397351
v -0.02105026 0.25957099 0.01406601
v -0.02709682 0.25957099 0.01486841
v -0.02747636 0.25957099 0.01475969
v -0.02658656 0.25957099 0.01496378
v -0.02030498 0.25957099 0.01416853
v -0.01989186 0.25957099 0.01427833
v -0.02770968 0.25957099 0.01464168
v -0.01965854 0.25957099 0.01439634
v -0.01965854 0.25957099 0.01439634
v -0.02596441 0.25957099 0.01504198
v -0.03209631 -0.17576131 0.01163476
v -0.03306198 -0.17576131 0.01253217
v -0.03079806 -0.17576131 0.01084774
v -0.01481557 -0.17576131 0.0116263
v -0.01671183 -0.17576131 0.01078015
v -0.01376447 -0.17576131 0.01253217
v -0.03365563 -0.17576131 0.01553219
v -0.03306198 -0.17576131 0.01650625
v -0.03385696 -0.17576131 0.01451927
v -0.02137588 -0.17576131 0.01961153
v -0.01941659 -0.17576131 0.01931637
v -0.02341323 -0.17576131 0.01971155
v -0.01473014 -0.17576131 0.01740378
v -0.01376447 -0.17576131 0.01650625
v -0.01602839 -0.17576131 0.0181908
v -0.02921508 -0.17576131 0.01883619
v -0.02740987 -0.17576131 0.01931637
v -0.03079806 -0.17576131 0.0181908
v -0.02921508 -0.17576131 0.01020222
v -0.02740987 -0.17576131 0.00972217
v -0.01317083 -0.17576131 0.01350635
v -0.0129695 -0.17576131 0.01451927
v -0.01317083 -0.17576131 0.01350635
v -0.03365563 -0.17576131 0.01350635
v -0.03365563 -0.17576131 0.01350635
v -0.01761137 -0.17576131 0.01883619
v -0.03209631 -0.17576131 0.01740378
v -0.02537814 -0.17576131 0.00945109
v -0.02283383 -0.17576131 0.00951939
v -0.01317083 -0.17576131 0.01553219
v -0.02545056 -0.17576131 0.01961153
v -0.01966171 -0.17576131 0.01001638
vn -0.00078 0.00189 1
vn -0.00212 0.00103 1
vn 0.10617 -0.00381 0.99434
vn 0.13679 -0.00686 0.99058
vn -0.00039 0.00012 1
vn 0.08959 -8E-05 0.99598
vn 0.18461 0.00073 0.98281
vn 0.21926 -0.002 0.97567
vn 0.27673 -0.00145 0.96095
vn 0.34164 0.0059 0.93981
vn 0.42096 0.01674 0.90692
vn 0.29051 0.00256 0.95687
vn 0.41462 0.00544 0.90998
vn 0.47856 0.01947 0.87784
vn 0.56926 0.04535 0.8209
vn 0.63216 0.03739 0.77393
vn 0.7168 0.08039 0.69263
vn 0.56487 0.00938 0.82512
vn 0.74339 0.01417 0.6687
vn 0.79569 0.05705 0.60301
vn 0.85146 0.11555 0.51154
vn 0.93729 0.07339 0.34073
vn 0.95081 0.14252 0.27505
vn 0.91898 0.01877 0.39387
vn 0.99978 0.02081 -0.00014
vn 0.99679 0.08002 -0.00012
vn 0.98826 0.15279 -7E-05
vn 0.93732 0.07343 -0.34065
vn 0.95082 0.14252 -0.27501
vn 0.919 0.01877 -0.39382
vn 0.93726 0.07342 -0.34082
vn 0.91894 0.01877 -0.39395
vn 0.73106 0.01392 -0.68217
vn 0.7845 0.05617 -0.61758
vn 0.95078 0.14251 -0.27516
vn 0.84209 0.11401 -0.52715
vn 0.56602 0.03261 -0.82374
vn 0.6524 0.071 -0.75454
vn 0.49964 0.00814 -0.8662
vn 0.30218 0.00337 -0.95325
vn 0.35475 0.01068 -0.9349
vn 0.43502 0.0267 -0.90003
vn 0.10025 -0.0011 -0.99496
vn 0.22372 -0.00073 -0.97465
vn 0.23606 -0.05378 -0.97025
vn 0.1017 -0.05384 -0.99336
vn 0.36202 -0.00129 -0.93217
vn 0.40191 -0.06104 -0.91364
vn 0.38564 -0.39107 -0.83567
vn 0.19772 -0.61744 -0.76136
vn 0.09506 -0.39343 -0.91443
vn 0.12502 -0.00913 -0.99211
vn 0.09645 -0.00454 -0.99533
vn -0.06163 0.00834 -0.99806
vn -0.07449 0.01576 -0.9971
vn 0.082 -0.00026 -0.99663
vn -0.04856 0.00088 -0.99882
vn -0.17795 0.00361 -0.98403
vn -0.21467 0.03081 -0.9762
vn -0.26592 0.06127 -0.96205
vn -0.34498 0.05791 -0.93682
vn -0.41827 0.11463 -0.90106
vn -0.29133 0.00726 -0.9566
vn -0.41559 0.0121 -0.90947
vn -0.48024 0.09062 -0.87244
vn -0.56022 0.17572 -0.80949
vn -0.63011 0.12805 -0.76588
vn -0.69652 0.24087 -0.6759
vn -0.56584 0.0183 -0.82431
vn -0.74417 0.02561 -0.6675
vn -0.78741 0.16564 -0.59376
vn -0.81598 0.30131 -0.49334
vn -0.92207 0.19504 -0.33429
vn -0.90092 0.34538 -0.26279
vn -0.91903 0.03244 -0.39285
vn -0.92212 0.19508 -0.33411
vn -0.9191 0.03244 -0.39269
vn -0.99937 0.03537 0.00013
vn -0.97847 0.20639 9E-05
vn -0.90095 0.34542 -0.26263
vn -0.93226 0.36179 4E-05
vn -0.92211 0.19507 0.33416
vn -0.90095 0.3454 0.26265
vn -0.91907 0.03245 0.39277
vn -0.74417 0.02561 0.6675
vn -0.78741 0.16564 0.59375
vn -0.81599 0.30131 0.49333
vn -0.63011 0.12804 0.76588
vn -0.69654 0.24087 0.67588
vn -0.56586 0.0183 0.8243
vn -0.41556 0.0121 0.90949
vn -0.48023 0.09061 0.87245
vn -0.56023 0.17573 0.80948
vn -0.00017 -0.00174 1
vn -0.10974 -0.00308 0.99396
vn -0.11554 -0.05079 0.992
vn 0.0004 -0.04841 0.99883
vn -0.22456 -0.00504 0.97445
vn -0.24741 -0.05423 0.96739
vn -0.24128 -0.34369 0.90756
vn -0.09735 -0.61928 0.77911
vn 0.0017 -0.34179 0.93977
vn -0.34496 0.0579 0.93683
vn -0.41827 0.11463 0.90106
vn -0.29135 0.00727 0.95659
vn -0.18537 0.00374 0.98266
vn -0.22306 0.03183 0.97429
vn -0.27688 0.06348 0.95881
vn -0.11 0.01287 0.99385
vn -0.13777 0.02541 0.99014
vn -0.09033 0.00139 0.99591
vn 0.24533 -0.34319 0.90666
vn 0.09798 -0.62171 0.7771
vn -0.0041 -0.99971 0.0237
vn 0.28817 -0.66821 0.68589
vn -0.28999 -0.66214 0.69099
vn -0.51822 -0.34969 0.78049
vn -0.46408 -0.73384 0.49609
vn -0.80208 -0.36483 0.47283
vn -0.58031 -0.79301 0.18539
vn -0.92545 -0.3788 -0.00701
vn -0.57466 -0.79749 -0.1838
vn -0.79507 -0.37307 -0.47821
vn -0.45162 -0.74935 -0.48427
vn -0.0041 -0.99971 0.02362
vn -0.57461 -0.79747 -0.184
vn -0.51401 -0.36451 -0.77648
vn -0.2753 -0.68916 -0.67027
vn -0.22908 -0.36468 -0.90251
vn -0.04157 -0.63342 -0.77269
vn 0.41598 -0.71831 -0.55766
vn 0.79181 -0.3707 -0.4854
vn 0.56548 -0.80266 -0.18967
vn 0.92766 -0.37335 -0.00708
vn 0.57298 -0.79884 0.18314
vn 0.56552 -0.80268 -0.18945
vn 0.80715 -0.36048 0.46751
vn 0.45874 -0.74082 0.49065
vn 0.52403 -0.34752 0.77758
vn 0.99999 -0.00496 0.00014
vn 0.94229 -0.00452 0.33478
vn 0.94513 -0.08644 0.31506
vn 0.99664 -0.08177 -0.00399
vn 0.80475 -0.0035 0.5936
vn 0.83959 -0.07485 0.53804
vn -0.21543 -0.00516 -0.97651
vn -0.05741 -0.0027 -0.99835
vn -0.0498 -0.05616 -0.99718
vn -0.23784 -0.06018 -0.96944
vn -0.48713 -0.01095 0.87326
vn -0.64007 -0.01486 0.76817
vn -0.65975 -0.07889 0.74734
vn -0.52985 -0.06864 0.84531
vn -0.80452 -0.01924 0.59361
vn -0.83724 -0.08784 0.53973
vn 0.48722 -0.00137 0.87328
vn 0.34772 -0.00081 0.9376
vn 0.36628 -0.05486 0.92889
vn 0.53195 -0.06061 0.8446
vn 0.22448 -0.00065 0.97448
vn 0.24857 -0.05056 0.96729
vn 0.03351 0.81031 -0.58504
vn 0.07985 0.78568 -0.61346
vn 0.18718 0.72697 -0.66066
vn 0.08324 0.75003 -0.65614
vn 0.14591 0.74373 -0.65236
vn 0.31285 0.68013 -0.66299
vn 0.4912 0.23294 -0.83932
vn 0.3185 0.27097 -0.90837
vn 0.14538 0.29524 -0.9443
vn -0.9997 -0.02451 -0.00016
vn -0.94209 -0.02301 -0.33457
vn -0.94266 -0.10272 -0.31756
vn -0.99522 -0.0976 -0.004
vn -0.94203 -0.02301 -0.33474
vn -0.80446 -0.01936 -0.59369
vn -0.83451 -0.09035 -0.54353
vn -0.94263 -0.10269 -0.31766
vn 0.79333 -0.0036 -0.60878
vn 0.94229 -0.00459 -0.33475
vn 0.94432 -0.08825 -0.31697
vn 0.82746 -0.07721 -0.55619
vn 0.94235 -0.00459 -0.3346
vn 0.94434 -0.08824 -0.31692
vn -0.48716 -0.01119 -0.87324
vn -0.34771 -0.00782 -0.93757
vn -0.36457 -0.06625 -0.92882
vn -0.52893 -0.07349 -0.84548
vn -0.34766 -0.00761 0.93759
vn -0.36494 -0.0604 0.92907
vn 0.64019 -0.00234 0.76821
vn 0.66166 -0.0689 0.74663
vn 0.10959 -0.00093 0.99398
vn 0.11658 -0.04902 0.99197
vn -0.94203 -0.02294 0.33474
vn -0.94341 -0.10088 0.31592
vn 0.57118 -0.00234 -0.82082
vn 0.57394 -0.06937 -0.81595
vn -0.64005 -0.01503 -0.76819
vn -0.65907 -0.08349 -0.74744
vn 0.0764 0.80318 0.59081
vn 0.03542 0.81693 0.57565
vn 0.08855 0.75965 0.64427
vn 0.18332 0.74321 0.64346
vn -0.00019 0.8215 0.57021
vn -6E-05 0.76506 0.64396
vn 6E-05 0.31011 0.9507
vn 0.15857 0.30383 0.93944
vn 0.31704 0.28639 0.90414
vn 0.20601 0.73684 0.64392
vn 0.12946 0.77791 0.61489
vn 0.29025 0.71425 0.63687
vn 0.41435 0.66989 0.61609
vn 0.4745 0.25822 0.84153
vn 0.62754 0.22076 0.74663
vn 0.51347 0.57612 0.63596
vn 0.32496 0.6724 0.66504
vn 0.55735 0.60681 0.56669
vn 0.71455 0.5222 0.46553
vn 0.76901 0.17752 0.61409
vn 0.88728 0.13517 0.44097
vn 0.91525 0.40288 3E-05
vn 0.76781 0.45963 0.44633
vn 0.85994 0.42729 0.27917
vn 0.92568 0.37832 1E-05
vn 0.96732 0.10335 0.23152
vn 0.99581 0.09139 -0.0001
vn 0.50276 0.57977 -0.64117
vn 0.76776 0.45964 -0.44641
vn 0.85991 0.4273 -0.27924
vn 0.70597 0.52331 -0.47723
vn 0.76786 0.45962 -0.44624
vn 0.85998 0.42724 -0.27912
vn 0.96734 0.10335 -0.23145
vn 0.9673 0.10338 -0.2316
vn 0.87918 0.1368 -0.45644
vn 0.28252 0.68045 -0.67615
vn 0.50646 0.61038 -0.60905
vn 0.70759 0.18524 -0.68191
vn -0.03475 0.00671 0.99937
vn -0.02256 0.00619 0.99973
vn -0.01834 0.00842 0.9998
vn -0.03064 0.01001 0.99948
vn -0.01449 0.00584 0.99988
vn -0.01232 0.00741 0.9999
vn -0.01099 0.01021 0.99989
vn -0.01707 0.02243 0.9996
vn -0.02893 0.01394 0.99948
vn -0.07345 0.80475 -0.58905
vn -0.01925 0.8163 -0.57731
vn -0.04757 0.75421 -0.65491
vn -0.1761 0.74329 -0.64538
vn -0.0846 0.3014 -0.94974
vn -0.30411 0.28898 -0.90775
vn -0.20503 0.74141 -0.63896
vn -0.12926 0.78044 -0.61173
vn -0.28935 0.71607 -0.63524
vn -0.41282 0.67276 -0.61399
vn -0.47396 0.26238 -0.84055
vn -0.62674 0.22644 -0.7456
vn -0.50729 0.59262 -0.62567
vn -0.32241 0.68091 -0.65758
vn -0.55508 0.61126 -0.56413
vn -0.71125 0.52913 -0.46275
vn -0.76804 0.18471 -0.61319
vn -0.88623 0.14373 -0.44038
vn -0.89674 0.44255 -1E-05
vn -0.75515 0.48993 -0.43555
vn -0.85538 0.4378 -0.27688
vn -0.92035 0.39109 -1E-05
vn -0.75503 0.48997 -0.43573
vn -0.8553 0.43785 -0.27704
vn -0.96633 0.11283 -0.23124
vn -0.96635 0.11281 -0.23117
vn -0.99487 0.10117 0.00014
vn -0.50728 0.5926 0.62569
vn -0.75508 0.48995 0.43567
vn -0.85534 0.43782 0.27695
vn -0.71126 0.52914 0.46274
vn -0.96634 0.11284 0.23121
vn -0.88624 0.14372 0.44037
vn -0.20514 0.74155 0.63877
vn -0.3224 0.68085 0.65764
vn -0.55505 0.61126 0.56417
vn -0.41284 0.67276 0.61397
vn -0.76803 0.18472 0.61319
vn -0.62674 0.22647 0.74559
vn -0.07648 0.80453 0.58896
vn -0.12926 0.78044 0.61172
vn -0.28933 0.71607 0.63524
vn -0.18284 0.74428 0.64235
vn -0.47394 0.26241 0.84055
vn -0.31676 0.28913 0.90337
vn -0.03574 0.81754 0.57476
vn -0.08829 0.76014 0.64373
vn -0.15839 0.30518 0.93903
vn 0.00029 0.00869 0.99996
vn 0.00501 0.01621 0.99986
vn 0.06699 0.99775 0.00059
vn -0.00507 0.01731 0.99984
vn 0.01119 0.0079 0.99991
vn 0.01711 0.0188 0.99968
vn 0.02884 0.00779 0.99955
vn 0.04066 0.0304 0.99871
vn 0.10804 0.01299 0.99406
vn 0.59888 0.41559 0.68457
vn 0.99359 0.11301 -0.00068
vn 0.59692 0.41558 -0.68628
vn 0.10792 0.01329 -0.99407
vn 0.03477 0.02832 -0.99899
vn 0.06704 0.99775 0.00074
vn 0.59694 0.41561 -0.68625
vn 0.01938 0.00822 -0.99978
vn 0.01053 0.01655 -0.99981
vn 0.00433 0.00901 -0.99995
vn -0.00243 0.01784 -0.99984
vn -0.01071 0.01066 -0.99989
vn -0.01672 0.02383 -0.99958
vn -0.0291 0.01437 -0.99947
vn -0.04037 0.04064 -0.99836
vn -0.11177 0.03779 -0.99302
vn -0.54327 0.48963 -0.68199
vn -0.94945 0.31391 -0.00067
vn -0.54352 0.48869 0.68247
vn -0.54325 0.48963 -0.68202
vn -0.11054 0.03719 0.99318
vn -0.04042 0.03906 0.99842
vn 0.99978 -0.0211 -0.00017
vn 0.21218 -0.00395 -0.97722
vn 0.14471 0.00812 -0.98944
vn 1 -0.00102 -0.00029
vn 0.21204 -0.00395 -0.97725
vn 0.08588 -0.00018 -0.99631
vn 0.0888 0.00456 -0.99604
vn 0.14468 0.00812 -0.98945
vn -0.99563 0.09335 -9E-05
vn -0.21153 0.02161 0.97713
vn -0.14076 0.03622 0.98938
vn -0.98553 0.16949 -0.00027
vn -0.08904 0.01066 0.99597
vn -0.09447 0.02314 0.99526
vn 0.04417 0.0016 -0.99902
vn 0.03396 0.00406 -0.99942
vn 0.02349 0.00281 -0.99972
vn 0.02052 0.00425 -0.99978
vn -0.05182 0.00775 0.99863
vn -0.04079 0.01209 0.99909
vn 0.01387 0.00376 -0.9999
vn 0.01141 0.0049 -0.99992
vn 0.00609 0.00455 -0.99997
vn 0.00486 0.0055 -0.99997
vn -6E-05 0.00516 0.99999
vn 0.00659 0.00471 0.99997
vn 0.00522 0.0057 0.99997
vn 5E-05 0.00602 0.99998
vn 0.01388 0.00413 0.9999
vn 0.01189 0.00504 0.99992
vn -0.00675 0.00552 0.99996
vn -0.00554 0.00678 0.99996
vn -0.00361 0.00528 -0.99998
vn -0.00262 0.00648 -0.99998
vn -0.01339 0.00586 -0.99989
vn -0.01106 0.00739 -0.99991
vn 0.02237 0.00343 0.99974
vn 0.0179 0.00476 0.99983
vn 0.03443 0.00249 0.9994
vn 0.02997 0.00408 0.99954
vn -0.0225 0.00628 -0.99973
vn -0.01834 0.00838 -0.9998
vn -0.03475 0.00673 -0.99937
vn -0.03069 0.01016 -0.99948
vn 0.05203 0.00136 0.99864
vn 0.04133 0.00406 0.99914
vn 0.08817 -0.00026 0.99611
vn 0.09009 0.0044 0.99592
vn -0.05215 0.0077 -0.99861
vn -0.04062 0.01238 -0.9991
vn -0.08911 0.01068 -0.99596
vn -0.09501 0.02341 -0.9952
vn 0.2122 -0.00397 0.97722
vn 0.14429 0.00791 0.9895
vn -0.21138 0.02162 -0.97716
vn -0.14109 0.0365 -0.98932
vn -0.21153 0.02164 -0.97713
vn -0.1411 0.03649 -0.98932
vn 0.54401 0.01919 -0.83886
vn 0.36172 0.00992 -0.93223
vn 0.36416 0.05202 -0.92988
vn 0.54728 0.04619 -0.83568
vn 0.16821 0.00613 -0.98573
vn 0.16885 0.05718 -0.98398
vn -0.20246 0.00206 -0.97929
vn -0.453 0.00053 -0.89151
vn -0.38816 0.00551 -0.92158
vn -0.16665 0.00404 -0.98601
vn -0.45315 0.00051 -0.89143
vn -1 -0.00038 0.0001
vn -0.99992 0.01241 0.00032
vn -0.38832 0.00551 -0.92151
vn -0.99995 0.0101 0.00032
vn -0.32769 0.00411 -0.94478
vn -0.3275 0.00411 -0.94484
vn -0.13633 0.00328 -0.99066
vn 0.20261 -0.01222 0.97918
vn 0.45315 -0.03142 0.89088
vn 0.38917 -0.01843 0.92098
vn 0.16702 -0.00626 0.98593
vn 0.99752 -0.07042 7E-05
vn 0.99882 -0.04861 -0.0001
vn 0.99934 -0.03638 -5E-05
vn 0.32844 -0.01122 0.94446
vn 0.13649 -0.00304 0.99064
vn -0.0814 0.00427 -0.99667
vn -0.12278 0.0033 -0.99243
vn -0.10059 0.00425 -0.99492
vn -0.06624 0.00469 -0.99779
vn -0.08204 0.00372 -0.99662
vn -0.05423 0.00426 -0.99852
vn 0.08155 -0.00149 0.99667
vn 0.12293 -0.00537 0.9924
vn 0.10096 -0.00199 0.99489
vn 0.06677 0.00056 0.99777
vn 0.08244 -0.00016 0.9966
vn 0.05428 0.00175 0.99852
vn -0.03177 0.00533 -0.99948
vn -0.05412 0.00496 -0.99852
vn -0.04407 0.00507 -0.99902
vn -0.02613 0.00525 -0.99964
vn -0.03606 0.00473 -0.99934
vn -0.02131 0.00502 -0.99976
vn 0.03361 0.00296 0.99943
vn 0.05422 0.00113 0.99853
vn 0.04412 0.00238 0.99902
vn 0.02786 0.00352 0.99961
vn 0.03609 0.00306 0.99934
vn 0.02227 0.00401 0.99974
vn 0.01476 0.00417 -0.99988
vn -0.00843 0.00509 -0.99995
vn -0.00688 0.00505 -0.99996
vn 0.01212 0.00438 -0.99992
vn -0.00562 0.00499 -0.99997
vn 0.00991 0.00455 -0.99994
vn -0.03321 0.0053 0.99943
vn -0.01598 0.00535 0.99986
vn -0.01309 0.00527 0.9999
vn -0.02733 0.00527 0.99961
vn -4E-05 0.00501 0.99999
vn -2E-05 0.00503 0.99999
vn -2E-05 0.00503 0.99999
vn -0.01075 0.00516 0.99993
vn -0.02231 0.00504 0.99974
vn 0.01589 0.00426 0.99986
vn 0.01305 0.00449 0.9999
vn 0.01071 0.00466 0.99993
vn 0.05709 0.00025 -0.99837
vn 0.03317 0.00265 -0.99945
vn 0.02729 0.00329 -0.99962
vn 0.04673 0.0016 -0.99891
vn 0.02231 0.0037 -0.99974
vn 0.03783 0.00241 -0.99928
vn -0.20246 0.00206 0.97929
vn -0.12275 0.00329 0.99243
vn -0.10048 0.00424 0.99493
vn -0.16648 0.00404 0.98604
vn -0.08162 0.00426 0.99665
vn -0.0663 0.00465 0.99779
vn -0.05428 0.00427 0.99852
vn -0.08207 0.00372 0.99662
vn -0.13635 0.00329 0.99066
vn 0.19758 -0.01188 -0.98022
vn 0.10509 -0.00414 -0.99445
vn 0.08622 -0.00125 -0.99628
vn 0.16254 -0.00603 -0.98668
vn 0.07008 0.00036 -0.99754
vn 0.13294 -0.00291 -0.99112
vn -0.45301 0.00053 0.8915
vn -0.38816 0.00552 0.92157
vn -0.32753 0.00414 0.94483
vn 0.45329 -0.03146 -0.89081
vn 0.38929 -0.01845 -0.92093
vn 0.45315 -0.03144 -0.89088
vn 0.38914 -0.01844 -0.92099
vn 0.3284 -0.01131 -0.94447
vn 0.32855 -0.01132 -0.94442
vn -0.05363 0.00492 0.99855
vn -0.04413 0.00504 0.99901
vn -0.03612 0.00473 0.99934
vn -0.27115 0.00824 -0.9625
vn -0.10968 0.00486 -0.99396
vn -0.99962 0.02755 1E-05
vn -0.27132 0.00824 -0.96245
vn 0.27 -0.00763 0.96283
vn 0.1095 -0.00155 0.99399
vn 0.99954 -0.0304 -0.00029
vn -0.06593 0.00453 -0.99781
vn -0.04342 0.00475 -0.99905
vn 0.06557 0.00074 0.99785
vn 0.04284 0.00226 0.99908
vn -0.02855 0.00506 -0.99958
vn -0.01695 0.00517 -0.99984
vn 0.02881 0.00331 0.99958
vn 0.01758 0.00414 0.99984
vn -0.0045 0.00502 -0.99998
vn 0.00781 0.00455 -0.99996
vn -0.00854 0.00519 0.99995
vn -0.0177 0.00516 0.99983
vn -6E-05 0.00504 0.99999
vn 0.00842 0.00469 0.99995
vn 0.01762 0.00378 -0.99984
vn 0.03035 0.00272 -0.99954
vn -0.0657 0.00457 0.99783
vn -0.10976 0.00484 0.99395
vn -0.043 0.00478 0.99906
vn 0.0558 0.00105 -0.99844
vn 0.10661 -0.00146 -0.9943
vn -0.27124 0.00823 0.96248
vn 0.27008 -0.00764 -0.96281
vn 0.26991 -0.00763 -0.96285
vn -0.02861 0.005 0.99958
vn -0.12335 0.01213 0.99229
vn -0.08229 0.01556 0.99649
vn -0.06667 0.00445 0.99777
vn -0.10011 0.00314 0.99497
vn -0.05108 0.01784 0.99854
vn -0.04133 0.0052 0.99913
vn 0.99539 -0.09591 -0.00016
vn 0.59139 -0.05426 -0.80456
vn 0.52023 -0.04664 -0.85275
vn 0.99588 -0.09073 0.00017
vn 0.59124 -0.05421 -0.80467
vn 0.29134 -0.02049 -0.9564
vn 0.23936 -0.01933 -0.97074
vn 0.52009 -0.04663 -0.85284
vn -0.99973 -0.02328 4E-05
vn -0.59238 -0.01103 0.80558
vn -0.52073 -0.00888 0.85368
vn -0.99983 -0.01859 0.0002
vn -0.29865 0.00067 0.95436
vn -0.24541 -0.00204 0.96942
vn 0.15826 -0.00362 -0.98739
vn 0.1285 -0.00787 -0.99168
vn 0.08626 0.0068 -0.99625
vn 0.06981 -0.00149 -0.99756
vn -0.18488 0.00739 0.98273
vn -0.15047 0.00116 0.98861
vn 0.05041 0.01242 -0.99865
vn 0.04131 0.00191 -0.99914
vn 0.02255 0.0165 -0.99961
vn 0.01833 0.00395 -0.99982
vn -0.00016 0.01863 0.99983
vn 0.0239 0.01731 0.99956
vn 0.01975 0.00398 0.9998
vn -6E-05 0.005 0.99999
vn 0.05103 0.01408 0.9986
vn 0.04122 0.00226 0.99915
vn -0.02421 0.01863 0.99953
vn -0.01988 0.00539 0.99979
vn -0.01286 0.01833 -0.99975
vn -0.0105 0.00507 -0.99993
vn -0.0487 0.01784 -0.99865
vn -0.03953 0.00521 -0.9992
vn 0.08233 0.00957 0.99656
vn 0.06657 -0.0003 0.99778
vn 0.12349 0.00309 0.99234
vn 0.10003 -0.00402 0.99498
vn -0.08219 0.01563 -0.99649
vn -0.06656 0.00453 -0.99777
vn -0.12336 0.01215 -0.99229
vn -0.10002 0.00324 -0.99498
vn 0.18503 -0.00617 0.98271
vn 0.1504 -0.00964 0.98858
vn 0.2988 -0.02121 0.95408
vn 0.2457 -0.01982 0.96914
vn -0.18488 0.00739 -0.98273
vn -0.1504 0.00127 -0.98862
vn -0.29865 0.00065 -0.95436
vn -0.24559 -0.00197 -0.96937
vn 0.5913 -0.05422 0.80462
vn 0.5202 -0.04662 0.85277
vn -0.59231 -0.01101 -0.80563
vn -0.52062 -0.00888 -0.85374
vn -0.59246 -0.01104 -0.80553
vn -0.5208 -0.00888 -0.85363
vn -0.54472 -0.00402 -0.83861
vn -0.72631 -0.00537 -0.68734
vn -0.39666 -0.00292 -0.91796
vn -0.41324 -0.00641 -0.9106
vn -0.56333 -0.00927 -0.82618
vn -0.74212 -0.01272 -0.67014
vn 0.48012 0.00333 -0.8772
vn 0.28764 0.00201 -0.95774
vn 0.71349 0.00492 -0.70064
vn 0.72974 0.00181 -0.68372
vn 0.49793 0.00162 -0.86722
vn 0.30103 0.0014 -0.95361
vn -0.91195 -0.00674 0.41024
vn -0.72631 -0.00537 0.68734
vn -0.99997 -0.00738 0
vn -0.99984 -0.01766 5E-05
vn -0.91844 -0.01611 0.39524
vn -0.74211 -0.01272 0.67016
vn 0.08501 0.0006 0.99638
vn 0.17525 0.00123 0.98452
vn -6E-05 -0 1
vn -3E-05 -3E-05 1
vn 0.08939 0.00071 0.996
vn 0.18394 0.00121 0.98294
vn 0.54458 0.00377 0.8387
vn 0.72609 0.00501 0.68758
vn 0.39642 0.00276 0.91806
vn 0.41323 0.0017 0.91062
vn 0.56336 0.00178 0.82621
vn 0.74217 0.00183 0.67021
vn -0.27661 -0.00202 0.96098
vn -0.17544 -0.00127 0.98449
vn -0.39661 -0.00292 0.91798
vn -0.41326 -0.00641 0.91059
vn -0.28952 -0.00416 0.95716
vn -0.18408 -0.0024 0.98291
vn -0.27661 -0.00202 -0.96098
vn -0.1682 -0.00122 -0.98575
vn -0.17649 -0.00231 -0.9843
vn -0.28944 -0.00415 -0.95719
vn 0.91182 0.00628 -0.41055
vn 0.99998 0.00689 -0
vn 0.91189 0.00629 -0.41039
vn 1 0.00194 -5E-05
vn 0.91865 0.00191 -0.39506
vn 0.91859 0.0019 -0.39521
vn -0.912 -0.00674 -0.41013
vn -0.91192 -0.00674 -0.41031
vn -0.91845 -0.01611 -0.3952
vn -0.91851 -0.01612 -0.39507
vn 0.27645 0.00193 0.96103
vn 0.28948 0.00153 0.95718
vn -0.54477 -0.00402 0.83858
vn -0.56336 -0.00927 0.82616
vn -0.04542 -0.00033 -0.99897
vn 0.0781 0.00056 -0.99695
vn 0.08194 0.00069 -0.99664
vn -0.04758 -0.00059 -0.99887
vn 0.91184 0.00628 0.41049
vn 0.91858 0.0019 0.39524
vn -0.08524 -0.00062 0.99636
vn -0.08934 -0.00105 0.996
vn 0.18428 0.00065 -0.98287
vn 0.17492 0.00123 -0.98458
vn 0.18367 0.00123 -0.98299
vn 0.27628 -0.00256 -0.96107
vn 0.33106 0.00339 -0.9436
vn 0.50494 0.029 -0.86267
vn 0.15468 -0.00489 -0.98795
vn -0.36393 0.05889 0.92956
vn -0.18446 0.0609 0.98095
vn -0.36107 0.01792 0.93237
vn -0.18273 0.0108 0.9831
vn 5E-05 0.00709 0.99997
vn 0.00017 0.06107 0.99813
vn -0.68598 0.05074 0.72585
vn -0.53313 0.05532 0.84422
vn -0.68245 0.03926 0.72988
vn -0.52966 0.02777 0.84775
vn -0.91507 0.0415 0.40115
vn -0.81566 0.04584 0.57671
vn -0.91255 0.06093 0.4044
vn -0.81251 0.05088 0.58072
vn -0.9993 0.03735 -0.00019
vn -0.97783 0.03847 0.20581
vn -0.99753 0.07026 0.00032
vn -0.97587 0.06774 0.20757
vn -0.91508 0.04149 -0.40113
vn -0.97781 0.03848 -0.20594
vn -0.91255 0.06093 -0.4044
vn -0.97583 0.06777 -0.20777
vn -0.97784 0.03847 -0.2058
vn -0.97586 0.06777 -0.2076
vn -0.68597 0.05074 -0.72586
vn -0.81567 0.04585 -0.5767
vn -0.68245 0.03926 -0.72987
vn -0.81255 0.05089 -0.58067
vn -0.34959 0.05889 -0.93505
vn -0.53313 0.05532 -0.84422
vn -0.34675 0.01753 -0.93779
vn -0.52965 0.02777 -0.84776
vn -0.09825 0.06007 -0.99335
vn -0.09667 0.0093 -0.99527
vn 0.90857 0.03336 -0.41641
vn 0.75855 0.0396 -0.65041
vn 0.90672 0.04185 -0.41966
vn 0.75563 0.0316 -0.65423
vn 0.9996 0.0282 0.00019
vn 0.97814 0.02952 -0.20583
vn 0.99876 0.04972 -0.00032
vn 0.97703 0.04769 -0.20768
vn 0.97811 0.02953 -0.206
vn 0.97701 0.0477 -0.20781
vn 0.91536 0.03313 0.40127
vn 0.97813 0.02953 0.20589
vn 0.91358 0.04221 0.40446
vn 0.97703 0.0477 0.20771
vn 0.68616 0.0445 0.72609
vn 0.81588 0.03841 0.57694
vn 0.68317 0.02538 0.72982
vn 0.81334 0.03426 0.58078
vn 0.36403 0.0556 0.92973
vn 0.53329 0.05049 0.84443
vn 0.36176 0.01065 0.93221
vn 0.53032 0.01705 0.84763
vn 0.18447 0.05923 0.98105
vn 0.18342 0.00714 0.98301
vn 0.21887 -0.00257 -0.97575
vn -0.32644 0.04403 0.94419
vn -0.16283 0.01694 0.98651
vn 0.00201 0.00119 1
vn -0.63614 0.12461 0.76145
vn -0.48592 0.08095 0.87025
vn -0.87564 0.21025 0.43479
vn -0.7694 0.16996 0.61575
vn -0.96867 0.24834 0.00011
vn -0.9447 0.23824 0.22535
vn -0.87564 0.21025 -0.43479
vn -0.94468 0.23824 -0.22544
vn -0.94471 0.23824 -0.22531
vn -0.63614 0.12461 -0.76144
vn -0.76939 0.16995 -0.61576
vn -0.31276 0.0423 -0.94889
vn -0.4859 0.08094 -0.87026
vn -0.08342 0.00984 -0.99647
vn 0.88452 0.09894 -0.45589
vn 0.71963 0.06565 -0.69125
vn 0.99199 0.12634 0.00014
vn 0.96607 0.11933 -0.22905
vn 0.96604 0.11931 -0.2292
vn 0.89232 0.1001 0.44017
vn 0.96606 0.11932 0.22911
vn 0.64379 0.04561 0.76384
vn 0.78087 0.07357 0.62035
vn 0.3312 0.00431 0.94355
vn 0.49143 0.02125 0.87066
vn 0.16743 -0.00285 0.98588
vn -0.70888 0.12189 -0.69471
vn -0.41134 0.17627 -0.89428
vn -0.99464 0.10342 -1E-05
vn -0.709 0.12185 -0.69461
vn 0.71213 0.06971 0.69858
vn 0.41423 0.14659 0.89829
vn 0.99958 0.02889 -2E-05
vn -0.26107 0.23118 -0.93723
vn -0.17365 0.27683 -0.9451
vn 0.26283 0.21294 0.94105
vn 0.17457 0.26521 0.94826
vn -0.11473 0.31132 -0.94335
vn -0.06753 0.33476 -0.93988
vn 0.11519 0.30393 0.9457
vn 0.07062 0.33054 0.94115
vn -0.01778 0.34563 -0.9382
vn 0.03145 0.33904 -0.94025
vn -0.03349 0.34815 0.93684
vn -0.07042 0.3349 0.93962
vn -4E-05 0.35211 0.93596
vn 0.03366 0.34626 0.93754
vn 0.07116 0.31352 -0.94691
vn 0.12217 0.27244 -0.95439
vn -0.26107 0.23115 0.93723
vn -0.41133 0.17627 0.89428
vn -0.17366 0.27684 0.94509
vn 0.22547 0.2173 -0.94971
vn 0.40419 0.14786 -0.90265
vn -0.70894 0.12185 0.69466
vn 0.71219 0.06969 -0.69852
vn 0.71208 0.06971 -0.69863
vn -0.11473 0.31129 0.94336
vn -0.6027 -0.01136 -0.79789
vn -0.77409 -0.01537 -0.63288
vn -0.44941 -0.00789 -0.89329
vn 0.53591 0.00054 -0.84428
vn 0.33027 0.00095 -0.94389
vn 0.76224 -2E-05 -0.6473
vn -0.93122 -0.01903 0.36396
vn -0.77394 -0.01538 0.63307
vn -0.99979 -0.02061 7E-05
vn 0.09911 0.00073 0.99508
vn 0.20332 0.00115 0.97911
vn -3E-05 -5E-05 1
vn 0.60223 0.00054 0.79833
vn 0.77426 -1E-05 0.63287
vn 0.4494 0.00103 0.89333
vn -0.31798 -0.00512 0.94808
vn -0.20337 -0.00292 0.9791
vn -0.4491 -0.00791 0.89345
vn -0.31794 -0.00508 -0.9481
vn -0.19501 -0.00278 -0.9808
vn 0.93139 -0.00055 -0.36403
vn 1 -0.00078 -7E-05
vn 0.93144 -0.00056 -0.36388
vn -0.93124 -0.01903 -0.36391
vn -0.93118 -0.01904 -0.36405
vn 0.31795 0.00123 0.94811
vn -0.60272 -0.01142 0.79787
vn -0.05283 -0.00071 -0.9986
vn 0.09108 0.00073 -0.99584
vn 0.93141 -0.00055 0.36397
vn -0.09916 -0.00125 0.99507
vn 0.20303 0.00114 -0.97917
vt 0.96235 0.51213
vt 0.96137 0.52137
vt 0.96316 0.52136
vt 0.96371 0.51212
vt 0.96052 0.5605
vt 0.9627 0.56051
vt 0.96482 0.56053
vt 0.96491 0.52135
vt 0.96505 0.51212
vt 0.96655 0.52135
vt 0.96633 0.51212
vt 0.96681 0.56054
vt 0.96861 0.56055
vt 0.96807 0.52135
vt 0.96755 0.51211
vt 0.96943 0.52134
vt 0.96869 0.51211
vt 0.97018 0.56056
vt 0.97151 0.56056
vt 0.97062 0.52133
vt 0.96975 0.51208
vt 0.97167 0.52131
vt 0.97075 0.51204
vt 0.97263 0.56056
vt 0.9736 0.56055
vt 0.97263 0.52126
vt 0.97171 0.51195
vt 0.97359 0.52119
vt 0.97267 0.51183
vt 0.97457 0.56053
vt 0.99866 0.86952
vt 0.99945 0.8305
vt 0.99822 0.83051
vt 0.99761 0.8695
vt 0.99772 0.87875
vt 0.99673 0.8787
vt 0.99637 0.86949
vt 0.99563 0.87867
vt 0.99679 0.83053
vt 0.9947 0.83056
vt 0.99453 0.86949
vt 0.99415 0.87867
vt 0.98946 0.46312
vt 0.9922 0.46311
vt 0.99217 0.41736
vt 0.9896 0.41752
vt 0.99481 0.46312
vt 0.99469 0.41729
vt 0.99317 0.40872
vt 0.99112 0.40805
vt 0.9895 0.40901
vt 0.98991 0.87867
vt 0.98906 0.86947
vt 0.98685 0.86945
vt 0.98822 0.87865
vt 0.98832 0.83063
vt 0.98571 0.83064
vt 0.98361 0.83064
vt 0.98507 0.86944
vt 0.98684 0.87863
vt 0.98344 0.86943
vt 0.98556 0.87862
vt 0.98171 0.83064
vt 0.97999 0.83063
vt 0.98195 0.86943
vt 0.98435 0.87863
vt 0.98061 0.86944
vt 0.98322 0.87867
vt 0.97848 0.83063
vt 0.9771 0.83062
vt 0.97943 0.86948
vt 0.98217 0.87875
vt 0.97838 0.86957
vt 0.98119 0.87891
vt 0.97587 0.83063
vt 0.94931 0.52095
vt 0.94648 0.56033
vt 0.94745 0.56037
vt 0.95024 0.52116
vt 0.95206 0.51137
vt 0.95297 0.51168
vt 0.95119 0.52129
vt 0.95391 0.51191
vt 0.94842 0.5604
vt 0.94953 0.56042
vt 0.95222 0.52137
vt 0.95491 0.51205
vt 0.95339 0.5214
vt 0.95597 0.51213
vt 0.95086 0.56044
vt 0.95243 0.56045
vt 0.95473 0.52142
vt 0.95712 0.51216
vt 0.96011 0.96194
vt 0.95877 0.96193
vt 0.95912 0.99201
vt 0.96009 0.99196
vt 0.95747 0.96192
vt 0.95816 0.992
vt 0.95876 0.99679
vt 0.95947 0.99717
vt 0.96008 0.99675
vt 0.95622 0.52141
vt 0.95834 0.51217
vt 0.95423 0.56047
vt 0.95622 0.56048
vt 0.95786 0.5214
vt 0.95964 0.51216
vt 0.95959 0.52138
vt 0.96098 0.51214
vt 0.95833 0.56049
vt 0.96139 0.9968
vt 0.96067 0.99717
vt 0.95998 0.99945
vt 0.9618 0.99727
vt 0.95833 0.99726
vt 0.95757 0.99694
vt 0.95734 0.99747
vt 0.95662 0.99723
vt 0.95655 0.99786
vt 0.95593 0.99768
vt 0.95597 0.99847
vt 0.98239 0.40845
vt 0.98376 0.40778
vt 0.98875 0.40307
vt 0.98185 0.40702
vt 0.9844 0.40885
vt 0.9858 0.40815
vt 0.98668 0.40906
vt 0.98807 0.40825
vt 0.99406 0.40767
vt 0.99558 0.40833
vt 0.99609 0.40686
vt 0.96419 0.99771
vt 0.96358 0.99789
vt 0.96414 0.9985
vt 0.96352 0.99726
vt 0.9628 0.99749
vt 0.96258 0.99696
vt 0.96868 0.96218
vt 0.96792 0.96214
vt 0.96586 0.99265
vt 0.96649 0.99276
vt 0.9671 0.96211
vt 0.96524 0.99247
vt 0.98556 0.46316
vt 0.9873 0.46313
vt 0.98756 0.41746
vt 0.98588 0.41751
vt 0.95508 0.96194
vt 0.95405 0.96195
vt 0.95564 0.9923
vt 0.9564 0.99215
vt 0.95313 0.96197
vt 0.95491 0.99237
vt 0.96514 0.96204
vt 0.964 0.96201
vt 0.9629 0.99216
vt 0.96376 0.99222
vt 0.96276 0.96198
vt 0.96201 0.99204
vt 0.99054 0.90434
vt 0.9918 0.90435
vt 0.99175 0.90299
vt 0.99051 0.90287
vt 0.99301 0.90433
vt 0.99296 0.90313
vt 0.99309 0.90065
vt 0.9918 0.90048
vt 0.99052 0.90036
vt 0.95154 0.96202
vt 0.95078 0.96206
vt 0.95304 0.99286
vt 0.95365 0.99264
vt 0.97818 0.46325
vt 0.97947 0.46325
vt 0.98035 0.41717
vt 0.97926 0.41697
vt 0.99805 0.46314
vt 0.99934 0.46315
vt 0.99887 0.4168
vt 0.99776 0.41703
vt 0.96944 0.96221
vt 0.9671 0.99298
vt 0.98235 0.46321
vt 0.98393 0.46318
vt 0.98437 0.41738
vt 0.9829 0.41738
vt 0.95623 0.96193
vt 0.95726 0.99211
vt 0.96617 0.96208
vt 0.96451 0.99238
vt 0.96145 0.96196
vt 0.96105 0.99203
vt 0.95231 0.962
vt 0.95428 0.99255
vt 0.99661 0.46313
vt 0.99644 0.41708
vt 0.98086 0.46323
vt 0.9816 0.4172
vt 0.96507 0.48657
vt 0.96424 0.48653
vt 0.96415 0.48806
vt 0.96493 0.48803
vt 0.96339 0.48651
vt 0.96335 0.48806
vt 0.9633 0.49059
vt 0.96408 0.49059
vt 0.96486 0.49055
vt 0.96658 0.48666
vt 0.96586 0.48662
vt 0.96569 0.48797
vt 0.96639 0.48788
vt 0.96563 0.49047
vt 0.96639 0.49037
vt 0.96775 0.48672
vt 0.96721 0.4867
vt 0.96705 0.48777
vt 0.96764 0.48762
vt 0.96715 0.49024
vt 0.9679 0.49009
vt 0.96849 0.48664
vt 0.96817 0.4867
vt 0.96819 0.48746
vt 0.96872 0.4873
vt 0.96866 0.48993
vt 0.96943 0.48976
vt 0.99435 0.90435
vt 0.9947 0.90442
vt 0.99492 0.90372
vt 0.9944 0.90348
vt 0.96878 0.48655
vt 0.96926 0.48712
vt 0.97023 0.48957
vt 0.99569 0.90124
vt 0.99489 0.90102
vt 0.99384 0.90432
vt 0.99381 0.90328
vt 0.99408 0.90083
vt 0.96157 0.40298
vt 0.96261 0.40299
vt 0.96431 0.39039
vt 0.9634 0.39051
vt 0.9638 0.403
vt 0.96526 0.39054
vt 0.96656 0.38338
vt 0.96628 0.38199
vt 0.96514 0.38338
vt 0.98873 0.90431
vt 0.98954 0.90432
vt 0.98955 0.90283
vt 0.98877 0.90288
vt 0.98953 0.90034
vt 0.98872 0.9004
vt 0.98732 0.90431
vt 0.98799 0.9043
vt 0.98805 0.90298
vt 0.98738 0.90311
vt 0.98795 0.90051
vt 0.98718 0.90065
vt 0.98626 0.90436
vt 0.98674 0.90432
vt 0.98676 0.90328
vt 0.98619 0.90349
vt 0.98641 0.90083
vt 0.98563 0.90104
vt 0.95833 0.48648
vt 0.95805 0.48636
vt 0.95754 0.4869
vt 0.95806 0.48711
vt 0.98591 0.90444
vt 0.98568 0.90373
vt 0.98485 0.90127
vt 0.95646 0.48929
vt 0.95723 0.48951
vt 0.95905 0.48659
vt 0.95864 0.48655
vt 0.95857 0.4873
vt 0.95911 0.48748
vt 0.95799 0.48972
vt 0.95873 0.48991
vt 0.96021 0.48657
vt 0.95958 0.48659
vt 0.95969 0.48765
vt 0.96033 0.48779
vt 0.95948 0.49009
vt 0.96022 0.49025
vt 0.9617 0.48652
vt 0.96092 0.48654
vt 0.96103 0.4879
vt 0.96178 0.48798
vt 0.96098 0.49039
vt 0.96175 0.49049
vt 0.96253 0.48651
vt 0.96256 0.48803
vt 0.96252 0.49056
vt 0.96823 0.38337
vt 0.96912 0.38198
vt 0.96878 0.3779
vt 0.96764 0.38198
vt 0.9699 0.38337
vt 0.97049 0.38198
vt 0.97132 0.38336
vt 0.97153 0.38198
vt 0.97225 0.38336
vt 0.97211 0.38199
vt 0.97235 0.38339
vt 0.97224 0.38196
vt 0.9984 0.99337
vt 0.99761 0.99522
vt 0.99493 0.99945
vt 0.99833 0.99519
vt 0.99709 0.99385
vt 0.99588 0.99526
vt 0.99465 0.99388
vt 0.99384 0.99527
vt 0.99272 0.99388
vt 0.99243 0.99525
vt 0.99132 0.99386
vt 0.99138 0.99523
vt 0.99025 0.99332
vt 0.99073 0.9952
vt 0.96408 0.38346
vt 0.96465 0.382
vt 0.96453 0.38196
vt 0.96421 0.38339
vt 0.96523 0.382
vt 0.97332 0.40294
vt 0.97346 0.40295
vt 0.97339 0.39026
vt 0.97324 0.39042
vt 0.9986 0.97574
vt 0.99825 0.97574
vt 0.99853 0.98691
vt 0.9988 0.98704
vt 0.95954 0.40296
vt 0.95968 0.40296
vt 0.9619 0.39033
vt 0.9617 0.39045
vt 0.96007 0.40296
vt 0.96216 0.39048
vt 0.99764 0.97575
vt 0.99798 0.98705
vt 0.99654 0.97575
vt 0.99703 0.98693
vt 0.96071 0.40297
vt 0.96275 0.39036
vt 0.99482 0.97575
vt 0.99552 0.98707
vt 0.99298 0.97575
vt 0.9939 0.98695
vt 0.96643 0.40301
vt 0.96777 0.403
vt 0.96859 0.39039
vt 0.96747 0.39054
vt 0.96906 0.403
vt 0.96967 0.39052
vt 0.96509 0.40301
vt 0.96637 0.3904
vt 0.99151 0.97575
vt 0.99261 0.98708
vt 0.99033 0.97575
vt 0.99154 0.98694
vt 0.97025 0.40299
vt 0.97065 0.39037
vt 0.97129 0.40297
vt 0.97153 0.39049
vt 0.98928 0.97575
vt 0.99066 0.98707
vt 0.98836 0.97575
vt 0.98981 0.98693
vt 0.97215 0.40296
vt 0.97222 0.39033
vt 0.97279 0.40295
vt 0.97277 0.39045
vt 0.98761 0.97575
vt 0.9892 0.98705
vt 0.98705 0.97575
vt 0.98867 0.98692
vt 0.97318 0.40295
vt 0.97307 0.39029
vt 0.9867 0.97575
vt 0.98843 0.98704
vt 0.9594 0.40293
vt 0.96158 0.39024
vt 0.99364 0.88854
vt 0.99203 0.88853
vt 0.99197 0.89517
vt 0.99345 0.89524
vt 0.99041 0.88853
vt 0.99049 0.89514
vt 0.98602 0.92831
vt 0.98569 0.92831
vt 0.98583 0.94004
vt 0.98617 0.94004
vt 0.95779 0.45873
vt 0.95795 0.45873
vt 0.95816 0.44476
vt 0.958 0.44476
vt 0.95844 0.43066
vt 0.95828 0.43065
vt 0.98599 0.95193
vt 0.98634 0.95193
vt 0.97076 0.45879
vt 0.97115 0.4588
vt 0.97202 0.44481
vt 0.97161 0.44481
vt 0.97131 0.4588
vt 0.97218 0.44481
vt 0.97272 0.43069
vt 0.97257 0.43069
vt 0.97216 0.43069
vt 0.98724 0.92831
vt 0.98654 0.92831
vt 0.98671 0.94004
vt 0.98744 0.94004
vt 0.9869 0.95193
vt 0.98765 0.95193
vt 0.96931 0.45878
vt 0.97014 0.45879
vt 0.97096 0.44481
vt 0.97009 0.4448
vt 0.9715 0.43069
vt 0.97061 0.43069
vt 0.98905 0.9283
vt 0.98808 0.92831
vt 0.98833 0.94004
vt 0.98935 0.94004
vt 0.98856 0.95193
vt 0.98961 0.95193
vt 0.96716 0.45877
vt 0.96831 0.45877
vt 0.96903 0.4448
vt 0.96783 0.4448
vt 0.96953 0.43069
vt 0.9683 0.43069
vt 0.99149 0.9283
vt 0.99013 0.9283
vt 0.99049 0.94004
vt 0.99191 0.94004
vt 0.99078 0.95192
vt 0.99225 0.95192
vt 0.9621 0.45874
vt 0.96334 0.45874
vt 0.96381 0.44479
vt 0.9625 0.44478
vt 0.96463 0.45875
vt 0.96516 0.44479
vt 0.96558 0.43069
vt 0.96419 0.43069
vt 0.96286 0.43068
vt 0.96592 0.45876
vt 0.96652 0.4448
vt 0.96697 0.43069
vt 0.99476 0.9283
vt 0.99319 0.9283
vt 0.9937 0.94004
vt 0.99535 0.94004
vt 0.99408 0.95192
vt 0.99578 0.95192
vt 0.9585 0.45873
vt 0.95912 0.45873
vt 0.95937 0.44477
vt 0.95872 0.44476
vt 0.95995 0.45873
vt 0.96024 0.44477
vt 0.96055 0.43067
vt 0.95966 0.43067
vt 0.959 0.43066
vt 0.99635 0.9283
vt 0.99578 0.9283
vt 0.99642 0.94004
vt 0.99701 0.94004
vt 0.99688 0.95192
vt 0.99749 0.95192
vt 0.95811 0.45873
vt 0.95832 0.44476
vt 0.95859 0.43066
vt 0.97148 0.45882
vt 0.97234 0.44483
vt 0.99667 0.9283
vt 0.99735 0.94004
vt 0.99783 0.95192
vt 0.97288 0.4307
vt 0.96095 0.45874
vt 0.9613 0.44478
vt 0.96163 0.43068
vt 0.98607 0.96384
vt 0.98642 0.96384
vt 0.95865 0.41668
vt 0.95849 0.41667
vt 0.97295 0.41669
vt 0.97253 0.41669
vt 0.9731 0.41669
vt 0.987 0.96384
vt 0.98777 0.96384
vt 0.97186 0.4167
vt 0.97097 0.4167
vt 0.98871 0.96384
vt 0.98978 0.96384
vt 0.96987 0.41671
vt 0.96863 0.41672
vt 0.99099 0.96384
vt 0.9925 0.96383
vt 0.96447 0.41672
vt 0.96311 0.41671
vt 0.96587 0.41672
vt 0.96728 0.41672
vt 0.99438 0.96383
vt 0.99613 0.96383
vt 0.95988 0.41669
vt 0.95921 0.41668
vt 0.96078 0.4167
vt 0.99726 0.96383
vt 0.99788 0.96383
vt 0.9588 0.41668
vt 0.97325 0.41669
vt 0.99824 0.96383
vt 0.96187 0.41671
vt 0.96 0.48131
vt 0.96079 0.4813
vt 0.96079 0.47178
vt 0.95989 0.47178
vt 0.96168 0.48129
vt 0.96181 0.47179
vt 0.96892 0.48146
vt 0.96907 0.48149
vt 0.97024 0.47191
vt 0.97008 0.47188
vt 0.99495 0.90904
vt 0.99468 0.90904
vt 0.99546 0.91726
vt 0.99576 0.91726
vt 0.95838 0.48133
vt 0.95854 0.48133
vt 0.95824 0.47179
vt 0.95808 0.47179
vt 0.95886 0.48132
vt 0.95859 0.47178
vt 0.99421 0.90904
vt 0.99494 0.91726
vt 0.99338 0.90904
vt 0.99402 0.91726
vt 0.95935 0.48132
vt 0.95915 0.47178
vt 0.9921 0.90905
vt 0.99259 0.91726
vt 0.99073 0.90905
vt 0.99106 0.91726
vt 0.96364 0.4813
vt 0.96464 0.48131
vt 0.96523 0.47181
vt 0.96408 0.4718
vt 0.96561 0.48134
vt 0.96634 0.47182
vt 0.96264 0.48129
vt 0.96292 0.47179
vt 0.98962 0.90905
vt 0.98983 0.91726
vt 0.98874 0.90905
vt 0.98885 0.91726
vt 0.9665 0.48136
vt 0.96736 0.47183
vt 0.96729 0.48139
vt 0.96827 0.47185
vt 0.98796 0.90905
vt 0.98797 0.91726
vt 0.98727 0.90905
vt 0.98721 0.91727
vt 0.96795 0.48141
vt 0.96901 0.47186
vt 0.96844 0.48143
vt 0.96957 0.47187
vt 0.9867 0.90905
vt 0.98657 0.91727
vt 0.98627 0.90905
vt 0.9861 0.91727
vt 0.96876 0.48144
vt 0.96992 0.47188
vt 0.986 0.90905
vt 0.9858 0.91727
vt 0.95823 0.48134
vt 0.95792 0.47179
vt 0.97878 0.74805
vt 0.97723 0.74805
vt 0.98037 0.74805
vt 0.9816 0.6503
vt 0.97989 0.65032
vt 0.97818 0.65033
vt 0.99624 0.748
vt 0.99429 0.74802
vt 0.99779 0.74798
vt 0.99764 0.65024
vt 0.99593 0.65025
vt 0.9942 0.65026
vt 0.94779 0.64961
vt 0.94891 0.64961
vt 0.94683 0.64961
vt 0.94788 0.76782
vt 0.94881 0.76781
vt 0.94987 0.76781
vt 0.96248 0.64972
vt 0.96466 0.64974
vt 0.96022 0.6497
vt 0.96022 0.76788
vt 0.96228 0.7679
vt 0.96427 0.76792
vt 0.97017 0.64979
vt 0.97153 0.64981
vt 0.96856 0.64978
vt 0.96783 0.76797
vt 0.96932 0.76799
vt 0.97058 0.768
vt 0.95372 0.64965
vt 0.95577 0.64966
vt 0.95187 0.64963
vt 0.95261 0.76782
vt 0.95431 0.76783
vt 0.95618 0.76784
vt 0.98209 0.74806
vt 0.98389 0.74807
vt 0.98502 0.65028
vt 0.98331 0.65029
vt 0.99934 0.74796
vt 0.97361 0.64982
vt 0.97457 0.64982
vt 0.97256 0.76803
vt 0.97349 0.76804
vt 0.99935 0.65023
vt 0.94587 0.64961
vt 0.97568 0.74805
vt 0.97647 0.65034
vt 0.94695 0.76783
vt 0.96671 0.64976
vt 0.96613 0.76795
vt 0.95026 0.64962
vt 0.95113 0.76781
vt 0.98586 0.74807
vt 0.98831 0.74807
vt 0.98892 0.65027
vt 0.98676 0.65028
vt 0.97264 0.64981
vt 0.97163 0.76802
vt 0.95796 0.64968
vt 0.95817 0.76786
vt 0.9916 0.8306
vt 0.99139 0.74805
vt 0.99163 0.65026
vt 0.99206 0.87867
vt 0.9921 0.88308
vt 0.99386 0.88308
vt 0.99031 0.88309
vt 0.96142 0.49565
vt 0.96229 0.4957
vt 0.96103 0.50217
vt 0.96202 0.5022
vt 0.963 0.50223
vt 0.96317 0.49573
vt 0.95966 0.4955
vt 0.96054 0.49558
vt 0.95907 0.50206
vt 0.96005 0.50212
vt 0.9579 0.49528
vt 0.95878 0.4954
vt 0.95714 0.50189
vt 0.9581 0.50199
vt 0.95612 0.495
vt 0.95701 0.49514
vt 0.95525 0.50165
vt 0.95619 0.50178
vt 0.98481 0.8955
vt 0.98388 0.89562
vt 0.98426 0.88876
vt 0.9833 0.88885
vt 0.95522 0.49485
vt 0.95431 0.5015
vt 0.98663 0.89531
vt 0.98572 0.8954
vt 0.98619 0.88864
vt 0.98522 0.8887
vt 0.98844 0.89518
vt 0.98754 0.89523
vt 0.98815 0.88857
vt 0.98717 0.8886
vt 0.98937 0.89514
vt 0.98917 0.88855
vt 0.99556 0.89539
vt 0.9946 0.89531
vt 0.99586 0.88859
vt 0.99486 0.88856
vt 0.97027 0.49533
vt 0.97118 0.49523
vt 0.97075 0.50204
vt 0.9717 0.50196
vt 0.9965 0.89549
vt 0.99682 0.88863
vt 0.96847 0.49551
vt 0.96936 0.49543
vt 0.96885 0.50216
vt 0.9698 0.50211
vt 0.96669 0.49565
vt 0.96757 0.49559
vt 0.96692 0.50222
vt 0.96789 0.5022
vt 0.96493 0.49573
vt 0.96581 0.4957
vt 0.96497 0.50224
vt 0.96595 0.50224
vt 0.96405 0.49574
vt 0.96399 0.50224
vt 0.99186 0.86949
vt 0.96059 0.50766
vt 0.96171 0.50767
vt 0.96283 0.50768
vt 0.95839 0.5076
vt 0.95948 0.50764
vt 0.9563 0.50742
vt 0.95733 0.50753
vt 0.95433 0.50708
vt 0.9553 0.50727
vt 0.98358 0.88329
vt 0.98261 0.88342
vt 0.9534 0.50683
vt 0.98562 0.88314
vt 0.98458 0.8832
vt 0.98778 0.88309
vt 0.98669 0.88311
vt 0.98892 0.88309
vt 0.99619 0.88312
vt 0.99516 0.88309
vt 0.97119 0.50749
vt 0.97215 0.50738
vt 0.99717 0.88317
vt 0.96924 0.50763
vt 0.97022 0.50757
vt 0.9672 0.50768
vt 0.96823 0.50766
vt 0.96505 0.50769
vt 0.96614 0.50769
vt 0.96395 0.50768
vt 0.98606 0.90532
vt 0.98634 0.90531
vt 0.95858 0.48552
vt 0.95841 0.4855
vt 0.96815 0.48567
vt 0.96783 0.48566
vt 0.96832 0.48567
vt 0.98676 0.90531
vt 0.98732 0.90532
vt 0.96735 0.48563
vt 0.96674 0.48557
vt 0.98798 0.90534
vt 0.98872 0.90537
vt 0.96601 0.48551
vt 0.96519 0.48544
vt 0.98955 0.90538
vt 0.99058 0.90539
vt 0.96255 0.48537
vt 0.96168 0.48539
vt 0.96344 0.48537
vt 0.96433 0.4854
vt 0.99186 0.90538
vt 0.99308 0.90533
vt 0.95954 0.48551
vt 0.95906 0.48553
vt 0.96015 0.48547
vt 0.99388 0.90529
vt 0.99433 0.90529
vt 0.95875 0.48553
vt 0.96849 0.48567
vt 0.99461 0.90531
vt 0.96088 0.48543
vt 0.98059 0.55194
vt 0.97897 0.55196
vt 0.98221 0.55192
vt 0.9962 0.55181
vt 0.99442 0.55181
vt 0.99782 0.55181
vt 0.9505 0.88249
vt 0.95145 0.88248
vt 0.94963 0.8825
vt 0.96189 0.88254
vt 0.96355 0.88256
vt 0.96018 0.88252
vt 0.96781 0.88263
vt 0.96892 0.88265
vt 0.96654 0.88261
vt 0.95526 0.88248
vt 0.95682 0.88249
vt 0.95383 0.88248
vt 0.98383 0.5519
vt 0.98552 0.55188
vt 0.99945 0.55181
vt 0.97074 0.88269
vt 0.9716 0.8827
vt 0.94877 0.88252
vt 0.97734 0.55197
vt 0.96511 0.88259
vt 0.95255 0.88248
vt 0.98729 0.55185
vt 0.98935 0.55183
vt 0.96987 0.88267
vt 0.95848 0.88251
vt 0.99195 0.55181
usemtl mat0
f 1/1/1 2/2/2 3/3/3
f 1/1/1 3/3/3 4/4/4
f 2/2/2 5/5/5 6/6/6
f 2/2/2 6/6/6 3/3/3
f 3/3/3 6/6/6 7/7/7
f 3/3/3 7/7/7 8/8/8
f 4/4/4 3/3/3 8/8/8
f 4/4/4 8/8/8 9/9/9
f 9/9/9 8/8/8 10/10/10
f 9/9/9 10/10/10 11/11/11
f 8/8/8 7/7/7 12/12/12
f 8/8/8 12/12/12 10/10/10
f 10/10/10 12/12/12 13/13/13
f 10/10/10 13/13/13 14/14/14
f 11/11/11 10/10/10 14/14/14
f 11/11/11 14/14/14 15/15/15
f 15/15/15 14/14/14 16/16/16
f 15/15/15 16/16/16 17/17/17
f 14/14/14 13/13/13 18/18/18
f 14/14/14 18/18/18 16/16/16
f 16/16/16 18/18/18 19/19/19
f 16/16/16 19/19/19 20/20/20
f 17/17/17 16/16/16 20/20/20
f 17/17/17 20/20/20 21/21/21
f 21/21/21 20/20/20 22/22/22
f 21/21/21 22/22/22 23/23/23
f 20/20/20 19/19/19 24/24/24
f 20/20/20 24/24/24 22/22/22
f 22/22/22 24/24/24 25/25/25
f 22/22/22 25/25/25 26/26/26
f 23/23/23 22/22/22 26/26/26
f 23/23/23 26/26/26 27/27/27
f 27/27/27 26/26/26 28/28/28
f 27/27/27 28/28/28 29/29/29
f 26/26/26 25/25/25 30/30/30
f 26/26/26 30/30/30 28/28/28
f 31/31/31 32/32/32 33/33/33
f 31/31/31 33/33/33 34/34/34
f 35/35/35 31/31/31 34/34/34
f 35/35/35 34/34/34 36/36/36
f 36/36/36 34/34/34 37/37/37
f 36/36/36 37/37/37 38/38/38
f 34/34/34 33/33/33 39/39/39
f 34/34/34 39/39/39 37/37/37
f 37/37/37 39/39/39 40/40/40
f 37/37/37 40/40/40 41/41/41
f 38/38/38 37/37/37 41/41/41
f 38/38/38 41/41/41 42/42/42
f 43/43/43 44/44/44 45/45/45
f 43/43/43 45/45/45 46/46/46
f 44/44/44 47/47/47 48/48/48
f 44/44/44 48/48/48 45/45/45
f 45/45/45 48/48/48 49/49/49
f 45/45/45 49/49/49 50/50/50
f 46/46/46 45/45/45 50/50/50
f 46/46/46 50/50/50 51/51/51
f 52/52/52 53/53/53 54/54/54
f 52/52/52 54/54/54 55/55/55
f 53/53/53 56/56/56 57/57/57
f 53/53/53 57/57/57 54/54/54
f 54/54/54 57/57/57 58/58/58
f 54/54/54 58/58/58 59/59/59
f 55/55/55 54/54/54 59/59/59
f 55/55/55 59/59/59 60/60/60
f 60/60/60 59/59/59 61/61/61
f 60/60/60 61/61/61 62/62/62
f 59/59/59 58/58/58 63/63/63
f 59/59/59 63/63/63 61/61/61
f 61/61/61 63/63/63 64/64/64
f 61/61/61 64/64/64 65/65/65
f 62/62/62 61/61/61 65/65/65
f 62/62/62 65/65/65 66/66/66
f 66/66/66 65/65/65 67/67/67
f 66/66/66 67/67/67 68/68/68
f 65/65/65 64/64/64 69/69/69
f 65/65/65 69/69/69 67/67/67
f 67/67/67 69/69/69 70/70/70
f 67/67/67 70/70/70 71/71/71
f 68/68/68 67/67/67 71/71/71
f 68/68/68 71/71/71 72/72/72
f 72/72/72 71/71/71 73/73/73
f 72/72/72 73/73/73 74/74/74
f 71/71/71 70/70/70 75/75/75
f 71/71/71 75/75/75 73/73/73
f 76/76/76 77/77/77 78/78/78
f 76/76/76 78/78/78 79/79/79
f 80/80/80 76/76/76 79/79/79
f 80/80/80 79/79/79 81/81/81
f 81/81/81 79/79/79 82/82/82
f 81/81/81 82/82/82 83/83/83
f 79/79/79 78/78/78 84/84/84
f 79/79/79 84/84/84 82/82/82
f 82/82/82 84/84/84 85/85/85
f 82/82/82 85/85/85 86/86/86
f 83/83/83 82/82/82 86/86/86
f 83/83/83 86/86/86 87/87/87
f 87/87/87 86/86/86 88/88/88
f 87/87/87 88/88/88 89/89/89
f 86/86/86 85/85/85 90/90/90
f 86/86/86 90/90/90 88/88/88
f 88/88/88 90/90/90 91/91/91
f 88/88/88 91/91/91 92/92/92
f 89/89/89 88/88/88 92/92/92
f 89/89/89 92/92/92 93/93/93
f 94/94/94 95/95/95 96/96/96
f 94/94/94 96/96/96 97/97/97
f 95/95/95 98/98/98 99/99/99
f 95/95/95 99/99/99 96/96/96
f 96/96/96 99/99/99 100/100/100
f 96/96/96 100/100/100 101/101/101
f 97/97/97 96/96/96 101/101/101
f 97/97/97 101/101/101 102/102/102
f 93/93/93 92/92/92 103/103/103
f 93/93/93 103/103/103 104/104/104
f 92/92/92 91/91/91 105/105/105
f 92/92/92 105/105/105 103/103/103
f 103/103/103 105/105/105 106/106/106
f 103/103/103 106/106/106 107/107/107
f 104/104/104 103/103/103 107/107/107
f 104/104/104 107/107/107 108/108/108
f 108/108/108 107/107/107 109/109/109
f 108/108/108 109/109/109 110/110/110
f 107/107/107 106/106/106 111/111/111
f 107/107/107 111/111/111 109/109/109
f 109/109/109 111/111/111 5/5/5
f 109/109/109 5/5/5 2/2/2
f 110/110/110 109/109/109 2/2/2
f 110/110/110 2/2/2 1/1/1
f 112/112/112 113/113/113 114/114/114
f 112/112/112 114/114/114 115/115/115
f 102/102/102 101/101/101 114/114/114
f 102/102/102 114/114/114 113/113/113
f 100/100/100 116/116/116 114/114/114
f 100/100/100 114/114/114 101/101/101
f 117/117/117 118/118/118 114/114/114
f 117/117/117 114/114/114 116/116/116
f 119/119/119 120/120/120 114/114/114
f 119/119/119 114/114/114 118/118/118
f 121/121/121 122/122/122 114/114/114
f 121/121/121 114/114/114 120/120/120
f 123/123/123 124/124/124 125/125/125
f 123/123/123 125/125/125 126/126/126
f 127/127/127 128/128/128 125/125/125
f 127/127/127 125/125/125 124/124/124
f 129/129/129 130/130/130 125/125/125
f 129/129/129 125/125/125 128/128/128
f 51/51/51 50/50/50 125/125/125
f 51/51/51 125/125/125 130/130/130
f 49/49/49 131/131/131 125/125/125
f 49/49/49 125/125/125 50/50/50
f 132/132/132 133/133/133 125/125/125
f 132/132/132 125/125/125 131/131/131
f 134/134/134 135/135/135 114/114/114
f 134/134/134 114/114/114 136/136/136
f 137/137/137 138/138/138 114/114/114
f 137/137/137 114/114/114 135/135/135
f 139/139/139 115/115/115 114/114/114
f 139/139/139 114/114/114 138/138/138
f 140/140/140 141/141/141 142/142/142
f 140/140/140 142/142/142 143/143/143
f 141/141/141 144/144/144 145/145/145
f 141/141/141 145/145/145 142/142/142
f 142/142/142 145/145/145 137/137/137
f 142/142/142 137/137/137 135/135/135
f 143/143/143 142/142/142 135/135/135
f 143/143/143 135/135/135 134/134/134
f 146/146/146 147/147/147 148/148/148
f 146/146/146 148/148/148 149/149/149
f 147/147/147 43/43/43 46/46/46
f 147/147/147 46/46/46 148/148/148
f 148/148/148 46/46/46 51/51/51
f 148/148/148 51/51/51 130/130/130
f 149/149/149 148/148/148 130/130/130
f 149/149/149 130/130/130 129/129/129
f 150/150/150 151/151/151 152/152/152
f 150/150/150 152/152/152 153/153/153
f 151/151/151 154/154/154 155/155/155
f 151/151/151 155/155/155 152/152/152
f 152/152/152 155/155/155 119/119/119
f 152/152/152 119/119/119 118/118/118
f 153/153/153 152/152/152 118/118/118
f 153/153/153 118/118/118 117/117/117
f 156/156/156 157/157/157 158/158/158
f 156/156/156 158/158/158 159/159/159
f 157/157/157 160/160/160 161/161/161
f 157/157/157 161/161/161 158/158/158
f 158/158/158 161/161/161 112/112/112
f 158/158/158 112/112/112 115/115/115
f 159/159/159 158/158/158 115/115/115
f 159/159/159 115/115/115 139/139/139
f 162/162/162 163/163/163 164/164/164
f 162/162/162 164/164/164 165/165/165
f 163/163/163 166/166/166 167/167/167
f 163/163/163 167/167/167 164/164/164
f 164/164/164 167/167/167 168/168/168
f 164/164/164 168/168/168 169/169/169
f 165/165/165 164/164/164 169/169/169
f 165/165/165 169/169/169 170/170/170
f 171/171/171 172/172/172 173/173/173
f 171/171/171 173/173/173 174/174/174
f 175/175/175 176/176/176 177/177/177
f 175/175/175 177/177/177 178/178/178
f 178/178/178 177/177/177 123/123/123
f 178/178/178 123/123/123 126/126/126
f 174/174/174 173/173/173 122/122/122
f 174/174/174 122/122/122 121/121/121
f 179/179/179 180/180/180 181/181/181
f 179/179/179 181/181/181 182/182/182
f 183/183/183 140/140/140 143/143/143
f 183/183/183 143/143/143 184/184/184
f 184/184/184 143/143/143 134/134/134
f 184/184/184 134/134/134 136/136/136
f 182/182/182 181/181/181 133/133/133
f 182/182/182 133/133/133 132/132/132
f 185/185/185 186/186/186 187/187/187
f 185/185/185 187/187/187 188/188/188
f 186/186/186 146/146/146 149/149/149
f 186/186/186 149/149/149 187/187/187
f 187/187/187 149/149/149 129/129/129
f 187/187/187 129/129/129 128/128/128
f 188/188/188 187/187/187 128/128/128
f 188/188/188 128/128/128 127/127/127
f 98/98/98 189/189/189 190/190/190
f 98/98/98 190/190/190 99/99/99
f 189/189/189 150/150/150 153/153/153
f 189/189/189 153/153/153 190/190/190
f 190/190/190 153/153/153 117/117/117
f 190/190/190 117/117/117 116/116/116
f 99/99/99 190/190/190 116/116/116
f 99/99/99 116/116/116 100/100/100
f 144/144/144 191/191/191 192/192/192
f 144/144/144 192/192/192 145/145/145
f 191/191/191 156/156/156 159/159/159
f 191/191/191 159/159/159 192/192/192
f 192/192/192 159/159/159 139/139/139
f 192/192/192 139/139/139 138/138/138
f 145/145/145 192/192/192 138/138/138
f 145/145/145 138/138/138 137/137/137
f 160/160/160 193/193/193 194/194/194
f 160/160/160 194/194/194 161/161/161
f 193/193/193 94/94/94 97/97/97
f 193/193/193 97/97/97 194/194/194
f 194/194/194 97/97/97 102/102/102
f 194/194/194 102/102/102 113/113/113
f 161/161/161 194/194/194 113/113/113
f 161/161/161 113/113/113 112/112/112
f 154/154/154 195/195/195 196/196/196
f 154/154/154 196/196/196 155/155/155
f 195/195/195 171/171/171 174/174/174
f 195/195/195 174/174/174 196/196/196
f 196/196/196 174/174/174 121/121/121
f 196/196/196 121/121/121 120/120/120
f 155/155/155 196/196/196 120/120/120
f 155/155/155 120/120/120 119/119/119
f 47/47/47 197/197/197 198/198/198
f 47/47/47 198/198/198 48/48/48
f 197/197/197 179/179/179 182/182/182
f 197/197/197 182/182/182 198/198/198
f 198/198/198 182/182/182 132/132/132
f 198/198/198 132/132/132 131/131/131
f 48/48/48 198/198/198 131/131/131
f 48/48/48 131/131/131 49/49/49
f 176/176/176 199/199/199 200/200/200
f 176/176/176 200/200/200 177/177/177
f 199/199/199 185/185/185 188/188/188
f 199/199/199 188/188/188 200/200/200
f 200/200/200 188/188/188 127/127/127
f 200/200/200 127/127/127 124/124/124
f 177/177/177 200/200/200 124/124/124
f 177/177/177 124/124/124 123/123/123
f 201/201/201 202/202/202 203/203/203
f 201/201/201 203/203/203 204/204/204
f 202/202/202 205/205/205 206/206/206
f 202/202/202 206/206/206 203/203/203
f 203/203/203 206/206/206 207/207/207
f 203/203/203 207/207/207 208/208/208
f 204/204/204 203/203/203 208/208/208
f 204/204/204 208/208/208 209/209/209
f 210/210/210 211/211/211 212/212/212
f 210/210/210 212/212/212 213/213/213
f 211/211/211 201/201/201 204/204/204
f 211/211/211 204/204/204 212/212/212
f 212/212/212 204/204/204 209/209/209
f 212/212/212 209/209/209 214/214/214
f 213/213/213 212/212/212 214/214/214
f 213/213/213 214/214/214 215/215/215
f 216/216/216 217/217/217 218/218/218
f 216/216/216 218/218/218 219/219/219
f 217/217/217 210/210/210 213/213/213
f 217/217/217 213/213/213 218/218/218
f 218/218/218 213/213/213 215/215/215
f 218/218/218 215/215/215 220/220/220
f 219/219/219 218/218/218 220/220/220
f 219/219/219 220/220/220 221/221/221
f 222/222/222 223/223/223 224/224/224
f 222/222/222 224/224/224 225/225/225
f 223/223/223 216/216/216 219/219/219
f 223/223/223 219/219/219 224/224/224
f 224/224/224 219/219/219 221/221/221
f 224/224/224 221/221/221 226/226/226
f 225/225/225 224/224/224 226/226/226
f 225/225/225 226/226/226 227/227/227
f 228/228/228 229/229/229 230/230/230
f 228/228/228 230/230/230 231/231/231
f 232/232/232 222/222/222 225/225/225
f 232/232/232 225/225/225 233/233/233
f 233/233/233 225/225/225 227/227/227
f 233/233/233 227/227/227 234/234/234
f 231/231/231 230/230/230 235/235/235
f 231/231/231 235/235/235 236/236/236
f 166/166/166 237/237/237 238/238/238
f 166/166/166 238/238/238 167/167/167
f 237/237/237 228/228/228 231/231/231
f 237/237/237 231/231/231 238/238/238
f 238/238/238 231/231/231 236/236/236
f 238/238/238 236/236/236 239/239/239
f 167/167/167 238/238/238 239/239/239
f 167/167/167 239/239/239 168/168/168
f 240/240/240 241/241/241 242/242/242
f 240/240/240 242/242/242 243/243/243
f 241/241/241 244/244/244 245/245/245
f 241/241/241 245/245/245 242/242/242
f 242/242/242 245/245/245 246/246/246
f 242/242/242 246/246/246 247/247/247
f 243/243/243 242/242/242 247/247/247
f 243/243/243 247/247/247 248/248/248
f 249/249/249 250/250/250 251/251/251
f 249/249/249 251/251/251 252/252/252
f 250/250/250 162/162/162 165/165/165
f 250/250/250 165/165/165 251/251/251
f 251/251/251 165/165/165 170/170/170
f 251/251/251 170/170/170 253/253/253
f 252/252/252 251/251/251 253/253/253
f 252/252/252 253/253/253 254/254/254
f 255/255/255 256/256/256 257/257/257
f 255/255/255 257/257/257 258/258/258
f 256/256/256 249/249/249 252/252/252
f 256/256/256 252/252/252 257/257/257
f 257/257/257 252/252/252 254/254/254
f 257/257/257 254/254/254 259/259/259
f 258/258/258 257/257/257 259/259/259
f 258/258/258 259/259/259 260/260/260
f 261/261/261 262/262/262 263/263/263
f 261/261/261 263/263/263 264/264/264
f 262/262/262 255/255/255 258/258/258
f 262/262/262 258/258/258 263/263/263
f 263/263/263 258/258/258 260/260/260
f 263/263/263 260/260/260 265/265/265
f 264/264/264 263/263/263 265/265/265
f 264/264/264 265/265/265 266/266/266
f 267/267/267 268/268/268 269/269/269
f 267/267/267 269/269/269 270/270/270
f 271/271/271 261/261/261 264/264/264
f 271/271/271 264/264/264 272/272/272
f 272/272/272 264/264/264 266/266/266
f 272/272/272 266/266/266 273/273/273
f 270/270/270 269/269/269 274/274/274
f 270/270/270 274/274/274 275/275/275
f 276/276/276 277/277/277 278/278/278
f 276/276/276 278/278/278 279/279/279
f 277/277/277 267/267/267 270/270/270
f 277/277/277 270/270/270 278/278/278
f 278/278/278 270/270/270 275/275/275
f 278/278/278 275/275/275 280/280/280
f 279/279/279 278/278/278 280/280/280
f 279/279/279 280/280/280 281/281/281
f 282/282/282 283/283/283 284/284/284
f 282/282/282 284/284/284 285/285/285
f 283/283/283 276/276/276 279/279/279
f 283/283/283 279/279/279 284/284/284
f 284/284/284 279/279/279 281/281/281
f 284/284/284 281/281/281 286/286/286
f 285/285/285 284/284/284 286/286/286
f 285/285/285 286/286/286 287/287/287
f 288/288/288 289/289/289 290/290/290
f 288/288/288 290/290/290 291/291/291
f 289/289/289 282/282/282 285/285/285
f 289/289/289 285/285/285 290/290/290
f 290/290/290 285/285/285 287/287/287
f 290/290/290 287/287/287 292/292/292
f 291/291/291 290/290/290 292/292/292
f 291/291/291 292/292/292 293/293/293
f 205/205/205 294/294/294 295/295/295
f 205/205/205 295/295/295 206/206/206
f 294/294/294 288/288/288 291/291/291
f 294/294/294 291/291/291 295/295/295
f 295/295/295 291/291/291 293/293/293
f 295/295/295 293/293/293 296/296/296
f 206/206/206 295/295/295 296/296/296
f 206/206/206 296/296/296 207/207/207
f 297/297/297 298/298/298 299/299/299
f 297/297/297 299/299/299 300/300/300
f 301/301/301 302/302/302 299/299/299
f 301/301/301 299/299/299 298/298/298
f 303/303/303 304/304/304 299/299/299
f 303/303/303 299/299/299 302/302/302
f 305/305/305 306/306/306 299/299/299
f 305/305/305 299/299/299 304/304/304
f 307/307/307 308/308/308 299/299/299
f 307/307/307 299/299/299 306/306/306
f 309/309/309 310/310/310 311/311/311
f 309/309/309 311/311/311 312/312/312
f 313/313/313 314/314/314 311/311/311
f 313/313/313 311/311/311 310/310/310
f 315/315/315 316/316/316 311/311/311
f 315/315/315 311/311/311 314/314/314
f 317/317/317 318/318/318 311/311/311
f 317/317/317 311/311/311 316/316/316
f 319/319/319 320/320/320 311/311/311
f 319/319/319 311/311/311 318/318/318
f 321/321/321 322/322/322 311/311/311
f 321/321/321 311/311/311 320/320/320
f 323/323/323 324/324/324 299/299/299
f 323/323/323 299/299/299 325/325/325
f 326/326/326 327/327/327 299/299/299
f 326/326/326 299/299/299 324/324/324
f 248/248/248 247/247/247 299/299/299
f 248/248/248 299/299/299 327/327/327
f 246/246/246 300/300/300 299/299/299
f 246/246/246 299/299/299 247/247/247
f 328/328/328 329/329/329 330/330/330
f 328/328/328 330/330/330 331/331/331
f 332/332/332 333/333/333 334/334/334
f 332/332/332 334/334/334 335/335/335
f 335/335/335 334/334/334 309/309/309
f 335/335/335 309/309/309 312/312/312
f 331/331/331 330/330/330 308/308/308
f 331/331/331 308/308/308 307/307/307
f 336/336/336 337/337/337 338/338/338
f 336/336/336 338/338/338 339/339/339
f 337/337/337 340/340/340 341/341/341
f 337/337/337 341/341/341 338/338/338
f 338/338/338 341/341/341 326/326/326
f 338/338/338 326/326/326 324/324/324
f 339/339/339 338/338/338 324/324/324
f 339/339/339 324/324/324 323/323/323
f 333/333/333 342/342/342 343/343/343
f 333/333/333 343/343/343 334/334/334
f 342/342/342 344/344/344 345/345/345
f 342/342/342 345/345/345 343/343/343
f 343/343/343 345/345/345 313/313/313
f 343/343/343 313/313/313 310/310/310
f 334/334/334 343/343/343 310/310/310
f 334/334/334 310/310/310 309/309/309
f 340/340/340 346/346/346 347/347/347
f 340/340/340 347/347/347 341/341/341
f 346/346/346 240/240/240 243/243/243
f 346/346/346 243/243/243 347/347/347
f 347/347/347 243/243/243 248/248/248
f 347/347/347 248/248/248 327/327/327
f 341/341/341 347/347/347 327/327/327
f 341/341/341 327/327/327 326/326/326
f 344/344/344 348/348/348 349/349/349
f 344/344/344 349/349/349 345/345/345
f 348/348/348 350/350/350 351/351/351
f 348/348/348 351/351/351 349/349/349
f 349/349/349 351/351/351 315/315/315
f 349/349/349 315/315/315 314/314/314
f 345/345/345 349/349/349 314/314/314
f 345/345/345 314/314/314 313/313/313
f 352/352/352 353/353/353 354/354/354
f 352/352/352 354/354/354 355/355/355
f 353/353/353 356/356/356 357/357/357
f 353/353/353 357/357/357 354/354/354
f 354/354/354 357/357/357 301/301/301
f 354/354/354 301/301/301 298/298/298
f 355/355/355 354/354/354 298/298/298
f 355/355/355 298/298/298 297/297/297
f 244/244/244 358/358/358 359/359/359
f 244/244/244 359/359/359 245/245/245
f 358/358/358 352/352/352 355/355/355
f 358/358/358 355/355/355 359/359/359
f 359/359/359 355/355/355 297/297/297
f 359/359/359 297/297/297 300/300/300
f 245/245/245 359/359/359 300/300/300
f 245/245/245 300/300/300 246/246/246
f 350/350/350 360/360/360 361/361/361
f 350/350/350 361/361/361 351/351/351
f 360/360/360 362/362/362 363/363/363
f 360/360/360 363/363/363 361/361/361
f 361/361/361 363/363/363 317/317/317
f 361/361/361 317/317/317 316/316/316
f 351/351/351 361/361/361 316/316/316
f 351/351/351 316/316/316 315/315/315
f 356/356/356 364/364/364 365/365/365
f 356/356/356 365/365/365 357/357/357
f 364/364/364 366/366/366 367/367/367
f 364/364/364 367/367/367 365/365/365
f 365/365/365 367/367/367 303/303/303
f 365/365/365 303/303/303 302/302/302
f 357/357/357 365/365/365 302/302/302
f 357/357/357 302/302/302 301/301/301
f 362/362/362 368/368/368 369/369/369
f 362/362/362 369/369/369 363/363/363
f 368/368/368 370/370/370 371/371/371
f 368/368/368 371/371/371 369/369/369
f 369/369/369 371/371/371 319/319/319
f 369/369/369 319/319/319 318/318/318
f 363/363/363 369/369/369 318/318/318
f 363/363/363 318/318/318 317/317/317
f 366/366/366 372/372/372 373/373/373
f 366/366/366 373/373/373 367/367/367
f 372/372/372 374/374/374 375/375/375
f 372/372/372 375/375/375 373/373/373
f 373/373/373 375/375/375 305/305/305
f 373/373/373 305/305/305 304/304/304
f 367/367/367 373/373/373 304/304/304
f 367/367/367 304/304/304 303/303/303
f 370/370/370 376/376/376 377/377/377
f 370/370/370 377/377/377 371/371/371
f 376/376/376 378/378/378 379/379/379
f 376/376/376 379/379/379 377/377/377
f 377/377/377 379/379/379 321/321/321
f 377/377/377 321/321/321 320/320/320
f 371/371/371 377/377/377 320/320/320
f 371/371/371 320/320/320 319/319/319
f 374/374/374 380/380/380 381/381/381
f 374/374/374 381/381/381 375/375/375
f 380/380/380 328/328/328 331/331/331
f 380/380/380 331/331/331 381/381/381
f 381/381/381 331/331/331 307/307/307
f 381/381/381 307/307/307 306/306/306
f 375/375/375 381/381/381 306/306/306
f 375/375/375 306/306/306 305/305/305
f 378/378/378 382/382/382 383/383/383
f 378/378/378 383/383/383 379/379/379
f 384/384/384 336/336/336 339/339/339
f 384/384/384 339/339/339 385/385/385
f 385/385/385 339/339/339 323/323/323
f 385/385/385 323/323/323 325/325/325
f 379/379/379 383/383/383 322/322/322
f 379/379/379 322/322/322 321/321/321
f 386/386/386 387/387/387 388/388/388
f 386/386/386 388/388/388 389/389/389
f 387/387/387 390/390/390 391/391/391
f 387/387/387 391/391/391 388/388/388
f 388/388/388 391/391/391 170/170/170
f 388/388/388 170/170/170 169/169/169
f 389/389/389 388/388/388 169/169/169
f 389/389/389 169/169/169 168/168/168
f 392/392/392 393/393/393 394/394/394
f 392/392/392 394/394/394 395/395/395
f 396/396/396 397/397/397 398/398/398
f 396/396/396 398/398/398 399/399/399
f 399/399/399 398/398/398 400/400/400
f 399/399/399 400/400/400 401/401/401
f 395/395/395 394/394/394 402/402/402
f 395/395/395 402/402/402 403/403/403
f 404/404/404 405/405/405 406/406/406
f 404/404/404 406/406/406 407/407/407
f 405/405/405 408/408/408 409/409/409
f 405/405/405 409/409/409 406/406/406
f 406/406/406 409/409/409 410/410/410
f 406/406/406 410/410/410 411/411/411
f 407/407/407 406/406/406 411/411/411
f 407/407/407 411/411/411 412/412/412
f 413/413/413 414/414/414 415/415/415
f 413/413/413 415/415/415 416/416/416
f 414/414/414 392/392/392 395/395/395
f 414/414/414 395/395/395 415/415/415
f 415/415/415 395/395/395 403/403/403
f 415/415/415 403/403/403 417/417/417
f 416/416/416 415/415/415 417/417/417
f 416/416/416 417/417/417 418/418/418
f 419/419/419 420/420/420 421/421/421
f 419/419/419 421/421/421 422/422/422
f 420/420/420 404/404/404 407/407/407
f 420/420/420 407/407/407 421/421/421
f 421/421/421 407/407/407 412/412/412
f 421/421/421 412/412/412 423/423/423
f 422/422/422 421/421/421 423/423/423
f 422/422/422 423/423/423 424/424/424
f 425/425/425 426/426/426 427/427/427
f 425/425/425 427/427/427 428/428/428
f 426/426/426 413/413/413 416/416/416
f 426/426/426 416/416/416 427/427/427
f 427/427/427 416/416/416 418/418/418
f 427/427/427 418/418/418 429/429/429
f 428/428/428 427/427/427 429/429/429
f 428/428/428 429/429/429 430/430/430
f 431/431/431 432/432/432 433/433/433
f 431/431/431 433/433/433 434/434/434
f 432/432/432 419/419/419 422/422/422
f 432/432/432 422/422/422 433/433/433
f 433/433/433 422/422/422 424/424/424
f 433/433/433 424/424/424 435/435/435
f 434/434/434 433/433/433 435/435/435
f 434/434/434 435/435/435 436/436/436
f 437/437/437 438/438/438 439/439/439
f 437/437/437 439/439/439 440/440/440
f 438/438/438 425/425/425 428/428/428
f 438/438/438 428/428/428 439/439/439
f 439/439/439 428/428/428 430/430/430
f 439/439/439 430/430/430 441/441/441
f 440/440/440 439/439/439 441/441/441
f 440/440/440 441/441/441 442/442/442
f 443/443/443 444/444/444 445/445/445
f 443/443/443 445/445/445 446/446/446
f 444/444/444 447/447/447 448/448/448
f 444/444/444 448/448/448 445/445/445
f 445/445/445 448/448/448 449/449/449
f 445/445/445 449/449/449 450/450/450
f 446/446/446 445/445/445 450/450/450
f 446/446/446 450/450/450 451/451/451
f 447/447/447 452/452/452 453/453/453
f 447/447/447 453/453/453 448/448/448
f 452/452/452 431/431/431 434/434/434
f 452/452/452 434/434/434 453/453/453
f 453/453/453 434/434/434 436/436/436
f 453/453/453 436/436/436 454/454/454
f 448/448/448 453/453/453 454/454/454
f 448/448/448 454/454/454 449/449/449
f 455/455/455 456/456/456 457/457/457
f 455/455/455 457/457/457 458/458/458
f 456/456/456 437/437/437 440/440/440
f 456/456/456 440/440/440 457/457/457
f 457/457/457 440/440/440 442/442/442
f 457/457/457 442/442/442 459/459/459
f 458/458/458 457/457/457 459/459/459
f 458/458/458 459/459/459 460/460/460
f 461/461/461 462/462/462 463/463/463
f 461/461/461 463/463/463 464/464/464
f 462/462/462 465/465/465 466/466/466
f 462/462/462 466/466/466 463/463/463
f 463/463/463 466/466/466 467/467/467
f 463/463/463 467/467/467 468/468/468
f 464/464/464 463/463/463 468/468/468
f 464/464/464 468/468/468 469/469/469
f 470/470/470 471/471/471 472/472/472
f 470/470/470 472/472/472 473/473/473
f 471/471/471 455/455/455 458/458/458
f 471/471/471 458/458/458 472/472/472
f 472/472/472 458/458/458 460/460/460
f 472/472/472 460/460/460 474/474/474
f 473/473/473 472/472/472 474/474/474
f 473/473/473 474/474/474 475/475/475
f 397/397/397 476/476/476 477/477/477
f 397/397/397 477/477/477 398/398/398
f 476/476/476 461/461/461 464/464/464
f 476/476/476 464/464/464 477/477/477
f 477/477/477 464/464/464 469/469/469
f 477/477/477 469/469/469 478/478/478
f 398/398/398 477/477/477 478/478/478
f 398/398/398 478/478/478 400/400/400
f 408/408/408 479/479/479 480/480/480
f 408/408/408 480/480/480 409/409/409
f 481/481/481 470/470/470 473/473/473
f 481/481/481 473/473/473 482/482/482
f 482/482/482 473/473/473 475/475/475
f 482/482/482 475/475/475 483/483/483
f 409/409/409 480/480/480 484/484/484
f 409/409/409 484/484/484 410/410/410
f 465/465/465 485/485/485 486/486/486
f 465/465/465 486/486/486 466/466/466
f 485/485/485 443/443/443 446/446/446
f 485/485/485 446/446/446 486/486/486
f 486/486/486 446/446/446 451/451/451
f 486/486/486 451/451/451 487/487/487
f 466/466/466 486/486/486 487/487/487
f 466/466/466 487/487/487 467/467/467
f 403/403/403 402/402/402 488/488/488
f 403/403/403 488/488/488 489/489/489
f 401/401/401 400/400/400 490/490/490
f 401/401/401 490/490/490 491/491/491
f 491/491/491 490/490/490 336/336/336
f 491/491/491 336/336/336 384/384/384
f 489/489/489 488/488/488 382/382/382
f 489/489/489 382/382/382 378/378/378
f 412/412/412 411/411/411 492/492/492
f 412/412/412 492/492/492 493/493/493
f 411/411/411 410/410/410 494/494/494
f 411/411/411 494/494/494 492/492/492
f 492/492/492 494/494/494 328/328/328
f 492/492/492 328/328/328 380/380/380
f 493/493/493 492/492/492 380/380/380
f 493/493/493 380/380/380 374/374/374
f 418/418/418 417/417/417 495/495/495
f 418/418/418 495/495/495 496/496/496
f 417/417/417 403/403/403 489/489/489
f 417/417/417 489/489/489 495/495/495
f 495/495/495 489/489/489 378/378/378
f 495/495/495 378/378/378 376/376/376
f 496/496/496 495/495/495 376/376/376
f 496/496/496 376/376/376 370/370/370
f 424/424/424 423/423/423 497/497/497
f 424/424/424 497/497/497 498/498/498
f 423/423/423 412/412/412 493/493/493
f 423/423/423 493/493/493 497/497/497
f 497/497/497 493/493/493 374/374/374
f 497/497/497 374/374/374 372/372/372
f 498/498/498 497/497/497 372/372/372
f 498/498/498 372/372/372 366/366/366
f 430/430/430 429/429/429 499/499/499
f 430/430/430 499/499/499 500/500/500
f 429/429/429 418/418/418 496/496/496
f 429/429/429 496/496/496 499/499/499
f 499/499/499 496/496/496 370/370/370
f 499/499/499 370/370/370 368/368/368
f 500/500/500 499/499/499 368/368/368
f 500/500/500 368/368/368 362/362/362
f 436/436/436 435/435/435 501/501/501
f 436/436/436 501/501/501 502/502/502
f 435/435/435 424/424/424 498/498/498
f 435/435/435 498/498/498 501/501/501
f 501/501/501 498/498/498 366/366/366
f 501/501/501 366/366/366 364/364/364
f 502/502/502 501/501/501 364/364/364
f 502/502/502 364/364/364 356/356/356
f 442/442/442 441/441/441 503/503/503
f 442/442/442 503/503/503 504/504/504
f 441/441/441 430/430/430 500/500/500
f 441/441/441 500/500/500 503/503/503
f 503/503/503 500/500/500 362/362/362
f 503/503/503 362/362/362 360/360/360
f 504/504/504 503/503/503 360/360/360
f 504/504/504 360/360/360 350/350/350
f 451/451/451 450/450/450 505/505/505
f 451/451/451 505/505/505 506/506/506
f 450/450/450 449/449/449 507/507/507
f 450/450/450 507/507/507 505/505/505
f 505/505/505 507/507/507 352/352/352
f 505/505/505 352/352/352 358/358/358
f 506/506/506 505/505/505 358/358/358
f 506/506/506 358/358/358 244/244/244
f 449/449/449 454/454/454 508/508/508
f 449/449/449 508/508/508 507/507/507
f 454/454/454 436/436/436 502/502/502
f 454/454/454 502/502/502 508/508/508
f 508/508/508 502/502/502 356/356/356
f 508/508/508 356/356/356 353/353/353
f 507/507/507 508/508/508 353/353/353
f 507/507/507 353/353/353 352/352/352
f 460/460/460 459/459/459 509/509/509
f 460/460/460 509/509/509 510/510/510
f 459/459/459 442/442/442 504/504/504
f 459/459/459 504/504/504 509/509/509
f 509/509/509 504/504/504 350/350/350
f 509/509/509 350/350/350 348/348/348
f 510/510/510 509/509/509 348/348/348
f 510/510/510 348/348/348 344/344/344
f 469/469/469 468/468/468 511/511/511
f 469/469/469 511/511/511 512/512/512
f 468/468/468 467/467/467 513/513/513
f 468/468/468 513/513/513 511/511/511
f 511/511/511 513/513/513 240/240/240
f 511/511/511 240/240/240 346/346/346
f 512/512/512 511/511/511 346/346/346
f 512/512/512 346/346/346 340/340/340
f 475/475/475 474/474/474 514/514/514
f 475/475/475 514/514/514 515/515/515
f 474/474/474 460/460/460 510/510/510
f 474/474/474 510/510/510 514/514/514
f 514/514/514 510/510/510 344/344/344
f 514/514/514 344/344/344 342/342/342
f 515/515/515 514/514/514 342/342/342
f 515/515/515 342/342/342 333/333/333
f 400/400/400 478/478/478 516/516/516
f 400/400/400 516/516/516 490/490/490
f 478/478/478 469/469/469 512/512/512
f 478/478/478 512/512/512 516/516/516
f 516/516/516 512/512/512 340/340/340
f 516/516/516 340/340/340 337/337/337
f 490/490/490 516/516/516 337/337/337
f 490/490/490 337/337/337 336/336/336
f 410/410/410 484/484/484 517/517/517
f 410/410/410 517/517/517 494/494/494
f 483/483/483 475/475/475 515/515/515
f 483/483/483 515/515/515 518/518/518
f 518/518/518 515/515/515 333/333/333
f 518/518/518 333/333/333 332/332/332
f 494/494/494 517/517/517 329/329/329
f 494/494/494 329/329/329 328/328/328
f 467/467/467 487/487/487 519/519/519
f 467/467/467 519/519/519 513/513/513
f 487/487/487 451/451/451 506/506/506
f 487/487/487 506/506/506 519/519/519
f 519/519/519 506/506/506 244/244/244
f 519/519/519 244/244/244 241/241/241
f 513/513/513 519/519/519 241/241/241
f 513/513/513 241/241/241 240/240/240
f 520/520/520 521/521/521 522/522/522
f 520/520/520 522/522/522 523/523/523
f 521/521/521 524/524/524 525/525/525
f 521/521/521 525/525/525 522/522/522
f 522/522/522 525/525/525 443/443/443
f 522/522/522 443/443/443 485/485/485
f 523/523/523 522/522/522 485/485/485
f 523/523/523 485/485/485 465/465/465
f 526/526/526 527/527/527 528/528/528
f 526/526/526 528/528/528 529/529/529
f 530/530/530 531/531/531 532/532/532
f 530/530/530 532/532/532 533/533/533
f 533/533/533 532/532/532 470/470/470
f 533/533/533 470/470/470 481/481/481
f 529/529/529 528/528/528 479/479/479
f 529/529/529 479/479/479 408/408/408
f 534/534/534 535/535/535 536/536/536
f 534/534/534 536/536/536 537/537/537
f 535/535/535 538/538/538 539/539/539
f 535/535/535 539/539/539 536/536/536
f 536/536/536 539/539/539 461/461/461
f 536/536/536 461/461/461 476/476/476
f 537/537/537 536/536/536 476/476/476
f 537/537/537 476/476/476 397/397/397
f 531/531/531 540/540/540 541/541/541
f 531/531/531 541/541/541 532/532/532
f 540/540/540 542/542/542 543/543/543
f 540/540/540 543/543/543 541/541/541
f 541/541/541 543/543/543 455/455/455
f 541/541/541 455/455/455 471/471/471
f 532/532/532 541/541/541 471/471/471
f 532/532/532 471/471/471 470/470/470
f 538/538/538 544/544/544 545/545/545
f 538/538/538 545/545/545 539/539/539
f 544/544/544 520/520/520 523/523/523
f 544/544/544 523/523/523 545/545/545
f 545/545/545 523/523/523 465/465/465
f 545/545/545 465/465/465 462/462/462
f 539/539/539 545/545/545 462/462/462
f 539/539/539 462/462/462 461/461/461
f 542/542/542 546/546/546 547/547/547
f 542/542/542 547/547/547 543/543/543
f 546/546/546 548/548/548 549/549/549
f 546/546/546 549/549/549 547/547/547
f 547/547/547 549/549/549 437/437/437
f 547/547/547 437/437/437 456/456/456
f 543/543/543 547/547/547 456/456/456
f 543/543/543 456/456/456 455/455/455
f 550/550/550 551/551/551 552/552/552
f 550/550/550 552/552/552 553/553/553
f 551/551/551 554/554/554 555/555/555
f 551/551/551 555/555/555 552/552/552
f 552/552/552 555/555/555 431/431/431
f 552/552/552 431/431/431 452/452/452
f 553/553/553 552/552/552 452/452/452
f 553/553/553 452/452/452 447/447/447
f 524/524/524 556/556/556 557/557/557
f 524/524/524 557/557/557 525/525/525
f 556/556/556 550/550/550 553/553/553
f 556/556/556 553/553/553 557/557/557
f 557/557/557 553/553/553 447/447/447
f 557/557/557 447/447/447 444/444/444
f 525/525/525 557/557/557 444/444/444
f 525/525/525 444/444/444 443/443/443
f 548/548/548 558/558/558 559/559/559
f 548/548/548 559/559/559 549/549/549
f 558/558/558 560/560/560 561/561/561
f 558/558/558 561/561/561 559/559/559
f 559/559/559 561/561/561 425/425/425
f 559/559/559 425/425/425 438/438/438
f 549/549/549 559/559/559 438/438/438
f 549/549/549 438/438/438 437/437/437
f 554/554/554 562/562/562 563/563/563
f 554/554/554 563/563/563 555/555/555
f 562/562/562 564/564/564 565/565/565
f 562/562/562 565/565/565 563/563/563
f 563/563/563 565/565/565 419/419/419
f 563/563/563 419/419/419 432/432/432
f 555/555/555 563/563/563 432/432/432
f 555/555/555 432/432/432 431/431/431
f 560/560/560 566/566/566 567/567/567
f 560/560/560 567/567/567 561/561/561
f 566/566/566 568/568/568 569/569/569
f 566/566/566 569/569/569 567/567/567
f 567/567/567 569/569/569 413/413/413
f 567/567/567 413/413/413 426/426/426
f 561/561/561 567/567/567 426/426/426
f 561/561/561 426/426/426 425/425/425
f 564/564/564 570/570/570 571/571/571
f 564/564/564 571/571/571 565/565/565
f 570/570/570 572/572/572 573/573/573
f 570/570/570 573/573/573 571/571/571
f 571/571/571 573/573/573 404/404/404
f 571/571/571 404/404/404 420/420/420
f 565/565/565 571/571/571 420/420/420
f 565/565/565 420/420/420 419/419/419
f 568/568/568 574/574/574 575/575/575
f 568/568/568 575/575/575 569/569/569
f 574/574/574 576/576/576 577/577/577
f 574/574/574 577/577/577 575/575/575
f 575/575/575 577/577/577 392/392/392
f 575/575/575 392/392/392 414/414/414
f 569/569/569 575/575/575 414/414/414
f 569/569/569 414/414/414 413/413/413
f 572/572/572 578/578/578 579/579/579
f 572/572/572 579/579/579 573/573/573
f 578/578/578 526/526/526 529/529/529
f 578/578/578 529/529/529 579/579/579
f 579/579/579 529/529/529 408/408/408
f 579/579/579 408/408/408 405/405/405
f 573/573/573 579/579/579 405/405/405
f 573/573/573 405/405/405 404/404/404
f 576/576/576 580/580/580 581/581/581
f 576/576/576 581/581/581 577/577/577
f 582/582/582 534/534/534 537/537/537
f 582/582/582 537/537/537 583/583/583
f 583/583/583 537/537/537 397/397/397
f 583/583/583 397/397/397 396/396/396
f 577/577/577 581/581/581 393/393/393
f 577/577/577 393/393/393 392/392/392
f 70/70/70 69/69/69 584/584/584
f 70/70/70 584/584/584 585/585/585
f 69/69/69 64/64/64 586/586/586
f 69/69/69 586/586/586 584/584/584
f 584/584/584 586/586/586 587/587/587
f 584/584/584 587/587/587 588/588/588
f 585/585/585 584/584/584 588/588/588
f 585/585/585 588/588/588 589/589/589
f 40/40/40 39/39/39 590/590/590
f 40/40/40 590/590/590 591/591/591
f 39/39/39 33/33/33 592/592/592
f 39/39/39 592/592/592 590/590/590
f 590/590/590 592/592/592 593/593/593
f 590/590/590 593/593/593 594/594/594
f 591/591/591 590/590/590 594/594/594
f 591/591/591 594/594/594 595/595/595
f 85/85/85 84/84/84 596/596/596
f 85/85/85 596/596/596 597/597/597
f 84/84/84 78/78/78 598/598/598
f 84/84/84 598/598/598 596/596/596
f 596/596/596 598/598/598 599/599/599
f 596/596/596 599/599/599 600/600/600
f 597/597/597 596/596/596 600/600/600
f 597/597/597 600/600/600 601/601/601
f 7/7/7 6/6/6 602/602/602
f 7/7/7 602/602/602 603/603/603
f 6/6/6 5/5/5 604/604/604
f 6/6/6 604/604/604 602/602/602
f 602/602/602 604/604/604 605/605/605
f 602/602/602 605/605/605 606/606/606
f 603/603/603 602/602/602 606/606/606
f 603/603/603 606/606/606 607/607/607
f 19/19/19 18/18/18 608/608/608
f 19/19/19 608/608/608 609/609/609
f 18/18/18 13/13/13 610/610/610
f 18/18/18 610/610/610 608/608/608
f 608/608/608 610/610/610 611/611/611
f 608/608/608 611/611/611 612/612/612
f 609/609/609 608/608/608 612/612/612
f 609/609/609 612/612/612 613/613/613
f 106/106/106 105/105/105 614/614/614
f 106/106/106 614/614/614 615/615/615
f 105/105/105 91/91/91 616/616/616
f 105/105/105 616/616/616 614/614/614
f 614/614/614 616/616/616 617/617/617
f 614/614/614 617/617/617 618/618/618
f 615/615/615 614/614/614 618/618/618
f 615/615/615 618/618/618 619/619/619
f 64/64/64 63/63/63 620/620/620
f 64/64/64 620/620/620 586/586/586
f 63/63/63 58/58/58 621/621/621
f 63/63/63 621/621/621 620/620/620
f 620/620/620 621/621/621 622/622/622
f 620/620/620 622/622/622 623/623/623
f 586/586/586 620/620/620 623/623/623
f 586/586/586 623/623/623 587/587/587
f 33/33/33 32/32/32 624/624/624
f 33/33/33 624/624/624 592/592/592
f 30/30/30 25/25/25 625/625/625
f 30/30/30 625/625/625 626/626/626
f 626/626/626 625/625/625 627/627/627
f 626/626/626 627/627/627 628/628/628
f 592/592/592 624/624/624 629/629/629
f 592/592/592 629/629/629 593/593/593
f 78/78/78 77/77/77 630/630/630
f 78/78/78 630/630/630 598/598/598
f 75/75/75 70/70/70 585/585/585
f 75/75/75 585/585/585 631/631/631
f 631/631/631 585/585/585 589/589/589
f 631/631/631 589/589/589 632/632/632
f 598/598/598 630/630/630 633/633/633
f 598/598/598 633/633/633 599/599/599
f 13/13/13 12/12/12 634/634/634
f 13/13/13 634/634/634 610/610/610
f 12/12/12 7/7/7 603/603/603
f 12/12/12 603/603/603 634/634/634
f 634/634/634 603/603/603 607/607/607
f 634/634/634 607/607/607 635/635/635
f 610/610/610 634/634/634 635/635/635
f 610/610/610 635/635/635 611/611/611
f 91/91/91 90/90/90 636/636/636
f 91/91/91 636/636/636 616/616/616
f 90/90/90 85/85/85 597/597/597
f 90/90/90 597/597/597 636/636/636
f 636/636/636 597/597/597 601/601/601
f 636/636/636 601/601/601 637/637/637
f 616/616/616 636/636/636 637/637/637
f 616/616/616 637/637/637 617/617/617
f 58/58/58 57/57/57 638/638/638
f 58/58/58 638/638/638 621/621/621
f 57/57/57 56/56/56 639/639/639
f 57/57/57 639/639/639 638/638/638
f 638/638/638 639/639/639 640/640/640
f 638/638/638 640/640/640 641/641/641
f 621/621/621 638/638/638 641/641/641
f 621/621/621 641/641/641 622/622/622
f 25/25/25 24/24/24 642/642/642
f 25/25/25 642/642/642 625/625/625
f 24/24/24 19/19/19 609/609/609
f 24/24/24 609/609/609 642/642/642
f 642/642/642 609/609/609 613/613/613
f 642/642/642 613/613/613 643/643/643
f 625/625/625 642/642/642 643/643/643
f 625/625/625 643/643/643 627/627/627
f 5/5/5 111/111/111 644/644/644
f 5/5/5 644/644/644 604/604/604
f 111/111/111 106/106/106 615/615/615
f 111/111/111 615/615/615 644/644/644
f 644/644/644 615/615/615 619/619/619
f 644/644/644 619/619/619 645/645/645
f 604/604/604 644/644/644 645/645/645
f 604/604/604 645/645/645 605/605/605
f 56/56/56 646/646/646 647/647/647
f 56/56/56 647/647/647 639/639/639
f 646/646/646 40/40/40 591/591/591
f 646/646/646 591/591/591 647/647/647
f 647/647/647 591/591/591 595/595/595
f 647/647/647 595/595/595 648/648/648
f 639/639/639 647/647/647 648/648/648
f 639/639/639 648/648/648 640/640/640
f 42/42/42 649/649/649 650/650/650
f 42/42/42 650/650/650 651/651/651
f 649/649/649 52/52/52 652/652/652
f 649/649/649 652/652/652 650/650/650
f 650/650/650 652/652/652 390/390/390
f 650/650/650 390/390/390 387/387/387
f 651/651/651 650/650/650 387/387/387
f 651/651/651 387/387/387 386/386/386
f 293/293/293 653/653/653 654/654/654
f 293/293/293 654/654/654 296/296/296
f 653/653/653 655/655/655 656/656/656
f 653/653/653 656/656/656 654/654/654
f 654/654/654 656/656/656 657/657/657
f 654/654/654 657/657/657 658/658/658
f 296/296/296 654/654/654 658/658/658
f 296/296/296 658/658/658 207/207/207
f 287/287/287 659/659/659 660/660/660
f 287/287/287 660/660/660 292/292/292
f 659/659/659 661/661/661 662/662/662
f 659/659/659 662/662/662 660/660/660
f 660/660/660 662/662/662 655/655/655
f 660/660/660 655/655/655 653/653/653
f 292/292/292 660/660/660 653/653/653
f 292/292/292 653/653/653 293/293/293
f 281/281/281 663/663/663 664/664/664
f 281/281/281 664/664/664 286/286/286
f 663/663/663 665/665/665 666/666/666
f 663/663/663 666/666/666 664/664/664
f 664/664/664 666/666/666 661/661/661
f 664/664/664 661/661/661 659/659/659
f 286/286/286 664/664/664 659/659/659
f 286/286/286 659/659/659 287/287/287
f 275/275/275 667/667/667 668/668/668
f 275/275/275 668/668/668 280/280/280
f 667/667/667 669/669/669 670/670/670
f 667/667/667 670/670/670 668/668/668
f 668/668/668 670/670/670 665/665/665
f 668/668/668 665/665/665 663/663/663
f 280/280/280 668/668/668 663/663/663
f 280/280/280 663/663/663 281/281/281
f 266/266/266 671/671/671 672/672/672
f 266/266/266 672/672/672 273/273/273
f 671/671/671 673/673/673 674/674/674
f 671/671/671 674/674/674 672/672/672
f 675/675/675 676/676/676 669/669/669
f 675/675/675 669/669/669 667/667/667
f 274/274/274 675/675/675 667/667/667
f 274/274/274 667/667/667 275/275/275
f 260/260/260 677/677/677 678/678/678
f 260/260/260 678/678/678 265/265/265
f 677/677/677 679/679/679 680/680/680
f 677/677/677 680/680/680 678/678/678
f 678/678/678 680/680/680 673/673/673
f 678/678/678 673/673/673 671/671/671
f 265/265/265 678/678/678 671/671/671
f 265/265/265 671/671/671 266/266/266
f 254/254/254 681/681/681 682/682/682
f 254/254/254 682/682/682 259/259/259
f 681/681/681 683/683/683 684/684/684
f 681/681/681 684/684/684 682/682/682
f 682/682/682 684/684/684 679/679/679
f 682/682/682 679/679/679 677/677/677
f 259/259/259 682/682/682 677/677/677
f 259/259/259 677/677/677 260/260/260
f 170/170/170 391/391/391 685/685/685
f 170/170/170 685/685/685 253/253/253
f 391/391/391 390/390/390 686/686/686
f 391/391/391 686/686/686 685/685/685
f 685/685/685 686/686/686 683/683/683
f 685/685/685 683/683/683 681/681/681
f 253/253/253 685/685/685 681/681/681
f 253/253/253 681/681/681 254/254/254
f 236/236/236 687/687/687 688/688/688
f 236/236/236 688/688/688 239/239/239
f 687/687/687 689/689/689 690/690/690
f 687/687/687 690/690/690 688/688/688
f 688/688/688 690/690/690 386/386/386
f 688/688/688 386/386/386 389/389/389
f 239/239/239 688/688/688 389/389/389
f 239/239/239 389/389/389 168/168/168
f 227/227/227 691/691/691 692/692/692
f 227/227/227 692/692/692 234/234/234
f 691/691/691 693/693/693 694/694/694
f 691/691/691 694/694/694 692/692/692
f 695/695/695 696/696/696 689/689/689
f 695/695/695 689/689/689 687/687/687
f 235/235/235 695/695/695 687/687/687
f 235/235/235 687/687/687 236/236/236
f 221/221/221 697/697/697 698/698/698
f 221/221/221 698/698/698 226/226/226
f 697/697/697 699/699/699 700/700/700
f 697/697/697 700/700/700 698/698/698
f 698/698/698 700/700/700 693/693/693
f 698/698/698 693/693/693 691/691/691
f 226/226/226 698/698/698 691/691/691
f 226/226/226 691/691/691 227/227/227
f 215/215/215 701/701/701 702/702/702
f 215/215/215 702/702/702 220/220/220
f 701/701/701 703/703/703 704/704/704
f 701/701/701 704/704/704 702/702/702
f 702/702/702 704/704/704 699/699/699
f 702/702/702 699/699/699 697/697/697
f 220/220/220 702/702/702 697/697/697
f 220/220/220 697/697/697 221/221/221
f 209/209/209 705/705/705 706/706/706
f 209/209/209 706/706/706 214/214/214
f 705/705/705 707/707/707 708/708/708
f 705/705/705 708/708/708 706/706/706
f 706/706/706 708/708/708 703/703/703
f 706/706/706 703/703/703 701/701/701
f 214/214/214 706/706/706 701/701/701
f 214/214/214 701/701/701 215/215/215
f 207/207/207 658/658/658 709/709/709
f 207/207/207 709/709/709 208/208/208
f 658/658/658 657/657/657 710/710/710
f 658/658/658 710/710/710 709/709/709
f 709/709/709 710/710/710 707/707/707
f 709/709/709 707/707/707 705/705/705
f 208/208/208 709/709/709 705/705/705
f 208/208/208 705/705/705 209/209/209
f 40/40/40 646/646/646 711/711/711
f 40/40/40 711/711/711 41/41/41
f 646/646/646 56/56/56 53/53/53
f 646/646/646 53/53/53 711/711/711
f 711/711/711 53/53/53 52/52/52
f 711/711/711 52/52/52 649/649/649
f 41/41/41 711/711/711 649/649/649
f 41/41/41 649/649/649 42/42/42
f 655/655/655 712/712/712 713/713/713
f 655/655/655 713/713/713 656/656/656
f 712/712/712 108/108/108 110/110/110
f 712/712/712 110/110/110 713/713/713
f 713/713/713 110/110/110 1/1/1
f 713/713/713 1/1/1 714/714/714
f 656/656/656 713/713/713 714/714/714
f 656/656/656 714/714/714 657/657/657
f 661/661/661 715/715/715 716/716/716
f 661/661/661 716/716/716 662/662/662
f 715/715/715 93/93/93 104/104/104
f 715/715/715 104/104/104 716/716/716
f 716/716/716 104/104/104 108/108/108
f 716/716/716 108/108/108 712/712/712
f 662/662/662 716/716/716 712/712/712
f 662/662/662 712/712/712 655/655/655
f 665/665/665 717/717/717 718/718/718
f 665/665/665 718/718/718 666/666/666
f 717/717/717 87/87/87 89/89/89
f 717/717/717 89/89/89 718/718/718
f 718/718/718 89/89/89 93/93/93
f 718/718/718 93/93/93 715/715/715
f 666/666/666 718/718/718 715/715/715
f 666/666/666 715/715/715 661/661/661
f 669/669/669 719/719/719 720/720/720
f 669/669/669 720/720/720 670/670/670
f 719/719/719 81/81/81 83/83/83
f 719/719/719 83/83/83 720/720/720
f 720/720/720 83/83/83 87/87/87
f 720/720/720 87/87/87 717/717/717
f 670/670/670 720/720/720 717/717/717
f 670/670/670 717/717/717 665/665/665
f 673/673/673 721/721/721 722/722/722
f 673/673/673 722/722/722 674/674/674
f 721/721/721 72/72/72 74/74/74
f 721/721/721 74/74/74 722/722/722
f 723/723/723 80/80/80 81/81/81
f 723/723/723 81/81/81 719/719/719
f 676/676/676 723/723/723 719/719/719
f 676/676/676 719/719/719 669/669/669
f 679/679/679 724/724/724 725/725/725
f 679/679/679 725/725/725 680/680/680
f 724/724/724 66/66/66 68/68/68
f 724/724/724 68/68/68 725/725/725
f 725/725/725 68/68/68 72/72/72
f 725/725/725 72/72/72 721/721/721
f 680/680/680 725/725/725 721/721/721
f 680/680/680 721/721/721 673/673/673
f 683/683/683 726/726/726 727/727/727
f 683/683/683 727/727/727 684/684/684
f 726/726/726 60/60/60 62/62/62
f 726/726/726 62/62/62 727/727/727
f 727/727/727 62/62/62 66/66/66
f 727/727/727 66/66/66 724/724/724
f 684/684/684 727/727/727 724/724/724
f 684/684/684 724/724/724 679/679/679
f 390/390/390 652/652/652 728/728/728
f 390/390/390 728/728/728 686/686/686
f 652/652/652 52/52/52 55/55/55
f 652/652/652 55/55/55 728/728/728
f 728/728/728 55/55/55 60/60/60
f 728/728/728 60/60/60 726/726/726
f 686/686/686 728/728/728 726/726/726
f 686/686/686 726/726/726 683/683/683
f 689/689/689 729/729/729 730/730/730
f 689/689/689 730/730/730 690/690/690
f 729/729/729 36/36/36 38/38/38
f 729/729/729 38/38/38 730/730/730
f 730/730/730 38/38/38 42/42/42
f 730/730/730 42/42/42 651/651/651
f 690/690/690 730/730/730 651/651/651
f 690/690/690 651/651/651 386/386/386
f 693/693/693 731/731/731 732/732/732
f 693/693/693 732/732/732 694/694/694
f 731/731/731 27/27/27 29/29/29
f 731/731/731 29/29/29 732/732/732
f 733/733/733 35/35/35 36/36/36
f 733/733/733 36/36/36 729/729/729
f 696/696/696 733/733/733 729/729/729
f 696/696/696 729/729/729 689/689/689
f 699/699/699 734/734/734 735/735/735
f 699/699/699 735/735/735 700/700/700
f 734/734/734 21/21/21 23/23/23
f 734/734/734 23/23/23 735/735/735
f 735/735/735 23/23/23 27/27/27
f 735/735/735 27/27/27 731/731/731
f 700/700/700 735/735/735 731/731/731
f 700/700/700 731/731/731 693/693/693
f 703/703/703 736/736/736 737/737/737
f 703/703/703 737/737/737 704/704/704
f 736/736/736 15/15/15 17/17/17
f 736/736/736 17/17/17 737/737/737
f 737/737/737 17/17/17 21/21/21
f 737/737/737 21/21/21 734/734/734
f 704/704/704 737/737/737 734/734/734
f 704/704/704 734/734/734 699/699/699
f 707/707/707 738/738/738 739/739/739
f 707/707/707 739/739/739 708/708/708
f 738/738/738 9/9/9 11/11/11
f 738/738/738 11/11/11 739/739/739
f 739/739/739 11/11/11 15/15/15
f 739/739/739 15/15/15 736/736/736
f 708/708/708 739/739/739 736/736/736
f 708/708/708 736/736/736 703/703/703
f 657/657/657 714/714/714 740/740/740
f 657/657/657 740/740/740 710/710/710
f 714/714/714 1/1/1 4/4/4
f 714/714/714 4/4/4 740/740/740
f 740/740/740 4/4/4 9/9/9
f 740/740/740 9/9/9 738/738/738
f 710/710/710 740/740/740 738/738/738
f 710/710/710 738/738/738 707/707/707
f 261/261/261 271/271/271 741/741/741
f 261/261/261 741/741/741 742/742/742
f 268/268/268 267/267/267 743/743/743
f 268/268/268 743/743/743 744/744/744
f 744/744/744 743/743/743 534/534/534
f 744/744/744 534/534/534 582/582/582
f 742/742/742 741/741/741 580/580/580
f 742/742/742 580/580/580 576/576/576
f 216/216/216 223/223/223 745/745/745
f 216/216/216 745/745/745 746/746/746
f 223/223/223 222/222/222 747/747/747
f 223/223/223 747/747/747 745/745/745
f 745/745/745 747/747/747 526/526/526
f 745/745/745 526/526/526 578/578/578
f 746/746/746 745/745/745 578/578/578
f 746/746/746 578/578/578 572/572/572
f 255/255/255 262/262/262 748/748/748
f 255/255/255 748/748/748 749/749/749
f 262/262/262 261/261/261 742/742/742
f 262/262/262 742/742/742 748/748/748
f 748/748/748 742/742/742 576/576/576
f 748/748/748 576/576/576 574/574/574
f 749/749/749 748/748/748 574/574/574
f 749/749/749 574/574/574 568/568/568
f 210/210/210 217/217/217 750/750/750
f 210/210/210 750/750/750 751/751/751
f 217/217/217 216/216/216 746/746/746
f 217/217/217 746/746/746 750/750/750
f 750/750/750 746/746/746 572/572/572
f 750/750/750 572/572/572 570/570/570
f 751/751/751 750/750/750 570/570/570
f 751/751/751 570/570/570 564/564/564
f 249/249/249 256/256/256 752/752/752
f 249/249/249 752/752/752 753/753/753
f 256/256/256 255/255/255 749/749/749
f 256/256/256 749/749/749 752/752/752
f 752/752/752 749/749/749 568/568/568
f 752/752/752 568/568/568 566/566/566
f 753/753/753 752/752/752 566/566/566
f 753/753/753 566/566/566 560/560/560
f 201/201/201 211/211/211 754/754/754
f 201/201/201 754/754/754 755/755/755
f 211/211/211 210/210/210 751/751/751
f 211/211/211 751/751/751 754/754/754
f 754/754/754 751/751/751 564/564/564
f 754/754/754 564/564/564 562/562/562
f 755/755/755 754/754/754 562/562/562
f 755/755/755 562/562/562 554/554/554
f 162/162/162 250/250/250 756/756/756
f 162/162/162 756/756/756 757/757/757
f 250/250/250 249/249/249 753/753/753
f 250/250/250 753/753/753 756/756/756
f 756/756/756 753/753/753 560/560/560
f 756/756/756 560/560/560 558/558/558
f 757/757/757 756/756/756 558/558/558
f 757/757/757 558/558/558 548/548/548
f 288/288/288 294/294/294 758/758/758
f 288/288/288 758/758/758 759/759/759
f 294/294/294 205/205/205 760/760/760
f 294/294/294 760/760/760 758/758/758
f 758/758/758 760/760/760 550/550/550
f 758/758/758 550/550/550 556/556/556
f 759/759/759 758/758/758 556/556/556
f 759/759/759 556/556/556 524/524/524
f 205/205/205 202/202/202 761/761/761
f 205/205/205 761/761/761 760/760/760
f 202/202/202 201/201/201 755/755/755
f 202/202/202 755/755/755 761/761/761
f 761/761/761 755/755/755 554/554/554
f 761/761/761 554/554/554 551/551/551
f 760/760/760 761/761/761 551/551/551
f 760/760/760 551/551/551 550/550/550
f 166/166/166 163/163/163 762/762/762
f 166/166/166 762/762/762 763/763/763
f 163/163/163 162/162/162 757/757/757
f 163/163/163 757/757/757 762/762/762
f 762/762/762 757/757/757 548/548/548
f 762/762/762 548/548/548 546/546/546
f 763/763/763 762/762/762 546/546/546
f 763/763/763 546/546/546 542/542/542
f 276/276/276 283/283/283 764/764/764
f 276/276/276 764/764/764 765/765/765
f 283/283/283 282/282/282 766/766/766
f 283/283/283 766/766/766 764/764/764
f 764/764/764 766/766/766 520/520/520
f 764/764/764 520/520/520 544/544/544
f 765/765/765 764/764/764 544/544/544
f 765/765/765 544/544/544 538/538/538
f 228/228/228 237/237/237 767/767/767
f 228/228/228 767/767/767 768/768/768
f 237/237/237 166/166/166 763/763/763
f 237/237/237 763/763/763 767/767/767
f 767/767/767 763/763/763 542/542/542
f 767/767/767 542/542/542 540/540/540
f 768/768/768 767/767/767 540/540/540
f 768/768/768 540/540/540 531/531/531
f 267/267/267 277/277/277 769/769/769
f 267/267/267 769/769/769 743/743/743
f 277/277/277 276/276/276 765/765/765
f 277/277/277 765/765/765 769/769/769
f 769/769/769 765/765/765 538/538/538
f 769/769/769 538/538/538 535/535/535
f 743/743/743 769/769/769 535/535/535
f 743/743/743 535/535/535 534/534/534
f 222/222/222 232/232/232 770/770/770
f 222/222/222 770/770/770 747/747/747
f 229/229/229 228/228/228 768/768/768
f 229/229/229 768/768/768 771/771/771
f 771/771/771 768/768/768 531/531/531
f 771/771/771 531/531/531 530/530/530
f 747/747/747 770/770/770 527/527/527
f 747/747/747 527/527/527 526/526/526
f 282/282/282 289/289/289 772/772/772
f 282/282/282 772/772/772 766/766/766
f 289/289/289 288/288/288 759/759/759
f 289/289/289 759/759/759 772/772/772
f 772/772/772 759/759/759 524/524/524
f 772/772/772 524/524/524 521/521/521
f 766/766/766 772/772/772 521/521/521
f 766/766/766 521/521/521 520/520/520
f 589/589/589 588/588/588 773/773/773
f 589/589/589 773/773/773 774/774/774
f 588/588/588 587/587/587 775/775/775
f 588/588/588 775/775/775 773/773/773
f 773/773/773 775/775/775 185/185/185
f 773/773/773 185/185/185 199/199/199
f 774/774/774 773/773/773 199/199/199
f 774/774/774 199/199/199 176/176/176
f 595/595/595 594/594/594 776/776/776
f 595/595/595 776/776/776 777/777/777
f 594/594/594 593/593/593 778/778/778
f 594/594/594 778/778/778 776/776/776
f 776/776/776 778/778/778 179/179/179
f 776/776/776 179/179/179 197/197/197
f 777/777/777 776/776/776 197/197/197
f 777/777/777 197/197/197 47/47/47
f 601/601/601 600/600/600 779/779/779
f 601/601/601 779/779/779 780/780/780
f 600/600/600 599/599/599 781/781/781
f 600/600/600 781/781/781 779/779/779
f 779/779/779 781/781/781 171/171/171
f 779/779/779 171/171/171 195/195/195
f 780/780/780 779/779/779 195/195/195
f 780/780/780 195/195/195 154/154/154
f 607/607/607 606/606/606 782/782/782
f 607/607/607 782/782/782 783/783/783
f 606/606/606 605/605/605 784/784/784
f 606/606/606 784/784/784 782/782/782
f 782/782/782 784/784/784 94/94/94
f 782/782/782 94/94/94 193/193/193
f 783/783/783 782/782/782 193/193/193
f 783/783/783 193/193/193 160/160/160
f 613/613/613 612/612/612 785/785/785
f 613/613/613 785/785/785 786/786/786
f 612/612/612 611/611/611 787/787/787
f 612/612/612 787/787/787 785/785/785
f 785/785/785 787/787/787 156/156/156
f 785/785/785 156/156/156 191/191/191
f 786/786/786 785/785/785 191/191/191
f 786/786/786 191/191/191 144/144/144
f 619/619/619 618/618/618 788/788/788
f 619/619/619 788/788/788 789/789/789
f 618/618/618 617/617/617 790/790/790
f 618/618/618 790/790/790 788/788/788
f 788/788/788 790/790/790 150/150/150
f 788/788/788 150/150/150 189/189/189
f 789/789/789 788/788/788 189/189/189
f 789/789/789 189/189/189 98/98/98
f 587/587/587 623/623/623 791/791/791
f 587/587/587 791/791/791 775/775/775
f 623/623/623 622/622/622 792/792/792
f 623/623/623 792/792/792 791/791/791
f 791/791/791 792/792/792 146/146/146
f 791/791/791 146/146/146 186/186/186
f 775/775/775 791/791/791 186/186/186
f 775/775/775 186/186/186 185/185/185
f 593/593/593 629/629/629 793/793/793
f 593/593/593 793/793/793 778/778/778
f 628/628/628 627/627/627 794/794/794
f 628/628/628 794/794/794 795/795/795
f 795/795/795 794/794/794 140/140/140
f 795/795/795 140/140/140 183/183/183
f 778/778/778 793/793/793 180/180/180
f 778/778/778 180/180/180 179/179/179
f 599/599/599 633/633/633 796/796/796
f 599/599/599 796/796/796 781/781/781
f 632/632/632 589/589/589 774/774/774
f 632/632/632 774/774/774 797/797/797
f 797/797/797 774/774/774 176/176/176
f 797/797/797 176/176/176 175/175/175
f 781/781/781 796/796/796 172/172/172
f 781/781/781 172/172/172 171/171/171
f 611/611/611 635/635/635 798/798/798
f 611/611/611 798/798/798 787/787/787
f 635/635/635 607/607/607 783/783/783
f 635/635/635 783/783/783 798/798/798
f 798/798/798 783/783/783 160/160/160
f 798/798/798 160/160/160 157/157/157
f 787/787/787 798/798/798 157/157/157
f 787/787/787 157/157/157 156/156/156
f 617/617/617 637/637/637 799/799/799
f 617/617/617 799/799/799 790/790/790
f 637/637/637 601/601/601 780/780/780
f 637/637/637 780/780/780 799/799/799
f 799/799/799 780/780/780 154/154/154
f 799/799/799 154/154/154 151/151/151
f 790/790/790 799/799/799 151/151/151
f 790/790/790 151/151/151 150/150/150
f 622/622/622 641/641/641 800/800/800
f 622/622/622 800/800/800 792/792/792
f 641/641/641 640/640/640 801/801/801
f 641/641/641 801/801/801 800/800/800
f 800/800/800 801/801/801 43/43/43
f 800/800/800 43/43/43 147/147/147
f 792/792/792 800/800/800 147/147/147
f 792/792/792 147/147/147 146/146/146
f 627/627/627 643/643/643 802/802/802
f 627/627/627 802/802/802 794/794/794
f 643/643/643 613/613/613 786/786/786
f 643/643/643 786/786/786 802/802/802
f 802/802/802 786/786/786 144/144/144
f 802/802/802 144/144/144 141/141/141
f 794/794/794 802/802/802 141/141/141
f 794/794/794 141/141/141 140/140/140
f 605/605/605 645/645/645 803/803/803
f 605/605/605 803/803/803 784/784/784
f 645/645/645 619/619/619 789/789/789
f 645/645/645 789/789/789 803/803/803
f 803/803/803 789/789/789 98/98/98
f 803/803/803 98/98/98 95/95/95
f 784/784/784 803/803/803 95/95/95
f 784/784/784 95/95/95 94/94/94
f 640/640/640 648/648/648 804/804/804
f 640/640/640 804/804/804 801/801/801
f 648/648/648 595/595/595 777/777/777
f 648/648/648 777/777/777 804/804/804
f 804/804/804 777/777/777 47/47/47
f 804/804/804 47/47/47 44/44/44
f 801/801/801 804/804/804 44/44/44
f 801/801/801 44/44/44 43/43/43
# Vertices: 804, normals: 804, texture coordinates: 804, faces: 1500

