# File generated by ImageToStl.com - Free Image and 3D model conversion tools

o obj1
v -0.80000001 23.36617661 0
v -0.80000001 -58 0
v -0.79900551 23.36617661 -0.03987671
v -0.79900551 -58 -0.03987671
v -0.79602462 23.36617661 -0.07965428
v -0.79602462 -58 -0.07965428
v -0.79106468 23.36617661 -0.11923381
v -0.79106468 -58 -0.11923381
v -0.78413796 23.36617661 -0.15851691
v -0.78413796 -58 -0.15851691
v -0.77526182 23.36617661 -0.19740592
v -0.77526182 -58 -0.19740592
v -0.76445824 23.36617661 -0.23580414
v -0.76445824 -58 -0.23580414
v -0.75175411 23.36617661 -0.27361611
v -0.75175411 -58 -0.27361611
v -0.73718095 23.36617661 -0.31074783
v -0.73718095 -58 -0.31074783
v -0.72077507 23.36617661 -0.34710699
v -0.72077507 -58 -0.34710699
v -0.70257723 23.36617661 -0.38260317
v -0.70257723 -58 -0.38260317
v -0.68263268 23.36617661 -0.41714817
v -0.68263268 -58 -0.41714817
v -0.66099101 23.36617661 -0.45065606
v -0.66099101 -58 -0.45065606
v -0.63770598 23.36617661 -0.48304352
v -0.63770598 -58 -0.48304352
v -0.61283553 23.36617661 -0.51423007
v -0.61283553 -58 -0.51423007
v -0.58644152 23.36617661 -0.54413819
v -0.58644152 -58 -0.54413819
v -0.55858946 23.36617661 -0.57269347
v -0.55858946 -58 -0.57269347
v -0.52934867 23.36617661 -0.59982497
v -0.52934867 -58 -0.59982497
v -0.49879184 23.36617661 -0.62546521
v -0.49879184 -58 -0.62546521
v -0.46699494 23.36617661 -0.64955038
v -0.46699494 -58 -0.64955038
v -0.434037 23.36617661 -0.67202073
v -0.434037 -58 -0.67202073
v -0.40000001 23.36617661 -0.69282031
v -0.40000001 -58 -0.69282031
v -0.36496854 23.36617661 -0.71189743
v -0.36496854 -58 -0.71189743
v -0.32902968 23.36617661 -0.72920465
v -0.32902968 -58 -0.72920465
v -0.29227281 23.36617661 -0.744699
v -0.29227281 -58 -0.744699
v -0.25478932 23.36617661 -0.75834185
v -0.25478932 -58 -0.75834185
v -0.21667238 23.36617661 -0.7700994
v -0.21667238 -58 -0.7700994
v -0.17801675 23.36617661 -0.77994233
v -0.17801675 -58 -0.77994233
v -0.13891855 23.36617661 -0.78784621
v -0.13891855 -58 -0.78784621
v -0.09947497 23.36617661 -0.79379135
v -0.09947497 -58 -0.79379135
v -0.05978407 23.36617661 -0.79776305
v -0.05978407 -58 -0.79776305
v -0.01994455 23.36617661 -0.79975134
v -0.01994455 -58 -0.79975134
v 0.01994455 23.36617661 -0.79975134
v 0.01994455 -58 -0.79975134
v 0.05978407 23.36617661 -0.79776305
v 0.05978407 -58 -0.79776305
v 0.09947497 23.36617661 -0.79379135
v 0.09947497 -58 -0.79379135
v 0.13891855 23.36617661 -0.78784621
v 0.13891855 -58 -0.78784621
v 0.17801675 23.36617661 -0.77994233
v 0.17801675 -58 -0.77994233
v 0.21667238 23.36617661 -0.7700994
v 0.21667238 -58 -0.7700994
v 0.25478932 23.36617661 -0.75834185
v 0.25478932 -58 -0.75834185
v 0.29227281 23.36617661 -0.744699
v 0.29227281 -58 -0.744699
v 0.32902968 23.36617661 -0.72920465
v 0.32902968 -58 -0.72920465
v 0.36496854 -58 -0.71189743
v 0.36496854 23.36617661 -0.71189743
v 0.40000001 23.36617661 -0.69282031
v 0.40000001 -58 -0.69282031
v 0.434037 -58 -0.67202073
v 0.434037 23.36617661 -0.67202073
v 0.46699494 23.36617661 -0.64955038
v 0.46699494 -58 -0.64955038
v 0.49879184 23.36617661 -0.62546521
v 0.49879184 -58 -0.62546521
v 0.52934867 23.36617661 -0.59982497
v 0.52934867 -58 -0.59982497
v 0.55858946 23.36617661 -0.57269347
v 0.55858946 -58 -0.57269347
v 0.58644152 -58 -0.54413819
v 0.58644152 23.36617661 -0.54413819
v 0.61283553 23.36617661 -0.51423007
v 0.61283553 -58 -0.51423007
v 0.63770598 -58 -0.48304352
v 0.63770598 23.36617661 -0.48304352
v 0.66099101 23.36617661 -0.45065606
v 0.66099101 -58 -0.45065606
v 0.68263268 23.36617661 -0.41714817
v 0.68263268 -58 -0.41714817
v 0.70257723 23.36617661 -0.38260317
v 0.70257723 -58 -0.38260317
v 0.72077507 23.36617661 -0.34710699
v 0.72077507 -58 -0.34710699
v 0.73718095 -58 -0.31074783
v 0.73718095 23.36617661 -0.31074783
v 0.75175411 -58 -0.27361611
v 0.75175411 23.36617661 -0.27361611
v 0.76445824 23.36617661 -0.23580414
v 0.76445824 -58 -0.23580414
v 0.77526182 23.36617661 -0.19740592
v 0.77526182 -58 -0.19740592
v 0.78413796 -58 -0.15851691
v 0.78413796 23.36617661 -0.15851691
v 0.79106468 -58 -0.11923381
v 0.79106468 23.36617661 -0.11923381
v 0.79602462 23.36617661 -0.07965428
v 0.79602462 -58 -0.07965428
v 0.79900551 23.36617661 -0.03987671
v 0.79900551 -58 -0.03987671
v 0.80000001 -58 0
v 0.80000001 23.36617661 0
v 1.39549923 24.0839119 -0.13744467
v 1.37530756 24.0839119 -0.27356568
v 1.3418709 24.0839119 -0.4070521
v 1.29551136 24.0839119 -0.53661841
v 1.99485064 24.80164719 -0.19647564
v 1.23667538 24.0839119 -0.66101676
v 1.96598685 24.80164719 -0.3910591
v 1.16592944 24.0839119 -0.77904916
v 1.91818964 24.80164719 -0.58187646
v 1.08395505 24.0839119 -0.88957888
v 1.85191917 24.80164719 -0.76709002
v 5.01575994 28.39032364 0
v 2.59420204 25.51938248 -0.2555066
v 0.9915415 24.0839119 -0.9915415
v 1.76781368 24.80164719 -0.94491613
v 2.55666614 25.51938248 -0.50855255
v 0.88957888 24.0839119 -1.08395505
v 1.6666832 24.80164719 -1.1136421
v 2.49450827 25.51938248 -0.75670081
v 0.77904916 24.0839119 -1.16592944
v 1.54950166 24.80164719 -1.27164316
v 2.40832686 25.51938248 -0.99756169
v 3.19355345 26.23711777 -0.31453755
v 0.66101676 24.0839119 -1.23667538
v 1.41739762 24.80164719 -1.41739762
v 2.2989521 25.51938248 -1.22881544
v 3.14734554 26.23711777 -0.62604594
v 0.53661841 24.0839119 -1.29551136
v 1.27164316 24.80164719 -1.54950166
v 2.16743708 25.51938248 -1.44823503
v 3.07082701 26.23711777 -0.93152517
v 0.4070521 24.0839119 -1.3418709
v 1.1136421 24.80164719 -1.6666832
v 2.01504827 25.51938248 -1.65370739
v 2.96473479 26.23711777 -1.2280333
v 0.27356568 24.0839119 -1.37530756
v 3.79290485 26.95485306 -0.37356853
v 0.94491613 24.80164719 -1.76781368
v 1.84325361 25.51938248 -1.84325361
v 2.83009028 26.23711777 -1.51271486
v 0.13744467 24.0839119 -1.39549923
v 3.73802495 26.95485306 -0.74353939
v 0.76709002 24.80164719 -1.85191917
v 1.65370739 25.51938248 -2.01504827
v 2.66819072 26.23711777 -1.78282809
v 0 24.0839119 -1.40225148
v 3.64714575 26.95485306 -1.10634959
v 0.58187646 24.80164719 -1.91818964
v 1.44823503 25.51938248 -2.16743708
v 2.48059487 26.23711777 -2.03577161
v -0.13744467 24.0839119 -1.39549923
v 3.52114248 26.95485306 -1.45850492
v 0.3910591 24.80164719 -1.96598685
v 4.39225626 27.67258835 -0.43259948
v 4.95973825 28.39032364 -0.74756026
v 4.99083567 28.39032364 -0.49940842
v 5.00952482 28.39032364 -0.25001499
v 1.22881544 25.51938248 -2.2989521
v 2.26910973 26.23711777 -2.26910973
v -0.27356568 24.0839119 -1.37530756
v 3.3612287 26.95485306 -1.79661417
v 0.19647564 24.80164719 -1.99485064
v 4.32870436 27.67258835 -0.86103278
v 4.86065912 28.39032364 -1.23767591
v 4.91630983 28.39032364 -0.99385351
v 0.99756169 25.51938248 -2.40832686
v 2.03577161 26.23711777 -2.48059487
v -0.4070521 24.0839119 -1.3418709
v 3.1689446 26.95485306 -2.11742091
v 0 24.80164719 -2.00450277
v 4.22346449 27.67258835 -1.28117394
v 4.71327257 28.39032364 -1.71549094
v 4.79292393 28.39032364 -1.47842121
v 0.75670081 25.51938248 -2.49450827
v 1.78282809 26.23711777 -2.66819072
v -0.53661841 24.0839119 -1.29551136
v 2.94614172 26.95485306 -2.41783595
v -0.19647564 24.80164719 -1.99485064
v 4.07755041 27.67258835 -1.68897665
v 4.51904345 28.39032364 -2.17625666
v 4.62190342 28.39032364 -1.94829571
v 0.50855255 25.51938248 -2.55666614
v 1.51271486 26.23711777 -2.83009028
v -0.66101676 24.0839119 -1.23667538
v 2.69496584 26.95485306 -2.69496584
v -0.3910591 24.80164719 -1.96598685
v 4.27990246 28.39032364 -2.61539388
v 3.89236712 27.67258835 -2.08051348
v 4.40494871 28.39032364 -2.39880729
v 0.2555066 25.51938248 -2.59420204
v 1.2280333 26.23711777 -2.96473479
v -0.77904916 24.0839119 -1.16592944
v 2.41783595 26.95485306 -2.94614172
v -0.58187646 24.80164719 -1.91818964
v 3.66969824 27.67258835 -2.45201397
v 3.99822545 28.39032364 -3.02853799
v 4.14421558 28.39032364 -2.82547832
v 0 25.51938248 -2.6067543
v 0.93152517 26.23711777 -3.07082701
v -0.88957888 24.0839119 -1.08395505
v 2.11742091 26.95485306 -3.1689446
v -0.76709002 24.80164719 -1.85191917
v 3.41168833 27.67258835 -2.79990029
v 3.67681217 28.39032364 -3.41158319
v 3.84229517 28.39032364 -3.2240684
v -0.2555066 25.51938248 -2.59420204
v 0.62604594 26.23711777 -3.14734554
v -0.9915415 24.0839119 -0.9915415
v 1.79661417 26.95485306 -3.3612287
v -0.94491613 24.80164719 -1.76781368
v 3.12082195 27.67258835 -3.12082195
v 3.31885743 28.39032364 -3.76072264
v 3.50218821 28.39032364 -3.59061623
v -0.50855255 25.51938248 -2.55666614
v 0.31453755 26.23711777 -3.19355345
v -1.08395505 24.0839119 -0.88957888
v 1.45850492 26.95485306 -3.52114248
v -1.1136421 24.80164719 -1.6666832
v 2.79990029 27.67258835 -3.41168833
v 2.9279182 28.39032364 -4.0724864
v 3.12727523 28.39032364 -3.92147899
v -0.75670081 25.51938248 -2.49450827
v 0 26.23711777 -3.20900559
v -1.16592944 24.0839119 -0.77904916
v 1.10634959 26.95485306 -3.64714575
v -1.27164316 24.80164719 -1.54950166
v 2.45201397 27.67258835 -3.66969824
v 2.50787997 28.39032364 -4.34377575
v 2.72128177 28.39032364 -4.21336842
v -0.99756169 25.51938248 -2.40832686
v -0.31453755 26.23711777 -3.19355345
v -1.23667538 24.0839119 -0.66101676
v 0.74353939 26.95485306 -3.73802495
v -1.41739762 24.80164719 -1.41739762
v 2.08051348 27.67258835 -3.89236712
v 2.06291747 28.39032364 -4.57189465
v 2.28824306 28.39032364 -4.4633832
v -1.22881544 25.51938248 -2.2989521
v -0.62604594 26.23711777 -3.14734554
v -1.29551136 24.0839119 -0.53661841
v 0.37356853 26.95485306 -3.79290485
v -1.54950166 24.80164719 -1.27164316
v 1.68897665 27.67258835 -4.07755041
v 1.59745264 28.39032364 -4.75457621
v 1.83246291 28.39032364 -4.66903925
v -1.44823503 25.51938248 -2.16743708
v -0.93152517 26.23711777 -3.07082701
v -1.3418709 24.0839119 -0.4070521
v 0 26.95485306 -3.81125712
v -1.6666832 24.80164719 -1.1136421
v 1.28117394 27.67258835 -4.22346449
v 1.11611164 28.39032364 -4.89000463
v 1.3584708 28.39032364 -4.82829237
v -1.65370739 25.51938248 -2.01504827
v -1.2280333 26.23711777 -2.96473479
v -1.37530756 24.0839119 -0.27356568
v -0.37356853 26.95485306 -3.79290485
v -1.76781368 24.80164719 -0.94491613
v 0.86103278 27.67258835 -4.32870436
v 0.62367821 28.39032364 -4.97683382
v 0.87097758 28.39032364 -4.93955946
v -1.84325361 25.51938248 -1.84325361
v -1.51271486 26.23711777 -2.83009028
v -1.39549923 24.0839119 -0.13744467
v -0.74353939 26.95485306 -3.73802495
v -1.85191917 24.80164719 -0.76709002
v 0.43259948 27.67258835 -4.39225626
v 0.12504637 28.39032364 -5.01420116
v 0.37482822 28.39032364 -5.00173473
v -2.01504827 25.51938248 -1.65370739
v -1.78282809 26.23711777 -2.66819072
v -1.10634959 26.95485306 -3.64714575
v -1.91818964 24.80164719 -0.58187646
v -0.12504637 28.39032364 -5.01420116
v 0 27.67258835 -4.41350842
v -2.16743708 25.51938248 -1.44823503
v -2.03577161 26.23711777 -2.48059487
v -1.45850492 26.95485306 -3.52114248
v -1.96598685 24.80164719 -0.3910591
v -0.62367821 28.39032364 -4.97683382
v -0.43259948 27.67258835 -4.39225626
v -0.37482822 28.39032364 -5.00173473
v -2.2989521 25.51938248 -1.22881544
v -2.26910973 26.23711777 -2.26910973
v -1.79661417 26.95485306 -3.3612287
v -1.99485064 24.80164719 -0.19647564
v -0.86103278 27.67258835 -4.32870436
v -1.11611164 28.39032364 -4.89000463
v -0.87097758 28.39032364 -4.93955946
v -2.40832686 25.51938248 -0.99756169
v -2.48059487 26.23711777 -2.03577161
v -2.11742091 26.95485306 -3.1689446
v -1.28117394 27.67258835 -4.22346449
v -1.59745264 28.39032364 -4.75457621
v -1.3584708 28.39032364 -4.82829237
v -2.49450827 25.51938248 -0.75670081
v -2.66819072 26.23711777 -1.78282809
v -2.41783595 26.95485306 -2.94614172
v -2.06291747 28.39032364 -4.57189465
v -1.68897665 27.67258835 -4.07755041
v -1.83246291 28.39032364 -4.66903925
v -2.55666614 25.51938248 -0.50855255
v -2.83009028 26.23711777 -1.51271486
v -2.69496584 26.95485306 -2.69496584
v -2.08051348 27.67258835 -3.89236712
v -2.50787997 28.39032364 -4.34377575
v -2.28824306 28.39032364 -4.4633832
v -2.59420204 25.51938248 -0.2555066
v -2.96473479 26.23711777 -1.2280333
v -2.94614172 26.95485306 -2.41783595
v -2.45201397 27.67258835 -3.66969824
v -2.9279182 28.39032364 -4.0724864
v -2.72128177 28.39032364 -4.21336842
v -3.07082701 26.23711777 -0.93152517
v -3.1689446 26.95485306 -2.11742091
v -3.31885743 28.39032364 -3.76072264
v -2.79990029 27.67258835 -3.41168833
v -3.12727523 28.39032364 -3.92147899
v -3.14734554 26.23711777 -0.62604594
v -3.3612287 26.95485306 -1.79661417
v -3.67681217 28.39032364 -3.41158319
v -3.12082195 27.67258835 -3.12082195
v -3.50218821 28.39032364 -3.59061623
v -3.19355345 26.23711777 -0.31453755
v -5.01575994 28.39032364 0
v -3.52114248 26.95485306 -1.45850492
v -3.99822545 28.39032364 -3.02853799
v -3.41168833 27.67258835 -2.79990029
v -3.84229517 28.39032364 -3.2240684
v -3.64714575 26.95485306 -1.10634959
v -3.66969824 27.67258835 -2.45201397
v -4.27990246 28.39032364 -2.61539388
v -4.14421558 28.39032364 -2.82547832
v -3.73802495 26.95485306 -0.74353939
v -3.89236712 27.67258835 -2.08051348
v -4.51904345 28.39032364 -2.17625666
v -4.40494871 28.39032364 -2.39880729
v -3.79290485 26.95485306 -0.37356853
v -4.71327257 28.39032364 -1.71549094
v -4.07755041 27.67258835 -1.68897665
v -4.62190342 28.39032364 -1.94829571
v -4.86065912 28.39032364 -1.23767591
v -4.22346449 27.67258835 -1.28117394
v -4.79292393 28.39032364 -1.47842121
v -4.95973825 28.39032364 -0.74756026
v -4.32870436 27.67258835 -0.86103278
v -4.91630983 28.39032364 -0.99385351
v -4.39225626 27.67258835 -0.43259948
v -5.00952482 28.39032364 -0.25001499
v -4.99083567 28.39032364 -0.49940842
v -5.19902086 28.85726547 0
v -5.19255829 28.85726547 -0.25914982
v -5.19999981 28.89651871 0
v -5.1935358 28.89651871 -0.25919861
v -5.18962765 28.81810951 -0.25900355
v -5.19608688 28.81810951 0
v -5.18475103 28.7791481 -0.25876018
v -5.19120407 28.7791481 0
v -5.17794132 28.74047852 -0.25842032
v -5.18438578 28.74047852 0
v -5.16921473 28.70219803 -0.25798479
v -5.17564821 28.70219803 0
v -5.15859318 28.66439819 -0.25745466
v -5.16501379 28.66439819 0
v -5.15250778 28.62717819 0
v -5.14610291 28.62717819 -0.25683132
v -5.17318583 28.85726547 -0.51765531
v -5.17416 28.89651871 -0.51775283
v -5.13177538 28.59062576 -0.25611627
v -5.13816261 28.59062576 0
v -5.17026615 28.81810951 -0.51736319
v -5.11564589 28.55483437 -0.25531128
v -5.12201309 28.55483437 0
v -5.16540813 28.7791481 -0.51687706
v -5.10409927 28.51989365 0
v -5.09775448 28.51989365 -0.25441837
v -5.15862322 28.74047852 -0.51619816
v -5.07814598 28.48588753 -0.25343972
v -5.08446646 28.48588753 0
v -5.14992952 28.70219803 -0.51532817
v -5.05686903 28.45290375 -0.25237784
v -5.0631628 28.45290375 0
v -5.13934755 28.66439819 -0.51426929
v -5.03397655 28.42102242 -0.25123531
v -5.04024172 28.42102242 0
v -5.12690401 28.62717819 -0.51302409
v -5.14095211 28.85726547 -0.77487391
v -5.14192009 28.89651871 -0.77501976
v -5.11262989 28.59062576 -0.51159579
v -5.13805056 28.81810951 -0.77443653
v -5.09656048 28.55483437 -0.50998783
v -5.13322258 28.7791481 -0.77370882
v -5.07873631 28.51989365 -0.50820422
v -5.12648058 28.74047852 -0.77269262
v -5.05920076 28.48588753 -0.50624937
v -5.11784077 28.70219803 -0.77139038
v -5.03800297 28.45290375 -0.50412822
v -5.1073246 28.66439819 -0.76980531
v -5.01519585 28.42102242 -0.50184602
v -5.09495878 28.62717819 -0.76794147
v -5.09593725 28.85726547 -1.03016603
v -5.09689713 28.89651871 -1.03035998
v -5.08077335 28.59062576 -0.7658034
v -5.09306145 28.81810951 -1.02958453
v -5.06480455 28.55483437 -0.76339644
v -5.08827543 28.7791481 -1.02861714
v -5.04709101 28.51989365 -0.76072657
v -5.08159256 28.74047852 -1.02726603
v -5.02767706 28.48588753 -0.7578004
v -5.07302809 28.70219803 -1.02553475
v -5.00661182 28.45290375 -0.75462532
v -5.06260443 28.66439819 -1.02342749
v -4.98394632 28.42102242 -0.75120908
v -5.05034637 28.62717819 -1.0209496
v -5.03825331 28.85726547 -1.28289688
v -5.03920174 28.89651871 -1.28313851
v -5.0362854 28.59062576 -1.01810706
v -5.03540945 28.81810951 -1.2821728
v -5.02045631 28.55483437 -1.01490712
v -5.03067827 28.7791481 -1.28096807
v -5.00289774 28.51989365 -1.01135767
v -5.02407074 28.74047852 -1.27928555
v -4.98365402 28.48588753 -1.00746739
v -5.01560307 28.70219803 -1.27712953
v -4.96277332 28.45290375 -1.00324619
v -5.00529718 28.66439819 -1.27450526
v -4.94030619 28.42102242 -0.99870449
v -4.99317837 28.62717819 -1.27141941
v -4.96804333 28.85726547 -1.5324384
v -4.9689784 28.89651871 -1.53272688
v -4.97927666 28.59062576 -1.26787961
v -4.96523905 28.81810951 -1.53157341
v -4.96362638 28.55483437 -1.26389456
v -4.96057367 28.7791481 -1.53013432
v -4.94626665 28.51989365 -1.25947428
v -4.95405817 28.74047852 -1.52812457
v -4.92724085 28.48588753 -1.25462973
v -4.94570875 28.70219803 -1.52554917
v -4.90659618 28.45290375 -1.24937296
v -4.9355464 28.66439819 -1.52241445
v -4.88438368 28.42102242 -1.24371696
v -4.92359638 28.62717819 -1.51872838
v -4.88548183 28.85726547 -1.77816999
v -4.88640165 28.89651871 -1.77850473
v -4.90988827 28.59062576 -1.51450002
v -4.88272429 28.81810951 -1.77716637
v -4.89445639 28.55483437 -1.50973988
v -4.87813616 28.7791481 -1.77549648
v -4.87733889 28.51989365 -1.50445974
v -4.8717289 28.74047852 -1.77316439
v -4.85857821 28.48588753 -1.49867284
v -4.86351871 28.70219803 -1.77017605
v -4.83822107 28.45290375 -1.49239349
v -4.85352516 28.66439819 -1.76653874
v -4.81631804 28.42102242 -1.48563731
v -4.84177351 28.62717819 -1.76226151
v -4.79077435 28.85726547 -2.01948071
v -4.79167652 28.89651871 -2.01986098
v -4.82829332 28.59062576 -1.75735509
v -4.7880702 28.81810951 -2.01834083
v -4.81311798 28.55483437 -1.75183165
v -4.78357124 28.7791481 -2.01644444
v -4.79628468 28.51989365 -1.74570489
v -4.77728844 28.74047852 -2.01379585
v -4.77783585 28.48588753 -1.73898995
v -4.76923704 28.70219803 -2.01040196
v -4.75781679 28.45290375 -1.73170376
v -4.75943708 28.66439819 -2.00627089
v -4.73627806 28.42102242 -1.7238642
v -4.74791336 28.62717819 -2.00141335
v -4.68415594 28.85726547 -2.25577068
v -4.68503809 28.89651871 -2.25619555
v -4.73469448 28.59062576 -1.99584115
v -4.68151236 28.81810951 -2.25449753
v -4.71981335 28.55483437 -1.98956811
v -4.67711353 28.7791481 -2.25237918
v -4.7033062 28.51989365 -1.98260987
v -4.67097044 28.74047852 -2.24942064
v -4.685215 28.48588753 -1.97498369
v -4.66309786 28.70219803 -2.24562955
v -4.66558409 28.45290375 -1.96670866
v -4.65351629 28.66439819 -2.24101543
v -4.64446306 28.42102242 -1.95780528
v -4.64224911 28.62717819 -2.2355895
v -4.5658927 28.85726547 -2.48645258
v -4.56675196 28.89651871 -2.4869206
v -4.62932444 28.59062576 -2.22936511
v -4.56331539 28.81810951 -2.48504925
v -4.61477423 28.55483437 -2.22235823
v -4.55902767 28.7791481 -2.48271418
v -4.59863472 28.51989365 -2.21458578
v -4.55303955 28.74047852 -2.47945309
v -4.58094597 28.48588753 -2.20606732
v -4.54536581 28.70219803 -2.47527432
v -4.56175232 28.45290375 -2.19682407
v -4.53602648 28.66439819 -2.47018838
v -4.54110098 28.42102242 -2.18687892
v -4.52504349 28.62717819 -2.46420741
v -4.43627739 28.85726547 -2.71095252
v -4.43711281 28.89651871 -2.71146297
v -4.51244497 28.59062576 -2.45734668
v -4.43377352 28.81810951 -2.70942259
v -4.49826241 28.55483437 -2.44962311
v -4.42960739 28.7791481 -2.70687675
v -4.48253012 28.51989365 -2.44105577
v -4.42378902 28.74047852 -2.70332122
v -4.46528816 28.48588753 -2.43166637
v -4.41633368 28.70219803 -2.69876528
v -4.44657898 28.45290375 -2.42147779
v -4.40725899 28.66439819 -2.6932199
v -4.4264493 28.42102242 -2.41051579
v -4.39658785 28.62717819 -2.68669891
v -4.29563284 28.85726547 -2.92871284
v -4.29644156 28.89651871 -2.92926431
v -4.38434744 28.59062576 -2.67921877
v -4.29320812 28.81810951 -2.92705989
v -4.37056684 28.55483437 -2.67079782
v -4.28917408 28.7791481 -2.92430949
v -4.35528135 28.51989365 -2.66145706
v -4.28354073 28.74047852 -2.92046857
v -4.33852911 28.48588753 -2.65121984
v -4.27632141 28.70219803 -2.91554642
v -4.32035065 28.45290375 -2.64011145
v -4.26753426 28.66439819 -2.90955567
v -4.30079222 28.42102242 -2.62815952
v -4.25720167 28.62717819 -2.90251112
v -4.14430857 28.85726547 -3.13919187
v -4.14508915 28.89651871 -3.13978291
v -4.24534893 28.59062576 -2.89442992
v -4.14196968 28.81810951 -3.13742018
v -4.2320056 28.55483437 -2.88533258
v -4.13807774 28.7791481 -3.13447213
v -4.21720505 28.51989365 -2.87524152
v -4.13264227 28.74047852 -3.13035512
v -4.20098352 28.48588753 -2.864182
v -4.12567759 28.70219803 -3.12507939
v -4.18338156 28.45290375 -2.8521812
v -4.11720037 28.66439819 -3.11865807
v -4.16444302 28.42102242 -2.8392694
v -4.10723162 28.62717819 -3.11110711
v -3.98268127 28.85726547 -3.34186625
v -3.9834311 28.89651871 -3.34249568
v -4.09579659 28.59062576 -3.10244513
v -3.98043346 28.81810951 -3.33998013
v -4.08292294 28.55483437 -3.09269404
v -3.97669315 28.7791481 -3.33684182
v -4.06864357 28.51989365 -3.08187771
v -3.97146988 28.74047852 -3.33245897
v -4.05299377 28.48588753 -3.0700233
v -3.96477675 28.70219803 -3.32684255
v -4.0360117 28.45290375 -3.05716014
v -3.95662999 28.66439819 -3.32000685
v -4.01774073 28.42102242 -3.04332018
v -3.94705009 28.62717819 -3.31196833
v -3.81115222 28.85726547 -3.53623247
v -3.81186962 28.89651871 -3.53689814
v -3.93606091 28.59062576 -3.30274725
v -3.80900121 28.81810951 -3.53423643
v -3.9236896 28.55483437 -3.2923665
v -3.80542207 28.7791481 -3.53091574
v -3.90996695 28.51989365 -3.28085184
v -3.80042362 28.74047852 -3.52627802
v -3.89492726 28.48588753 -3.26823211
v -3.79401875 28.70219803 -3.52033496
v -3.87860799 28.45290375 -3.25453854
v -3.78622293 28.66439819 -3.51310134
v -3.86104918 28.42102242 -3.23980498
v -3.7770555 28.62717819 -3.50459552
v -3.63014793 28.85726547 -3.72180676
v -3.63083148 28.89651871 -3.72250772
v -3.76653957 28.59062576 -3.494838
v -3.62809896 28.81810951 -3.7197063
v -3.75470114 28.55483437 -3.48385358
v -3.62469006 28.7791481 -3.71621108
v -3.74156976 28.51989365 -3.47166944
v -3.61992908 28.74047852 -3.71132994
v -3.72717762 28.48588753 -3.45831561
v -3.61382818 28.70219803 -3.70507503
v -3.7115612 28.45290375 -3.44382548
v -3.60640264 28.66439819 -3.69746208
v -3.69475865 28.42102242 -3.42823505
v -3.59767079 28.62717819 -3.6885097
v -3.44011855 28.85726547 -3.89812827
v -3.44076633 28.89651871 -3.89886236
v -3.58765435 28.59062576 -3.6782403
v -3.43817711 28.81810951 -3.89592814
v -3.57637811 28.55483437 -3.66667938
v -3.4349463 28.7791481 -3.89226747
v -3.56387019 28.51989365 -3.65385556
v -3.4304347 28.74047852 -3.88715506
v -3.55016184 28.48588753 -3.63980103
v -3.42465329 28.70219803 -3.88060379
v -3.5352869 28.45290375 -3.62455058
v -3.41761637 28.66439819 -3.87263012
v -3.51928234 28.42102242 -3.60814214
v -3.40934157 28.62717819 -3.86325359
v -3.24153662 28.85726547 -4.0647583
v -3.24214697 28.89651871 -4.06552362
v -3.39984941 28.59062576 -3.85249758
v -3.23970699 28.81810951 -4.06246424
v -3.38916349 28.55483437 -3.84038901
v -3.23666286 28.7791481 -4.05864716
v -3.37731028 28.51989365 -3.82695794
v -3.23241162 28.74047852 -4.05331612
v -3.36431956 28.48588753 -3.8122375
v -3.226964 28.70219803 -4.04648495
v -3.3502233 28.45290375 -3.79626441
v -3.22033334 28.66439819 -4.03817034
v -3.33505654 28.42102242 -3.77907848
v -3.2125361 28.62717819 -4.02839279
v -3.03489566 28.85726547 -4.22128296
v -3.03546715 28.89651871 -4.22207785
v -3.20359182 28.59062576 -4.0171771
v -3.03318286 28.81810951 -4.2189002
v -3.19352293 28.55483437 -4.00455093
v -3.03033257 28.7791481 -4.21493626
v -3.18235397 28.51989365 -3.99054575
v -3.02635241 28.74047852 -4.2093997
v -3.17011309 28.48588753 -3.97519612
v -3.02125192 28.70219803 -4.20230579
v -3.15683055 28.45290375 -3.9585402
v -3.01504397 28.66439819 -4.19367075
v -3.1425395 28.42102242 -3.94061971
v -3.00774384 28.62717819 -4.18351698
v -2.82070947 28.85726547 -4.36731243
v -2.82124066 28.89651871 -4.36813498
v -2.99936986 28.59062576 -4.17186928
v -2.81911755 28.81810951 -4.36484766
v -2.98994255 28.55483437 -4.15875721
v -2.81646848 28.7791481 -4.36074638
v -2.97948575 28.51989365 -4.14421225
v -2.81276917 28.74047852 -4.35501862
v -2.96802521 28.48588753 -4.12827158
v -2.8080287 28.70219803 -4.34767866
v -2.95558929 28.45290375 -4.11097431
v -2.80225873 28.66439819 -4.33874512
v -2.94220924 28.42102242 -4.09236383
v -2.79547381 28.62717819 -4.32824039
v -2.59951043 28.85726547 -4.50248432
v -2.5999999 28.89651871 -4.50333214
v -2.78769088 28.59062576 -4.31618977
v -2.59804344 28.81810951 -4.49994326
v -2.778929 28.55483437 -4.30262375
v -2.59560204 28.7791481 -4.49571466
v -2.7692101 28.51989365 -4.28757572
v -2.59219289 28.74047852 -4.48980999
v -2.75855827 28.48588753 -4.27108383
v -2.58782411 28.70219803 -4.48224306
v -2.74700022 28.45290375 -4.25318813
v -2.5825069 28.66439819 -4.47303295
v -2.7345643 28.42102242 -4.23393393
v -2.57625389 28.62717819 -4.46220255
v -2.37184882 28.85726547 -4.62646246
v -2.37229538 28.89651871 -4.62733364
v -2.56908131 28.59062576 -4.44977903
v -2.3705101 28.81810951 -4.6238513
v -2.56100655 28.55483437 -4.4357934
v -2.36828279 28.7791481 -4.61950636
v -2.55204964 28.51989365 -4.42027998
v -2.36517215 28.74047852 -4.61343861
v -2.54223323 28.48588753 -4.4032774
v -2.36118603 28.70219803 -4.60566378
v -2.5315814 28.45290375 -4.38482761
v -2.35633421 28.66439819 -4.59619999
v -2.52012086 28.42102242 -4.36497736
v -2.35062909 28.62717819 -4.58507156
v -2.13829041 28.85726547 -4.73893833
v -2.13869286 28.89651871 -4.73983049
v -2.3440845 28.59062576 -4.57230616
v -2.13708353 28.81810951 -4.73626328
v -2.33671689 28.55483437 -4.55793476
v -2.13507533 28.7791481 -4.73181295
v -2.32854462 28.51989365 -4.54199409
v -2.13227105 28.74047852 -4.72559786
v -2.31958795 28.48588753 -4.52452326
v -2.12867737 28.70219803 -4.71763372
v -2.30986905 28.45290375 -4.50556612
v -2.12430358 28.66439819 -4.7079401
v -2.29941201 28.42102242 -4.48516893
v -2.11916018 28.62717819 -4.69654131
v -1.89941573 28.85726547 -4.83963203
v -1.89977336 28.89651871 -4.84054327
v -2.11326003 28.59062576 -4.683465
v -1.89834368 28.81810951 -4.83690071
v -2.10661793 28.55483437 -4.66874504
v -1.89655983 28.7791481 -4.83235598
v -2.09925032 28.51989365 -4.65241671
v -1.89406884 28.74047852 -4.8260088
v -2.09117556 28.48588753 -4.63452101
v -1.89087665 28.70219803 -4.81787539
v -2.08241367 28.45290375 -4.61510277
v -1.88699138 28.66439819 -4.80797577
v -2.07298636 28.42102242 -4.59421015
v -1.88242257 28.62717819 -4.79633427
v -1.65581882 28.85726547 -4.92829418
v -1.65613055 28.89651871 -4.92922211
v -1.87718153 28.59062576 -4.78298044
v -1.65488422 28.81810951 -4.92551279
v -1.8712815 28.55483437 -4.7679472
v -1.65332925 28.7791481 -4.92088461
v -1.86473691 28.51989365 -4.7512722
v -1.65115774 28.74047852 -4.91442108
v -1.85756421 28.48588753 -4.73299646
v -1.64837492 28.70219803 -4.90613842
v -1.84978116 28.45290375 -4.71316576
v -1.64498782 28.66439819 -4.89605761
v -1.84140718 28.42102242 -4.69182873
v -1.64100504 28.62717819 -4.88420296
v -1.40810525 28.85726547 -5.00470352
v -1.40837038 28.89651871 -5.00564623
v -1.63643622 28.59062576 -4.87060499
v -1.40731061 28.81810951 -5.00187922
v -1.6312927 28.55483437 -4.85529613
v -1.40598822 28.7791481 -4.99717903
v -1.62558758 28.51989365 -4.83831549
v -1.40414155 28.74047852 -4.99061537
v -1.6193347 28.48588753 -4.81970501
v -1.401775 28.70219803 -4.98220444
v -1.61254978 28.45290375 -4.79951048
v -1.39889467 28.66439819 -4.97196722
v -1.60524976 28.42102242 -4.77778292
v -1.39550769 28.62717819 -4.95992899
v -1.15689099 28.85726547 -5.06867075
v -1.1571089 28.89651871 -5.06962538
v -1.3916223 28.59062576 -4.94611979
v -1.15623808 28.81810951 -5.0658102
v -1.3872484 28.55483437 -4.93057394
v -1.15515161 28.7791481 -5.06104994
v -1.3823967 28.51989365 -4.91333008
v -1.15363443 28.74047852 -5.05440235
v -1.37707925 28.48588753 -4.89443064
v -1.15169013 28.70219803 -5.04588413
v -1.3713094 28.45290375 -4.8739233
v -1.1493237 28.66439819 -5.03551579
v -1.36510146 28.42102242 -4.85185909
v -1.14654088 28.62717819 -5.02332401
v -0.90280056 28.85726547 -5.12003613
v -0.90297055 28.89651871 -5.12100029
v -1.14334869 28.59062576 -5.0093379
v -0.902291 28.81810951 -5.11714649
v -1.13975513 28.55483437 -4.99359322
v -0.90144318 28.7791481 -5.11233807
v -1.13576901 28.51989365 -4.97612906
v -0.90025914 28.74047852 -5.10562325
v -1.13140023 28.48588753 -4.95698833
v -0.8987419 28.70219803 -5.09701872
v -1.12665975 28.45290375 -4.93621874
v -0.89689517 28.66439819 -5.08654547
v -1.12155938 28.42102242 -4.91387224
v -0.89472359 28.62717819 -5.07422972
v -0.64646554 28.85726547 -5.15867233
v -0.64658725 28.89651871 -5.15964365
v -0.89223254 28.59062576 -5.06010246
v -0.6461007 28.81810951 -5.15576077
v -0.8894282 28.55483437 -5.04419804
v -0.64549357 28.7791481 -5.15091658
v -0.88631755 28.51989365 -5.02655697
v -0.64464575 28.74047852 -5.14415073
v -0.88290834 28.48588753 -5.00722218
v -0.64355928 28.70219803 -5.13548136
v -0.87920904 28.45290375 -4.98624229
v -0.64223695 28.66439819 -5.12492895
v -0.87522882 28.42102242 -4.9636693
v -0.64068192 28.62717819 -5.11252022
v -0.38852334 28.85726547 -5.18448353
v -0.38859648 28.89651871 -5.18545961
v -0.63889813 28.59062576 -5.09828615
v -0.38830405 28.81810951 -5.18155766
v -0.63689005 28.55483437 -5.08226204
v -0.38793918 28.7791481 -5.17668867
v -0.63466263 28.51989365 -5.06448746
v -0.38742962 28.74047852 -5.16988945
v -0.6322214 28.48588753 -5.04500723
v -0.38677669 28.70219803 -5.1611762
v -0.62957245 28.45290375 -5.02386904
v -0.38598195 28.66439819 -5.15057135
v -0.62672234 28.42102242 -5.00112534
v -0.38504741 28.62717819 -5.13810062
v -0.12961519 28.85726547 -5.19740534
v -0.1296396 28.89651871 -5.19838381
v -0.38397536 28.59062576 -5.12379503
v -0.12954204 28.81810951 -5.19447184
v -0.38276851 28.55483437 -5.10769081
v -0.12942031 28.7791481 -5.18959093
v -0.38142982 28.51989365 -5.08982754
v -0.12925032 28.74047852 -5.18277454
v -0.37996265 28.48588753 -5.07024956
v -0.12903249 28.70219803 -5.17403984
v -0.37837064 28.45290375 -5.04900551
v -0.12876736 28.66439819 -5.16340828
v -0.37665775 28.42102242 -5.02614832
v -0.12845559 28.62717819 -5.15090656
v 0.12961519 28.85726547 -5.19740534
v 0.1296396 28.89651871 -5.19838381
v -0.12809795 28.59062576 -5.13656569
v 0.12954204 28.81810951 -5.19447184
v -0.12769532 28.55483437 -5.12042093
v 0.12942031 28.7791481 -5.18959093
v -0.12724873 28.51989365 -5.10251284
v 0.12925032 28.74047852 -5.18277454
v -0.12675928 28.48588753 -5.08288622
v 0.12903249 28.70219803 -5.17403984
v -0.12622815 28.45290375 -5.06158924
v 0.12876736 28.66439819 -5.16340828
v -0.12565671 28.42102242 -5.03867531
v 0.12845559 28.62717819 -5.15090656
v 0.38852334 28.85726547 -5.18448353
v 0.38859648 28.89651871 -5.18545961
v 0.12809795 28.59062576 -5.13656569
v 0.38830405 28.81810951 -5.18155766
v 0.12769532 28.55483437 -5.12042093
v 0.38793918 28.7791481 -5.17668867
v 0.12724873 28.51989365 -5.10251284
v 0.38742962 28.74047852 -5.16988945
v 0.12675928 28.48588753 -5.08288622
v 0.38677669 28.70219803 -5.1611762
v 0.12622815 28.45290375 -5.06158924
v 0.38598195 28.66439819 -5.15057135
v 0.12565671 28.42102242 -5.03867531
v 0.38504741 28.62717819 -5.13810062
v 0.64646554 28.85726547 -5.15867233
v 0.64658725 28.89651871 -5.15964365
v 0.38397536 28.59062576 -5.12379503
v 0.6461007 28.81810951 -5.15576077
v 0.38276851 28.55483437 -5.10769081
v 0.64549357 28.7791481 -5.15091658
v 0.38142982 28.51989365 -5.08982754
v 0.64464575 28.74047852 -5.14415073
v 0.37996265 28.48588753 -5.07024956
v 0.64355928 28.70219803 -5.13548136
v 0.37837064 28.45290375 -5.04900551
v 0.64223695 28.66439819 -5.12492895
v 0.37665775 28.42102242 -5.02614832
v 0.64068192 28.62717819 -5.11252022
v 0.90280056 28.85726547 -5.12003613
v 0.90297055 28.89651871 -5.12100029
v 0.63889813 28.59062576 -5.09828615
v 0.902291 28.81810951 -5.11714649
v 0.63689005 28.55483437 -5.08226204
v 0.90144318 28.7791481 -5.11233807
v 0.63466263 28.51989365 -5.06448746
v 0.90025914 28.74047852 -5.10562325
v 0.6322214 28.48588753 -5.04500723
v 0.8987419 28.70219803 -5.09701872
v 0.62957245 28.45290375 -5.02386904
v 0.89689517 28.66439819 -5.08654547
v 0.62672234 28.42102242 -5.00112534
v 0.89472359 28.62717819 -5.07422972
v 1.15689099 28.85726547 -5.06867075
v 1.1571089 28.89651871 -5.06962538
v 0.89223254 28.59062576 -5.06010246
v 1.15623808 28.81810951 -5.0658102
v 0.8894282 28.55483437 -5.04419804
v 1.15515161 28.7791481 -5.06104994
v 0.88631755 28.51989365 -5.02655697
v 1.15363443 28.74047852 -5.05440235
v 0.88290834 28.48588753 -5.00722218
v 1.15169013 28.70219803 -5.04588413
v 0.87920904 28.45290375 -4.98624229
v 1.1493237 28.66439819 -5.03551579
v 0.87522882 28.42102242 -4.9636693
v 1.14654088 28.62717819 -5.02332401
v 1.40810525 28.85726547 -5.00470352
v 1.40837038 28.89651871 -5.00564623
v 1.14334869 28.59062576 -5.0093379
v 1.40731061 28.81810951 -5.00187922
v 1.13975513 28.55483437 -4.99359322
v 1.40598822 28.7791481 -4.99717903
v 1.13576901 28.51989365 -4.97612906
v 1.40414155 28.74047852 -4.99061537
v 1.13140023 28.48588753 -4.95698833
v 1.401775 28.70219803 -4.98220444
v 1.12665975 28.45290375 -4.93621874
v 1.39889467 28.66439819 -4.97196722
v 1.12155938 28.42102242 -4.91387224
v 1.39550769 28.62717819 -4.95992899
v 1.65581882 28.85726547 -4.92829418
v 1.65613055 28.89651871 -4.92922211
v 1.3916223 28.59062576 -4.94611979
v 1.65488422 28.81810951 -4.92551279
v 1.3872484 28.55483437 -4.93057394
v 1.65332925 28.7791481 -4.92088461
v 1.3823967 28.51989365 -4.91333008
v 1.65115774 28.74047852 -4.91442108
v 1.37707925 28.48588753 -4.89443064
v 1.64837492 28.70219803 -4.90613842
v 1.3713094 28.45290375 -4.8739233
v 1.64498782 28.66439819 -4.89605761
v 1.36510146 28.42102242 -4.85185909
v 1.64100504 28.62717819 -4.88420296
v 1.89941573 28.85726547 -4.83963203
v 1.89977336 28.89651871 -4.84054327
v 1.63643622 28.59062576 -4.87060499
v 1.89834368 28.81810951 -4.83690071
v 1.6312927 28.55483437 -4.85529613
v 1.89655983 28.7791481 -4.83235598
v 1.62558758 28.51989365 -4.83831549
v 1.89406884 28.74047852 -4.8260088
v 1.6193347 28.48588753 -4.81970501
v 1.89087665 28.70219803 -4.81787539
v 1.61254978 28.45290375 -4.79951048
v 1.88699138 28.66439819 -4.80797577
v 1.60524976 28.42102242 -4.77778292
v 1.88242257 28.62717819 -4.79633427
v 2.13829041 28.85726547 -4.73893833
v 2.13869286 28.89651871 -4.73983049
v 1.87718153 28.59062576 -4.78298044
v 2.13708353 28.81810951 -4.73626328
v 1.8712815 28.55483437 -4.7679472
v 2.13507533 28.7791481 -4.73181295
v 1.86473691 28.51989365 -4.7512722
v 2.13227105 28.74047852 -4.72559786
v 1.85756421 28.48588753 -4.73299646
v 2.12867737 28.70219803 -4.71763372
v 1.84978116 28.45290375 -4.71316576
v 2.12430358 28.66439819 -4.7079401
v 1.84140718 28.42102242 -4.69182873
v 2.11916018 28.62717819 -4.69654131
v 2.37184882 28.85726547 -4.62646246
v 2.37229538 28.89651871 -4.62733364
v 2.11326003 28.59062576 -4.683465
v 2.3705101 28.81810951 -4.6238513
v 2.10661793 28.55483437 -4.66874504
v 2.36828279 28.7791481 -4.61950636
v 2.09925032 28.51989365 -4.65241671
v 2.36517215 28.74047852 -4.61343861
v 2.09117556 28.48588753 -4.63452101
v 2.36118603 28.70219803 -4.60566378
v 2.08241367 28.45290375 -4.61510277
v 2.35633421 28.66439819 -4.59619999
v 2.07298636 28.42102242 -4.59421015
v 2.35062909 28.62717819 -4.58507156
v 2.59951043 28.85726547 -4.50248432
v 2.5999999 28.89651871 -4.50333214
v 2.3440845 28.59062576 -4.57230616
v 2.59804344 28.81810951 -4.49994326
v 2.33671689 28.55483437 -4.55793476
v 2.59560204 28.7791481 -4.49571466
v 2.32854462 28.51989365 -4.54199409
v 2.59219289 28.74047852 -4.48980999
v 2.31958795 28.48588753 -4.52452326
v 2.58782411 28.70219803 -4.48224306
v 2.30986905 28.45290375 -4.50556612
v 2.5825069 28.66439819 -4.47303295
v 2.29941201 28.42102242 -4.48516893
v 2.57625389 28.62717819 -4.46220255
v 2.82070947 28.85726547 -4.36731243
v 2.82124066 28.89651871 -4.36813498
v 2.56908131 28.59062576 -4.44977903
v 2.81911755 28.81810951 -4.36484766
v 2.56100655 28.55483437 -4.4357934
v 2.81646848 28.7791481 -4.36074638
v 2.55204964 28.51989365 -4.42027998
v 2.81276917 28.74047852 -4.35501862
v 2.54223323 28.48588753 -4.4032774
v 2.8080287 28.70219803 -4.34767866
v 2.5315814 28.45290375 -4.38482761
v 2.80225873 28.66439819 -4.33874512
v 2.52012086 28.42102242 -4.36497736
v 2.79547381 28.62717819 -4.32824039
v 3.03489566 28.85726547 -4.22128296
v 3.03546715 28.89651871 -4.22207785
v 2.78769088 28.59062576 -4.31618977
v 3.03318286 28.81810951 -4.2189002
v 2.778929 28.55483437 -4.30262375
v 3.03033257 28.7791481 -4.21493626
v 2.7692101 28.51989365 -4.28757572
v 3.02635241 28.74047852 -4.2093997
v 2.75855827 28.48588753 -4.27108383
v 3.02125192 28.70219803 -4.20230579
v 2.74700022 28.45290375 -4.25318813
v 3.01504397 28.66439819 -4.19367075
v 2.7345643 28.42102242 -4.23393393
v 3.00774384 28.62717819 -4.18351698
v 3.24153662 28.85726547 -4.0647583
v 3.24214697 28.89651871 -4.06552362
v 2.99936986 28.59062576 -4.17186928
v 3.23970699 28.81810951 -4.06246424
v 2.98994255 28.55483437 -4.15875721
v 3.23666286 28.7791481 -4.05864716
v 2.97948575 28.51989365 -4.14421225
v 3.23241162 28.74047852 -4.05331612
v 2.96802521 28.48588753 -4.12827158
v 3.226964 28.70219803 -4.04648495
v 2.95558929 28.45290375 -4.11097431
v 3.22033334 28.66439819 -4.03817034
v 2.94220924 28.42102242 -4.09236383
v 3.2125361 28.62717819 -4.02839279
v 3.44011855 28.85726547 -3.89812827
v 3.44076633 28.89651871 -3.89886236
v 3.20359182 28.59062576 -4.0171771
v 3.43817711 28.81810951 -3.89592814
v 3.19352293 28.55483437 -4.00455093
v 3.4349463 28.7791481 -3.89226747
v 3.18235397 28.51989365 -3.99054575
v 3.4304347 28.74047852 -3.88715506
v 3.17011309 28.48588753 -3.97519612
v 3.42465329 28.70219803 -3.88060379
v 3.15683055 28.45290375 -3.9585402
v 3.41761637 28.66439819 -3.87263012
v 3.1425395 28.42102242 -3.94061971
v 3.40934157 28.62717819 -3.86325359
v 3.63014793 28.85726547 -3.72180676
v 3.63083148 28.89651871 -3.72250772
v 3.39984941 28.59062576 -3.85249758
v 3.62809896 28.81810951 -3.7197063
v 3.38916349 28.55483437 -3.84038901
v 3.62469006 28.7791481 -3.71621108
v 3.37731028 28.51989365 -3.82695794
v 3.61992908 28.74047852 -3.71132994
v 3.36431956 28.48588753 -3.8122375
v 3.61382818 28.70219803 -3.70507503
v 3.3502233 28.45290375 -3.79626441
v 3.60640264 28.66439819 -3.69746208
v 3.33505654 28.42102242 -3.77907848
v 3.59767079 28.62717819 -3.6885097
v 3.81115222 28.85726547 -3.53623247
v 3.81186962 28.89651871 -3.53689814
v 3.58765435 28.59062576 -3.6782403
v 3.80900121 28.81810951 -3.53423643
v 3.57637811 28.55483437 -3.66667938
v 3.80542207 28.7791481 -3.53091574
v 3.56387019 28.51989365 -3.65385556
v 3.80042362 28.74047852 -3.52627802
v 3.55016184 28.48588753 -3.63980103
v 3.79401875 28.70219803 -3.52033496
v 3.5352869 28.45290375 -3.62455058
v 3.78622293 28.66439819 -3.51310134
v 3.51928234 28.42102242 -3.60814214
v 3.7770555 28.62717819 -3.50459552
v 3.98268127 28.85726547 -3.34186625
v 3.9834311 28.89651871 -3.34249568
v 3.76653957 28.59062576 -3.494838
v 3.98043346 28.81810951 -3.33998013
v 3.75470114 28.55483437 -3.48385358
v 3.97669315 28.7791481 -3.33684182
v 3.74156976 28.51989365 -3.47166944
v 3.97146988 28.74047852 -3.33245897
v 3.72717762 28.48588753 -3.45831561
v 3.96477675 28.70219803 -3.32684255
v 3.7115612 28.45290375 -3.44382548
v 3.95662999 28.66439819 -3.32000685
v 3.69475865 28.42102242 -3.42823505
v 3.94705009 28.62717819 -3.31196833
v 4.14430857 28.85726547 -3.13919187
v 4.14508915 28.89651871 -3.13978291
v 3.93606091 28.59062576 -3.30274725
v 4.14196968 28.81810951 -3.13742018
v 3.9236896 28.55483437 -3.2923665
v 4.13807774 28.7791481 -3.13447213
v 3.90996695 28.51989365 -3.28085184
v 4.13264227 28.74047852 -3.13035512
v 3.89492726 28.48588753 -3.26823211
v 4.12567759 28.70219803 -3.12507939
v 3.87860799 28.45290375 -3.25453854
v 4.11720037 28.66439819 -3.11865807
v 3.86104918 28.42102242 -3.23980498
v 4.10723162 28.62717819 -3.11110711
v 4.29563284 28.85726547 -2.92871284
v 4.29644156 28.89651871 -2.92926431
v 4.09579659 28.59062576 -3.10244513
v 4.29320812 28.81810951 -2.92705989
v 4.08292294 28.55483437 -3.09269404
v 4.28917408 28.7791481 -2.92430949
v 4.06864357 28.51989365 -3.08187771
v 4.28354073 28.74047852 -2.92046857
v 4.05299377 28.48588753 -3.0700233
v 4.27632141 28.70219803 -2.91554642
v 4.0360117 28.45290375 -3.05716014
v 4.26753426 28.66439819 -2.90955567
v 4.01774073 28.42102242 -3.04332018
v 4.25720167 28.62717819 -2.90251112
v 4.43627739 28.85726547 -2.71095252
v 4.43711281 28.89651871 -2.71146297
v 4.56675196 28.89651871 -2.4869206
v 4.24534893 28.59062576 -2.89442992
v 4.43377352 28.81810951 -2.70942259
v 4.2320056 28.55483437 -2.88533258
v 4.42960739 28.7791481 -2.70687675
v 4.21720505 28.51989365 -2.87524152
v 4.42378902 28.74047852 -2.70332122
v 4.20098352 28.48588753 -2.864182
v 4.41633368 28.70219803 -2.69876528
v 4.18338156 28.45290375 -2.8521812
v 4.40725899 28.66439819 -2.6932199
v 4.16444302 28.42102242 -2.8392694
v 4.39658785 28.62717819 -2.68669891
v 4.5658927 28.85726547 -2.48645258
v 4.38434744 28.59062576 -2.67921877
v 4.56331539 28.81810951 -2.48504925
v 4.37056684 28.55483437 -2.67079782
v 4.55902767 28.7791481 -2.48271418
v 4.35528135 28.51989365 -2.66145706
v 4.55303955 28.74047852 -2.47945309
v 4.33852911 28.48588753 -2.65121984
v 4.54536581 28.70219803 -2.47527432
v 4.32035065 28.45290375 -2.64011145
v 4.53602648 28.66439819 -2.47018838
v 4.30079222 28.42102242 -2.62815952
v 4.52504349 28.62717819 -2.46420741
v 4.68415594 28.85726547 -2.25577068
v 4.68503809 28.89651871 -2.25619555
v 4.51244497 28.59062576 -2.45734668
v 4.68151236 28.81810951 -2.25449753
v 4.49826241 28.55483437 -2.44962311
v 4.67711353 28.7791481 -2.25237918
v 4.48253012 28.51989365 -2.44105577
v 4.67097044 28.74047852 -2.24942064
v 4.46528816 28.48588753 -2.43166637
v 4.66309786 28.70219803 -2.24562955
v 4.44657898 28.45290375 -2.42147779
v 4.65351629 28.66439819 -2.24101543
v 4.4264493 28.42102242 -2.41051579
v 4.64224911 28.62717819 -2.2355895
v 4.79077435 28.85726547 -2.01948071
v 4.79167652 28.89651871 -2.01986098
v 4.62932444 28.59062576 -2.22936511
v 4.7880702 28.81810951 -2.01834083
v 4.61477423 28.55483437 -2.22235823
v 4.78357124 28.7791481 -2.01644444
v 4.59863472 28.51989365 -2.21458578
v 4.77728844 28.74047852 -2.01379585
v 4.58094597 28.48588753 -2.20606732
v 4.76923704 28.70219803 -2.01040196
v 4.56175232 28.45290375 -2.19682407
v 4.75943708 28.66439819 -2.00627089
v 4.54110098 28.42102242 -2.18687892
v 4.74791336 28.62717819 -2.00141335
v 4.88548183 28.85726547 -1.77816999
v 4.88640165 28.89651871 -1.77850473
v 4.73469448 28.59062576 -1.99584115
v 4.88272429 28.81810951 -1.77716637
v 4.71981335 28.55483437 -1.98956811
v 4.87813616 28.7791481 -1.77549648
v 4.7033062 28.51989365 -1.98260987
v 4.8717289 28.74047852 -1.77316439
v 4.685215 28.48588753 -1.97498369
v 4.86351871 28.70219803 -1.77017605
v 4.66558409 28.45290375 -1.96670866
v 4.85352516 28.66439819 -1.76653874
v 4.64446306 28.42102242 -1.95780528
v 4.84177351 28.62717819 -1.76226151
v 4.96804333 28.85726547 -1.5324384
v 4.9689784 28.89651871 -1.53272688
v 4.82829332 28.59062576 -1.75735509
v 4.96523905 28.81810951 -1.53157341
v 4.81311798 28.55483437 -1.75183165
v 4.96057367 28.7791481 -1.53013432
v 4.79628468 28.51989365 -1.74570489
v 4.95405817 28.74047852 -1.52812457
v 4.77783585 28.48588753 -1.73898995
v 4.94570875 28.70219803 -1.52554917
v 4.75781679 28.45290375 -1.73170376
v 4.9355464 28.66439819 -1.52241445
v 4.73627806 28.42102242 -1.7238642
v 4.92359638 28.62717819 -1.51872838
v 5.03825331 28.85726547 -1.28289688
v 5.03920174 28.89651871 -1.28313851
v 4.90988827 28.59062576 -1.51450002
v 5.03540945 28.81810951 -1.2821728
v 4.89445639 28.55483437 -1.50973988
v 5.03067827 28.7791481 -1.28096807
v 4.87733889 28.51989365 -1.50445974
v 5.02407074 28.74047852 -1.27928555
v 4.85857821 28.48588753 -1.49867284
v 5.01560307 28.70219803 -1.27712953
v 4.83822107 28.45290375 -1.49239349
v 5.00529718 28.66439819 -1.27450526
v 4.81631804 28.42102242 -1.48563731
v 4.99317837 28.62717819 -1.27141941
v 5.09593725 28.85726547 -1.03016603
v 5.09689713 28.89651871 -1.03035998
v 4.97927666 28.59062576 -1.26787961
v 5.09306145 28.81810951 -1.02958453
v 4.96362638 28.55483437 -1.26389456
v 5.08827543 28.7791481 -1.02861714
v 4.94626665 28.51989365 -1.25947428
v 5.08159256 28.74047852 -1.02726603
v 4.92724085 28.48588753 -1.25462973
v 5.07302809 28.70219803 -1.02553475
v 4.90659618 28.45290375 -1.24937296
v 5.06260443 28.66439819 -1.02342749
v 4.88438368 28.42102242 -1.24371696
v 5.05034637 28.62717819 -1.0209496
v 5.14095211 28.85726547 -0.77487391
v 5.14192009 28.89651871 -0.77501976
v 5.17416 28.89651871 -0.51775283
v 5.0362854 28.59062576 -1.01810706
v 5.13805056 28.81810951 -0.77443653
v 5.02045631 28.55483437 -1.01490712
v 5.13322258 28.7791481 -0.77370882
v 5.00289774 28.51989365 -1.01135767
v 5.12648058 28.74047852 -0.77269262
v 4.98365402 28.48588753 -1.00746739
v 5.11784077 28.70219803 -0.77139038
v 4.96277332 28.45290375 -1.00324619
v 5.1073246 28.66439819 -0.76980531
v 4.94030619 28.42102242 -0.99870449
v 5.09495878 28.62717819 -0.76794147
v 5.17318583 28.85726547 -0.51765531
v 5.08077335 28.59062576 -0.7658034
v 5.17026615 28.81810951 -0.51736319
v 5.06480455 28.55483437 -0.76339644
v 5.16540813 28.7791481 -0.51687706
v 5.04709101 28.51989365 -0.76072657
v 5.15862322 28.74047852 -0.51619816
v 5.02767706 28.48588753 -0.7578004
v 5.14992952 28.70219803 -0.51532817
v 5.00661182 28.45290375 -0.75462532
v 5.13934755 28.66439819 -0.51426929
v 4.98394632 28.42102242 -0.75120908
v 5.12690401 28.62717819 -0.51302409
v 5.19999981 28.89651871 0
v 5.19255829 28.85726547 -0.25914982
v 5.19902086 28.85726547 0
v 5.1935358 28.89651871 -0.25919861
v 5.11262989 28.59062576 -0.51159579
v 5.18962765 28.81810951 -0.25900355
v 5.19608688 28.81810951 0
v 5.19120407 28.7791481 0
v 5.09656048 28.55483437 -0.50998783
v 5.18475103 28.7791481 -0.25876018
v 5.07873631 28.51989365 -0.50820422
v 5.17794132 28.74047852 -0.25842032
v 5.18438578 28.74047852 0
v 5.05920076 28.48588753 -0.50624937
v 5.16921473 28.70219803 -0.25798479
v 5.17564821 28.70219803 0
v 5.16501379 28.66439819 0
v 5.03800297 28.45290375 -0.50412822
v 5.15859318 28.66439819 -0.25745466
v 5.01519585 28.42102242 -0.50184602
v 5.14610291 28.62717819 -0.25683132
v 5.15250778 28.62717819 0
v 5.13816261 28.59062576 0
v 5.13177538 28.59062576 -0.25611627
v 5.12201309 28.55483437 0
v 5.11564589 28.55483437 -0.25531128
v 5.10409927 28.51989365 0
v 5.09775448 28.51989365 -0.25441837
v 5.07814598 28.48588753 -0.25343972
v 5.08446646 28.48588753 0
v 5.05686903 28.45290375 -0.25237784
v 5.0631628 28.45290375 0
v 5.04024172 28.42102242 0
v 5.03397655 28.42102242 -0.25123531
v -5.19999981 52 0
v -5.19373655 52 -0.2551519
v -5.17496061 52 -0.50968915
v -5.14371777 52 -0.76299846
v -5.10008335 52 -1.01446962
v -5.04416275 52 -1.26349699
v -4.97608995 52 -1.50948036
v -4.896029 52 -1.75182724
v -4.80417347 52 -1.98995388
v -4.70074415 52 -2.22328639
v -4.58599043 52 -2.45126295
v -4.46018887 52 -2.67333436
v -4.32364178 52 -2.88896513
v -4.17667913 52 -3.09763646
v -4.01965427 52 -3.29884505
v -3.8529458 52 -3.49210668
v -3.67695522 52 -3.67695522
v -3.49210668 52 -3.8529458
v -3.29884505 52 -4.01965427
v -3.09763646 52 -4.17667913
v -2.88896513 52 -4.32364178
v -2.67333436 52 -4.46018887
v -2.45126295 52 -4.58599043
v -2.22328639 52 -4.70074415
v -1.98995388 52 -4.80417347
v -1.75182724 52 -4.896029
v -1.50948036 52 -4.97608995
v -1.26349699 52 -5.04416275
v -1.01446962 52 -5.10008335
v -0.76299846 52 -5.14371777
v -0.50968915 52 -5.17496061
v -0.2551519 52 -5.19373655
v -0 52 -5.19999981
v 0.2551519 52 -5.19373655
v 0.50968915 52 -5.17496061
v 0.76299846 52 -5.14371777
v 1.01446962 52 -5.10008335
v 1.26349699 52 -5.04416275
v 1.50948036 52 -4.97608995
v 1.75182724 52 -4.896029
v 1.98995388 52 -4.80417347
v 2.22328639 52 -4.70074415
v 2.45126295 52 -4.58599043
v 2.67333436 52 -4.46018887
v 2.88896513 52 -4.32364178
v 3.09763646 52 -4.17667913
v 3.29884505 52 -4.01965427
v 3.49210668 52 -3.8529458
v 3.67695522 52 -3.67695522
v 3.8529458 52 -3.49210668
v 4.01965427 52 -3.29884505
v 4.17667913 52 -3.09763646
v 4.32364178 52 -2.88896513
v 4.46018887 52 -2.67333436
v 4.58599043 52 -2.45126295
v 4.70074415 52 -2.22328639
v 4.80417347 52 -1.98995388
v 4.896029 52 -1.75182724
v 4.97608995 52 -1.50948036
v 5.04416275 52 -1.26349699
v 5.10008335 52 -1.01446962
v 5.14371777 52 -0.76299846
v 5.17496061 52 -0.50968915
v 5.19373655 52 -0.2551519
v 5.19999981 52 0
v 5.19373655 52.25515366 0
v -5.19373655 52.25515366 0
v 0.35464439 52.01238632 -5.18787766
v 0.3529166 52.03709412 -5.18787766
v 0.34946942 52.06162262 -5.18787766
v 0.70634174 52.0493927 -5.15156698
v 0.34431967 52.08584976 -5.18787766
v 0.70117575 52.09854507 -5.15156698
v 1.05732679 52.03692245 -5.09123707
v 0.33749244 52.10965729 -5.18787766
v 0.69259363 52.1472168 -5.15156698
v 1.05217564 52.11058807 -5.09123707
v 0.32902098 52.13293457 -5.18787766
v 0.6806373 52.19517136 -5.15156698
v 1.04189825 52.18371582 -5.09123707
v 1.39952576 52.09786606 -5.00716972
v 0.31894654 52.15555954 -5.18787766
v 0.66536492 52.24217224 -5.15156698
v 1.02654505 52.25594711 -5.09123707
v 1.38928986 52.19525146 -5.00716972
v 1.74031317 52.06077194 -4.89975691
v 0.30731824 52.1774292 -5.18787766
v 0.646851 52.2879982 -5.15156698
v 1.00619042 52.326931 -5.09123707
v 1.37228549 52.29168701 -5.00716972
v 1.73183453 52.18202209 -4.89975691
v 0.29419273 52.19843674 -5.18787766
v 0.62518567 52.33241653 -5.15156698
v 0.9809339 52.39632416 -5.09123707
v 1.34859562 52.38670349 -5.00716972
v 1.71491861 52.30238724 -4.89975691
v 0.27963394 52.21847534 -5.18787766
v 2.06663918 52.14451218 -4.76949883
v 0.60047454 52.37521744 -5.15156698
v 0.95089829 52.46378326 -5.09123707
v 1.31833541 52.47983551 -5.00716972
v 1.68964767 52.42127609 -4.89975691
v 0.26371279 52.23744965 -5.18787766
v 2.05152416 52.28832245 -4.76949883
v 0.57283789 52.4161911 -5.15156698
v 2.39088082 52.08349228 -4.61700296
v 0.91623002 52.52898407 -5.09123707
v 1.28165245 52.57062912 -5.00716972
v 1.6561451 52.53811264 -4.89975691
v 0.24650685 52.25526428 -5.18787766
v 2.02641439 52.43072891 -4.76949883
v 0.54241049 52.45513535 -5.15156698
v 2.37923265 52.25006866 -4.61700296
v 0.8770979 52.59160995 -5.09123707
v 1.2387253 52.65864182 -5.00716972
v 1.61457384 52.65232849 -4.89975691
v 0.22809996 52.27183914 -5.18787766
v 1.99143207 52.57103348 -4.76949883
v 0.50934047 52.49186325 -5.15156698
v 2.35599327 52.41542435 -4.61700296
v 0.83369273 52.65135193 -5.09123707
v 2.69525504 52.18846893 -4.44298077
v 1.18976331 52.74344635 -5.00716972
v 1.56513655 52.7633667 -4.89975691
v 0.20858179 52.28708649 -5.18787766
v 1.94674778 52.70855713 -4.76949883
v 0.47378901 52.52619553 -5.15156698
v 2.32127547 52.57875824 -4.61700296
v 0.78622586 52.70792007 -5.09123707
v 2.67554235 52.37602234 -4.44298077
v 1.13500488 52.82463074 -5.00716972
v 2.99691081 52.10465622 -4.24824333
v 1.50807416 52.87068558 -4.89975691
v 0.18804744 52.30093765 -5.18787766
v 1.89257908 52.84263229 -4.76949883
v 0.4359293 52.55796432 -5.15156698
v 2.27524877 52.73927307 -4.61700296
v 0.73492861 52.76103973 -5.09123707
v 2.64279485 52.56174469 -4.44298077
v 1.07471681 52.90179443 -5.00716972
v 2.9823103 52.31345367 -4.24824333
v 1.44366443 52.97376251 -4.89975691
v 0.16659693 52.31332397 -5.18787766
v 1.8291899 52.97259903 -4.76949883
v 0.39594582 52.58701324 -5.15156698
v 2.21813726 52.89618683 -4.61700296
v 0.68005085 52.81045151 -5.09123707
v 2.59717202 52.74472809 -4.44298077
v 1.00919294 52.97456741 -5.00716972
v 2.95318007 52.52072525 -4.24824333
v 1.37222147 53.07209778 -4.89975691
v 3.27366328 52.22891617 -4.03369856
v 0.14433479 52.3241806 -5.18787766
v 1.7568891 53.09782791 -4.76949883
v 0.35403329 52.61320496 -5.15156698
v 2.15021944 53.04873276 -4.61700296
v 0.62185991 52.85591507 -5.09123707
v 2.53889585 52.92408371 -4.44298077
v 0.93875223 53.04259109 -5.00716972
v 2.90966225 52.72546005 -4.24824333
v 1.29409301 53.16520691 -4.89975691
v 3.24972034 52.45671844 -4.03369856
v 0.12136946 52.33345795 -5.18787766
v 1.67602897 53.21770477 -4.76949883
v 3.54711413 52.12386703 -3.80034709
v 0.31039596 52.63640594 -5.15156698
v 2.07182574 53.19617081 -4.61700296
v 0.56063938 52.89720917 -5.09123707
v 2.46825051 53.09893417 -4.44298077
v 0.86373806 53.1055336 -5.00716972
v 2.851969 52.92666245 -4.24824333
v 1.20966005 53.25263977 -4.89975691
v 3.2099452 52.68229675 -4.03369856
v 0.09781282 52.34111404 -5.18787766
v 1.58700335 53.33165359 -4.76949883
v 3.52983308 52.3710022 -3.80034709
v 0.26524642 52.6565094 -5.15156698
v 1.98333824 53.33778 -4.61700296
v 0.49668741 52.93413162 -5.09123707
v 2.38558006 53.26843643 -4.44298077
v 0.78451586 53.16309357 -5.00716972
v 2.7803812 53.12334824 -4.24824333
v 1.11933362 53.33396912 -4.89975691
v 3.15453148 52.90454865 -4.03369856
v 0.07377966 52.34710693 -5.18787766
v 1.49024594 53.43911362 -4.76949883
v 3.49535489 52.61632538 -3.80034709
v 0.2188046 52.67341232 -5.15156698
v 1.88518822 53.47286987 -4.61700296
v 3.79108953 52.26509857 -3.54927635
v 0.43031567 52.96650314 -5.09123707
v 2.29128742 53.43175507 -4.44298077
v 0.70147163 53.21498489 -5.00716972
v 2.69524765 53.31455994 -4.24824333
v 1.02355397 53.40880203 -4.89975691
v 3.08374906 53.12239456 -4.03369856
v 0.04938704 52.3514061 -5.18787766
v 1.38622832 53.53956223 -4.76949883
v 3.44384766 52.85864639 -3.80034709
v 0.17129681 52.68703461 -5.15156698
v 1.77785373 53.60078812 -4.61700296
v 3.76336241 52.52890778 -3.54927635
v 0.36184749 52.99416733 -5.09123707
v 2.18583179 53.58810043 -4.44298077
v 4.03124142 52.14077377 -3.28165722
v 0.61500984 53.26095581 -5.00716972
v 2.59698296 53.49937057 -4.24824333
v 0.92278761 53.47676849 -4.89975691
v 2.99794316 53.3347702 -4.03369856
v 0.02475382 52.35399628 -5.18787766
v 1.27545702 53.63251114 -4.76949883
v 3.37556243 53.0967865 -3.80034709
v 0.12295447 52.69730759 -5.15156698
v 1.66185772 53.7209053 -4.61700296
v 3.71730042 52.79013824 -3.54927635
v 0.29161641 53.01698685 -5.09123707
v 2.06972694 53.73670578 -4.44298077
v 4.01160192 52.42163467 -3.28165722
v 0.5255518 53.30078506 -5.00716972
v 2.4860661 53.67687225 -4.24824333
v 0.81752557 53.53754044 -4.89975691
v 2.89753151 53.5406456 -4.03369856
v -0 52.35486221 -5.18787766
v 1.15847194 53.71750641 -4.76949883
v 3.2908318 53.32958221 -3.80034709
v 0.07401311 52.7041893 -5.15156698
v 1.53776538 53.83263779 -4.61700296
v 3.65312791 53.04751587 -3.54927635
v 0.21996459 53.03485107 -5.09123707
v 1.94353855 53.87685394 -4.44298077
v 3.97241783 52.70044327 -3.28165722
v 0.43353328 53.33427811 -5.00716972
v 2.36303759 53.84620667 -4.24824333
v 4.23789501 52.29634094 -2.99873757
v 0.70828062 53.59082413 -4.89975691
v 2.78300333 53.73901367 -4.03369856
v -0.02475382 52.35399628 -5.18787766
v 1.03584278 53.79413223 -4.76949883
v 3.19006848 53.55590057 -3.80034709
v 0.02471117 52.70763397 -5.15156698
v 1.4061811 53.93544388 -4.61700296
v 3.57115793 53.29979706 -3.54927635
v 0.14724115 53.04767609 -5.09123707
v 1.80788147 54.00785446 -4.44298077
v 3.91388059 52.97584152 -3.28165722
v 0.33940268 53.3612709 -5.00716972
v 2.22849631 54.00654602 -4.24824333
v 4.20689964 52.59123993 -2.99873757
v 0.59558499 53.63635635 -4.89975691
v 2.65491652 53.9289093 -4.03369856
v -0.04938704 52.3514061 -5.18787766
v 4.44027424 52.155056 -2.70183659
v 0.90816724 53.86201859 -4.76949883
v 3.07376337 53.77463913 -3.80034709
v -0.02471117 52.70763397 -5.15156698
v 1.26774609 54.02881622 -4.61700296
v 3.47178984 53.54574203 -3.54927635
v 0.07380035 53.05539322 -5.09123707
v 1.66341662 54.12907791 -4.44298077
v 3.83627534 53.24648285 -3.28165722
v 0.24361853 53.38162994 -5.00716972
v 2.08309817 54.15711212 -4.24824333
v 4.15540934 52.88325882 -2.99873757
v 0.47998771 53.67391586 -4.89975691
v 2.51389527 54.10940933 -4.03369856
v -0.07377966 52.34710693 -5.18787766
v 4.41864157 52.4644165 -2.70183659
v 0.77606714 53.92083359 -4.76949883
v 2.94248343 53.98472977 -3.80034709
v -0.07401311 52.7041893 -5.15156698
v 1.12313473 54.1123085 -4.61700296
v 3.35550714 53.78415298 -3.54927635
v -0 53.05797195 -5.09123707
v 1.51084781 54.23992538 -4.44298077
v 3.73998022 53.51105118 -3.28165722
v 0.1466475 53.39525604 -5.00716972
v 1.92755139 54.29716492 -4.24824333
v 4.08367348 53.17097473 -2.99873757
v 0.36205202 53.70331955 -4.89975691
v 2.3606267 54.27963257 -4.03369856
v -0.09781282 52.34111404 -5.18787766
v 4.37548208 52.77151489 -2.70183659
v 0.64018607 53.97029114 -4.76949883
v 2.79686785 54.18515396 -3.80034709
v -0.12295447 52.69730759 -5.15156698
v 4.60575628 52.32206726 -2.39233828
v 0.97305161 54.18550873 -4.61700296
v 3.22287703 54.01387787 -3.54927635
v -0.07380035 53.05539322 -5.09123707
v 1.35091829 54.33985901 -4.44298077
v 3.62546444 53.76825714 -3.28165722
v 0.04896201 53.40208817 -5.00716972
v 1.76261377 54.42602921 -4.24824333
v 3.99204302 53.45298386 -2.99873757
v 0.24235241 53.72442627 -4.89975691
v 2.19585729 54.43874741 -4.03369856
v -0.12136946 52.33345795 -5.18787766
v 4.31100559 53.0748558 -2.70183659
v 0.50118613 54.01014709 -4.76949883
v 2.63762641 54.37493134 -3.80034709
v -0.17129681 52.68703461 -5.15156698
v 4.5720706 52.64256287 -2.39233828
v 0.81822783 54.24806213 -4.61700296
v 3.07454538 54.23378754 -3.54927635
v -0.14724115 53.04767609 -5.09123707
v 4.76659346 52.16645432 -2.07168555
v 1.18440723 54.42839432 -4.44298077
v 3.49328566 54.01684952 -3.28165722
v -0.04896201 53.40208817 -5.00716972
v 1.58908892 54.54307556 -4.24824333
v 3.88096356 53.72791672 -2.99873757
v 0.12147211 53.73713303 -4.89975691
v 2.02039003 54.58597946 -4.03369856
v -0.14433479 52.3241806 -5.18787766
v 4.22552586 53.37295532 -2.70183659
v 0.35974443 54.04021072 -4.76949883
v 2.46553445 54.55313492 -3.80034709
v -0.2188046 52.67341232 -5.15156698
v 4.51611042 52.95993042 -2.39233828
v 0.65941775 54.29966354 -4.61700296
v 2.91123462 54.44281769 -3.54927635
v -0.21996459 53.03485107 -5.09123707
v 4.74337101 52.4985466 -2.07168555
v 1.01212573 54.50510025 -4.44298077
v 3.34408784 54.25561523 -3.28165722
v -0.1466475 53.39525604 -5.00716972
v 1.40782201 54.64772797 -4.24824333
v 3.75097632 53.99443054 -2.99873757
v -0 53.74137497 -4.89975691
v 1.83507943 54.72061539 -4.03369856
v -0.16659693 52.31332397 -5.18787766
v 4.11946011 53.66437149 -2.70183659
v 0.21655011 54.06033707 -4.76949883
v 2.28143096 54.71890259 -3.80034709
v -0.26524642 52.6565094 -5.15156698
v 4.4381485 53.27261734 -2.39233828
v 0.49739507 54.34006119 -4.61700296
v 2.73374081 54.63994217 -3.54927635
v -0.29161641 53.01698685 -5.09123707
v 4.69703913 52.82821655 -2.07168555
v 0.83491343 54.56959915 -4.44298077
v 3.17859793 54.48339462 -3.28165722
v -0.24361853 53.38162994 -5.00716972
v 4.8878212 52.34178925 -1.74137402
v 1.21969652 54.73948288 -4.24824333
v 3.60271478 54.25122452 -2.99873757
v -0.12147211 53.73713303 -4.89975691
v 1.64082861 54.84199905 -4.03369856
v -0.18804744 52.30093765 -5.18787766
v 3.99332476 53.9476738 -2.70183659
v 0.07230078 54.07042313 -4.76949883
v 2.0862124 54.87142563 -3.80034709
v -0.31039596 52.63640594 -5.15156698
v 4.33856392 53.57910919 -2.39233828
v 0.33294913 54.3690567 -4.61700296
v 2.54292846 54.82420731 -3.54927635
v -0.36184749 52.99416733 -5.09123707
v 4.62782431 53.15384674 -2.07168555
v 0.65363342 54.62158203 -4.44298077
v 2.99762225 54.69906998 -3.28165722
v -0.33940268 53.3612709 -5.00716972
v 4.85207272 52.68191528 -1.74137402
v 1.02562869 54.81789017 -4.24824333
v 3.43690109 54.49705505 -2.99873757
v -0.24235241 53.72442627 -4.89975691
v 5.00411987 52.17474747 -1.40294325
v 1.43858385 54.94953537 -4.03369856
v -0.20858179 52.28708649 -5.18787766
v 3.84773421 54.22148895 -2.70183659
v -0.07230078 54.07042313 -4.76949883
v 1.88082993 55.00995636 -3.80034709
v -0.35403329 52.61320496 -5.15156698
v 4.2178421 53.87790298 -2.39233828
v 0.16688107 54.38650894 -4.61700296
v 2.33972716 54.99471283 -3.54927635
v -0.43031567 52.96650314 -5.09123707
v 4.53606272 53.47385788 -2.07168555
v 0.46916899 54.66078949 -4.44298077
v 2.80204248 54.90159988 -3.28165722
v -0.43353328 53.33427811 -5.00716972
v 4.79268551 53.0187149 -1.74137402
v 0.82656413 54.88257217 -4.24824333
v 3.25434327 54.73071671 -2.99873757
v -0.36205202 53.70331955 -4.89975691
v 4.97974014 52.52339172 -1.40294325
v 1.22933042 55.04269791 -4.03369856
v -0.22809996 52.27183914 -5.18787766
v 3.68339801 54.48448181 -2.70183659
v -0.21655011 54.06033707 -4.76949883
v 1.66628432 55.13382339 -3.80034709
v -0.39594582 52.58701324 -5.15156698
v 4.07657194 54.16755295 -2.39233828
v -0 54.3923378 -4.61700296
v 2.12512708 55.15063095 -3.54927635
v -0.49668741 52.93413162 -5.09123707
v 4.42220211 53.78668594 -2.07168555
v 0.28241882 54.68703461 -4.44298077
v 2.59281158 55.08999252 -3.28165722
v -0.5255518 53.30078506 -5.00716972
v 4.70994854 53.35055542 -1.74137402
v 0.62347263 54.93320847 -4.24824333
v 3.05593061 54.95107651 -2.99873757
v -0.47998771 53.67391586 -4.89975691
v 4.93109989 52.86948776 -1.40294325
v 1.01408792 55.12104034 -4.03369856
v -0.24650685 52.25526428 -5.18787766
v 3.50111675 54.73537064 -2.70183659
v -0.35974443 54.04021072 -4.76949883
v 5.07883549 52.35514832 -1.05797124
v 1.4436208 55.24242401 -3.80034709
v -0.4359293 52.55796432 -5.15156698
v 3.9154408 54.44664001 -2.39233828
v -0.16688107 54.38650894 -4.61700296
v 1.90017354 55.29119873 -3.54927635
v -0.56063938 52.89720917 -5.09123707
v 4.28679705 54.09080887 -2.07168555
v 0.09429274 54.7001915 -4.44298077
v 2.37094855 55.26333237 -3.28165722
v -0.61500984 53.26095581 -5.00716972
v 4.60426521 53.67581558 -1.74137402
v 0.41734362 54.9695549 -4.24824333
v 2.84262967 55.15705872 -2.99873757
v -0.59558499 53.63635635 -4.89975691
v 4.85843563 53.21134567 -1.40294325
v 0.79390478 55.1841774 -4.03369856
v -0.26371279 52.23744965 -5.18787766
v 3.30177832 54.97293472 -2.70183659
v -0.50118613 54.01014709 -4.76949883
v 5.04168987 52.70856476 -1.05797124
v 1.21392405 55.33522797 -3.80034709
v -0.47378901 52.52619553 -5.15156698
v 3.73523402 54.71380615 -2.39233828
v -0.33294913 54.3690567 -4.61700296
v 5.14842892 52.17978668 -0.70806658
v 1.66596246 55.41572952 -3.54927635
v -0.62185991 52.85591507 -5.09123707
v 4.13050699 54.38475037 -2.07168555
v -0.09429274 54.7001915 -4.44298077
v 2.13753462 55.42076874 -3.28165722
v -0.70147163 53.21498489 -5.00716972
v 4.47615051 53.99291229 -1.74137402
v 0.20918137 54.99143219 -4.24824333
v 2.61547971 55.34766006 -2.99873757
v -0.70828062 53.59082413 -4.89975691
v 4.76210165 53.54730225 -1.40294325
v 0.56985378 55.23180008 -4.03369856
v -0.27963394 52.21847534 -5.18787766
v 3.08635378 55.1960144 -2.70183659
v -0.64018607 53.97029114 -4.76949883
v 4.97998142 53.0585289 -1.05797124
v 0.97831315 55.41178513 -3.80034709
v -0.50934047 52.49186325 -5.15156698
v 3.53682971 54.96775055 -2.39233828
v -0.49739507 54.34006119 -4.61700296
v 5.12334633 52.53848648 -0.70806658
v 1.42363501 55.52362061 -3.54927635
v -0.68005085 52.81045151 -5.09123707
v 3.95409369 54.66706848 -2.07168555
v -0.28241882 54.68703461 -4.44298077
v 1.8937068 55.56154633 -3.28165722
v -0.78451586 53.16309357 -5.00716972
v 4.32622862 54.30029678 -1.74137402
v -0 54.99873734 -4.24824333
v 2.3755877 55.52195358 -2.99873757
v -0.81752557 53.53754044 -4.89975691
v 4.64256716 53.87571716 -1.40294325
v 0.34302661 55.2636795 -4.03369856
v -0.29419273 52.19843674 -5.18787766
v 2.85589314 55.40352249 -2.70183659
v -0.77606714 53.92083359 -4.76949883
v 4.8940115 53.40333557 -1.05797124
v 0.73793602 55.47171783 -3.80034709
v -0.54241049 52.45513535 -5.15156698
v 3.32119417 55.20724106 -2.39233828
v -0.65941775 54.29966354 -4.61700296
v 5.07330322 52.89456177 -0.70806658
v 1.17437184 55.61434555 -3.54927635
v -0.73492861 52.76103973 -5.09123707
v 3.75841641 54.93639755 -2.07168555
v -0.46916899 54.66078949 -4.44298077
v 5.17524004 52.36188889 -0.35486054
v 5.17496061 52.50968933 0
v 1.64065301 55.68496704 -3.28165722
v -0.86373806 53.1055336 -5.00716972
v 4.15522957 54.59647369 -1.74137402
v -0.20918137 54.99143219 -4.24824333
v 2.12412167 55.67908859 -2.99873757
v -0.92278761 53.47676849 -4.89975691
v 4.50041437 54.19499969 -1.40294325
v 0.11452819 55.27965927 -4.03369856
v -0.30731824 52.1774292 -5.18787766
v 2.61151862 55.59444809 -2.70183659
v -0.90816724 53.86201859 -4.76949883
v 4.78419828 53.7413063 -1.05797124
v 0.49396381 55.51473618 -3.80034709
v -0.57283789 52.4161911 -5.15156698
v 3.08937812 55.43110275 -2.39233828
v -0.81822783 54.24806213 -4.61700296
v 4.99854326 53.24627686 -0.70806658
v 0.91938716 55.68746185 -3.54927635
v -0.78622586 52.70792007 -5.09123707
v 3.54442835 55.19141769 -2.07168555
v -0.65363342 54.62158203 -4.44298077
v 5.13738966 52.72201157 -0.35486054
v 5.10008335 53.01446915 0
v 5.14371777 52.76299667 0
v 1.37960625 55.79043579 -3.28165722
v -0.93875223 53.04259109 -5.00716972
v 3.9639864 54.88000488 -1.74137402
v -0.41734362 54.9695549 -4.24824333
v 1.86230731 55.81829453 -2.99873757
v -1.02355397 53.40880203 -4.89975691
v 4.33633614 54.50358582 -1.40294325
v -0.11452819 55.27965927 -4.03369856
v -0.31894654 52.15555954 -5.18787766
v 2.35442114 55.76786041 -2.70183659
v -1.03584278 53.79413223 -4.76949883
v 4.65107679 54.07079315 -1.05797124
v 0.247585 55.54063034 -3.80034709
v -0.60047454 52.37521744 -5.15156698
v 2.84251094 55.63824844 -2.39233828
v -0.97305161 54.18550873 -4.61700296
v 4.89943123 53.59192276 -0.70806658
v 0.65992332 55.74261093 -3.54927635
v -0.83369273 52.65135193 -5.09123707
v 3.31317234 55.43088913 -2.07168555
v -0.83491343 54.56959915 -4.44298077
v 5.0745101 53.07862091 -0.35486054
v 5.04416275 53.2634964 0
v 1.1118381 55.87744141 -3.28165722
v -1.00919294 52.97456741 -5.00716972
v 3.75343156 55.1495018 -1.74137402
v -0.62347263 54.93320847 -4.24824333
v 1.59142005 55.93890381 -2.99873757
v -1.11933362 53.33396912 -4.89975691
v 4.15113211 54.79997253 -1.40294325
v -0.34302661 55.2636795 -4.03369856
v -0.32902098 52.13293457 -5.18787766
v 2.0858531 55.92292023 -2.70183659
v -1.15847194 53.71750641 -4.76949883
v 4.49529552 54.39019012 -1.05797124
v -0 55.54927444 -3.80034709
v -0.62518567 52.33241653 -5.15156698
v 2.58179545 55.82766724 -2.39233828
v -1.12313473 54.1123085 -4.61700296
v 4.77644968 53.92980957 -0.70806658
v 0.39724442 55.77952957 -3.54927635
v -0.8770979 52.59160995 -5.09123707
v 3.06577468 55.65364838 -2.07168555
v -1.01212573 54.50510025 -4.44298077
v 4.98690796 53.4299736 -0.35486054
v 4.97608995 53.50947952 0
v 0.83865315 55.94555283 -3.28165722
v -1.07471681 52.90179443 -5.00716972
v 3.52459002 55.40365601 -1.74137402
v -0.82656413 54.88257217 -4.24824333
v 1.31277943 56.04032135 -2.99873757
v -1.20966005 53.25263977 -4.89975691
v 3.94570374 55.08272171 -1.40294325
v -0.56985378 55.23180008 -4.03369856
v -0.33749244 52.10965729 -5.18787766
v 1.80712318 56.05886459 -2.70183659
v -1.27545702 53.63251114 -4.76949883
v 4.31761408 54.69794464 -1.05797124
v -0.247585 55.54063034 -3.80034709
v -0.646851 52.2879982 -5.15156698
v 2.30850148 55.9984436 -2.39233828
v -1.26774609 54.02881622 -4.61700296
v 4.63019753 54.25829697 -0.70806658
v 0.1326302 55.79803085 -3.54927635
v -0.91623002 52.52898407 -5.09123707
v 2.80344105 55.85860443 -2.07168555
v -1.18440723 54.42839432 -4.44298077
v 4.80417347 53.98995209 0
v 4.87501049 53.77435684 -0.35486054
v 4.896029 53.75182724 0
v 0.56138235 55.99444199 -3.28165722
v -1.13500488 52.82463074 -5.00716972
v 3.27857733 55.64122772 -1.74137402
v -1.02562869 54.81789017 -4.24824333
v 1.0277431 56.12205124 -2.99873757
v -1.29409301 53.16520691 -4.89975691
v 3.72105241 55.35045242 -1.40294325
v -0.79390478 55.1841774 -4.03369856
v -0.34431967 52.08584976 -5.18787766
v 1.51958895 56.17503738 -2.70183659
v -1.38622832 53.53956223 -4.76949883
v 4.11889744 54.99255371 -1.05797124
v -0.49396381 55.51473618 -3.80034709
v -0.66536492 52.24217224 -5.15156698
v 2.02396107 56.1497345 -2.39233828
v -1.4061811 53.93544388 -4.61700296
v 4.46138763 54.57578278 -0.70806658
v -0.1326302 55.79803085 -3.54927635
v -0.95089829 52.46378326 -5.09123707
v 2.52744937 56.04476547 -2.07168555
v -1.35091829 54.33985901 -4.44298077
v 4.70074415 54.22328568 0
v 4.73936224 54.11009979 -0.35486054
v 0.2813766 56.02387238 -3.28165722
v -1.18976331 52.74344635 -5.00716972
v 3.01659155 55.8610611 -1.74137402
v -1.21969652 54.73948288 -4.24824333
v 0.73769975 56.18370438 -2.99873757
v -1.37222147 53.07209778 -4.89975691
v 3.47827244 55.60185623 -1.40294325
v -1.01408792 55.12104034 -4.03369856
v -0.34946942 52.06162262 -5.18787766
v 1.22465146 56.27086639 -2.70183659
v -1.49024594 53.43911362 -4.76949883
v 3.90011406 55.27258301 -1.05797124
v -0.73793602 55.47171783 -3.80034709
v -0.6806373 52.19517136 -5.15156698
v 1.72955978 56.28081131 -2.39233828
v -1.53776538 53.83263779 -4.61700296
v 4.27084255 54.88071823 -0.70806658
v -0.39724442 55.77952957 -3.54927635
v -0.9809339 52.39632416 -5.09123707
v 2.23914409 56.21121597 -2.07168555
v -1.51084781 54.23992538 -4.44298077
v 4.46018887 54.67333603 0
v 4.5806241 54.43556213 -0.35486054
v 4.58599043 54.45126343 0
v -0 56.03369904 -3.28165722
v -1.2387253 52.65864182 -5.00716972
v 2.73990917 56.0620842 -1.74137402
v -1.40782201 54.64772797 -4.24824333
v 0.44406235 56.22497177 -2.99873757
v -1.44366443 52.97376251 -4.89975691
v 3.21854687 55.83571625 -1.40294325
v -1.22933042 55.04269791 -4.03369856
v -0.3529166 52.03709412 -5.18787766
v 0.92374766 56.34589005 -2.70183659
v -1.58700335 53.33165359 -4.76949883
v 3.66232967 55.53667068 -1.05797124
v -0.97831315 55.41178513 -3.80034709
v -0.69259363 52.1472168 -5.15156698
v 1.42673242 56.39102936 -2.39233828
v -1.66185772 53.7209053 -4.61700296
v 4.0594902 55.17161942 -0.70806658
v -0.65992332 55.74261093 -3.54927635
v -1.00619042 52.326931 -5.09123707
v 1.93992996 56.35715485 -2.07168555
v -1.66341662 54.12907791 -4.44298077
v 4.39956951 54.74915695 -0.35486054
v 4.32364178 54.88896561 0
v -0.2813766 56.02387238 -3.28165722
v -1.28165245 52.57062912 -5.00716972
v 2.44987845 56.24331284 -1.74137402
v -1.58908892 54.54307556 -4.24824333
v 0.14826156 56.24565506 -2.99873757
v -1.50807416 52.87068558 -4.89975691
v 2.94314051 56.05088425 -1.40294325
v -1.43858385 54.94953537 -4.03369856
v -0.35464439 52.01238632 -5.18787766
v 0.61834341 56.39974213 -2.70183659
v -1.67602897 53.21770477 -4.76949883
v 3.40670276 55.78352737 -1.05797124
v -1.21392405 55.33522797 -3.80034709
v -0.70117575 52.09854507 -5.15156698
v 1.11695421 56.4798584 -2.39233828
v -1.77785373 53.60078812 -4.61700296
v 3.82836032 55.44707108 -0.70806658
v -0.91938716 55.68746185 -3.54927635
v -1.02654505 52.25594711 -5.09123707
v 1.63126469 56.48186111 -2.07168555
v -1.80788147 54.00785446 -4.44298077
v 4.01965427 55.29884338 0
v 4.19708109 55.04935837 -0.35486054
v 4.17667913 55.09763718 0
v -0.56138235 55.99444199 -3.28165722
v -1.31833541 52.47983551 -5.00716972
v 2.14791203 56.40387344 -1.74137402
v -1.76261377 54.42602921 -4.24824333
v -0.14826156 56.24565506 -2.99873757
v -1.56513655 52.7633667 -4.89975691
v 2.65339589 56.24632263 -1.40294325
v -1.64082861 54.84199905 -4.03369856
v 0.30992669 56.43215942 -2.70183659
v -1.7568891 53.09782791 -4.76949883
v 3.13447857 56.01195145 -1.05797124
v -1.4436208 55.24242401 -3.80034709
v -0.70634174 52.0493927 -5.15156698
v 0.80173421 56.54685974 -2.39233828
v -1.88518822 53.47286987 -4.61700296
v 3.57857919 55.70572662 -0.70806658
v -1.17437184 55.61434555 -3.54927635
v -1.04189825 52.18371582 -5.09123707
v 1.31465209 56.58473587 -2.07168555
v -1.94353855 53.87685394 -4.44298077
v 3.9741447 55.33470154 -0.35486054
v 3.8529458 55.49210739 0
v -0.83865315 55.94555283 -3.28165722
v -1.34859562 52.38670349 -5.00716972
v 1.83548117 56.54297638 -1.74137402
v -1.92755139 54.29716492 -4.24824333
v -0.44406235 56.22497177 -2.99873757
v -1.61457384 52.65232849 -4.89975691
v 2.35072398 56.4210701 -1.40294325
v -1.83507943 54.72061539 -4.03369856
v -0 56.44298172 -2.70183659
v -1.8291899 52.97259903 -4.76949883
v 2.84698367 56.2208252 -1.05797124
v -1.66628432 55.13382339 -3.80034709
v 0.48260823 56.59170914 -2.39233828
v -1.98333824 53.33778 -4.61700296
v 3.31136346 55.94633102 -0.70806658
v -1.42363501 55.52362061 -3.54927635
v -1.05217564 52.11058807 -5.09123707
v 0.99163455 56.66527557 -2.07168555
v -2.06972694 53.73670578 -4.44298077
v 3.67695522 55.67695618 0
v 3.73184681 55.60380173 -0.35486054
v -1.1118381 55.87744141 -3.28165722
v -1.37228549 52.29168701 -5.00716972
v 1.51410806 56.65994644 -1.74137402
v -2.08309817 54.15711212 -4.24824333
v -0.73769975 56.18370438 -2.99873757
v -1.6561451 52.53811264 -4.89975691
v 2.0365994 56.57427597 -1.40294325
v -2.02039003 54.58597946 -4.03369856
v -0.30992669 56.43215942 -2.70183659
v -1.89257908 52.84263229 -4.76949883
v 2.54561853 56.40914154 -1.05797124
v -1.88082993 55.00995636 -3.80034709
v 0.16113108 56.61418915 -2.39233828
v -2.07182574 53.19617081 -4.61700296
v 3.02801514 56.16770554 -0.70806658
v -1.66596246 55.41572952 -3.54927635
v -1.05732679 52.03692245 -5.09123707
v 0.66378593 56.7230835 -2.07168555
v -2.18583179 53.58810043 -4.44298077
v 3.4713676 55.85534286 -0.35486054
v 3.29884505 56.01965332 0
v 3.49210668 55.85294724 0
v -1.37960625 55.79043579 -3.28165722
v -1.38928986 52.19525146 -5.00716972
v 1.18535841 56.75421143 -1.74137402
v -2.22849631 54.00654602 -4.24824333
v -1.0277431 56.12205124 -2.99873757
v -1.68964767 52.42127609 -4.89975691
v 1.71255302 56.7052002 -1.40294325
v -2.19585729 54.43874741 -4.03369856
v -0.61834341 56.39974213 -2.70183659
v -1.94674778 52.70855713 -4.76949883
v 2.23185158 56.57597351 -1.05797124
v -2.0862124 54.87142563 -3.80034709
v -0.16113108 56.61418915 -2.39233828
v -2.15021944 53.04873276 -4.61700296
v 2.72991467 56.36877823 -0.70806658
v -1.90017354 55.29119873 -3.54927635
v 0.33270341 56.75788116 -2.07168555
v -2.29128742 53.43175507 -4.44298077
v 3.09763646 56.1766777 0
v 3.1939764 56.08810425 -0.35486054
v -1.64065301 55.68496704 -3.28165722
v -1.39952576 52.09786606 -5.00716972
v 0.85083383 56.82531738 -1.74137402
v -2.36303759 53.84620667 -4.24824333
v -1.31277943 56.04032135 -2.99873757
v -1.71491861 52.30238724 -4.89975691
v 1.38016307 56.8132019 -1.40294325
v -2.3606267 54.27963257 -4.03369856
v -0.92374766 56.34589005 -2.70183659
v -1.99143207 52.57103348 -4.76949883
v 1.90721107 56.72051239 -1.05797124
v -2.28143096 54.71890259 -3.80034709
v -0.48260823 56.59170914 -2.39233828
v -2.21813726 52.89618683 -4.61700296
v 2.41851425 56.54856491 -0.70806658
v -2.12512708 55.15063095 -3.54927635
v -0 56.76949692 -2.07168555
v -2.38558006 53.26843643 -4.44298077
v 2.67333436 56.46018982 0
v 2.90102434 56.30094528 -0.35486054
v 2.88896513 56.32364273 0
v -1.8937068 55.56154633 -3.28165722
v 0.51216406 56.87291718 -1.74137402
v -2.4860661 53.67687225 -4.24824333
v -1.59142005 55.93890381 -2.99873757
v -1.73183453 52.18202209 -4.89975691
v 1.04104912 56.89775085 -1.40294325
v -2.51389527 54.10940933 -4.03369856
v -1.22465146 56.27086639 -2.70183659
v -2.02641439 52.43072891 -4.76949883
v 1.57327878 56.84205627 -1.05797124
v -2.46553445 54.55313492 -3.80034709
v -0.80173421 56.54685974 -2.39233828
v -2.27524877 52.73927307 -4.61700296
v 2.09533095 56.70619202 -0.70806658
v -2.33972716 54.99471283 -3.54927635
v -0.33270341 56.75788116 -2.07168555
v -2.46825051 53.09893417 -4.44298077
v 2.45126295 56.58599091 0
v 2.59393883 56.49283218 -0.35486054
v -2.13753462 55.42076874 -3.28165722
v 0.17099905 56.89677048 -1.74137402
v -2.59698296 53.49937057 -4.24824333
v -1.86230731 55.81829453 -2.99873757
v -1.74031317 52.06077194 -4.89975691
v 0.69686335 56.95843887 -1.40294325
v -2.65491652 53.9289093 -4.03369856
v -1.51958895 56.17503738 -2.70183659
v -2.05152416 52.28832245 -4.76949883
v 1.23168182 56.94000626 -1.05797124
v -2.63762641 54.37493134 -3.80034709
v -1.11695421 56.4798584 -2.39233828
v -2.32127547 52.57875824 -4.61700296
v 1.76193964 56.84088898 -0.70806658
v -2.54292846 54.82420731 -3.54927635
v -0.66378593 56.7230835 -2.07168555
v -2.53889585 52.92408371 -4.44298077
v 2.22328639 56.70074463 0
v 2.27421594 56.66283417 -0.35486054
v -2.37094855 55.26333237 -3.28165722
v -0.17099905 56.89677048 -1.74137402
v -2.69524765 53.31455994 -4.24824333
v -2.12412167 55.67908859 -2.99873757
v 0.3492825 56.99497223 -1.40294325
v -2.78300333 53.73901367 -4.03369856
v -1.80712318 56.05886459 -2.70183659
v -2.06663918 52.14451218 -4.76949883
v 0.88408405 57.01388931 -1.05797124
v -2.79686785 54.18515396 -3.80034709
v -1.42673242 56.39102936 -2.39233828
v -2.35599327 52.41542435 -4.61700296
v 1.41996431 56.95200348 -0.70806658
v -2.73374081 54.63994217 -3.54927635
v -0.99163455 56.66527557 -2.07168555
v -2.59717202 52.74472809 -4.44298077
v 1.75182724 56.89603043 0
v 1.94341314 56.81011581 -0.35486054
v 1.98995388 56.80417252 0
v -2.59281158 55.08999252 -3.28165722
v -0.51216406 56.87291718 -1.74137402
v -2.7803812 53.12334824 -4.24824333
v -2.3755877 55.52195358 -2.99873757
v -0 57.00717163 -1.40294325
v -2.89753151 53.5406456 -4.03369856
v -2.0858531 55.92292023 -2.70183659
v 0.53217918 57.06334686 -1.05797124
v -2.94248343 53.98472977 -3.80034709
v -1.72955978 56.28081131 -2.39233828
v -2.37923265 52.25006866 -4.61700296
v 1.07107103 57.03899384 -0.70806658
v -2.91123462 54.44281769 -3.54927635
v -1.31465209 56.58473587 -2.07168555
v -2.64279485 52.56174469 -4.44298077
v 1.50948036 56.97608948 0
v 1.60314238 56.93396378 -0.35486054
v -2.80204248 54.90159988 -3.28165722
v -0.85083383 56.82531738 -1.74137402
v -2.851969 52.92666245 -4.24824333
v -2.61547971 55.34766006 -2.99873757
v -0.3492825 56.99497223 -1.40294325
v -2.99794316 53.3347702 -4.03369856
v -2.35442114 55.76786041 -2.70183659
v 0.17768162 57.08813477 -1.05797124
v -3.07376337 53.77463913 -3.80034709
v -2.02396107 56.1497345 -2.39233828
v -2.39088082 52.08349228 -4.61700296
v 0.71695954 57.1014328 -0.70806658
v -3.07454538 54.23378754 -3.54927635
v -1.63126469 56.48186111 -2.07168555
v -2.67554235 52.37602234 -4.44298077
v 1.01446962 57.1000824 0
v 1.25506115 57.03377533 -0.35486054
v 1.26349699 57.04416275 0
v -2.99762225 54.69906998 -3.28165722
v -1.18535841 56.75421143 -1.74137402
v -2.90966225 52.72546005 -4.24824333
v -2.84262967 55.15705872 -2.99873757
v -0.69686335 56.95843887 -1.40294325
v -3.08374906 53.12239456 -4.03369856
v -2.61151862 55.59444809 -2.70183659
v -0.17768162 57.08813477 -1.05797124
v -3.19006848 53.55590057 -3.80034709
v -2.30850148 55.9984436 -2.39233828
v 0.35935515 57.13901901 -0.70806658
v -3.22287703 54.01387787 -3.54927635
v -1.93992996 56.35715485 -2.07168555
v -2.69525504 52.18846893 -4.44298077
v 0.76299846 57.14371872 0
v 0.9008655 57.10906219 -0.35486054
v -3.17859793 54.48339462 -3.28165722
v -1.51410806 56.65994644 -1.74137402
v -2.95318007 52.52072525 -4.24824333
v -3.05593061 54.95107651 -2.99873757
v -1.04104912 56.89775085 -1.40294325
v -3.15453148 52.90454865 -4.03369856
v -2.85589314 55.40352249 -2.70183659
v -0.53217918 57.06334686 -1.05797124
v -3.2908318 53.32958221 -3.80034709
v -2.58179545 55.82766724 -2.39233828
v -0 57.15156555 -0.70806658
v -3.35550714 53.78415298 -3.54927635
v -2.23914409 56.21121597 -2.07168555
v 0.54228085 57.15945816 -0.35486054
v 0.2551519 57.19373703 0
v 0.50968915 57.17496109 0
v -3.34408784 54.25561523 -3.28165722
v -1.83548117 56.54297638 -1.74137402
v -2.9823103 52.31345367 -4.24824333
v -3.25434327 54.73071671 -2.99873757
v -1.38016307 56.8132019 -1.40294325
v -3.2099452 52.68229675 -4.03369856
v -3.08635378 55.1960144 -2.70183659
v -0.88408405 57.01388931 -1.05797124
v -3.37556243 53.0967865 -3.80034709
v -2.84251094 55.63824844 -2.39233828
v -0.35935515 57.13901901 -0.70806658
v -3.47178984 53.54574203 -3.54927635
v -2.52744937 56.04476547 -2.07168555
v 0.18105432 57.18471909 -0.35486054
v 0 57.20000076 0
v -3.49328566 54.01684952 -3.28165722
v -2.14791203 56.40387344 -1.74137402
v -2.99691081 52.10465622 -4.24824333
v -3.43690109 54.49705505 -2.99873757
v -1.71255302 56.7052002 -1.40294325
v -3.24972034 52.45671844 -4.03369856
v -3.30177832 54.97293472 -2.70183659
v -1.23168182 56.94000626 -1.05797124
v -3.44384766 52.85864639 -3.80034709
v -3.08937812 55.43110275 -2.39233828
v -0.71695954 57.1014328 -0.70806658
v -3.57115793 53.29979706 -3.54927635
v -2.80344105 55.85860443 -2.07168555
v -0.2551519 57.19373703 0
v -0.18105432 57.18471909 -0.35486054
v -3.62546444 53.76825714 -3.28165722
v -2.44987845 56.24331284 -1.74137402
v -3.60271478 54.25122452 -2.99873757
v -2.0365994 56.57427597 -1.40294325
v -3.27366328 52.22891617 -4.03369856
v -3.50111675 54.73537064 -2.70183659
v -1.57327878 56.84205627 -1.05797124
v -3.49535489 52.61632538 -3.80034709
v -3.32119417 55.20724106 -2.39233828
v -1.07107103 57.03899384 -0.70806658
v -3.65312791 53.04751587 -3.54927635
v -3.06577468 55.65364838 -2.07168555
v -0.54228085 57.15945816 -0.35486054
v -0.50968915 57.17496109 0
v -0.76299846 57.14371872 0
v -3.73998022 53.51105118 -3.28165722
v -2.73990917 56.0620842 -1.74137402
v -3.75097632 53.99443054 -2.99873757
v -2.35072398 56.4210701 -1.40294325
v -3.68339801 54.48448181 -2.70183659
v -1.90721107 56.72051239 -1.05797124
v -3.52983308 52.3710022 -3.80034709
v -3.53682971 54.96775055 -2.39233828
v -1.41996431 56.95200348 -0.70806658
v -3.71730042 52.79013824 -3.54927635
v -3.31317234 55.43088913 -2.07168555
v -0.9008655 57.10906219 -0.35486054
v -1.01446962 57.1000824 0
v -3.83627534 53.24648285 -3.28165722
v -3.01659155 55.8610611 -1.74137402
v -3.88096356 53.72791672 -2.99873757
v -2.65339589 56.24632263 -1.40294325
v -3.84773421 54.22148895 -2.70183659
v -2.23185158 56.57597351 -1.05797124
v -3.54711413 52.12386703 -3.80034709
v -3.73523402 54.71380615 -2.39233828
v -1.76193964 56.84088898 -0.70806658
v -3.76336241 52.52890778 -3.54927635
v -3.54442835 55.19141769 -2.07168555
v -1.25506115 57.03377533 -0.35486054
v -1.26349699 57.04416275 0
v -1.50948036 56.97608948 0
v -3.91388059 52.97584152 -3.28165722
v -3.27857733 55.64122772 -1.74137402
v -3.99204302 53.45298386 -2.99873757
v -2.94314051 56.05088425 -1.40294325
v -3.99332476 53.9476738 -2.70183659
v -2.54561853 56.40914154 -1.05797124
v -3.9154408 54.44664001 -2.39233828
v -2.09533095 56.70619202 -0.70806658
v -3.79108953 52.26509857 -3.54927635
v -3.75841641 54.93639755 -2.07168555
v -1.60314238 56.93396378 -0.35486054
v -1.75182724 56.89603043 0
v -3.97241783 52.70044327 -3.28165722
v -3.52459002 55.40365601 -1.74137402
v -4.08367348 53.17097473 -2.99873757
v -3.21854687 55.83571625 -1.40294325
v -4.11946011 53.66437149 -2.70183659
v -2.84698367 56.2208252 -1.05797124
v -4.07657194 54.16755295 -2.39233828
v -2.41851425 56.54856491 -0.70806658
v -3.95409369 54.66706848 -2.07168555
v -1.94341314 56.81011581 -0.35486054
v -1.98995388 56.80417252 0
v -2.22328639 56.70074463 0
v -4.01160192 52.42163467 -3.28165722
v -3.75343156 55.1495018 -1.74137402
v -4.15540934 52.88325882 -2.99873757
v -3.47827244 55.60185623 -1.40294325
v -4.22552586 53.37295532 -2.70183659
v -3.13447857 56.01195145 -1.05797124
v -4.2178421 53.87790298 -2.39233828
v -2.72991467 56.36877823 -0.70806658
v -4.13050699 54.38475037 -2.07168555
v -2.27421594 56.66283417 -0.35486054
v -2.45126295 56.58599091 0
v -4.03124142 52.14077377 -3.28165722
v -3.9639864 54.88000488 -1.74137402
v -4.20689964 52.59123993 -2.99873757
v -3.72105241 55.35045242 -1.40294325
v -4.31100559 53.0748558 -2.70183659
v -3.40670276 55.78352737 -1.05797124
v -4.33856392 53.57910919 -2.39233828
v -3.02801514 56.16770554 -0.70806658
v -4.28679705 54.09080887 -2.07168555
v -2.59393883 56.49283218 -0.35486054
v -2.67333436 56.46018982 0
v -4.15522957 54.59647369 -1.74137402
v -4.23789501 52.29634094 -2.99873757
v -3.94570374 55.08272171 -1.40294325
v -4.37548208 52.77151489 -2.70183659
v -3.66232967 55.53667068 -1.05797124
v -4.4381485 53.27261734 -2.39233828
v -3.31136346 55.94633102 -0.70806658
v -4.42220211 53.78668594 -2.07168555
v -2.90102434 56.30094528 -0.35486054
v -2.88896513 56.32364273 0
v -3.09763646 56.1766777 0
v -4.32622862 54.30029678 -1.74137402
v -4.15113211 54.79997253 -1.40294325
v -4.41864157 52.4644165 -2.70183659
v -3.90011406 55.27258301 -1.05797124
v -4.51611042 52.95993042 -2.39233828
v -3.57857919 55.70572662 -0.70806658
v -4.53606272 53.47385788 -2.07168555
v -3.1939764 56.08810425 -0.35486054
v -3.29884505 56.01965332 0
v -4.47615051 53.99291229 -1.74137402
v -4.33633614 54.50358582 -1.40294325
v -4.44027424 52.155056 -2.70183659
v -4.11889744 54.99255371 -1.05797124
v -4.5720706 52.64256287 -2.39233828
v -3.82836032 55.44707108 -0.70806658
v -4.62782431 53.15384674 -2.07168555
v -3.4713676 55.85534286 -0.35486054
v -3.49210668 55.85294724 0
v -3.67695522 55.67695618 0
v -4.60426521 53.67581558 -1.74137402
v -4.50041437 54.19499969 -1.40294325
v -4.31761408 54.69794464 -1.05797124
v -4.60575628 52.32206726 -2.39233828
v -4.0594902 55.17161942 -0.70806658
v -4.69703913 52.82821655 -2.07168555
v -3.73184681 55.60380173 -0.35486054
v -3.8529458 55.49210739 0
v -4.70994854 53.35055542 -1.74137402
v -4.64256716 53.87571716 -1.40294325
v -4.49529552 54.39019012 -1.05797124
v -4.27084255 54.88071823 -0.70806658
v -4.74337101 52.4985466 -2.07168555
v -3.9741447 55.33470154 -0.35486054
v -4.01965427 55.29884338 0
v -4.79268551 53.0187149 -1.74137402
v -4.76210165 53.54730225 -1.40294325
v -4.65107679 54.07079315 -1.05797124
v -4.46138763 54.57578278 -0.70806658
v -4.76659346 52.16645432 -2.07168555
v -4.19708109 55.04935837 -0.35486054
v -4.17667913 55.09763718 0
v -4.32364178 54.88896561 0
v -4.85207272 52.68191528 -1.74137402
v -4.85843563 53.21134567 -1.40294325
v -4.78419828 53.7413063 -1.05797124
v -4.63019753 54.25829697 -0.70806658
v -4.39956951 54.74915695 -0.35486054
v -4.46018887 54.67333603 0
v -4.8878212 52.34178925 -1.74137402
v -4.93109989 52.86948776 -1.40294325
v -4.8940115 53.40333557 -1.05797124
v -4.77644968 53.92980957 -0.70806658
v -4.5806241 54.43556213 -0.35486054
v -4.58599043 54.45126343 0
v -4.70074415 54.22328568 0
v -4.97974014 52.52339172 -1.40294325
v -4.97998142 53.0585289 -1.05797124
v -4.89943123 53.59192276 -0.70806658
v -4.73936224 54.11009979 -0.35486054
v -4.80417347 53.98995209 0
v -5.00411987 52.17474747 -1.40294325
v -5.04168987 52.70856476 -1.05797124
v -4.99854326 53.24627686 -0.70806658
v -4.87501049 53.77435684 -0.35486054
v -4.896029 53.75182724 0
v -4.97608995 53.50947952 0
v -5.07883549 52.35514832 -1.05797124
v -5.07330322 52.89456177 -0.70806658
v -4.98690796 53.4299736 -0.35486054
v -5.04416275 53.2634964 0
v -5.12334633 52.53848648 -0.70806658
v -5.0745101 53.07862091 -0.35486054
v -5.10008335 53.01446915 0
v -5.14842892 52.17978668 -0.70806658
v -5.13738966 52.72201157 -0.35486054
v -5.14371777 52.76299667 0
v -5.17496061 52.50968933 0
v -5.17524004 52.36188889 -0.35486054
v 1.60000002 -58 0
v 1.60000002 23.07500076 0
v 1.59801102 23.07500076 0.07975341
v 1.59801102 -58 0.07975341
v 1.59204924 23.07500076 0.15930855
v 1.59204924 -58 0.15930855
v 1.58212936 -58 0.23846762
v 1.58212936 23.07500076 0.23846762
v 1.56827593 23.07500076 0.31703383
v 1.56827593 -58 0.31703383
v 1.55052364 23.07500076 0.39481184
v 1.55052364 -58 0.39481184
v 1.52891648 -58 0.47160828
v 1.52891648 23.07500076 0.47160828
v 1.50350821 -58 0.54723221
v 1.50350821 23.07500076 0.54723221
v 1.4743619 -58 0.62149566
v 1.4743619 23.07500076 0.62149566
v 1.44155014 -58 0.69421399
v 1.44155014 23.07500076 0.69421399
v 1.40515447 23.07500076 0.76520634
v 1.40515447 -58 0.76520634
v 1.36526537 -58 0.83429635
v 1.36526537 23.07500076 0.83429635
v 1.32198203 -58 0.90131211
v 1.32198203 23.07500076 0.90131211
v 1.27541196 -58 0.96608704
v 1.27541196 23.07500076 0.96608704
v 1.22567105 -58 1.02846014
v 1.22567105 23.07500076 1.02846014
v 1.17288303 -58 1.08827639
v 1.17288303 23.07500076 1.08827639
v 1.11717892 -58 1.14538693
v 1.11717892 23.07500076 1.14538693
v 1.05869734 -58 1.19964993
v 1.05869734 23.07500076 1.19964993
v 0.94908404 7.02400017 1.28811467
v 0.99758369 23.07500076 1.25093043
v 0.93398988 23.07500076 1.29910076
v 0.94908404 6.51599979 1.28811467
v 0.94908404 -15.83600044 1.28811467
v 0.94908404 -16.34399986 1.28811467
v 0.99758369 -58 1.25093043
v 0.88505757 7.02400017 1.332919
v 0.868074 23.07500076 1.34404147
v 0.94908404 -38.69599915 1.28811467
v 0.94908404 -39.20399857 1.28811467
v 0.88505757 -15.83600044 1.332919
v 0.88505757 6.51599979 1.332919
v 0.93398988 -58 1.29910076
v 0.81891984 7.02400017 1.37454367
v 0.80000001 23.07500076 1.38564062
v 0.81891984 6.51599979 1.37454367
v 0.88505757 -38.69599915 1.332919
v 0.88505757 -16.34399986 1.332919
v 0.88505757 -39.20399857 1.332919
v 0.81891984 -15.83600044 1.37454367
v 0.868074 -58 1.34404147
v 0.75082862 7.02400017 1.41288936
v 0.72993708 23.07500076 1.42379487
v 0.81891984 -38.69599915 1.37454367
v 0.81891984 -16.34399986 1.37454367
v 0.81891984 -39.20399857 1.37454367
v 0.75082862 -15.83600044 1.41288936
v 0.75082862 6.51599979 1.41288936
v 0.80000001 -58 1.38564062
v 0.68094635 7.02400017 1.44786465
v 0.65805936 23.07500076 1.45840931
v 0.68094635 6.51599979 1.44786465
v 0.75082862 -38.69599915 1.41288936
v 0.75082862 -16.34399986 1.41288936
v 0.75082862 -39.20399857 1.41288936
v 0.68094635 -15.83600044 1.44786465
v 0.72993708 -58 1.42379487
v 0.60943961 7.02400017 1.47938609
v 0.58454561 23.07500076 1.489398
v 0.68094635 -38.69599915 1.44786465
v 0.68094635 -16.34399986 1.44786465
v 0.68094635 -39.20399857 1.44786465
v 0.60943961 -15.83600044 1.47938609
v 0.60943961 6.51599979 1.47938609
v 0.65805936 -58 1.45840931
v 0.53647912 7.02400017 1.50737858
v 0.50957865 23.07500076 1.5166837
v 0.60943961 -38.69599915 1.47938609
v 0.60943961 -16.34399986 1.47938609
v 0.60943961 -39.20399857 1.47938609
v 0.53647912 -15.83600044 1.50737858
v 0.53647912 6.51599979 1.50737858
v 0.58454561 -58 1.489398
v 0.46223891 7.02400017 1.53177524
v 0.43334475 23.07500076 1.5401988
v 0.46223891 6.51599979 1.53177524
v 0.53647912 -38.69599915 1.50737858
v 0.53647912 -16.34399986 1.50737858
v 0.53647912 -39.20399857 1.50737858
v 0.46223891 -15.83600044 1.53177524
v 0.3560335 23.07500076 1.55988467
v 0.38689598 7.02400017 1.55251777
v 0.50957865 -58 1.5166837
v 0.46223891 -38.69599915 1.53177524
v 0.46223891 -16.34399986 1.53177524
v 0.38689598 -15.83600044 1.55251777
v 0.38689598 6.51599979 1.55251777
v 0.31063014 6.51599979 1.56955695
v 0.2778371 23.07500076 1.57569242
v 0.31063014 7.02400017 1.56955695
v 0.43334475 -58 1.5401988
v 0.46223891 -39.20399857 1.53177524
v 0.38689598 -38.69599915 1.55251777
v 0.38689598 -16.34399986 1.55251777
v 0.31063014 -15.83600044 1.56955695
v 0.31063014 -16.34399986 1.56955695
v 0.19894993 23.07500076 1.58758271
v 0.23362333 7.02400017 1.58285189
v 0.3560335 -58 1.55988467
v 0.38689598 -39.20399857 1.55251777
v 0.31063014 -38.69599915 1.56955695
v 0.23362333 -15.83600044 1.58285189
v 0.23362333 6.51599979 1.58285189
v 0.15605918 6.51599979 1.59237099
v 0.11956815 23.07500076 1.5955261
v 0.15605918 7.02400017 1.59237099
v 0.2778371 -58 1.57569242
v 0.31063014 -39.20399857 1.56955695
v 0.23362333 -38.69599915 1.58285189
v 0.23362333 -16.34399986 1.58285189
v 0.15605918 -15.83600044 1.59237099
v 0.15605918 -16.34399986 1.59237099
v 0.07812277 6.51599979 1.5980916
v 0.03988911 23.07500076 1.59950268
v 0.07812277 7.02400017 1.5980916
v 0.19894993 -58 1.58758271
v 0.23362333 -39.20399857 1.58285189
v 0.15605918 -38.69599915 1.59237099
v 0.07812277 -15.83600044 1.5980916
v -0.03988911 23.07500076 1.59950268
v 0 7.02400017 1.60000002
v 0.11956815 -58 1.5955261
v 0.15605918 -39.20399857 1.59237099
v 0.07812277 -38.69599915 1.5980916
v 0.07812277 -16.34399986 1.5980916
v 0 -15.83600044 1.60000002
v 0 6.51599979 1.60000002
v -0.07812277 6.51599979 1.5980916
v -0.11956815 23.07500076 1.5955261
v -0.07812277 7.02400017 1.5980916
v 0.03988911 -58 1.59950268
v 0.07812277 -39.20399857 1.5980916
v 0 -38.69599915 1.60000002
v 0 -16.34399986 1.60000002
v -0.07812277 -15.83600044 1.5980916
v -0.07812277 -16.34399986 1.5980916
v -0.19894993 23.07500076 1.58758271
v -0.15605918 7.02400017 1.59237099
v -0.03988911 -58 1.59950268
v 0 -39.20399857 1.60000002
v -0.07812277 -38.69599915 1.5980916
v -0.15605918 -15.83600044 1.59237099
v -0.15605918 6.51599979 1.59237099
v -0.15605918 -38.69599915 1.59237099
v -0.15605918 -16.34399986 1.59237099
v -0.2778371 23.07500076 1.57569242
v -0.23362333 7.02400017 1.58285189
v -0.11956815 -58 1.5955261
v -0.07812277 -39.20399857 1.5980916
v -0.23362333 -15.83600044 1.58285189
v -0.23362333 6.51599979 1.58285189
v -0.31063014 6.51599979 1.56955695
v -0.23362333 -38.69599915 1.58285189
v -0.23362333 -16.34399986 1.58285189
v -0.3560335 23.07500076 1.55988467
v -0.31063014 7.02400017 1.56955695
v -0.19894993 -58 1.58758271
v -0.15605918 -39.20399857 1.59237099
v -0.31063014 -15.83600044 1.56955695
v -0.31063014 -16.34399986 1.56955695
v -0.31063014 -38.69599915 1.56955695
v -0.43334475 23.07500076 1.5401988
v -0.38689598 7.02400017 1.55251777
v -0.2778371 -58 1.57569242
v -0.23362333 -39.20399857 1.58285189
v -0.38689598 -15.83600044 1.55251777
v -0.38689598 6.51599979 1.55251777
v -0.46223891 6.51599979 1.53177524
v -0.38689598 -38.69599915 1.55251777
v -0.38689598 -16.34399986 1.55251777
v -0.50957865 23.07500076 1.5166837
v -0.46223891 7.02400017 1.53177524
v -0.3560335 -58 1.55988467
v -0.31063014 -39.20399857 1.56955695
v -0.46223891 -15.83600044 1.53177524
v -0.46223891 -16.34399986 1.53177524
v -0.53647912 6.51599979 1.50737858
v -0.46223891 -38.69599915 1.53177524
v -0.58454561 23.07500076 1.489398
v -0.53647912 7.02400017 1.50737858
v -0.43334475 -58 1.5401988
v -0.38689598 -39.20399857 1.55251777
v -0.53647912 -15.83600044 1.50737858
v -0.53647912 -38.69599915 1.50737858
v -0.53647912 -16.34399986 1.50737858
v -0.65805936 23.07500076 1.45840931
v -0.60943961 7.02400017 1.47938609
v -0.50957865 -58 1.5166837
v -0.46223891 -39.20399857 1.53177524
v -0.60943961 -15.83600044 1.47938609
v -0.60943961 6.51599979 1.47938609
v -0.60943961 -38.69599915 1.47938609
v -0.60943961 -16.34399986 1.47938609
v -0.72993708 23.07500076 1.42379487
v -0.68094635 7.02400017 1.44786465
v -0.58454561 -58 1.489398
v -0.53647912 -39.20399857 1.50737858
v -0.60943961 -39.20399857 1.47938609
v -0.68094635 -15.83600044 1.44786465
v -0.68094635 6.51599979 1.44786465
v -0.75082862 6.51599979 1.41288936
v -0.68094635 -38.69599915 1.44786465
v -0.68094635 -16.34399986 1.44786465
v -0.80000001 23.07500076 1.38564062
v -0.75082862 7.02400017 1.41288936
v -0.65805936 -58 1.45840931
v -0.68094635 -39.20399857 1.44786465
v -0.75082862 -15.83600044 1.41288936
v -0.75082862 -38.69599915 1.41288936
v -0.75082862 -16.34399986 1.41288936
v -0.868074 23.07500076 1.34404147
v -0.81891984 7.02400017 1.37454367
v -0.72993708 -58 1.42379487
v -0.75082862 -39.20399857 1.41288936
v -0.81891984 -15.83600044 1.37454367
v -0.81891984 6.51599979 1.37454367
v -0.88505757 6.51599979 1.332919
v -0.81891984 -38.69599915 1.37454367
v -0.81891984 -16.34399986 1.37454367
v -0.93398988 23.07500076 1.29910076
v -0.88505757 7.02400017 1.332919
v -0.80000001 -58 1.38564062
v -0.81891984 -39.20399857 1.37454367
v -0.88505757 -15.83600044 1.332919
v -0.88505757 -38.69599915 1.332919
v -0.88505757 -16.34399986 1.332919
v -0.99758369 23.07500076 1.25093043
v -0.94908404 7.02400017 1.28811467
v -0.94908404 6.51599979 1.28811467
v -0.868074 -58 1.34404147
v -0.88505757 -39.20399857 1.332919
v -0.94908404 -15.83600044 1.28811467
v -0.94908404 -16.34399986 1.28811467
v -0.94908404 -38.69599915 1.28811467
v -0.93398988 -58 1.29910076
v -0.94908404 -39.20399857 1.28811467
v -0.99758369 -58 1.25093043
v -1.05869734 23.07500076 1.19964993
v -1.05869734 -58 1.19964993
v -1.11717892 -58 1.14538693
v -1.11717892 23.07500076 1.14538693
v -1.17288303 -58 1.08827639
v -1.17288303 23.07500076 1.08827639
v -1.22567105 23.07500076 1.02846014
v -1.22567105 -58 1.02846014
v -1.27541196 23.07500076 0.96608704
v -1.27541196 -58 0.96608704
v -1.32198203 -58 0.90131211
v -1.32198203 23.07500076 0.90131211
v -1.36526537 -58 0.83429635
v -1.36526537 23.07500076 0.83429635
v -1.40515447 -58 0.76520634
v -1.40515447 23.07500076 0.76520634
v -1.44155014 -58 0.69421399
v -1.44155014 23.07500076 0.69421399
v -1.4743619 -58 0.62149566
v -1.4743619 23.07500076 0.62149566
v -1.50350821 -58 0.54723221
v -1.50350821 23.07500076 0.54723221
v -1.52891648 -58 0.47160828
v -1.52891648 23.07500076 0.47160828
v -1.55052364 -58 0.39481184
v -1.55052364 23.07500076 0.39481184
v -1.56827593 -58 0.31703383
v -1.56827593 23.07500076 0.31703383
v -1.58212936 -58 0.23846762
v -1.58212936 23.07500076 0.23846762
v -1.59204924 -58 0.15930855
v -1.59204924 23.07500076 0.15930855
v -1.59801102 -58 0.07975341
v -1.59801102 23.07500076 0.07975341
v -1.60000002 -58 0
v -1.60000002 23.07500076 0
v 0.44313452 23.87518311 2.22778773
v 0.22263932 23.87518311 2.26049495
v -3.83193874 27.07591057 3.14479089
v -4.12605238 27.87609291 3.8284173
v -4.31175423 27.87609291 3.61799145
v -4.4867363 27.87609291 3.39857078
v -4.12173033 27.07591057 2.75405216
v -3.56345463 26.27572823 2.38102412
v -3.31291437 26.27572823 2.71883845
v -2.38102412 26.27572823 3.56345463
v -2.29288626 25.47554588 2.79389
v -2.00799632 25.47554588 3.00517869
v -2.71883845 26.27572823 3.31291437
v -1.04917526 25.47554588 3.45866728
v -1.38313186 25.47554588 3.3391757
v -1.12618577 24.67536354 2.718853
v -0.85426867 24.67536354 2.81614637
v -0.57412452 24.67536354 2.88631892
v 0 24.67536354 2.94286513
v 0 23.87518311 2.27143264
v -0.22263932 23.87518311 2.26049495
v -0.28845122 24.67536354 2.92869449
v 0.65936208 23.87518311 2.17362547
v -3.50524354 27.07591057 3.50524354
v -3.7243619 27.87609291 4.22021532
v -3.93009257 27.87609291 4.02932501
v -3.03046894 26.27572823 3.03046894
v -2.02027941 26.27572823 3.77967668
v -1.70376813 25.47554588 3.18752599
v -0.70511454 25.47554588 3.54485011
v 0.28845122 24.67536354 2.92869449
v 0.86923963 23.87518311 2.09853005
v -3.14479089 27.07591057 3.83193874
v -3.28565693 27.87609291 4.57007074
v -3.509372 27.87609291 4.40061331
v -1.64007795 26.27572823 3.95949864
v -0.35426313 25.47554588 3.59689403
v 0.57412452 24.67536354 2.88631892
v 1.07074594 23.87518311 2.00322461
v -2.75405216 27.07591057 4.12173033
v -2.81429768 27.87609291 4.87450695
v -3.0537734 27.87609291 4.7281661
v -1.24408185 26.27572823 4.10118818
v 0 25.47554588 3.61429787
v 0.85426867 24.67536354 2.81614637
v 1.26194036 23.87518311 1.88862717
v -2.33679056 27.07591057 4.3718276
v -2.31496882 27.87609291 5.13049793
v -2.56782532 27.87609291 5.0087285
v -0.83610451 26.27572823 4.20338106
v 0.35426313 25.47554588 3.59689403
v 1.12618577 24.67536354 2.718853
v 1.44098163 23.87518311 1.75584114
v -1.89702415 27.07591057 4.57982159
v -1.79263258 27.87609291 5.33549976
v -2.05635691 27.87609291 5.23951197
v -0.42007503 26.27572823 4.26509333
v 0.70511454 25.47554588 3.54485011
v 1.3872571 24.67536354 2.5953753
v 1.60614538 23.87518311 1.60614538
v -1.43898845 27.07591057 4.74370909
v -1.25248039 27.87609291 5.48747492
v -1.52445149 27.87609291 5.41822243
v 0 26.27572823 4.28573036
v 1.04917526 25.47554588 3.45866728
v 1.63496828 24.67536354 2.44690299
v 1.75584114 23.87518311 1.44098163
v -0.96709454 27.07591057 4.86191225
v -0.69988042 27.87609291 5.58491325
v -0.97739536 27.87609291 5.54308462
v 0.42007503 26.27572823 4.26509333
v 1.38313186 25.47554588 3.3391757
v 1.86693394 24.67536354 2.27486563
v 1.88862717 23.87518311 1.26194036
v -0.48588693 27.07591057 4.93329287
v -0.14032479 27.87609291 5.62684631
v -0.42062548 27.87609291 5.61285686
v 0.83610451 26.27572823 4.20338106
v 1.70376813 25.47554588 3.18752599
v 2.08091998 24.67536354 2.08091998
v 2.00322461 23.87518311 1.07074594
v 0 27.07591057 4.95716286
v 0.14032479 27.87609291 5.62684631
v 1.24408185 26.27572823 4.10118818
v 2.00799632 25.47554588 3.00517869
v 2.27486563 24.67536354 1.86693394
v 2.09853005 23.87518311 0.86923963
v 0.48588693 27.07591057 4.93329287
v 0.69988042 27.87609291 5.58491325
v 0.42062548 27.87609291 5.61285686
v 1.64007795 26.27572823 3.95949864
v 2.29288626 25.47554588 2.79389
v 2.44690299 24.67536354 1.63496828
v 2.17362547 23.87518311 0.65936208
v 0.96709454 27.07591057 4.86191225
v 1.25248039 27.87609291 5.48747492
v 0.97739536 27.87609291 5.54308462
v 2.02027941 26.27572823 3.77967668
v 2.55569458 25.47554588 2.55569458
v 2.5953753 24.67536354 1.3872571
v 2.22778773 23.87518311 0.44313452
v 1.43898845 27.07591057 4.74370909
v 1.79263258 27.87609291 5.33549976
v 1.52445149 27.87609291 5.41822243
v 2.38102412 26.27572823 3.56345463
v 2.79389 25.47554588 2.29288626
v 2.718853 24.67536354 1.12618577
v 2.26049495 23.87518311 0.22263932
v 1.89702415 27.07591057 4.57982159
v 2.31496882 27.87609291 5.13049793
v 2.05635691 27.87609291 5.23951197
v 2.71883845 26.27572823 3.31291437
v 3.00517869 25.47554588 2.00799632
v 2.81614637 24.67536354 0.85426867
v 2.33679056 27.07591057 4.3718276
v 2.81429768 27.87609291 4.87450695
v 2.56782532 27.87609291 5.0087285
v 3.03046894 26.27572823 3.03046894
v 3.18752599 25.47554588 1.70376813
v 2.88631892 24.67536354 0.57412452
v 2.75405216 27.07591057 4.12173033
v 3.28565693 27.87609291 4.57007074
v 3.0537734 27.87609291 4.7281661
v 3.31291437 26.27572823 2.71883845
v 3.3391757 25.47554588 1.38313186
v 2.92869449 24.67536354 0.28845122
v 3.14479089 27.07591057 3.83193874
v 3.7243619 27.87609291 4.22021532
v 3.509372 27.87609291 4.40061331
v 3.56345463 26.27572823 2.38102412
v 3.45866728 25.47554588 1.04917526
v 3.50524354 27.07591057 3.50524354
v 4.12605238 27.87609291 3.8284173
v 3.93009257 27.87609291 4.02932501
v 3.77967668 26.27572823 2.02027941
v 3.54485011 25.47554588 0.70511454
v 3.83193874 27.07591057 3.14479089
v 4.4867363 27.87609291 3.39857078
v 4.31175423 27.87609291 3.61799145
v 3.95949864 26.27572823 1.64007795
v 3.59689403 25.47554588 0.35426313
v 5.62859535 27.87609291 0
v 4.12173033 27.07591057 2.75405216
v 4.80282927 27.87609291 2.93494797
v 4.65056372 27.87609291 3.17070079
v 4.10118818 26.27572823 1.24408185
v 4.3718276 27.07591057 2.33679056
v 5.0711894 27.87609291 2.44215608
v 4.94315386 27.87609291 2.69189811
v 4.20338106 26.27572823 0.83610451
v 4.57982159 27.07591057 1.89702415
v 5.28914976 27.87609291 1.92509305
v 5.1866169 27.87609291 2.18634248
v 4.26509333 26.27572823 0.42007503
v 4.74370909 27.07591057 1.43898845
v 5.45454407 27.87609291 1.38889754
v 5.37853289 27.87609291 1.65905762
v 4.86191225 27.07591057 0.96709454
v 5.56572866 27.87609291 0.83889866
v 5.51699448 27.87609291 1.11528444
v 4.93329287 27.07591057 0.48588693
v 5.62159872 27.87609291 0.28056234
v 5.60062599 27.87609291 0.56042713
v -2.26049495 23.87518311 0.22263932
v -2.22778773 23.87518311 0.44313452
v -2.17362547 23.87518311 0.65936208
v -2.92869449 24.67536354 0.28845122
v -2.09853005 23.87518311 0.86923963
v -2.88631892 24.67536354 0.57412452
v -2.00322461 23.87518311 1.07074594
v -2.81614637 24.67536354 0.85426867
v -1.88862717 23.87518311 1.26194036
v -3.59689403 25.47554588 0.35426313
v -5.62859535 27.87609291 0
v -2.718853 24.67536354 1.12618577
v -1.75584114 23.87518311 1.44098163
v -3.54485011 25.47554588 0.70511454
v -2.5953753 24.67536354 1.3872571
v -1.60614538 23.87518311 1.60614538
v -3.45866728 25.47554588 1.04917526
v -2.44690299 24.67536354 1.63496828
v -1.44098163 23.87518311 1.75584114
v -4.26509333 26.27572823 0.42007503
v -3.3391757 25.47554588 1.38313186
v -2.27486563 24.67536354 1.86693394
v -1.26194036 23.87518311 1.88862717
v -4.20338106 26.27572823 0.83610451
v -3.18752599 25.47554588 1.70376813
v -2.08091998 24.67536354 2.08091998
v -1.07074594 23.87518311 2.00322461
v -4.10118818 26.27572823 1.24408185
v -3.00517869 25.47554588 2.00799632
v -1.86693394 24.67536354 2.27486563
v -0.86923963 23.87518311 2.09853005
v -4.93329287 27.07591057 0.48588693
v -5.56572866 27.87609291 0.83889866
v -5.60062599 27.87609291 0.56042713
v -5.62159872 27.87609291 0.28056234
v -3.95949864 26.27572823 1.64007795
v -2.79389 25.47554588 2.29288626
v -1.63496828 24.67536354 2.44690299
v -0.65936208 23.87518311 2.17362547
v -4.86191225 27.07591057 0.96709454
v -5.45454407 27.87609291 1.38889754
v -5.51699448 27.87609291 1.11528444
v -3.77967668 26.27572823 2.02027941
v -2.55569458 25.47554588 2.55569458
v -1.3872571 24.67536354 2.5953753
v -0.44313452 23.87518311 2.22778773
v -4.74370909 27.07591057 1.43898845
v -5.28914976 27.87609291 1.92509305
v -5.37853289 27.87609291 1.65905762
v -4.57982159 27.07591057 1.89702415
v -5.0711894 27.87609291 2.44215608
v -5.1866169 27.87609291 2.18634248
v -4.3718276 27.07591057 2.33679056
v -4.80282927 27.87609291 2.93494797
v -4.94315386 27.87609291 2.69189811
v -4.65056372 27.87609291 3.17070079
v -5.99802685 28.81738853 0
v -5.99254131 28.89651871 0.29907531
v -6 28.89651871 0
v 5.99057055 28.81738853 0.29897696
v 6 28.89651871 0
v 5.99254131 28.89651871 0.29907531
v 5.99802685 28.81738853 0
v 5.98466253 28.73845482 0.29868209
v 5.99211121 28.73845482 0
v 5.97483253 28.65991402 0.29819149
v 5.98226881 28.65991402 0
v 5.96110439 28.58196068 0.29750636
v 5.96852398 28.58196068 0
v 5.96822119 28.81738853 0.59721059
v 5.9701848 28.89651871 0.5974071
v 5.94351292 28.50479126 0.29662839
v 5.95091009 28.50479126 0
v 5.96233511 28.73845482 0.59662163
v 5.92210102 28.42859459 0.29555976
v 5.92947197 28.42859459 0
v 5.95254183 28.65991402 0.59564161
v 5.89692259 28.3535614 0.29430318
v 5.90426207 28.3535614 0
v 5.93886471 28.58196068 0.59427309
v 5.86804008 28.27987862 0.2928617
v 5.87534332 28.27987862 0
v 5.93103361 28.81738853 0.89395946
v 5.93298483 28.89651871 0.89425361
v 5.92133856 28.50479126 0.59251928
v 5.83552504 28.20772743 0.29123893
v 5.84278822 28.20772743 0
v 5.92518425 28.73845482 0.89307785
v 5.90000677 28.42859459 0.59038472
v 5.7994585 28.13729095 0.28943893
v 5.80667686 28.13729095 0
v 5.915452 28.65991402 0.89161092
v 5.87492228 28.3535614 0.58787465
v 5.75993013 28.06874084 0.28746617
v 5.76709938 28.06874084 0
v 5.90186024 28.58196068 0.88956231
v 5.84614754 28.27987862 0.58499527
v 5.71703863 28.00224876 0.28532553
v 5.724154 28.00224876 0
v 5.8791008 28.81738853 1.18848586
v 5.88103485 28.89651871 1.18887687
v 5.88444328 28.50479126 0.88693714
v 5.81375408 28.20772743 0.58175385
v 5.67088985 27.93797874 0.28302234
v 5.677948 27.93797874 0
v 5.87330246 28.73845482 1.1873138
v 5.86324453 28.42859459 0.88374192
v 5.77782202 28.13729095 0.57815832
v 5.86365557 28.65991402 1.18536353
v 5.83831644 28.3535614 0.87998462
v 5.73844147 28.06874084 0.57421768
v 5.85018301 28.58196068 1.18263996
v 5.80972052 28.27987862 0.87567449
v 5.69570923 28.00224876 0.5699417
v 5.8125515 28.81738853 1.48005748
v 5.81446362 28.89651871 1.48054433
v 5.83291864 28.50479126 1.17914987
v 5.77752876 28.20772743 0.87082237
v 5.64973307 27.93797874 0.56534106
v 5.80681896 28.73845482 1.47859776
v 5.81190538 28.42859459 1.17490196
v 5.74182081 28.13729095 0.86544025
v 5.79728079 28.65991402 1.47616911
v 5.78719521 28.3535614 1.16990674
v 5.70268536 28.06874084 0.85954154
v 5.78396082 28.58196068 1.47277737
v 5.7588501 28.27987862 1.1641767
v 5.66022015 28.00224876 0.85314089
v 5.73155117 28.81738853 1.76794934
v 5.73343706 28.89651871 1.76853108
v 5.76689196 28.50479126 1.46843112
v 5.72694016 28.20772743 1.15772593
v 5.61453009 27.93797874 0.84625423
v 5.72589874 28.73845482 1.76620579
v 5.74611664 28.42859459 1.46314108
v 5.69154501 28.13729095 1.15057063
v 5.71649361 28.65991402 1.76330471
v 5.72168636 28.3535614 1.45692039
v 5.65275192 28.06874084 1.14272845
v 5.70335913 28.58196068 1.75925326
v 5.69366169 28.27987862 1.44978452
v 5.61065817 28.00224876 1.13421905
v 5.63630152 28.81738853 2.05144596
v 5.63815594 28.89651871 2.05212092
v 5.52885723 28.89651871 2.33060884
v 5.68652773 28.50479126 1.75406158
v 5.66211319 28.20772743 1.44175112
v 5.56536818 27.93797874 1.12506342
v 5.63074303 28.73845482 2.04942274
v 5.66604185 28.42859459 1.74774253
v 5.62711859 28.13729095 1.43284047
v 5.62149382 28.65991402 2.04605651
v 5.64195204 28.3535614 1.74031174
v 5.58876514 28.06874084 1.42307436
v 5.60857773 28.58196068 2.04135537
v 5.61431837 28.27987862 1.73178792
v 5.54714775 28.00224876 1.41247737
v 5.52703905 28.81738853 2.32984233
v 5.59202623 28.50479126 2.03533125
v 5.58320951 28.20772743 1.72219205
v 5.50237036 27.93797874 1.4010756
v 5.52158785 28.73845482 2.32754445
v 5.57188082 28.42859459 2.02799869
v 5.54870224 28.13729095 1.71154797
v 5.51251841 28.65991402 2.32372141
v 5.54819155 28.3535614 2.01937652
v 5.51088333 28.06874084 1.69988239
v 5.49985266 28.58196068 2.31838226
v 5.52101707 28.27987862 2.00948572
v 5.46984577 28.00224876 1.68722403
v 5.40403509 28.81738853 2.60244632
v 5.40581322 28.89651871 2.60330248
v 5.48362207 28.50479126 2.3115406
v 5.49042463 28.20772743 1.99835122
v 5.42569256 27.93797874 1.67360449
v 5.39870596 28.73845482 2.59987974
v 5.46386719 28.42859459 2.30321312
v 5.45649147 28.13729095 1.98600042
v 5.38983822 28.65991402 2.59560919
v 5.44063711 28.3535614 2.29342079
v 5.41930056 28.06874084 1.97246408
v 5.37745428 28.58196068 2.58964539
v 5.41398907 28.27987862 2.28218794
v 5.37894535 28.00224876 1.95777595
v 5.26759624 28.81738853 2.8685801
v 5.26932955 28.89651871 2.86952376
v 5.36158466 28.50479126 2.58200312
v 5.38399029 28.20772743 2.26954222
v 5.33552551 27.93797874 1.94197249
v 5.26240158 28.73845482 2.86575103
v 5.34226942 28.42859459 2.57270145
v 5.35071468 28.13729095 2.25551534
v 5.25375748 28.65991402 2.86104393
v 5.31955624 28.3535614 2.56176329
v 5.31424475 28.06874084 2.24014211
v 5.24168634 28.58196068 2.85447025
v 5.29350138 28.27987862 2.54921603
v 5.27467203 28.00224876 2.22346067
v 5.11806154 28.81738853 3.12758231
v 5.11974525 28.89651871 3.12861133
v 5.22621775 28.50479126 2.84604645
v 5.26417017 28.20772743 2.53509068
v 5.23209381 27.93797874 2.20551252
v 5.11301374 28.73845482 3.12449789
v 5.20739031 28.42859459 2.8357935
v 5.23163509 28.13729095 2.51942253
v 5.10461569 28.65991402 3.11936569
v 5.18525028 28.3535614 2.82373691
v 5.19597673 28.06874084 2.50225067
v 5.09288692 28.58196068 3.11219835
v 5.15985346 28.27987862 2.80990648
v 5.15728474 28.00224876 2.48361731
v 4.95580196 28.81738853 3.37880874
v 4.95743275 28.89651871 3.37992024
v 5.07785749 28.50479126 3.10301399
v 5.1312623 28.20772743 2.79433656
v 5.11565447 27.93797874 2.46356916
v 4.95091486 28.73845482 3.3754766
v 5.05956411 28.42859459 3.09183526
v 5.09954882 28.13729095 2.77706623
v 4.9427824 28.65991402 3.36993217
v 5.03805304 28.3535614 3.07869005
v 5.0647912 28.06874084 2.75813818
v 4.93142557 28.58196068 3.36218929
v 5.01337719 28.27987862 3.06361103
v 5.02707577 28.00224876 2.73759937
v 4.78122187 28.81738853 3.62163496
v 4.78279495 28.89651871 3.62282658
v 4.91687298 28.50479126 3.35226703
v 4.98559761 28.20772743 3.04663539
v 4.98649645 27.93797874 2.71550107
v 4.7765069 28.73845482 3.61806321
v 4.89915943 28.42859459 3.34019041
v 4.95478439 28.13729095 3.02780557
v 4.76866102 28.65991402 3.61212039
v 4.87833023 28.3535614 3.32598925
v 4.92101336 28.06874084 3.00716853
v 4.75770426 28.58196068 3.60382104
v 4.8544364 28.27987862 3.30969882
v 4.88436842 28.00224876 2.98477554
v 4.59475517 28.81738853 3.85545731
v 4.59626675 28.89651871 3.85672569
v 4.39831114 28.89651871 4.08103657
v 4.74366379 28.50479126 3.5931859
v 4.82753801 28.20772743 3.29135966
v 4.84494114 27.93797874 2.96068192
v 4.59022379 28.73845482 3.85165501
v 4.7265749 28.42859459 3.5802412
v 4.79770136 28.13729095 3.27101755
v 4.58268404 28.65991402 3.84532833
v 4.70647907 28.3535614 3.56501937
v 4.76500082 28.06874084 3.24872279
v 4.57215452 28.58196068 3.83649325
v 4.68342733 28.27987862 3.54755831
v 4.72951794 28.00224876 3.2245307
v 4.39686441 28.81738853 4.07969427
v 4.55866146 28.50479126 3.82517123
v 4.65747643 28.20772743 3.52790117
v 4.69134045 27.93797874 3.19850183
v 4.39252853 28.73845482 4.07567072
v 4.54223871 28.42859459 3.81139112
v 4.62869072 28.13729095 3.50609708
v 4.38531351 28.65991402 4.0689764
v 4.52292728 28.3535614 3.79518652
v 4.59714222 28.06874084 3.48219991
v 4.37523746 28.58196068 4.05962706
v 4.50077438 28.27987862 3.77659798
v 4.56290913 28.00224876 3.4562695
v 4.18804312 28.81738853 4.29378843
v 4.1894207 28.89651871 4.2952013
v 4.36232567 28.50479126 4.047647
v 4.47583532 28.20772743 3.75567174
v 4.52607679 27.93797874 3.42837
v 4.18391275 28.73845482 4.28955364
v 4.34661055 28.42859459 4.03306532
v 4.44817257 28.13729095 3.73245978
v 4.17704058 28.65991402 4.2825079
v 4.32813025 28.3535614 4.01591825
v 4.41785431 28.06874084 3.70702004
v 4.16744328 28.58196068 4.27266836
v 4.3069315 28.27987862 3.99624848
v 4.38495636 28.00224876 3.67941523
v 3.96880937 28.81738853 4.49720764
v 3.97011495 28.89651871 4.49868727
v 3.7409389 28.89651871 4.69098902
v 4.15514469 28.50479126 4.26005936
v 4.28306675 28.20772743 3.97410512
v 4.34956026 27.93797874 3.64971447
v 3.96489525 28.73845482 4.49277258
v 4.14017534 28.42859459 4.24471235
v 4.25659513 28.13729095 3.94954324
v 3.95838261 28.65991402 4.48539257
v 4.1225729 28.3535614 4.2266655
v 4.22758293 28.06874084 3.92262363
v 3.94928765 28.58196068 4.47508717
v 4.10238123 28.27987862 4.20596361
v 4.19610167 28.00224876 3.89341354
v 3.73970842 28.81738853 4.68944597
v 3.50246215 28.89651871 4.87162781
v 3.93763304 28.50479126 4.46188068
v 4.07964993 28.20772743 4.1826582
v 4.16223049 27.93797874 3.86198545
v 3.73602033 28.73845482 4.68482113
v 3.92344761 28.42859459 4.4458065
v 4.05443573 28.13729095 4.15680742
v 3.72988367 28.65991402 4.67712641
v 3.90676665 28.3535614 4.42690468
v 4.02680111 28.06874084 4.12847519
v 3.72131371 28.58196068 4.66637993
v 3.88763165 28.27987862 4.40522194
v 3.9968152 28.00224876 4.09773207
v 3.50131011 28.81738853 4.87002563
v 3.25527763 28.89651871 5.04015541
v 3.71033192 28.50479126 4.65260887
v 3.86609006 28.20772743 4.38081264
v 3.96455216 27.93797874 4.06465483
v 3.49785709 28.73845482 4.86522293
v 3.69696522 28.42859459 4.63584757
v 3.84219575 28.13729095 4.35373688
v 3.49211168 28.65991402 4.85723162
v 3.68124723 28.3535614 4.61613798
v 3.81600785 28.06874084 4.32406282
v 3.48408794 28.58196068 4.84607124
v 3.66321683 28.27987862 4.59352827
v 3.7875917 28.00224876 4.29186296
v 3.2542069 28.81738853 5.03849792
v 3.47380614 28.50479126 4.83176994
v 3.64291883 28.20772743 4.56807566
v 3.75701761 27.93797874 4.25721836
v 3.25099754 28.73845482 5.0335288
v 3.46129155 28.42859459 4.81436348
v 3.62040377 28.13729095 4.53984261
v 3.24565768 28.65991402 5.02526093
v 3.44657564 28.3535614 4.79389477
v 3.59572768 28.06874084 4.50889969
v 3.23820019 28.58196068 5.01371479
v 3.42969465 28.27987862 4.77041483
v 3.56895161 28.00224876 4.47532368
v 2.99901342 28.81738853 5.19444323
v 3 28.89651871 5.19615221
v 2.73726392 28.89651871 5.33923101
v 3.22864413 28.50479126 4.99891901
v 3.41069055 28.20772743 4.74398184
v 3.54014254 27.93797874 4.43919849
v 2.9960556 28.73845482 5.18932056
v 3.21701288 28.42859459 4.98090982
v 3.38961077 28.13729095 4.7146616
v 2.99113441 28.65991402 5.1807971
v 3.20333529 28.3535614 4.95973301
v 3.36650777 28.06874084 4.68252707
v 2.98426199 28.58196068 5.16889334
v 3.18764567 28.27987862 4.93544102
v 3.34143877 28.00224876 4.64765835
v 2.73636365 28.81738853 5.33747482
v 2.97545505 28.50479126 5.15363932
v 3.16998291 28.20772743 4.90809345
v 3.31446624 27.93797874 4.61014175
v 2.73366499 28.73845482 5.33221102
v 2.96473598 28.42859459 5.13507318
v 3.15039086 28.13729095 4.87775898
v 2.72917485 28.65991402 5.32345247
v 2.95213103 28.3535614 5.11324072
v 3.12891817 28.06874084 4.84451294
v 2.72290421 28.58196068 5.31122112
v 2.93767166 28.27987862 5.08819675
v 3.10561848 28.00224876 4.80843782
v 2.46691108 28.81738853 5.46723652
v 2.46772265 28.89651871 5.46903515
v 2.19204617 28.89651871 5.58524227
v 2.71486855 28.50479126 5.29554701
v 2.92139411 28.20772743 5.0600028
v 3.08054948 27.93797874 4.76962328
v 2.46447802 28.73845482 5.46184444
v 2.70508814 28.42859459 5.27646971
v 2.90333843 28.13729095 5.02872944
v 2.46043015 28.65991402 5.45287323
v 2.6935873 28.3535614 5.25403643
v 2.88354969 28.06874084 4.99445438
v 2.45477676 28.58196068 5.44034433
v 2.68039441 28.27987862 5.22830248
v 2.862077 28.00224876 4.95726299
v 2.19132519 28.81738853 5.58340549
v 2.44753265 28.50479126 5.4242897
v 2.66554213 28.20772743 5.19933224
v 2.838974 27.93797874 4.9172473
v 2.18916416 28.73845482 5.57789898
v 2.43871522 28.42859459 5.40474844
v 2.64906788 28.13729095 5.1671977
v 2.18556833 28.65991402 5.56873703
v 2.42834687 28.3535614 5.38176918
v 2.6310122 28.06874084 5.13197899
v 2.18054652 28.58196068 5.55594206
v 2.41645288 28.27987862 5.3554101
v 2.61142015 28.00224876 5.09376335
v 1.91029143 28.81738853 5.68569326
v 1.9109199 28.89651871 5.6875639
v 1.6250428 28.89651871 5.77574539
v 2.1741116 28.50479126 5.53954601
v 2.4030633 28.20772743 5.32573557
v 2.59034038 27.93797874 5.05264568
v 1.90840745 28.73845482 5.68008614
v 2.16627932 28.42859459 5.5195899
v 2.38821125 28.13729095 5.29281998
v 1.90527284 28.65991402 5.67075634
v 2.15706921 28.3535614 5.49612236
v 2.37193346 28.06874084 5.25674486
v 1.90089512 28.58196068 5.65772676
v 2.14650393 28.27987862 5.469203
v 2.3542707 28.00224876 5.21759987
v 1.62450838 28.81738853 5.77384567
v 1.33512557 28.89651871 5.84956741
v 1.89528549 28.50479126 5.64103031
v 2.13461018 28.20772743 5.43889809
v 2.33526683 27.93797874 5.17548275
v 1.62290621 28.73845482 5.76815176
v 1.88845766 28.42859459 5.62070847
v 2.12141728 28.13729095 5.40528297
v 1.62024057 28.65991402 5.75867701
v 1.88042867 28.3535614 5.59681129
v 2.10695791 28.06874084 5.3684411
v 1.61651778 28.58196068 5.74544573
v 1.87121844 28.27987862 5.56939888
v 2.0912683 28.00224876 5.32846451
v 1.33468652 28.81738853 5.84764338
v 1.61174726 28.50479126 5.72849035
v 1.86084998 28.20772743 5.53853846
v 2.07438731 27.93797874 5.28545284
v 1.33337021 28.73845482 5.84187651
v 1.60594094 28.42859459 5.70785332
v 1.84934902 28.13729095 5.50430775
v 1.3311801 28.65991402 5.83228111
v 1.59911311 28.3535614 5.68358564
v 1.83674419 28.06874084 5.46679115
v 1.32812154 28.58196068 5.81888056
v 1.59128082 28.27987862 5.65574789
v 1.82306659 28.00224876 5.42608213
v 1.04154634 28.81738853 5.90690327
v 1.04188907 28.89651871 5.90884638
v 1.32420206 28.50479126 5.80170822
v 1.5824635 28.20772743 5.62440968
v 1.80835056 27.93797874 5.38228226
v 1.04051924 28.73845482 5.90107775
v 1.31943166 28.42859459 5.7808075
v 1.5726831 28.13729095 5.58964777
v 1.03881013 28.65991402 5.8913846
v 1.31382191 28.3535614 5.75622988
v 1.56196392 28.06874084 5.55154943
v 1.03642333 28.58196068 5.87784863
v 1.30738688 28.27987862 5.7280364
v 1.55033255 28.00224876 5.51020956
v 0.74581683 28.81738853 5.95147705
v 0.74606222 28.89651871 5.95343542
v 1.03336465 28.50479126 5.86050272
v 1.30014265 28.20772743 5.69629717
v 1.53781807 27.93797874 5.46573019
v 0.74508131 28.73845482 5.94560766
v 1.02964199 28.42859459 5.8393898
v 1.29210711 28.13729095 5.66109133
v 0.7438575 28.65991402 5.93584156
v 1.02526438 28.3535614 5.8145628
v 1.28330028 28.06874084 5.62250614
v 0.74214834 28.58196068 5.92220354
v 1.02024269 28.27987862 5.7860837
v 1.27374411 28.00224876 5.58063745
v 0.4482331 28.81738853 5.98125505
v 0.44838056 28.89651871 5.98322296
v 0.73995823 28.50479126 5.90472651
v 1.01458955 28.20772743 5.75402308
v 1.26346231 27.93797874 5.53558969
v 0.44779104 28.73845482 5.9753561
v 0.73729247 28.42859459 5.88345432
v 1.00831878 28.13729095 5.71846008
v 0.44705552 28.65991402 5.96554136
v 0.7341578 28.3535614 5.8584404
v 1.00144625 28.06874084 5.67948389
v 0.44602835 28.58196068 5.95183468
v 0.73056197 28.27987862 5.82974625
v 0.99398893 28.00224876 5.6371913
v 0.14953496 28.81738853 5.99616241
v 0.14958414 28.89651871 5.99813509
v 0.44471207 28.50479126 5.93427038
v 0.72651392 28.20772743 5.79744339
v 0.98596531 27.93797874 5.5916872
v 0.14938748 28.73845482 5.99024868
v 0.44310999 28.42859459 5.91289186
v 0.72202373 28.13729095 5.76161242
v 0.1491421 28.65991402 5.98040962
v 0.44122607 28.3535614 5.88775253
v 0.71710247 28.06874084 5.72234201
v 0.14879943 28.58196068 5.96666861
v 0.43906498 28.27987862 5.85891485
v 0.71176255 28.00224876 5.67972994
v -0.14953496 28.81738853 5.99616241
v -0.14958414 28.89651871 5.99813509
v 0.14836031 28.50479126 5.94906044
v 0.4366321 28.20772743 5.82645035
v 0.70601708 27.93797874 5.63388252
v -0.14938748 28.73845482 5.99024868
v 0.14782584 28.42859459 5.92762899
v 0.4339335 28.13729095 5.79044008
v -0.1491421 28.65991402 5.98040962
v 0.14719734 28.3535614 5.90242672
v 0.43097585 28.06874084 5.75097322
v -0.14879943 28.58196068 5.96666861
v 0.14647637 28.27987862 5.87351751
v 0.42776656 28.00224876 5.708148
v -0.4482331 28.81738853 5.98125505
v -0.44838056 28.89651871 5.98322296
v -0.14836031 28.50479126 5.94906044
v 0.14566475 28.20772743 5.84097195
v 0.42431358 27.93797874 5.66207123
v -0.44779104 28.73845482 5.9753561
v -0.14782584 28.42859459 5.92762899
v 0.14476447 28.13729095 5.80487204
v -0.44705552 28.65991402 5.96554136
v -0.14719734 28.3535614 5.90242672
v 0.14377777 28.06874084 5.76530695
v -0.44602835 28.58196068 5.95183468
v -0.14647637 28.27987862 5.87351751
v 0.14270712 28.00224876 5.72237492
v -0.74581683 28.81738853 5.95147705
v -0.74606222 28.89651871 5.95343542
v -0.44471207 28.50479126 5.93427038
v -0.14566475 28.20772743 5.84097195
v 0.14155516 27.93797874 5.67618322
v -0.74508131 28.73845482 5.94560766
v -0.44310999 28.42859459 5.91289186
v -0.14476447 28.13729095 5.80487204
v -0.7438575 28.65991402 5.93584156
v -0.44122607 28.3535614 5.88775253
v -0.14377777 28.06874084 5.76530695
v -0.74214834 28.58196068 5.92220354
v -0.43906498 28.27987862 5.85891485
v -0.14270712 28.00224876 5.72237492
v -1.04154634 28.81738853 5.90690327
v -1.04188907 28.89651871 5.90884638
v -0.73995823 28.50479126 5.90472651
v -0.4366321 28.20772743 5.82645035
v -0.14155516 27.93797874 5.67618322
v -1.04051924 28.73845482 5.90107775
v -0.73729247 28.42859459 5.88345432
v -0.4339335 28.13729095 5.79044008
v -1.03881013 28.65991402 5.8913846
v -0.7341578 28.3535614 5.8584404
v -0.43097585 28.06874084 5.75097322
v -1.03642333 28.58196068 5.87784863
v -0.73056197 28.27987862 5.82974625
v -0.42776656 28.00224876 5.708148
v -1.33468652 28.81738853 5.84764338
v -1.33512557 28.89651871 5.84956741
v -1.03336465 28.50479126 5.86050272
v -0.72651392 28.20772743 5.79744339
v -0.42431358 27.93797874 5.66207123
v -1.33337021 28.73845482 5.84187651
v -1.02964199 28.42859459 5.8393898
v -0.72202373 28.13729095 5.76161242
v -1.3311801 28.65991402 5.83228111
v -1.02526438 28.3535614 5.8145628
v -0.71710247 28.06874084 5.72234201
v -1.32812154 28.58196068 5.81888056
v -1.02024269 28.27987862 5.7860837
v -0.71176255 28.00224876 5.67972994
v -1.62450838 28.81738853 5.77384567
v -1.6250428 28.89651871 5.77574539
v -1.32420206 28.50479126 5.80170822
v -1.01458955 28.20772743 5.75402308
v -0.70601708 27.93797874 5.63388252
v -1.62290621 28.73845482 5.76815176
v -1.31943166 28.42859459 5.7808075
v -1.00831878 28.13729095 5.71846008
v -1.62024057 28.65991402 5.75867701
v -1.31382191 28.3535614 5.75622988
v -1.00144625 28.06874084 5.67948389
v -1.61651778 28.58196068 5.74544573
v -1.30738688 28.27987862 5.7280364
v -0.99398893 28.00224876 5.6371913
v -1.91029143 28.81738853 5.68569326
v -1.9109199 28.89651871 5.6875639
v -1.61174726 28.50479126 5.72849035
v -1.30014265 28.20772743 5.69629717
v -0.98596531 27.93797874 5.5916872
v -1.90840745 28.73845482 5.68008614
v -1.60594094 28.42859459 5.70785332
v -1.29210711 28.13729095 5.66109133
v -1.90527284 28.65991402 5.67075634
v -1.59911311 28.3535614 5.68358564
v -1.28330028 28.06874084 5.62250614
v -1.90089512 28.58196068 5.65772676
v -1.59128082 28.27987862 5.65574789
v -1.27374411 28.00224876 5.58063745
v -2.19132519 28.81738853 5.58340549
v -2.19204617 28.89651871 5.58524227
v -2.46772265 28.89651871 5.46903515
v -1.89528549 28.50479126 5.64103031
v -1.5824635 28.20772743 5.62440968
v -1.26346231 27.93797874 5.53558969
v -2.18916416 28.73845482 5.57789898
v -1.88845766 28.42859459 5.62070847
v -1.5726831 28.13729095 5.58964777
v -2.18556833 28.65991402 5.56873703
v -1.88042867 28.3535614 5.59681129
v -1.56196392 28.06874084 5.55154943
v -2.18054652 28.58196068 5.55594206
v -1.87121844 28.27987862 5.56939888
v -1.55033255 28.00224876 5.51020956
v -2.46691108 28.81738853 5.46723652
v -2.1741116 28.50479126 5.53954601
v -1.86084998 28.20772743 5.53853846
v -1.53781807 27.93797874 5.46573019
v -2.46447802 28.73845482 5.46184444
v -2.16627932 28.42859459 5.5195899
v -1.84934902 28.13729095 5.50430775
v -2.46043015 28.65991402 5.45287323
v -2.15706921 28.3535614 5.49612236
v -1.83674419 28.06874084 5.46679115
v -2.45477676 28.58196068 5.44034433
v -2.14650393 28.27987862 5.469203
v -1.82306659 28.00224876 5.42608213
v -2.73636365 28.81738853 5.33747482
v -2.73726392 28.89651871 5.33923101
v -3 28.89651871 5.19615221
v -2.44753265 28.50479126 5.4242897
v -2.13461018 28.20772743 5.43889809
v -1.80835056 27.93797874 5.38228226
v -2.73366499 28.73845482 5.33221102
v -2.43871522 28.42859459 5.40474844
v -2.12141728 28.13729095 5.40528297
v -2.72917485 28.65991402 5.32345247
v -2.42834687 28.3535614 5.38176918
v -2.10695791 28.06874084 5.3684411
v -2.72290421 28.58196068 5.31122112
v -2.41645288 28.27987862 5.3554101
v -2.0912683 28.00224876 5.32846451
v -2.99901342 28.81738853 5.19444323
v -3.25527763 28.89651871 5.04015541
v -2.71486855 28.50479126 5.29554701
v -2.4030633 28.20772743 5.32573557
v -2.07438731 27.93797874 5.28545284
v -2.9960556 28.73845482 5.18932056
v -2.70508814 28.42859459 5.27646971
v -2.38821125 28.13729095 5.29281998
v -2.99113441 28.65991402 5.1807971
v -2.6935873 28.3535614 5.25403643
v -2.37193346 28.06874084 5.25674486
v -2.98426199 28.58196068 5.16889334
v -2.68039441 28.27987862 5.22830248
v -2.3542707 28.00224876 5.21759987
v -3.2542069 28.81738853 5.03849792
v -2.97545505 28.50479126 5.15363932
v -2.66554213 28.20772743 5.19933224
v -2.33526683 27.93797874 5.17548275
v -3.25099754 28.73845482 5.0335288
v -2.96473598 28.42859459 5.13507318
v -2.64906788 28.13729095 5.1671977
v -3.24565768 28.65991402 5.02526093
v -2.95213103 28.3535614 5.11324072
v -2.6310122 28.06874084 5.13197899
v -3.23820019 28.58196068 5.01371479
v -2.93767166 28.27987862 5.08819675
v -2.61142015 28.00224876 5.09376335
v -3.50131011 28.81738853 4.87002563
v -3.50246215 28.89651871 4.87162781
v -3.7409389 28.89651871 4.69098902
v -3.22864413 28.50479126 4.99891901
v -2.92139411 28.20772743 5.0600028
v -2.59034038 27.93797874 5.05264568
v -3.49785709 28.73845482 4.86522293
v -3.21701288 28.42859459 4.98090982
v -2.90333843 28.13729095 5.02872944
v -3.49211168 28.65991402 4.85723162
v -3.20333529 28.3535614 4.95973301
v -2.88354969 28.06874084 4.99445438
v -3.48408794 28.58196068 4.84607124
v -3.18764567 28.27987862 4.93544102
v -2.862077 28.00224876 4.95726299
v -3.73970842 28.81738853 4.68944597
v -3.97011495 28.89651871 4.49868727
v -3.47380614 28.50479126 4.83176994
v -3.16998291 28.20772743 4.90809345
v -2.838974 27.93797874 4.9172473
v -3.73602033 28.73845482 4.68482113
v -3.46129155 28.42859459 4.81436348
v -3.15039086 28.13729095 4.87775898
v -3.72988367 28.65991402 4.67712641
v -3.44657564 28.3535614 4.79389477
v -3.12891817 28.06874084 4.84451294
v -3.72131371 28.58196068 4.66637993
v -3.42969465 28.27987862 4.77041483
v -3.10561848 28.00224876 4.80843782
v -3.96880937 28.81738853 4.49720764
v -4.1894207 28.89651871 4.2952013
v -3.71033192 28.50479126 4.65260887
v -3.41069055 28.20772743 4.74398184
v -3.08054948 27.93797874 4.76962328
v -3.96489525 28.73845482 4.49277258
v -3.69696522 28.42859459 4.63584757
v -3.38961077 28.13729095 4.7146616
v -3.95838261 28.65991402 4.48539257
v -3.68124723 28.3535614 4.61613798
v -3.36650777 28.06874084 4.68252707
v -3.94928765 28.58196068 4.47508717
v -3.66321683 28.27987862 4.59352827
v -3.34143877 28.00224876 4.64765835
v -4.18804312 28.81738853 4.29378843
v -3.93763304 28.50479126 4.46188068
v -3.64291883 28.20772743 4.56807566
v -3.31446624 27.93797874 4.61014175
v -4.18391275 28.73845482 4.28955364
v -3.92344761 28.42859459 4.4458065
v -3.62040377 28.13729095 4.53984261
v -4.17704058 28.65991402 4.2825079
v -3.90676665 28.3535614 4.42690468
v -3.59572768 28.06874084 4.50889969
v -4.16744328 28.58196068 4.27266836
v -3.88763165 28.27987862 4.40522194
v -3.56895161 28.00224876 4.47532368
v -4.39686441 28.81738853 4.07969427
v -4.39831114 28.89651871 4.08103657
v -4.15514469 28.50479126 4.26005936
v -3.86609006 28.20772743 4.38081264
v -3.54014254 27.93797874 4.43919849
v -4.39252853 28.73845482 4.07567072
v -4.14017534 28.42859459 4.24471235
v -3.84219575 28.13729095 4.35373688
v -4.38531351 28.65991402 4.0689764
v -4.1225729 28.3535614 4.2266655
v -3.81600785 28.06874084 4.32406282
v -4.37523746 28.58196068 4.05962706
v -4.10238123 28.27987862 4.20596361
v -3.7875917 28.00224876 4.29186296
v -4.59475517 28.81738853 3.85545731
v -4.59626675 28.89651871 3.85672569
v -4.36232567 28.50479126 4.047647
v -4.07964993 28.20772743 4.1826582
v -3.75701761 27.93797874 4.25721836
v -4.59022379 28.73845482 3.85165501
v -4.34661055 28.42859459 4.03306532
v -4.05443573 28.13729095 4.15680742
v -4.58268404 28.65991402 3.84532833
v -4.32813025 28.3535614 4.01591825
v -4.02680111 28.06874084 4.12847519
v -4.57215452 28.58196068 3.83649325
v -4.3069315 28.27987862 3.99624848
v -3.9968152 28.00224876 4.09773207
v -4.78122187 28.81738853 3.62163496
v -4.78279495 28.89651871 3.62282658
v -4.95743275 28.89651871 3.37992024
v -4.55866146 28.50479126 3.82517123
v -4.28306675 28.20772743 3.97410512
v -3.96455216 27.93797874 4.06465483
v -4.7765069 28.73845482 3.61806321
v -4.54223871 28.42859459 3.81139112
v -4.25659513 28.13729095 3.94954324
v -4.76866102 28.65991402 3.61212039
v -4.52292728 28.3535614 3.79518652
v -4.22758293 28.06874084 3.92262363
v -4.75770426 28.58196068 3.60382104
v -4.50077438 28.27987862 3.77659798
v -4.19610167 28.00224876 3.89341354
v -4.95580196 28.81738853 3.37880874
v -5.11974525 28.89651871 3.12861133
v -4.74366379 28.50479126 3.5931859
v -4.47583532 28.20772743 3.75567174
v -4.16223049 27.93797874 3.86198545
v -4.95091486 28.73845482 3.3754766
v -4.7265749 28.42859459 3.5802412
v -4.44817257 28.13729095 3.73245978
v -4.9427824 28.65991402 3.36993217
v -4.70647907 28.3535614 3.56501937
v -4.41785431 28.06874084 3.70702004
v -4.93142557 28.58196068 3.36218929
v -4.68342733 28.27987862 3.54755831
v -4.38495636 28.00224876 3.67941523
v -5.11806154 28.81738853 3.12758231
v -5.26932955 28.89651871 2.86952376
v -4.91687298 28.50479126 3.35226703
v -4.65747643 28.20772743 3.52790117
v -4.34956026 27.93797874 3.64971447
v -5.11301374 28.73845482 3.12449789
v -4.89915943 28.42859459 3.34019041
v -4.62869072 28.13729095 3.50609708
v -5.10461569 28.65991402 3.11936569
v -4.87833023 28.3535614 3.32598925
v -4.59714222 28.06874084 3.48219991
v -5.09288692 28.58196068 3.11219835
v -4.8544364 28.27987862 3.30969882
v -4.56290913 28.00224876 3.4562695
v -5.26759624 28.81738853 2.8685801
v -5.07785749 28.50479126 3.10301399
v -4.82753801 28.20772743 3.29135966
v -4.52607679 27.93797874 3.42837
v -5.26240158 28.73845482 2.86575103
v -5.05956411 28.42859459 3.09183526
v -4.79770136 28.13729095 3.27101755
v -5.25375748 28.65991402 2.86104393
v -5.03805304 28.3535614 3.07869005
v -4.76500082 28.06874084 3.24872279
v -5.24168634 28.58196068 2.85447025
v -5.01337719 28.27987862 3.06361103
v -4.72951794 28.00224876 3.2245307
v -5.40403509 28.81738853 2.60244632
v -5.40581322 28.89651871 2.60330248
v -5.22621775 28.50479126 2.84604645
v -4.98559761 28.20772743 3.04663539
v -4.69134045 27.93797874 3.19850183
v -5.39870596 28.73845482 2.59987974
v -5.20739031 28.42859459 2.8357935
v -4.95478439 28.13729095 3.02780557
v -5.38983822 28.65991402 2.59560919
v -5.18525028 28.3535614 2.82373691
v -4.92101336 28.06874084 3.00716853
v -5.37745428 28.58196068 2.58964539
v -5.15985346 28.27987862 2.80990648
v -4.88436842 28.00224876 2.98477554
v -5.52703905 28.81738853 2.32984233
v -5.52885723 28.89651871 2.33060884
v -5.63815594 28.89651871 2.05212092
v -5.36158466 28.50479126 2.58200312
v -5.1312623 28.20772743 2.79433656
v -4.84494114 27.93797874 2.96068192
v -5.52158785 28.73845482 2.32754445
v -5.34226942 28.42859459 2.57270145
v -5.09954882 28.13729095 2.77706623
v -5.51251841 28.65991402 2.32372141
v -5.31955624 28.3535614 2.56176329
v -5.0647912 28.06874084 2.75813818
v -5.49985266 28.58196068 2.31838226
v -5.29350138 28.27987862 2.54921603
v -5.02707577 28.00224876 2.73759937
v -5.63630152 28.81738853 2.05144596
v -5.48362207 28.50479126 2.3115406
v -5.26417017 28.20772743 2.53509068
v -4.98649645 27.93797874 2.71550107
v -5.63074303 28.73845482 2.04942274
v -5.46386719 28.42859459 2.30321312
v -5.23163509 28.13729095 2.51942253
v -5.62149382 28.65991402 2.04605651
v -5.44063711 28.3535614 2.29342079
v -5.19597673 28.06874084 2.50225067
v -5.60857773 28.58196068 2.04135537
v -5.41398907 28.27987862 2.28218794
v -5.15728474 28.00224876 2.48361731
v -5.73155117 28.81738853 1.76794934
v -5.73343706 28.89651871 1.76853108
v -5.81446362 28.89651871 1.48054433
v -5.59202623 28.50479126 2.03533125
v -5.38399029 28.20772743 2.26954222
v -5.11565447 27.93797874 2.46356916
v -5.72589874 28.73845482 1.76620579
v -5.57188082 28.42859459 2.02799869
v -5.35071468 28.13729095 2.25551534
v -5.71649361 28.65991402 1.76330471
v -5.54819155 28.3535614 2.01937652
v -5.31424475 28.06874084 2.24014211
v -5.70335913 28.58196068 1.75925326
v -5.52101707 28.27987862 2.00948572
v -5.27467203 28.00224876 2.22346067
v -5.8125515 28.81738853 1.48005748
v -5.68652773 28.50479126 1.75406158
v -5.49042463 28.20772743 1.99835122
v -5.23209381 27.93797874 2.20551252
v -5.80681896 28.73845482 1.47859776
v -5.66604185 28.42859459 1.74774253
v -5.45649147 28.13729095 1.98600042
v -5.79728079 28.65991402 1.47616911
v -5.64195204 28.3535614 1.74031174
v -5.41930056 28.06874084 1.97246408
v -5.78396082 28.58196068 1.47277737
v -5.61431837 28.27987862 1.73178792
v -5.37894535 28.00224876 1.95777595
v -5.8791008 28.81738853 1.18848586
v -5.88103485 28.89651871 1.18887687
v -5.93298483 28.89651871 0.89425361
v -5.76689196 28.50479126 1.46843112
v -5.58320951 28.20772743 1.72219205
v -5.33552551 27.93797874 1.94197249
v -5.87330246 28.73845482 1.1873138
v -5.74611664 28.42859459 1.46314108
v -5.54870224 28.13729095 1.71154797
v -5.86365557 28.65991402 1.18536353
v -5.72168636 28.3535614 1.45692039
v -5.51088333 28.06874084 1.69988239
v -5.85018301 28.58196068 1.18263996
v -5.69366169 28.27987862 1.44978452
v -5.46984577 28.00224876 1.68722403
v -5.93103361 28.81738853 0.89395946
v -5.9701848 28.89651871 0.5974071
v -5.83291864 28.50479126 1.17914987
v -5.66211319 28.20772743 1.44175112
v -5.42569256 27.93797874 1.67360449
v -5.92518425 28.73845482 0.89307785
v -5.81190538 28.42859459 1.17490196
v -5.62711859 28.13729095 1.43284047
v -5.915452 28.65991402 0.89161092
v -5.78719521 28.3535614 1.16990674
v -5.58876514 28.06874084 1.42307436
v -5.90186024 28.58196068 0.88956231
v -5.7588501 28.27987862 1.1641767
v -5.54714775 28.00224876 1.41247737
v -5.96822119 28.81738853 0.59721059
v -5.88444328 28.50479126 0.88693714
v -5.72694016 28.20772743 1.15772593
v -5.50237036 27.93797874 1.4010756
v -5.96233511 28.73845482 0.59662163
v -5.86324453 28.42859459 0.88374192
v -5.69154501 28.13729095 1.15057063
v -5.95254183 28.65991402 0.59564161
v -5.83831644 28.3535614 0.87998462
v -5.65275192 28.06874084 1.14272845
v -5.93886471 28.58196068 0.59427309
v -5.80972052 28.27987862 0.87567449
v -5.61065817 28.00224876 1.13421905
v -5.99057055 28.81738853 0.29897696
v -5.92133856 28.50479126 0.59251928
v -5.77752876 28.20772743 0.87082237
v -5.56536818 27.93797874 1.12506342
v -5.98466253 28.73845482 0.29868209
v -5.99211121 28.73845482 0
v -5.98226881 28.65991402 0
v -5.90000677 28.42859459 0.59038472
v -5.74182081 28.13729095 0.86544025
v -5.97483253 28.65991402 0.29819149
v -5.96852398 28.58196068 0
v -5.87492228 28.3535614 0.58787465
v -5.70268536 28.06874084 0.85954154
v -5.96110439 28.58196068 0.29750636
v -5.84614754 28.27987862 0.58499527
v -5.66022015 28.00224876 0.85314089
v -5.94351292 28.50479126 0.29662839
v -5.95091009 28.50479126 0
v -5.92947197 28.42859459 0
v -5.81375408 28.20772743 0.58175385
v -5.61453009 27.93797874 0.84625423
v -5.92210102 28.42859459 0.29555976
v -5.77782202 28.13729095 0.57815832
v -5.89692259 28.3535614 0.29430318
v -5.90426207 28.3535614 0
v -5.87534332 28.27987862 0
v -5.73844147 28.06874084 0.57421768
v -5.86804008 28.27987862 0.2928617
v -5.84278822 28.20772743 0
v -5.69570923 28.00224876 0.5699417
v -5.83552504 28.20772743 0.29123893
v -5.64973307 27.93797874 0.56534106
v -5.7994585 28.13729095 0.28943893
v -5.80667686 28.13729095 0
v -5.76709938 28.06874084 0
v -5.75993013 28.06874084 0.28746617
v -5.724154 28.00224876 0
v -5.71703863 28.00224876 0.28532553
v -5.677948 27.93797874 0
v -5.67088985 27.93797874 0.28302234
v 6 52 0
v 5.99277258 52 0.29440606
v 5.97110844 52 0.58810282
v 5.93505907 52 0.88038284
v 5.88471174 52 1.17054188
v 5.82018757 52 1.45788109
v 5.741642 52 1.74170804
v 5.64926434 52 2.02133918
v 5.54327726 52 2.29610062
v 5.42393589 52 2.56533051
v 5.29152775 52 2.82838035
v 5.14637184 52 3.08461642
v 4.98881769 52 3.33342147
v 4.81924534 52 3.57419586
v 4.63806295 52 3.80635977
v 4.44570684 52 4.02935362
v 4.2426405 52 4.2426405
v 4.02935362 52 4.44570684
v 3.80635977 52 4.63806295
v 3.57419586 52 4.81924534
v 3.33342147 52 4.98881769
v 3.08461642 52 5.14637184
v 2.82838035 52 5.29152775
v 2.56533051 52 5.42393589
v 2.29610062 52 5.54327726
v 2.02133918 52 5.64926434
v 1.74170804 52 5.741642
v 1.45788109 52 5.82018757
v 1.17054188 52 5.88471174
v 0.88038284 52 5.93505907
v 0.58810282 52 5.97110844
v 0.29440606 52 5.99277258
v 0 52 6
v -0.29440606 52 5.99277258
v -0.58810282 52 5.97110844
v -0.88038284 52 5.93505907
v -1.17054188 52 5.88471174
v -1.45788109 52 5.82018757
v -1.74170804 52 5.741642
v -2.02133918 52 5.64926434
v -2.29610062 52 5.54327726
v -2.56533051 52 5.42393589
v -2.82838035 52 5.29152775
v -3.08461642 52 5.14637184
v -3.33342147 52 4.98881769
v -3.57419586 52 4.81924534
v -3.80635977 52 4.63806295
v -4.02935362 52 4.44570684
v -4.2426405 52 4.2426405
v -4.44570684 52 4.02935362
v -4.63806295 52 3.80635977
v -4.81924534 52 3.57419586
v -4.98881769 52 3.33342147
v -5.14637184 52 3.08461642
v -5.29152775 52 2.82838035
v -5.42393589 52 2.56533051
v -5.54327726 52 2.29610062
v -5.64926434 52 2.02133918
v -5.741642 52 1.74170804
v -5.82018757 52 1.45788109
v -5.88471174 52 1.17054188
v -5.93505907 52 0.88038284
v -5.97110844 52 0.58810282
v -5.99277258 52 0.29440606
v -6 52 0
v 5.99277258 52.29440689 0
v -5.99277258 52.29440689 0
v 5.98236609 52.20890808 0.40945449
v 5.95322084 52.62570953 0.40945449
v 5.97110844 52.58810425 0
v 5.93505907 52.88038254 0
v 5.89507151 53.03945923 0.40945449
v 5.88471174 53.17054367 0
v 5.929636 52.41464233 0.81699991
v 5.80820227 53.44814682 0.40945449
v 5.82018757 53.45788193 0
v 5.741642 53.74170685 0
v 5.88626814 52.82726288 0.81699991
v 5.8709259 52.20501709 1.22073603
v 5.69303608 53.84978104 0.40945449
v 5.64926434 54.02133942 0
v 5.81422234 53.23585129 0.81699991
v 5.8423233 52.61405182 1.22073603
v 5.55013418 54.24240112 0.40945449
v 5.54327726 54.29610062 0
v 5.42393589 54.56533051 0
v 5.7138505 53.6384201 0.81699991
v 5.78525782 53.02009583 1.22073603
v 5.76343012 52.40301895 1.61878061
v 5.38019228 54.62409592 0.40945449
v 5.29152775 54.82838058 0
v 5.58564186 54.03300858 0.81699991
v 5.70000648 53.4211731 1.22073603
v 5.72127724 52.80407333 1.61878061
v 5.65012169 52.19730759 2.00927758
v 5.18403912 54.99300766 0.40945449
v 5.14637184 55.08461761 0
v 5.43021965 54.41769028 0.81699991
v 5.58698559 53.81532288 1.22073603
v 5.65125132 53.20121002 1.61878061
v 5.62259483 52.59095764 2.00927758
v 4.96262932 55.34733582 0.40945449
v 4.98881769 55.3334198 0
v 4.81924534 55.57419586 0
v 5.24834251 54.79059219 0.81699991
v 5.44674587 54.20062637 1.22073603
v 5.55369282 53.59249496 1.61878061
v 5.56767511 52.98173141 2.00927758
v 4.71704245 55.68535614 0.40945449
v 4.63806295 55.80635834 0
v 5.48986197 52.38388824 2.39040661
v 5.04089594 55.14990234 0.81699991
v 5.27996969 54.57521439 1.22073603
v 5.42907763 53.97602081 1.61878061
v 5.48563051 53.36772156 2.00927758
v 4.44847441 56.0054245 0.40945449
v 4.44570684 56.0293541 0
v 4.2426405 56.24264145 0
v 5.44971037 52.76590729 2.39040661
v 4.80889082 55.49386215 0.81699991
v 5.32406616 52.18592072 2.76039028
v 5.08747005 54.93725204 1.22073603
v 5.27801228 54.34992218 1.61878061
v 5.37686014 53.74704742 2.00927758
v 4.15823364 56.30597687 0.40945449
v 4.02935362 56.44570541 0
v 5.383008 53.14419556 2.39040661
v 4.55345678 55.8208046 0.81699991
v 5.29812765 52.55685425 2.76039028
v 4.8701849 55.28498077 1.22073603
v 5.10123301 54.71237183 1.61878061
v 5.24189472 54.1178627 2.00927758
v 3.84773469 56.58555222 0.40945449
v 3.80635977 56.63806152 0
v 5.29008055 53.51690674 2.39040661
v 4.27583885 56.12913132 0.81699991
v 5.24637747 52.92507935 2.76039028
v 4.6291728 55.61670685 1.22073603
v 5.11402845 52.3576088 3.11750364
v 4.89960098 55.06161118 1.61878061
v 5.08139086 54.47835922 2.00927758
v 3.51848984 56.84278488 0.40945449
v 3.57419586 56.81924438 0
v 3.33342147 56.98881912 0
v 5.17138004 53.88222885 2.39040661
v 3.97738981 56.41733932 0.81699991
v 5.16906738 53.28879166 2.76039028
v 4.36560774 55.93080902 1.22073603
v 5.07662535 52.71347427 3.11750364
v 4.67409849 55.39593124 1.61878061
v 4.89883327 52.1710701 3.46008182
v 4.89613152 54.82678223 2.00927758
v 3.1721034 57.07642746 0.40945449
v 3.08461642 57.14636993 0
v 5.02748537 54.23838043 2.39040661
v 3.65956306 56.68402863 0.81699991
v 5.0665741 53.64622879 2.76039028
v 4.08077383 56.22576523 1.22073603
v 5.01448965 53.06586456 3.11750364
v 4.42582464 55.71370697 1.61878061
v 4.87496662 52.51237869 3.46008182
v 4.68701839 55.16143417 2.00927758
v 2.81026268 57.28533554 0.40945449
v 2.82838035 57.29152679 0
v 2.56533051 57.42393494 0
v 4.859097 54.58362961 2.39040661
v 3.32390738 56.92789459 0.81699991
v 4.93939686 53.99564743 2.76039028
v 3.77605867 56.5001297 1.22073603
v 4.92792368 53.41305923 3.11750364
v 4.15598822 56.01338959 1.61878061
v 4.82734966 52.85119247 3.46008182
v 4.4550705 55.48068237 2.00927758
v 4.64293003 52.32466507 3.78652763
v 2.43473077 57.46849442 0.40945449
v 2.29610062 57.54327774 0
v 4.66703558 54.91628647 2.39040661
v 2.97205782 57.14775467 0.81699991
v 4.78815556 54.33533859 2.76039028
v 3.45294714 56.75257492 1.22073603
v 4.81734943 53.75337219 3.11750364
v 3.86590457 56.29352188 1.61878061
v 4.75621414 53.18585587 3.46008182
v 4.20141792 55.78297424 2.00927758
v 4.60897255 52.64774704 3.78652763
v 2.04733682 57.62501144 0.40945449
v 2.02133918 57.64926529 0
v 1.74170804 57.741642 0
v 4.45223713 55.23474121 2.39040661
v 4.38234472 52.15303421 4.09531879
v 2.60572886 57.34253693 0.81699991
v 4.6135869 54.66365433 2.76039028
v 3.11301303 56.98186111 1.22073603
v 4.68330574 54.08514023 3.11750364
v 3.55698657 56.55273438 1.61878061
v 4.6619072 53.5147438 3.46008182
v 3.92729664 56.0668335 2.00927758
v 4.55256081 52.96767807 3.78652763
v 1.64996874 57.75412369 0.40945449
v 1.45788109 57.82018661 0
v 4.21574783 55.53743362 2.39040661
v 4.36099434 52.45835876 4.09531879
v 2.22670484 57.51128769 0.81699991
v 4.4165411 54.97899628 2.76039028
v 2.75791287 57.1868782 1.22073603
v 4.52644539 54.40675354 3.11750364
v 3.23073912 56.78976822 1.61878061
v 4.54488754 53.83625412 3.46008182
v 3.63404179 56.33088303 2.00927758
v 4.47396946 53.28289032 3.78652763
v 1.24456203 57.85520554 0.40945449
v 1.17054188 57.88471222 0
v 3.95871949 55.82289124 2.39040661
v 4.31839752 52.76145172 4.09531879
v 1.83683276 57.65319061 0.81699991
v 4.1979785 55.27981949 2.76039028
v 4.08534288 52.28567505 4.38501596
v 2.38937616 57.36662674 1.22073603
v 4.34753227 54.71664047 3.11750364
v 2.88875175 57.00346375 1.61878061
v 4.40572596 54.14881516 3.46008182
v 3.32308245 56.57382965 2.00927758
v 4.37358093 53.5918541 3.78652763
v 0.83309191 57.92775726 0.40945449
v 0.88038284 57.93505859 0
v 0.58810282 57.97110748 0
v 3.68240499 56.08972549 2.39040661
v 4.25476217 53.06083298 4.09531879
v 1.43801177 57.76755142 0.81699991
v 3.95896387 55.56466675 2.76039028
v 4.05546331 52.56995773 4.38501596
v 2.0091989 57.52022934 1.22073603
v 4.147439 55.01329041 3.11750364
v 3.78422093 52.13214874 4.65426779
v 2.532691 57.19278717 1.61878061
v 4.24510002 54.45090866 3.46008182
v 2.99593329 56.79449463 2.00927758
v 4.25188494 53.89306259 3.78652763
v 0.41756314 57.97143173 0.40945449
v 0.29440606 57.99277115 0
v 3.38814998 56.33663559 2.39040661
v 4.17039776 53.35504532 4.09531879
v 1.03218484 57.85380936 0.81699991
v 3.70066142 55.83214569 2.76039028
v 4.00582647 52.85146332 4.38501596
v 1.61923289 57.64693451 1.22073603
v 3.92713952 55.29526138 3.11750364
v 3.76578474 52.39580154 4.65426779
v 2.1642909 57.35680771 1.61878061
v 4.06379223 54.74106216 3.46008182
v 2.65418816 56.99180222 2.00927758
v 4.10947466 54.18504715 3.78652763
v -0 57.98601151 0.40945449
v 0 58 0
v -0.29440606 57.99277115 0
v 3.07738829 56.56241608 2.39040661
v 4.06571579 53.64265442 4.09531879
v 0.62132925 57.91155243 0.81699991
v 3.42432976 56.08095551 2.76039028
v 3.93667316 53.12882233 4.38501596
v 1.22137821 57.7461319 1.22073603
v 3.68770719 55.5611763 3.11750364
v 3.72900176 52.65752411 4.65426779
v 1.78534687 57.4947319 1.61878061
v 3.8626864 55.01786041 3.46008182
v 3.45165324 52.24136353 4.90181923
v 2.29951215 57.16478729 2.00927758
v 3.94704294 54.46638489 3.78652763
v -0.41756314 57.97143173 0.40945449
v -0.58810282 57.97110748 0
v 2.75163388 56.76596832 2.39040661
v 3.94122601 53.9222641 4.09531879
v 0.20744665 57.94049454 0.81699991
v 3.13131499 56.30988693 2.76039028
v 3.84834099 53.40068054 4.38501596
v 0.81757301 57.81733322 1.22073603
v 3.43030906 55.80974579 3.11750364
v 3.67405152 52.91604233 4.65426779
v 1.3977046 57.60588837 1.61878061
v 3.64276171 55.27995682 3.46008182
v 3.42640877 52.48155212 4.90181923
v 1.93363333 57.31261444 2.00927758
v 3.76538181 54.73571014 3.78652763
v -0.83309191 57.92775726 0.40945449
v -0.88038284 57.93505859 0
v -1.17054188 57.88471222 0
v 3.11560464 52.10879898 5.12651634
v 2.41247392 56.94630432 2.39040661
v 3.79753518 54.1925087 4.09531879
v -0.20744665 57.94049454 0.81699991
v 2.82304478 56.51781464 2.76039028
v 3.74126005 53.66571808 4.38501596
v 0.40978473 57.86019516 1.22073603
v 3.15619874 56.03974915 3.11750364
v 3.60120177 53.17010117 4.65426779
v 1.00325298 57.6897316 1.61878061
v 3.40508986 55.52607346 3.46008182
v 3.38447094 52.71939087 4.90181923
v 1.55833387 57.43455505 2.00927758
v 3.56537604 54.99170685 3.78652763
v -1.24456203 57.85520554 0.40945449
v -1.45788109 57.82018661 0
v 3.10042572 52.3258667 5.12651634
v 2.06156039 57.10254288 2.39040661
v 3.63534284 54.45206833 4.09531879
v -0.62132925 57.91155243 0.81699991
v 2.50102115 56.70373535 2.76039028
v 3.61595201 53.92263412 4.38501596
v -0 57.87450409 1.22073603
v 2.86671162 56.25007629 3.11750364
v 3.51080728 53.41845703 4.65426779
v 0.60391361 57.74585342 1.61878061
v 3.15082884 55.75501251 3.46008182
v 3.32604432 52.95372772 4.90181923
v 1.17544234 57.53002167 2.00927758
v 3.34800005 55.23312759 3.78652763
v -1.64996874 57.75412369 0.40945449
v -1.74170804 57.741642 0
v 3.07014179 52.5413475 5.12651634
v 1.70060325 57.23391724 2.39040661
v 3.45543957 54.69968414 4.09531879
v -1.03218484 57.85380936 0.81699991
v 2.75366616 52.19255447 5.32731152
v 2.16681266 56.86674118 2.76039028
v 3.47302747 54.1701889 4.38501596
v -0.40978473 57.86019516 1.22073603
v 2.56325817 56.43969345 3.11750364
v 3.40330863 53.65990448 4.65426779
v 0.20163198 57.773983 1.61878061
v 2.88121724 55.96565628 3.46008182
v 3.25141335 53.18341827 4.90181923
v 0.78682423 57.59854507 2.00927758
v 3.11431289 55.45879364 3.78652763
v -2.04733682 57.62501144 0.40945449
v -2.02133918 57.64926529 0
v -2.29610062 57.54327774 0
v 3.02490044 52.75419235 5.12651634
v 1.33136094 57.33979797 2.39040661
v 3.2587018 54.93414688 4.09531879
v -1.43801177 57.76755142 0.81699991
v 2.73352623 52.38417053 5.32731152
v 1.82204783 57.00603485 2.76039028
v 3.31318259 54.40716934 4.38501596
v -0.81757301 57.81733322 1.22073603
v 2.38895035 52.08342361 5.50326777
v 2.24731684 56.60768127 3.11750364
v 3.27922916 53.89326477 4.65426779
v -0.20163198 57.773983 1.61878061
v 2.59756851 56.15697861 3.46008182
v 3.16094208 53.407341 4.90181923
v 0.39437279 57.6397934 2.00927758
v 2.86545324 55.66761398 3.78652763
v -2.43473077 57.46849442 0.40945449
v -2.56533051 57.42393494 0
v 2.96492219 52.96335983 5.12651634
v 0.95563245 57.41966248 2.39040661
v 3.04608798 55.15431595 4.09531879
v -1.83683276 57.65319061 0.81699991
v 2.70006919 52.57391739 5.32731152
v 1.46840596 57.12094116 2.76039028
v 3.1371963 54.63241959 4.38501596
v -1.22137821 57.7461319 1.22073603
v 2.37731171 52.24986649 5.50326777
v 1.92042685 56.75322342 3.11750364
v 3.13917375 54.11740112 4.65426779
v -0.60391361 57.74585342 1.61878061
v 2.30126476 56.32804871 3.46008182
v 3.05507112 53.62440872 4.90181923
v -0 57.65356445 2.00927758
v 2.60263348 55.85856247 3.78652763
v -2.81026268 57.28533554 0.40945449
v -2.82838035 57.29152679 0
v -3.08461642 57.14636993 0
v 2.89049911 53.16783905 5.12651634
v 0.57524812 57.47312164 2.39040661
v 2.81863379 55.3591156 4.09531879
v -2.22670484 57.51128769 0.81699991
v 2.6534574 52.76086807 5.32731152
v 1.10761034 57.21089554 2.76039028
v 2.94592595 54.84484863 4.38501596
v -1.61923289 57.64693451 1.22073603
v 2.35409093 52.41508865 5.50326777
v 1.58418071 56.87560654 3.11750364
v 2.98382449 54.33121872 4.65426779
v -1.00325298 57.6897316 1.61878061
v 2.00438309 52.14015961 5.65356541
v 1.9937495 56.47803497 3.46008182
v 2.93431592 53.83356476 4.90181923
v -0.39437279 57.6397934 2.00927758
v 2.32713389 56.03071594 3.78652763
v -3.1721034 57.07642746 0.40945449
v -3.33342147 56.98881912 0
v 2.80199385 53.36662292 5.12651634
v 0.19206128 57.49991608 2.39040661
v 2.57744765 55.54755402 4.09531879
v -2.60572886 57.34253693 0.81699991
v 2.59391832 52.94411087 5.32731152
v 0.74141842 57.27546692 2.76039028
v 2.74030328 55.04341507 4.38501596
v -2.0091989 57.52022934 1.22073603
v 2.31940126 52.57829285 5.50326777
v 1.24021661 56.97423553 3.11750364
v 2.81393838 54.53367996 4.65426779
v -1.3977046 57.60588837 1.61878061
v 1.98972356 52.27963638 5.65356541
v 1.67652094 56.60620499 3.46008182
v 2.79926515 54.03378677 4.90181923
v -0.78682423 57.59854507 2.00927758
v 1.61779451 52.05649567 5.77750349
v 2.04029679 56.18322754 3.78652763
v -3.51848984 56.84278488 0.40945449
v -3.57419586 56.81924438 0
v -3.80635977 56.63806152 0
v 2.69983745 53.55875015 5.12651634
v -0.19206128 57.49991608 2.39040661
v 2.32370424 55.71870422 4.09531879
v -2.97205782 57.14775467 0.81699991
v 2.52174187 53.12275314 5.32731152
v 0.37161446 57.31433487 2.76039028
v 2.52133012 55.22715378 4.38501596
v -2.38937616 57.36662674 1.22073603
v 2.27341175 52.73867798 5.50326777
v 0.89021021 57.04863358 3.11750364
v 2.6303432 54.72380066 4.65426779
v -1.78534687 57.4947319 1.61878061
v 1.96537018 52.41775131 5.65356541
v 1.35112453 56.71192932 3.46008182
v 2.65057659 54.22409821 4.90181923
v -1.17544234 57.53002167 2.00927758
v 1.60991275 52.16920853 5.77750349
v 1.74351943 56.31536102 3.78652763
v -3.84773469 56.58555222 0.40945449
v -4.02935362 56.44570541 0
v 2.58452773 53.74328613 5.12651634
v -0.57524812 57.47312164 2.39040661
v 2.05864024 55.87173843 4.09531879
v -3.32390738 56.92789459 0.81699991
v 2.43727994 53.29592514 5.32731152
v -0 57.32731247 2.76039028
v 2.29007316 55.39517212 4.38501596
v -2.75791287 57.1868782 1.22073603
v 2.21634626 52.89546204 5.50326777
v 0.53586686 57.09843445 3.11750364
v 2.43393302 54.90065002 4.65426779
v -2.1642909 57.35680771 1.61878061
v 1.93144166 52.55383301 5.65356541
v 1.01914561 56.79470444 3.46008182
v 2.48897457 54.4035759 4.90181923
v -1.55833387 57.43455505 2.00927758
v 1.59418774 52.28109741 5.77750349
v 1.4382478 56.42647171 3.78652763
v -4.15823364 56.30597687 0.40945449
v -4.2426405 56.24264145 0
v 2.45662642 53.91932678 5.12651634
v -0.95563245 57.41966248 2.39040661
v 1.21776247 52.08515549 5.87450457
v 1.78354657 56.00591278 4.09531879
v -3.65956306 56.68402863 0.81699991
v 2.34094357 53.46278381 5.32731152
v -0.37161446 57.31433487 2.76039028
v 2.0476594 55.54664993 4.38501596
v -3.11301303 56.98186111 1.22073603
v 2.14848328 53.04788589 5.50326777
v 0.17891285 57.12339401 3.11750364
v 2.22566509 55.06336594 4.65426779
v -2.532691 57.19278717 1.61878061
v 1.88810337 52.6872139 5.65356541
v 0.68220139 56.85411453 3.46008182
v 2.31524682 54.57134247 4.90181923
v -1.93363333 57.31261444 2.00927758
v 1.57069588 52.39161682 5.77750349
v 1.12596929 56.51601791 3.78652763
v -4.44847441 56.0054245 0.40945449
v -4.44570684 56.0293541 0
v -4.63806295 55.80635834 0
v 2.31675673 54.08601761 5.12651634
v -1.33136094 57.33979797 2.39040661
v 1.20885599 52.16989517 5.87450457
v 1.49976373 56.12056732 4.09531879
v -3.97738981 56.41733932 0.81699991
v 2.2332027 53.62251663 5.32731152
v -0.74141842 57.27546692 2.76039028
v 0.81650221 52.02851105 5.94411564
v 1.79526961 55.68084717 4.38501596
v -3.45294714 56.75257492 1.22073603
v 2.07015276 53.19520187 5.50326777
v -0.17891285 57.12339401 3.11750364
v 2.00655389 55.21115875 4.65426779
v -2.88875175 57.00346375 1.61878061
v 1.83556652 52.81724548 5.65356541
v 0.34193364 56.88987732 3.46008182
v 2.13023925 54.72658157 4.90181923
v -2.29951215 57.16478729 2.00927758
v 1.53955185 52.50022888 5.77750349
v 0.80820513 56.58355713 3.78652763
v -4.71704245 55.68535614 0.40945449
v -4.81924534 55.57419586 0
v 2.16560006 54.24254608 5.12651634
v -1.70060325 57.23391724 2.39040661
v 1.19406009 52.25380707 5.87450457
v 1.20867419 56.21514893 4.09531879
v -4.27583885 56.12913132 0.81699991
v 2.11458158 53.7743454 5.32731152
v -1.10761034 57.21089554 2.76039028
v 0.81252426 52.08539963 5.94411564
v 1.53413343 55.79711533 4.38501596
v -3.77605867 56.5001297 1.22073603
v 1.98173678 53.33669662 5.50326777
v -0.53586686 57.09843445 3.11750364
v 1.77766705 55.34330368 4.65426779
v -3.23073912 56.78976822 1.61878061
v 1.77408683 52.94329834 5.65356541
v -0 56.90182114 3.46008182
v 1.93485332 54.8685379 4.90181923
v -2.65418816 56.99180222 2.00927758
v 1.5009073 52.60640717 5.77750349
v 0.48650345 56.62877274 3.78652763
v -4.96262932 55.34733582 0.40945449
v -4.98881769 55.3334198 0
v -5.14637184 55.08461761 0
v 2.00389266 54.38814545 5.12651634
v -2.06156039 57.10254288 2.39040661
v 1.17344677 52.33647919 5.87450457
v 0.91169602 56.2891922 4.09531879
v -4.55345678 55.8208046 0.81699991
v 1.98565853 53.91753006 5.32731152
v -1.46840596 57.12094116 2.76039028
v 0.80458784 52.14187241 5.94411564
v 1.26552308 55.89487839 4.38501596
v -4.08077383 56.22576523 1.22073603
v 1.88366604 53.47167969 5.50326777
v -0.89021021 57.04863358 3.11750364
v 0.40845707 52.02856064 5.98601246
v 1.54011953 55.45916367 4.65426779
v -3.55698657 56.55273438 1.61878061
v 1.70396411 53.06475449 5.65356541
v -0.34193364 56.88987732 3.46008182
v 1.73004091 54.99651718 4.90181923
v -2.99593329 56.79449463 2.00927758
v 1.45495033 52.70962524 5.77750349
v 0.1624316 56.65143204 3.78652763
v -5.18403912 54.99300766 0.40945449
v -5.29152775 54.82838058 0
v 1.83242273 54.5221138 5.12651634
v -2.41247392 56.94630432 2.39040661
v 1.14711666 52.4175148 5.87450457
v 0.61027622 56.34234238 4.09531879
v -4.80889082 55.49386215 0.81699991
v 1.84706163 54.05136871 5.32731152
v -1.82204783 57.00603485 2.76039028
v 0.79273152 52.19765091 5.94411564
v 0.99074727 55.97367096 4.38501596
v -4.36560774 55.93080902 1.22073603
v 1.77641821 53.59949493 5.50326777
v -1.24021661 56.97423553 3.11750364
v 0.40546969 52.05698395 5.98601246
v 1.29506874 55.55817032 4.65426779
v -3.86590457 56.29352188 1.61878061
v 1.62553978 53.18102264 5.65356541
v -0.68220139 56.85411453 3.46008182
v 1.51680005 55.10990143 4.90181923
v -3.32308245 56.57382965 2.00927758
v 1.40190518 52.80939102 5.77750349
v -0.1624316 56.65143204 3.78652763
v -5.38019228 54.62409592 0.40945449
v -5.42393589 54.56533051 0
v 1.65202522 54.6437912 5.12651634
v -2.75163388 56.76596832 2.39040661
v 1.1151979 52.49651718 5.87450457
v 0.30588323 56.37433243 4.09531879
v -5.04089594 55.14990234 0.81699991
v 1.69946587 54.17521667 5.32731152
v -2.16681266 56.86674118 2.76039028
v 0.77701306 52.25246811 5.94411564
v 0.71114469 56.03310013 4.38501596
v -4.6291728 55.61670685 1.22073603
v 1.6605159 53.71951294 5.50326777
v -1.58418071 56.87560654 3.11750364
v 0.40050691 52.08512878 5.98601246
v 1.04370844 55.63984299 4.65426779
v -4.15598822 56.01338959 1.61878061
v 1.53919601 53.29153824 5.65356541
v -1.01914561 56.79470444 3.46008182
v 1.29616952 55.2081337 4.90181923
v -3.63404179 56.33088303 2.00927758
v 1.34202993 52.9052124 5.77750349
v -0.48650345 56.62877274 3.78652763
v -5.55013418 54.24240112 0.40945449
v -5.54327726 54.29610062 0
v -5.64926434 54.02133942 0
v 1.4635793 54.75259399 5.12651634
v -3.07738829 56.56241608 2.39040661
v 1.07784593 52.57310104 5.87450457
v -0 56.3850174 4.09531879
v -5.24834251 54.79059219 0.81699991
v 1.54359066 54.28846741 5.32731152
v -2.50102115 56.70373535 2.76039028
v 0.75750911 52.30605316 5.94411564
v 0.4280774 56.07288361 4.38501596
v -4.8701849 55.28498077 1.22073603
v 1.5365237 53.83115768 5.50326777
v -1.92042685 56.75322342 3.11750364
v 0.39359289 52.11286163 5.98601246
v 0.78726339 55.70378113 4.65426779
v -4.42582464 55.71370697 1.61878061
v 1.44535339 53.3957634 5.65356541
v -1.35112453 56.71192932 3.46008182
v 1.06922412 55.29073334 4.90181923
v -3.92729664 56.0668335 2.00927758
v 1.27561653 52.99662018 5.77750349
v -0.80820513 56.58355713 3.78652763
v -5.69303608 53.84978104 0.40945449
v -5.741642 53.74170685 0
v 1.26800299 54.8479805 5.12651634
v -3.38814998 56.33663559 2.39040661
v 1.03524292 52.64689255 5.87450457
v -0.30588323 56.37433243 4.09531879
v -5.43021965 54.41769028 0.81699991
v 1.38019514 54.39056778 5.32731152
v -2.82304478 56.51781464 2.76039028
v 0.73431462 52.35815048 5.94411564
v 0.14292456 56.09282303 4.38501596
v -5.08747005 54.93725204 1.22073603
v 1.40504575 53.93387985 5.50326777
v -2.24731684 56.60768127 3.11750364
v 0.38476136 52.14004135 5.98601246
v 0.52698278 55.74967575 4.65426779
v -4.67409849 55.39593124 1.61878061
v 1.34446919 53.49318314 5.65356541
v -1.67652094 56.60620499 3.46008182
v 0.83706957 55.35730362 4.90181923
v -4.20141792 55.78297424 2.00927758
v 1.20298851 53.08317566 5.77750349
v -1.12596929 56.51601791 3.78652763
v -5.80820227 53.44814682 0.40945449
v -5.82018757 53.45788193 0
v -5.88471174 53.17054367 0
v 1.06624901 54.92949677 5.12651634
v -3.68240499 56.08972549 2.39040661
v 0.98759621 52.7175293 5.87450457
v -0.61027622 56.34234238 4.09531879
v -5.58564186 54.03300858 0.81699991
v 1.21007538 54.48102188 5.32731152
v -3.13131499 56.30988693 2.76039028
v 0.70754266 52.40850067 5.94411564
v -0.14292456 56.09282303 4.38501596
v -5.27996969 54.57521439 1.22073603
v 1.26672244 54.02717972 5.50326777
v -2.56325817 56.43969345 3.11750364
v 0.37405527 52.16653824 5.98601246
v 0.26413482 55.7773056 4.65426779
v -4.89960098 55.06161118 1.61878061
v 1.2370348 53.58333206 5.65356541
v -1.9937495 56.47803497 3.46008182
v 0.60083693 55.40751648 4.90181923
v -4.4550705 55.48068237 2.00927758
v 1.12449956 53.1644516 5.77750349
v -1.4382478 56.42647171 3.78652763
v -5.89507151 53.03945923 0.40945449
v -5.93505907 52.88038254 0
v 0.85930049 54.99673843 5.12651634
v -3.95871949 55.82289124 2.39040661
v 0.93513811 52.7846756 5.87450457
v -0.91169602 56.2891922 4.09531879
v -5.7138505 53.6384201 0.81699991
v 1.03406036 54.55939102 5.32731152
v -3.42432976 56.08095551 2.76039028
v 0.67732358 52.45685959 5.94411564
v -0.4280774 56.07288361 4.38501596
v -5.44674587 54.20062637 1.22073603
v 1.12222791 54.11060333 5.50326777
v -2.86671162 56.25007629 3.11750364
v 0.36152685 52.19222641 5.98601246
v -0 55.78652954 4.65426779
v -5.10123301 54.71237183 1.61878061
v 1.12357378 53.66576767 5.65356541
v -2.30126476 56.32804871 3.46008182
v 0.36167705 55.44112778 4.90181923
v -4.68701839 55.16143417 2.00927758
v 1.04053211 53.2400589 5.77750349
v -1.74351943 56.31536102 3.78652763
v -5.95322084 52.62570953 0.40945449
v -5.97110844 52.58810425 0
v 0.64816546 55.04937744 5.12651634
v -4.21574783 55.53743362 2.39040661
v 0.87812406 52.84799576 5.87450457
v -1.20867419 56.21514893 4.09531879
v -5.81422234 53.23585129 0.81699991
v 0.8530075 54.6252861 5.32731152
v -3.70066142 55.83214569 2.76039028
v 0.64380473 52.50299454 5.94411564
v -0.71114469 56.03310013 4.38501596
v -5.58698559 53.81532288 1.22073603
v 0.97226596 54.18374634 5.50326777
v -3.15619874 56.03974915 3.11750364
v 0.34723708 52.21697617 5.98601246
v -0.26413482 55.7773056 4.65426779
v -5.27801228 54.34992218 1.61878061
v 1.00463879 53.7400856 5.65356541
v -2.59756851 56.15697861 3.46008182
v 0.12075512 55.45797348 4.90181923
v -4.89613152 54.82678223 2.00927758
v 0.95149541 53.3096199 5.77750349
v -2.04029679 56.18322754 3.78652763
v -5.98236609 52.20890808 0.40945449
v 0.43387267 55.08716583 5.12651634
v -4.45223713 55.23474121 2.39040661
v 0.81683189 52.9071846 5.87450457
v -1.49976373 56.12056732 4.09531879
v -5.88626814 52.82726288 0.81699991
v 0.66779882 54.67839432 5.32731152
v -3.95896387 55.56466675 2.76039028
v 0.60714924 52.54668045 5.94411564
v -0.99074727 55.97367096 4.38501596
v -5.70000648 53.4211731 1.22073603
v 0.81756717 54.24624634 5.50326777
v -3.43030906 55.80974579 3.11750364
v 0.33125564 52.24067307 5.98601246
v -0.52698278 55.74967575 4.65426779
v -5.42907763 53.97602081 1.61878061
v 0.88080937 53.80592728 5.65356541
v -2.88121724 55.96565628 3.46008182
v -0.12075512 55.45797348 4.90181923
v -5.08139086 54.47835922 2.00927758
v 0.85782301 53.37280273 5.77750349
v -2.32713389 56.03071594 3.78652763
v 0.21746607 55.10990906 5.12651634
v -4.66703558 54.91628647 2.39040661
v 0.75156015 52.96195221 5.87450457
v -1.78354657 56.00591278 4.09531879
v -5.929636 52.41464233 0.81699991
v 0.47933674 54.71845245 5.32731152
v -4.1979785 55.27981949 2.76039028
v 0.56753582 52.58769989 5.94411564
v -1.26552308 55.89487839 4.38501596
v -5.78525782 53.02009583 1.22073603
v 0.65888536 54.29780579 5.50326777
v -3.68770719 55.5611763 3.11750364
v 0.31366032 52.26319122 5.98601246
v -0.78726339 55.70378113 4.65426779
v -5.55369282 53.59249496 1.61878061
v 0.75268865 53.86296844 5.65356541
v -3.15082884 55.75501251 3.46008182
v -0.36167705 55.44112778 4.90181923
v -5.24189472 54.1178627 2.00927758
v 0.7599715 53.4292984 5.77750349
v -2.60263348 55.85856247 3.78652763
v -0 55.11750412 5.12651634
v -4.859097 54.58362961 2.39040661
v 0.68262696 53.01203537 5.87450457
v -2.05864024 55.87173843 4.09531879
v 0.28853935 54.74526978 5.32731152
v -4.4165411 54.97899628 2.76039028
v 0.52515739 52.62585831 5.94411564
v -1.53413343 55.79711533 4.38501596
v -5.8423233 52.61405182 1.22073603
v 0.49699345 54.3381691 5.50326777
v -3.92713952 55.29526138 3.11750364
v 0.29453692 52.28443146 5.98601246
v -1.04370844 55.63984299 4.65426779
v -5.65125132 53.20121002 1.61878061
v 0.62090093 53.91093826 5.65356541
v -3.40508986 55.52607346 3.46008182
v -0.60083693 55.40751648 4.90181923
v -5.37686014 53.74704742 2.00927758
v 0.6584174 53.47882843 5.77750349
v -2.86545324 55.66761398 3.78652763
v -0.21746607 55.10990906 5.12651634
v -5.02748537 54.23838043 2.39040661
v 0.61036801 53.05718994 5.87450457
v -2.32370424 55.71870422 4.09531879
v 0.09633623 54.75870895 5.32731152
v -4.6135869 54.66365433 2.76039028
v 0.4802205 52.66096497 5.94411564
v -1.79526961 55.68084717 4.38501596
v -5.8709259 52.20501709 1.22073603
v 0.33268028 54.36714172 5.50326777
v -4.147439 55.01329041 3.11750364
v 0.27397853 52.30428314 5.98601246
v -1.29506874 55.55817032 4.65426779
v -5.72127724 52.80407333 1.61878061
v 0.48608828 53.94959259 5.65356541
v -3.64276171 55.27995682 3.46008182
v -0.83706957 55.35730362 4.90181923
v -5.48563051 53.36772156 2.00927758
v 0.55365556 53.52115631 5.77750349
v -3.11431289 55.45879364 3.78652763
v -0.43387267 55.08716583 5.12651634
v -5.17138004 53.88222885 2.39040661
v 0.53513545 53.09719086 5.87450457
v -2.57744765 55.54755402 4.09531879
v -0.09633623 54.75870895 5.32731152
v -4.78815556 54.33533859 2.76039028
v 0.43294397 52.69285583 5.94411564
v -2.0476594 55.54664993 4.38501596
v 0.16674633 54.38458252 5.50326777
v -4.34753227 54.71664047 3.11750364
v 0.25208536 52.32265472 5.98601246
v -1.54011953 55.45916367 4.65426779
v -5.76343012 52.40301895 1.61878061
v 0.34890741 53.97875214 5.65356541
v -3.8626864 55.01786041 3.46008182
v -1.06922412 55.29073334 4.90181923
v -5.56767511 52.98173141 2.00927758
v 0.44619641 53.55607224 5.77750349
v -3.34800005 55.23312759 3.78652763
v -0.64816546 55.04937744 5.12651634
v -5.29008055 53.51690674 2.39040661
v 0.45729578 53.13184738 5.87450457
v -2.81863379 55.3591156 4.09531879
v -0.28853935 54.74526978 5.32731152
v -4.93939686 53.99564743 2.76039028
v 0.38355821 52.72136688 5.94411564
v -2.29007316 55.39517212 4.38501596
v -0 54.39040756 5.50326777
v -4.52644539 54.40675354 3.11750364
v 0.22896405 52.33945465 5.98601246
v -1.77766705 55.34330368 4.65426779
v 0.21002671 53.99827194 5.65356541
v -4.06379223 54.74106216 3.46008182
v -1.29616952 55.2081337 4.90181923
v -5.62259483 52.59095764 2.00927758
v 0.33656341 53.58340454 5.77750349
v -3.56537604 54.99170685 3.78652763
v -0.85930049 54.99673843 5.12651634
v -5.383008 53.14419556 2.39040661
v 0.3772282 53.16098785 5.87450457
v -3.04608798 55.15431595 4.09531879
v -0.47933674 54.71845245 5.32731152
v -5.0665741 53.64622879 2.76039028
v 0.33230379 52.74636841 5.94411564
v -2.52133012 55.22715378 4.38501596
v -0.16674633 54.38458252 5.50326777
v -4.68330574 54.08514023 3.11750364
v 0.20472725 52.354599 5.98601246
v -2.00655389 55.21115875 4.65426779
v 0.07012278 54.00805283 5.65356541
v -4.24510002 54.45090866 3.46008182
v -1.51680005 55.10990143 4.90181923
v -5.65012169 52.19730759 2.00927758
v 0.22529072 53.60302734 5.77750349
v -3.76538181 54.73571014 3.78652763
v -1.06624901 54.92949677 5.12651634
v -5.44971037 52.76590729 2.39040661
v 0.29532278 53.18447495 5.87450457
v -3.2587018 54.93414688 4.09531879
v -0.66779882 54.67839432 5.32731152
v -5.16906738 53.28879166 2.76039028
v 0.27943042 52.7677269 5.94411564
v -2.74030328 55.04341507 4.38501596
v -0.33268028 54.36714172 5.50326777
v -4.81734943 53.75337219 3.11750364
v 0.17949302 52.36801529 5.98601246
v -2.22566509 55.06336594 4.65426779
v -0.07012278 54.00805283 5.65356541
v -4.40572596 54.14881516 3.46008182
v -1.73004091 54.99651718 4.90181923
v 0.11292043 53.61483765 5.77750349
v -3.94704294 54.46638489 3.78652763
v -1.26800299 54.8479805 5.12651634
v -5.48986197 52.38388824 2.39040661
v 0.2119786 53.2021904 5.87450457
v -3.45543957 54.69968414 4.09531879
v -0.8530075 54.6252861 5.32731152
v -5.24637747 52.92507935 2.76039028
v 0.22519569 52.7853508 5.94411564
v -2.94592595 54.84484863 4.38501596
v -0.49699345 54.3381691 5.50326777
v -4.92792368 53.41305923 3.11750364
v 0.15338434 52.37963867 5.98601246
v -2.43393302 54.90065002 4.65426779
v -0.21002671 53.99827194 5.65356541
v -4.54488754 53.83625412 3.46008182
v -1.93485332 54.8685379 4.90181923
v -0 53.61878204 5.77750349
v -4.10947466 54.18504715 3.78652763
v -1.4635793 54.75259399 5.12651634
v 0.12760167 53.21405029 5.87450457
v -3.63534284 54.45206833 4.09531879
v -1.03406036 54.55939102 5.32731152
v -5.29812765 52.55685425 2.76039028
v 0.16986383 52.79914474 5.94411564
v -3.1371963 54.63241959 4.38501596
v -0.65888536 54.29780579 5.50326777
v -5.01448965 53.06586456 3.11750364
v 0.1265284 52.38941574 5.98601246
v -2.6303432 54.72380066 4.65426779
v -0.34890741 53.97875214 5.65356541
v -4.6619072 53.5147438 3.46008182
v -2.13023925 54.72658157 4.90181923
v -0.11292043 53.61483765 5.77750349
v -4.25188494 53.89306259 3.78652763
v -1.65202522 54.6437912 5.12651634
v 0.04260308 53.21999359 5.87450457
v -3.79753518 54.1925087 4.09531879
v -1.21007538 54.48102188 5.32731152
v -5.32406616 52.18592072 2.76039028
v 0.11370441 52.8090477 5.94411564
v -3.31318259 54.40716934 4.38501596
v -0.81756717 54.24624634 5.50326777
v -5.07662535 52.71347427 3.11750364
v 0.09905601 52.39729309 5.98601246
v -2.81393838 54.53367996 4.65426779
v -0.48608828 53.94959259 5.65356541
v -4.75621414 53.18585587 3.46008182
v -2.31524682 54.57134247 4.90181923
v -0.22529072 53.60302734 5.77750349
v -4.37358093 53.5918541 3.78652763
v -1.83242273 54.5221138 5.12651634
v -0.04260308 53.21999359 5.87450457
v -3.94122601 53.9222641 4.09531879
v -1.38019514 54.39056778 5.32731152
v 0.05699103 52.81501007 5.94411564
v -3.47302747 54.1701889 4.38501596
v -0.97226596 54.18374634 5.50326777
v -5.11402845 52.3576088 3.11750364
v 0.07110102 52.40323257 5.98601246
v -2.98382449 54.33121872 4.65426779
v -0.62090093 53.91093826 5.65356541
v -4.82734966 52.85119247 3.46008182
v -2.48897457 54.4035759 4.90181923
v -0.33656341 53.58340454 5.77750349
v -4.47396946 53.28289032 3.78652763
v -2.00389266 54.38814545 5.12651634
v -0.12760167 53.21405029 5.87450457
v -4.06571579 53.64265442 4.09531879
v -1.54359066 54.28846741 5.32731152
v -0 52.81700134 5.94411564
v -3.61595201 53.92263412 4.38501596
v -1.12222791 54.11060333 5.50326777
v 0.04279965 52.4072113 5.98601246
v -3.13917375 54.11740112 4.65426779
v -0.75268865 53.86296844 5.65356541
v -4.87496662 52.51237869 3.46008182
v -2.65057659 54.22409821 4.90181923
v -0.44619641 53.55607224 5.77750349
v -4.55256081 52.96767807 3.78652763
v -2.16560006 54.24254608 5.12651634
v -0.2119786 53.2021904 5.87450457
v -4.17039776 53.35504532 4.09531879
v -1.69946587 54.17521667 5.32731152
v -0.05699103 52.81501007 5.94411564
v -3.74126005 53.66571808 4.38501596
v -1.26672244 54.02717972 5.50326777
v 0.01428976 52.40920639 5.98601246
v -3.27922916 53.89326477 4.65426779
v -0.88080937 53.80592728 5.65356541
v -4.89883327 52.1710701 3.46008182
v -2.79926515 54.03378677 4.90181923
v -0.55365556 53.52115631 5.77750349
v -4.60897255 52.64774704 3.78652763
v -2.31675673 54.08601761 5.12651634
v -0.29532278 53.18447495 5.87450457
v -4.25476217 53.06083298 4.09531879
v -1.84706163 54.05136871 5.32731152
v -0.11370441 52.8090477 5.94411564
v -3.84834099 53.40068054 4.38501596
v -1.40504575 53.93387985 5.50326777
v -0.01428976 52.40920639 5.98601246
v -3.40330863 53.65990448 4.65426779
v -1.00463879 53.7400856 5.65356541
v -2.93431592 53.83356476 4.90181923
v -0.6584174 53.47882843 5.77750349
v -4.64293003 52.32466507 3.78652763
v -2.45662642 53.91932678 5.12651634
v -0.3772282 53.16098785 5.87450457
v -4.31839752 52.76145172 4.09531879
v -1.98565853 53.91753006 5.32731152
v -0.16986383 52.79914474 5.94411564
v -3.93667316 53.12882233 4.38501596
v -1.5365237 53.83115768 5.50326777
v -0.04279965 52.4072113 5.98601246
v -3.51080728 53.41845703 4.65426779
v -1.12357378 53.66576767 5.65356541
v -3.05507112 53.62440872 4.90181923
v -0.7599715 53.4292984 5.77750349
v -2.58452773 53.74328613 5.12651634
v -0.45729578 53.13184738 5.87450457
v -4.36099434 52.45835876 4.09531879
v -2.11458158 53.7743454 5.32731152
v -0.22519569 52.7853508 5.94411564
v -4.00582647 52.85146332 4.38501596
v -1.6605159 53.71951294 5.50326777
v -0.07110102 52.40323257 5.98601246
v -3.60120177 53.17010117 4.65426779
v -1.2370348 53.58333206 5.65356541
v -3.16094208 53.407341 4.90181923
v -0.85782301 53.37280273 5.77750349
v -2.69983745 53.55875015 5.12651634
v -0.53513545 53.09719086 5.87450457
v -4.38234472 52.15303421 4.09531879
v -2.2332027 53.62251663 5.32731152
v -0.27943042 52.7677269 5.94411564
v -4.05546331 52.56995773 4.38501596
v -1.77641821 53.59949493 5.50326777
v -0.09905601 52.39729309 5.98601246
v -3.67405152 52.91604233 4.65426779
v -1.34446919 53.49318314 5.65356541
v -3.25141335 53.18341827 4.90181923
v -0.95149541 53.3096199 5.77750349
v -2.80199385 53.36662292 5.12651634
v -0.61036801 53.05718994 5.87450457
v -2.34094357 53.46278381 5.32731152
v -0.33230379 52.74636841 5.94411564
v -4.08534288 52.28567505 4.38501596
v -1.88366604 53.47167969 5.50326777
v -0.1265284 52.38941574 5.98601246
v -3.72900176 52.65752411 4.65426779
v -1.44535339 53.3957634 5.65356541
v -3.32604432 52.95372772 4.90181923
v -1.04053211 53.2400589 5.77750349
v -2.89049911 53.16783905 5.12651634
v -0.68262696 53.01203537 5.87450457
v -2.43727994 53.29592514 5.32731152
v -0.38355821 52.72136688 5.94411564
v -1.98173678 53.33669662 5.50326777
v -0.15338434 52.37963867 5.98601246
v -3.76578474 52.39580154 4.65426779
v -1.53919601 53.29153824 5.65356541
v -3.38447094 52.71939087 4.90181923
v -1.12449956 53.1644516 5.77750349
v -2.96492219 52.96335983 5.12651634
v -0.75156015 52.96195221 5.87450457
v -2.52174187 53.12275314 5.32731152
v -0.43294397 52.69285583 5.94411564
v -2.07015276 53.19520187 5.50326777
v -0.17949302 52.36801529 5.98601246
v -3.78422093 52.13214874 4.65426779
v -1.62553978 53.18102264 5.65356541
v -3.42640877 52.48155212 4.90181923
v -1.20298851 53.08317566 5.77750349
v -3.02490044 52.75419235 5.12651634
v -0.81683189 52.9071846 5.87450457
v -2.59391832 52.94411087 5.32731152
v -0.4802205 52.66096497 5.94411564
v -2.14848328 53.04788589 5.50326777
v -0.20472725 52.354599 5.98601246
v -1.70396411 53.06475449 5.65356541
v -3.45165324 52.24136353 4.90181923
v -1.27561653 52.99662018 5.77750349
v -3.07014179 52.5413475 5.12651634
v -0.87812406 52.84799576 5.87450457
v -2.6534574 52.76086807 5.32731152
v -0.52515739 52.62585831 5.94411564
v -2.21634626 52.89546204 5.50326777
v -0.22896405 52.33945465 5.98601246
v -1.77408683 52.94329834 5.65356541
v -1.34202993 52.9052124 5.77750349
v -3.10042572 52.3258667 5.12651634
v -0.93513811 52.7846756 5.87450457
v -2.70006919 52.57391739 5.32731152
v -0.56753582 52.58769989 5.94411564
v -2.27341175 52.73867798 5.50326777
v -0.25208536 52.32265472 5.98601246
v -1.83556652 52.81724548 5.65356541
v -1.40190518 52.80939102 5.77750349
v -3.11560464 52.10879898 5.12651634
v -0.98759621 52.7175293 5.87450457
v -2.73352623 52.38417053 5.32731152
v -0.60714924 52.54668045 5.94411564
v -2.31940126 52.57829285 5.50326777
v -0.27397853 52.30428314 5.98601246
v -1.88810337 52.6872139 5.65356541
v -1.45495033 52.70962524 5.77750349
v -1.03524292 52.64689255 5.87450457
v -2.75366616 52.19255447 5.32731152
v -0.64380473 52.50299454 5.94411564
v -2.35409093 52.41508865 5.50326777
v -0.29453692 52.28443146 5.98601246
v -1.93144166 52.55383301 5.65356541
v -1.5009073 52.60640717 5.77750349
v -1.07784593 52.57310104 5.87450457
v -0.67732358 52.45685959 5.94411564
v -2.37731171 52.24986649 5.50326777
v -0.31366032 52.26319122 5.98601246
v -1.96537018 52.41775131 5.65356541
v -1.53955185 52.50022888 5.77750349
v -1.1151979 52.49651718 5.87450457
v -0.70754266 52.40850067 5.94411564
v -2.38895035 52.08342361 5.50326777
v -0.33125564 52.24067307 5.98601246
v -1.98972356 52.27963638 5.65356541
v -1.57069588 52.39161682 5.77750349
v -1.14711666 52.4175148 5.87450457
v -0.73431462 52.35815048 5.94411564
v -0.34723708 52.21697617 5.98601246
v -2.00438309 52.14015961 5.65356541
v -1.59418774 52.28109741 5.77750349
v -1.17344677 52.33647919 5.87450457
v -0.75750911 52.30605316 5.94411564
v -0.36152685 52.19222641 5.98601246
v -1.60991275 52.16920853 5.77750349
v -1.19406009 52.25380707 5.87450457
v -0.77701306 52.25246811 5.94411564
v -0.37405527 52.16653824 5.98601246
v -1.61779451 52.05649567 5.77750349
v -1.20885599 52.16989517 5.87450457
v -0.79273152 52.19765091 5.94411564
v -0.38476136 52.14004135 5.98601246
v -1.21776247 52.08515549 5.87450457
v -0.80458784 52.14187241 5.94411564
v -0.39359289 52.11286163 5.98601246
v -0.81252426 52.08539963 5.94411564
v -0.40050691 52.08512878 5.98601246
v -0.81650221 52.02851105 5.94411564
v -0.40546969 52.05698395 5.98601246
v -0.40845707 52.02856064 5.98601246
v -1.11717892 -58 -1.14538693
v -1.17288303 -58 -1.08827639
v -1.05869734 -58 -1.19964993
v -1.22567105 -58 -1.02846014
v -0.99758369 -58 -1.25093043
v -1.27541196 -58 -0.96608704
v -0.93398988 -58 -1.29910076
v -1.32198203 -58 -0.90131211
v -0.868074 -58 -1.34404147
v -1.36526537 -58 -0.83429635
v -0.80000001 -58 -1.38564062
v -1.40515447 -58 -0.76520634
v -0.72993708 -58 -1.42379487
v -1.44155014 -58 -0.69421399
v -0.65805936 -58 -1.45840931
v -1.4743619 -58 -0.62149566
v -0.58454561 -58 -1.489398
v -1.50350821 -58 -0.54723221
v -0.50957865 -58 -1.5166837
v -1.52891648 -58 -0.47160828
v -0.43334475 -58 -1.5401988
v -1.55052364 -58 -0.39481184
v -0.3560335 -58 -1.55988467
v -1.56827593 -58 -0.31703383
v -0.2778371 -58 -1.57569242
v -1.58212936 -58 -0.23846762
v -0.19894993 -58 -1.58758271
v -1.59204924 -58 -0.15930855
v -0.11956815 -58 -1.5955261
v -1.59801102 -58 -0.07975341
v -0.03988911 -58 -1.59950268
v 0.03988911 -58 -1.59950268
v -0.79900551 -58 0.03987671
v 0.11956815 -58 -1.5955261
v -0.79602462 -58 0.07965428
v 0.19894993 -58 -1.58758271
v -0.79106468 -58 0.11923381
v 0.2778371 -58 -1.57569242
v -0.78413796 -58 0.15851691
v 0.3560335 -58 -1.55988467
v -0.77526182 -58 0.19740592
v 0.43334475 -58 -1.5401988
v -0.76445824 -58 0.23580414
v 0.50957865 -58 -1.5166837
v -0.75175411 -58 0.27361611
v 0.58454561 -58 -1.489398
v -0.73718095 -58 0.31074783
v 0.65805936 -58 -1.45840931
v -0.72077507 -58 0.34710699
v 0.72993708 -58 -1.42379487
v -0.70257723 -58 0.38260317
v 0.80000001 -58 -1.38564062
v -0.68263268 -58 0.41714817
v 0.868074 -58 -1.34404147
v -0.66099101 -58 0.45065606
v 0.93398988 -58 -1.29910076
v -0.63770598 -58 0.48304352
v 0.99758369 -58 -1.25093043
v -0.61283553 -58 0.51423007
v 1.05869734 -58 -1.19964993
v -0.58644152 -58 0.54413819
v 1.11717892 -58 -1.14538693
v -0.55858946 -58 0.57269347
v 1.17288303 -58 -1.08827639
v -0.52934867 -58 0.59982497
v 1.22567105 -58 -1.02846014
v -0.49879184 -58 0.62546521
v 1.27541196 -58 -0.96608704
v -0.46699494 -58 0.64955038
v 1.32198203 -58 -0.90131211
v -0.434037 -58 0.67202073
v 1.36526537 -58 -0.83429635
v -0.40000001 -58 0.69282031
v 1.40515447 -58 -0.76520634
v -0.36496854 -58 0.71189743
v -0.32902968 -58 0.72920465
v 1.44155014 -58 -0.69421399
v -0.29227281 -58 0.744699
v 1.4743619 -58 -0.62149566
v -0.25478932 -58 0.75834185
v 1.50350821 -58 -0.54723221
v 1.52891648 -58 -0.47160828
v -0.21667238 -58 0.7700994
v 1.55052364 -58 -0.39481184
v -0.17801675 -58 0.77994233
v 1.56827593 -58 -0.31703383
v -0.13891855 -58 0.78784621
v 1.58212936 -58 -0.23846762
v -0.09947497 -58 0.79379135
v 1.59204924 -58 -0.15930855
v -0.05978407 -58 0.79776305
v 1.59801102 -58 -0.07975341
v -0.01994455 -58 0.79975134
v 0.01994455 -58 0.79975134
v 0.05978407 -58 0.79776305
v 0.79900551 -58 0.03987671
v 0.79602462 -58 0.07965428
v 0.09947497 -58 0.79379135
v 0.79106468 -58 0.11923381
v 0.13891855 -58 0.78784621
v 0.78413796 -58 0.15851691
v 0.77526182 -58 0.19740592
v 0.17801675 -58 0.77994233
v 0.76445824 -58 0.23580414
v 0.21667238 -58 0.7700994
v 0.25478932 -58 0.75834185
v 0.75175411 -58 0.27361611
v 0.73718095 -58 0.31074783
v 0.29227281 -58 0.744699
v 0.32902968 -58 0.72920465
v 0.36496854 -58 0.71189743
v 0.72077507 -58 0.34710699
v 0.70257723 -58 0.38260317
v 0.40000001 -58 0.69282031
v 0.68263268 -58 0.41714817
v 0.434037 -58 0.67202073
v 0.66099101 -58 0.45065606
v 0.63770598 -58 0.48304352
v 0.46699494 -58 0.64955038
v 0.49879184 -58 0.62546521
v 0.61283553 -58 0.51423007
v 0.52934867 -58 0.59982497
v 0.55858946 -58 0.57269347
v 0.58644152 -58 0.54413819
v 5.99277258 52 -0.29440606
v -5.99277258 52 -0.29440606
v 0.40920505 52.01428986 -5.98601246
v 0.58810282 52 -5.97110844
v 0.29440606 52 -5.99277258
v 0.40721145 52.0428009 -5.98601246
v -0 52 -6
v 0.40323395 52.07110214 -5.98601246
v 0.81500971 52.05699158 -5.94411564
v 0.88038284 52 -5.93505907
v 0.39729193 52.09905624 -5.98601246
v 0.80904889 52.11370468 -5.94411564
v 1.2199924 52.04260254 -5.87450457
v 1.17054188 52 -5.88471174
v 1.45788109 52 -5.82018757
v 0.38941434 52.12652969 -5.98601246
v 0.79914647 52.16986465 -5.94411564
v 1.21404874 52.12760162 -5.87450457
v 0.3796396 52.15338516 -5.98601246
v 0.78535068 52.22519684 -5.94411564
v 1.2021904 52.21197891 -5.87450457
v 1.61483741 52.11291885 -5.77750349
v 1.74170804 52 -5.741642
v 0.36801526 52.17949295 -5.98601246
v 0.76772875 52.27943039 -5.94411564
v 1.18447495 52.29532242 -5.87450457
v 1.60302675 52.22529221 -5.77750349
v 2.00805378 52.07012177 -5.65356541
v 2.02133918 52 -5.64926434
v 2.29610062 52 -5.54327726
v 0.35459799 52.20472717 -5.98601246
v 0.74636656 52.33230209 -5.94411564
v 1.16098905 52.37722778 -5.87450457
v 1.58340633 52.33656311 -5.77750349
v 1.99827063 52.21002579 -5.65356541
v 0.33945316 52.22896576 -5.98601246
v 0.72136807 52.38355637 -5.94411564
v 1.13184679 52.45729446 -5.87450457
v 1.55607176 52.44619751 -5.77750349
v 1.97875226 52.34890747 -5.65356541
v 0.32265455 52.25208664 -5.98601246
v 2.38458371 52.16674805 -5.50326777
v 2.56533051 52 -5.42393589
v 0.69285518 52.43294525 -5.94411564
v 1.09719026 52.53513718 -5.87450457
v 1.52115619 52.55365372 -5.77750349
v 1.94959354 52.4860878 -5.65356541
v 0.30428398 52.27397919 -5.98601246
v 2.36714315 52.33267975 -5.50326777
v 0.66096681 52.48022079 -5.94411564
v 2.75870872 52.09633636 -5.32731152
v 2.82838035 52 -5.29152775
v 1.05718851 52.61036682 -5.87450457
v 1.47882974 52.65841675 -5.77750349
v 1.91093659 52.6208992 -5.65356541
v 0.28443098 52.29453659 -5.98601246
v 2.33817053 52.49699402 -5.50326777
v 0.62585825 52.52515793 -5.94411564
v 2.74526858 52.28853989 -5.32731152
v 1.01203609 52.68262863 -5.87450457
v 1.4292984 52.75997162 -5.77750349
v 1.86296988 52.75268936 -5.65356541
v 0.26319227 52.31365967 -5.98601246
v 2.29780626 52.65888596 -5.50326777
v 0.58770055 52.5675354 -5.94411564
v 2.71845365 52.47933578 -5.32731152
v 0.96195316 52.75156021 -5.87450457
v 3.10990953 52.21746445 -5.12651634
v 3.08461642 52 -5.14637184
v 3.33342147 52 -4.98881769
v 1.37280381 52.85782242 -5.77750349
v 1.8059268 52.88080978 -5.65356541
v 0.24067131 52.33125687 -5.98601246
v 2.24624729 52.81756592 -5.50326777
v 0.54667962 52.60715103 -5.94411564
v 2.67839479 52.66779709 -5.32731152
v 0.90718371 52.8168335 -5.87450457
v 3.0871644 52.43387222 -5.12651634
v 1.3096211 52.95149612 -5.77750349
v 3.4579742 52.12075424 -4.90181923
v 3.57419586 52 -4.81924534
v 1.74008548 53.00463867 -5.65356541
v 0.21697782 52.34723663 -5.98601246
v 2.18374515 52.97226715 -5.50326777
v 0.50299537 52.64380646 -5.94411564
v 2.62528706 52.85300827 -5.32731152
v 0.84799451 52.87812424 -5.87450457
v 3.04937887 52.64816666 -5.12651634
v 1.24005795 53.04053116 -5.77750349
v 3.4411273 52.36167526 -4.90181923
v 1.66576672 53.1235733 -5.65356541
v 0.19222723 52.36152649 -5.98601246
v 2.11060381 53.12222672 -5.50326777
v 0.45686054 52.67732239 -5.94411564
v 2.55938935 53.03406143 -5.32731152
v 0.78467405 52.9351387 -5.87450457
v 2.996737 52.85929871 -5.12651634
v 1.16445339 53.12450027 -5.77750349
v 3.40751553 52.60083771 -4.90181923
v 1.58333242 53.23703384 -5.65356541
v 3.77730393 52.26413345 -4.65426779
v 3.80635977 52 -4.63806295
v 4.02935362 52 -4.44570684
v 0.16654015 52.37405396 -5.98601246
v 2.02717972 53.26672363 -5.50326777
v 0.40849996 52.70754242 -5.94411564
v 2.48102236 53.21007538 -5.32731152
v 0.71753067 52.9875946 -5.87450457
v 2.92949533 53.06624985 -5.12651634
v 1.08317566 53.20298767 -5.77750349
v 3.35730267 52.83707047 -4.90181923
v 1.49318433 53.34447098 -5.65356541
v 3.74967742 52.52698135 -4.65426779
v 0.14004168 52.38476181 -5.98601246
v 1.93387949 53.40504456 -5.50326777
v 4.09282398 52.14292526 -4.38501596
v 4.2426405 52 -4.2426405
v 0.35814917 52.73431396 -5.94411564
v 2.39056802 53.38019562 -5.32731152
v 0.64689159 53.03524399 -5.87450457
v 2.84798145 53.26800156 -5.12651634
v 0.99662089 53.27561569 -5.77750349
v 3.29073358 53.06922531 -4.90181923
v 1.39576161 53.44535446 -5.65356541
v 3.70378304 52.78726196 -4.65426779
v 0.11286095 52.39359283 -5.98601246
v 1.83115768 53.53652191 -5.50326777
v 4.07288408 52.4280777 -4.38501596
v 0.30605355 52.75750732 -5.94411564
v 2.28846717 53.54359055 -5.32731152
v 0.57310086 53.07784653 -5.87450457
v 2.75259233 53.46358109 -5.12651634
v 0.90521061 53.34202957 -5.77750349
v 3.20813203 53.29616928 -4.90181923
v 1.29153883 53.53919601 -5.65356541
v 3.63984394 53.0437088 -4.65426779
v 0.08513037 52.40050507 -5.98601246
v 1.71951461 53.66051483 -5.50326777
v 4.03310156 52.71114349 -4.38501596
v 0.25246686 52.77701187 -5.94411564
v 2.17521715 53.69946671 -5.32731152
v 4.37433434 52.3058815 -4.09531879
v 4.44570684 52 -4.02935362
v 0.49651811 53.11519623 -5.87450457
v 2.64379311 53.65202713 -5.12651634
v 0.80939031 53.40190506 -5.77750349
v 3.10990095 53.51679993 -4.90181923
v 1.18102384 53.62554169 -5.65356541
v 3.55817199 53.29506683 -4.65426779
v 0.05698505 52.40546799 -5.98601246
v 1.59949422 53.77641678 -5.50326777
v 3.97367048 52.99074554 -4.38501596
v 0.19765016 52.79273224 -5.94411564
v 2.05136967 53.84706116 -5.32731152
v 4.34234095 52.61027527 -4.09531879
v 0.41751632 53.14711761 -5.87450457
v 2.52211356 53.83242416 -5.12651634
v 4.65143251 52.16242981 -3.78652763
v 4.63806295 52 -3.80635977
v 4.81924534 52 -3.57419586
v 0.70962673 53.45495224 -5.77750349
v 2.99651885 53.7300415 -4.90181923
v 1.06475496 53.70396423 -5.65356541
v 3.4591651 53.54011917 -4.65426779
v 0.0285621 52.40845871 -5.98601246
v 1.47168124 53.88366699 -5.50326777
v 3.89487958 53.265522 -4.38501596
v 0.14187054 52.80458832 -5.94411564
v 1.91752815 53.98565674 -5.32731152
v 4.28919268 52.91169739 -4.09531879
v 0.33648047 53.17344666 -5.87450457
v 2.3881464 54.00389099 -5.12651634
v 4.62877131 52.4865036 -3.78652763
v 0.60640591 53.5009079 -5.77750349
v 2.8685379 53.9348526 -4.90181923
v 0.94329876 53.774086 -5.65356541
v 3.34330559 53.777668 -4.65426779
v -0 52.40945435 -5.98601246
v 1.33669841 53.98173523 -5.50326777
v 3.79711342 53.53413391 -4.38501596
v 0.08539975 52.81252289 -5.94411564
v 1.77434468 54.11458206 -5.32731152
v 4.2151475 53.20867538 -4.09531879
v 0.25380531 53.19406128 -5.87450457
v 2.24254441 54.16559982 -5.12651634
v 4.58355904 52.80820465 -3.78652763
v 0.50023073 53.53955078 -5.77750349
v 2.72658181 54.13023758 -4.90181923
v 4.88987875 52.3419342 -3.46008182
v 4.98881769 52 -3.33342147
v 0.81724685 53.83556747 -5.65356541
v 3.21115756 54.00655365 -4.65426779
v -0.0285621 52.40845871 -5.98601246
v 1.1952033 54.07015228 -5.50326777
v 3.68084812 53.79526901 -4.38501596
v 0.02851289 52.81650162 -5.94411564
v 1.62251663 54.23320389 -5.32731152
v 4.12056684 53.49976349 -4.09531879
v 0.16989362 53.20885468 -5.87450457
v 2.08601713 54.3167572 -5.12651634
v 4.51601601 53.12596893 -3.78652763
v 0.39161849 53.57069778 -5.77750349
v 2.57134199 54.31524658 -4.90181923
v 4.85411501 52.68220139 -3.46008182
v 0.68721342 53.88810349 -5.65356541
v 3.06336522 54.22566605 -4.65426779
v -0.05698505 52.40546799 -5.98601246
v 5.12339354 52.17891312 -3.11750364
v 5.14637184 52 -3.08461642
v 5.29152775 52 -2.82838035
v 1.0478853 54.14848328 -5.50326777
v 3.54665017 54.04766083 -4.38501596
v -0.02851289 52.81650162 -5.94411564
v 1.46278393 54.34094238 -5.32731152
v 4.00591135 53.78354645 -4.09531879
v 0.08515424 53.21776199 -5.87450457
v 1.9193269 54.45662689 -5.12651634
v 4.42647171 53.43824768 -3.78652763
v 0.28109831 53.59418869 -5.77750349
v 2.40357494 54.48897552 -4.90181923
v 4.79470301 53.01914597 -3.46008182
v 0.55383199 53.93144226 -5.65356541
v 2.90064859 54.43393326 -4.65426779
v -0.08513037 52.40050507 -5.98601246
v 5.09843302 52.53586578 -3.11750364
v 0.89546204 54.21634674 -5.50326777
v 3.39517331 54.29007339 -4.38501596
v -0.08539975 52.81252289 -5.94411564
v 1.29592466 54.43727875 -5.32731152
v 3.87173915 54.05863953 -4.09531879
v -0 53.22073746 -5.87450457
v 1.74328589 54.58452606 -5.12651634
v 4.31536198 53.74351883 -3.78652763
v 0.16920865 53.60991287 -5.77750349
v 2.22409773 54.65057755 -4.90181923
v 4.71193123 53.35112381 -3.46008182
v 0.41775233 53.96537018 -5.65356541
v 2.72379994 54.63034439 -4.65426779
v -0.11286095 52.39359283 -5.98601246
v 5.0486331 52.8902092 -3.11750364
v 0.73867625 54.2734108 -5.50326777
v 3.22715521 54.52133179 -4.38501596
v -0.14187054 52.80458832 -5.94411564
v 5.31433439 52.37161255 -2.76039028
v 5.42393589 52 -2.56533051
v 1.12275183 54.52174377 -5.32731152
v 3.71870422 54.32370377 -4.09531879
v -0.08515424 53.21776199 -5.87450457
v 1.55875182 54.69983673 -5.12651634
v 4.18322802 54.04029846 -3.78652763
v 0.05649463 53.61779404 -5.77750349
v 2.0337851 54.79926682 -4.90181923
v 4.60620356 53.6765213 -3.46008182
v 0.2796374 53.98972321 -5.65356541
v 2.53368163 54.81393814 -4.65426779
v -0.14004168 52.38476181 -5.98601246
v 4.97423697 53.2402153 -3.11750364
v 0.57829165 54.31940079 -5.50326777
v 3.04341507 54.74030304 -4.38501596
v -0.19765016 52.79273224 -5.94411564
v 5.27546644 52.74141693 -2.76039028
v 0.94410908 54.59391785 -5.32731152
v 3.54755235 54.57744598 -4.09531879
v -0.16989362 53.20885468 -5.87450457
v 5.4999156 52.19206238 -2.39040661
v 5.54327726 52 -2.29610062
v 1.36662364 54.80199432 -5.12651634
v 4.03071404 54.32713318 -3.78652763
v -0.05649463 53.61779404 -5.77750349
v 1.83356404 54.93431473 -4.90181923
v 4.47803497 53.99374771 -3.46008182
v 0.14016013 54.00438309 -5.65356541
v 2.3312192 54.98382568 -4.65426779
v -0.16654015 52.37405396 -5.98601246
v 4.87560701 53.58417892 -3.11750364
v 0.41508973 54.35409164 -5.50326777
v 2.84484744 54.94592667 -4.38501596
v -0.25246686 52.77701187 -5.94411564
v 5.21089697 53.1076088 -2.76039028
v 0.76086664 54.65345764 -5.32731152
v 3.35911703 54.81863403 -4.09531879
v -0.25380531 53.19406128 -5.87450457
v 5.47312021 52.57524872 -2.39040661
v 1.1678375 54.89049911 -5.12651634
v 3.85856295 54.60263443 -3.78652763
v -0.16920865 53.60991287 -5.77750349
v 1.62441003 55.05507278 -4.90181923
v 4.32804966 54.30126572 -3.46008182
v -0 54.00927734 -5.65356541
v 2.11739945 55.13917542 -4.65426779
v -0.19222723 52.36152649 -5.98601246
v 4.75322342 53.92042542 -3.11750364
v 0.24986552 54.37731171 -5.50326777
v 2.6324203 55.13719559 -4.38501596
v -0.30605355 52.75750732 -5.94411564
v 5.12094021 53.46840668 -2.76039028
v 0.57391739 54.70006943 -5.32731152
v 3.15431643 55.04608917 -4.09531879
v -0.33648047 53.17344666 -5.87450457
v 5.41966057 52.95563126 -2.39040661
v 0.96336162 54.96492386 -5.12651634
v 3.66761303 54.86545181 -3.78652763
v -0.28109831 53.59418869 -5.77750349
v 5.63979387 52.39437103 -2.00927758
v 5.64926434 52 -2.02133918
v 5.741642 52 -1.74170804
v 1.40734208 55.16094208 -4.90181923
v 4.15697861 54.59756851 -3.46008182
v -0.14016013 54.00438309 -5.65356541
v 1.89326382 55.27922821 -4.65426779
v -0.21697782 52.34723663 -5.98601246
v 4.60768223 54.24731827 -3.11750364
v 0.08342399 54.38895035 -5.50326777
v 2.40716791 55.31318283 -4.38501596
v -0.35814917 52.73431396 -5.94411564
v 5.00603533 53.82204819 -2.76039028
v 0.38417208 54.73352814 -5.32731152
v 2.93414831 55.25870132 -4.09531879
v -0.41751632 53.14711761 -5.87450457
v 5.33979702 53.33135986 -2.39040661
v 0.75419241 55.02490234 -5.12651634
v 3.45879507 55.11431122 -3.78652763
v -0.39161849 53.57069778 -5.77750349
v 5.59854555 52.78682327 -2.00927758
v 1.18341768 55.25141525 -4.90181923
v 3.96565509 54.88121796 -3.46008182
v -0.2796374 53.98972321 -5.65356541
v 5.77398443 52.20163345 -1.61878061
v 5.82018757 52 -1.45788109
v 1.65990448 55.40330887 -4.65426779
v -0.24067131 52.33125687 -5.98601246
v 4.43969345 54.56325912 -3.11750364
v -0.08342399 54.38895035 -5.50326777
v 2.17018843 55.47302628 -4.38501596
v -0.40849996 52.70754242 -5.94411564
v 4.86674118 54.1668129 -2.76039028
v 0.19255508 54.75366592 -5.32731152
v 2.69968534 55.45544052 -4.09531879
v -0.49651811 53.11519623 -5.87450457
v 5.23391867 53.70060349 -2.39040661
v 0.54134881 55.07014084 -5.12651634
v 3.23312616 55.34799957 -3.78652763
v -0.50023073 53.53955078 -5.77750349
v 5.53002167 53.17544174 -2.00927758
v 0.95372784 55.32604599 -4.90181923
v 3.75501156 55.15082932 -3.46008182
v -0.41775233 53.96537018 -5.65356541
v 5.7458539 52.60391235 -1.61878061
v 1.41845822 55.51080704 -4.65426779
v -0.26319227 52.31365967 -5.98601246
v 4.25007486 54.86671066 -3.11750364
v -0.24986552 54.37731171 -5.50326777
v 1.92263579 55.61595154 -4.38501596
v -0.45686054 52.67732239 -5.94411564
v 4.70373678 54.50102234 -2.76039028
v -0 54.76039124 -5.32731152
v 2.45206976 55.63534164 -4.09531879
v -0.57310086 53.07784653 -5.87450457
v 5.10254097 54.06156158 -2.39040661
v 0.32586786 55.10042572 -5.12651634
v 2.99170566 55.56537628 -3.78652763
v -0.60640591 53.5009079 -5.77750349
v 5.43455601 53.55833435 -2.00927758
v 0.71939147 55.38447189 -4.90181923
v 3.52607369 55.40509033 -3.46008182
v -0.55383199 53.93144226 -5.65356541
v 5.68973064 53.00325394 -1.61878061
v 1.1701014 55.6012001 -4.65426779
v -0.28443098 52.29453659 -5.98601246
v 4.0397501 55.15620041 -3.11750364
v -0.41508973 54.35409164 -5.50326777
v 5.86019468 52.40978622 -1.22073603
v 5.88471174 52 -1.17054188
v 1.66571629 55.74126053 -4.38501596
v -0.50299537 52.64380646 -5.94411564
v 4.51781607 54.82304382 -2.76039028
v -0.19255508 54.75366592 -5.32731152
v 2.19250798 55.79753494 -4.09531879
v -0.64689159 53.03524399 -5.87450457
v 4.94630432 54.41247559 -2.39040661
v 0.10879931 55.1156044 -5.12651634
v 2.73570991 55.76538086 -3.78652763
v -0.70962673 53.45495224 -5.77750349
v 5.31261396 53.9336319 -2.00927758
v 0.48155034 55.42640686 -4.90181923
v 3.27995729 55.64276123 -3.46008182
v -0.68721342 53.88810349 -5.65356541
v 5.60588694 53.39770508 -1.61878061
v 0.91604394 55.67405319 -4.65426779
v -0.30428398 52.27397919 -5.98601246
v 3.80974412 55.4303093 -3.11750364
v -0.57829165 54.31940079 -5.50326777
v 5.81733418 52.81757355 -1.22073603
v 1.4006815 55.84833908 -4.38501596
v -0.54667962 52.60715103 -5.94411564
v 4.3098855 55.13131332 -2.76039028
v -0.38417208 54.73352814 -5.32731152
v 5.94049454 52.20744705 -0.81699991
v 5.93505907 52 -0.88038284
v 5.97110844 52 -0.58810282
v 1.92226446 55.94122696 -4.09531879
v -0.71753067 52.9875946 -5.87450457
v 4.76596975 54.75163269 -2.39040661
v -0.10879931 55.1156044 -5.12651634
v 2.46638608 55.94704437 -3.78652763
v -0.80939031 53.40190506 -5.77750349
v 5.1647892 54.29951096 -2.00927758
v 0.24136311 55.45165253 -4.90181923
v 3.01786137 55.86268616 -3.46008182
v -0.81724685 53.83556747 -5.65356541
v 5.49473238 53.78534698 -1.61878061
v 0.65752363 55.72900009 -4.65426779
v -0.32265455 52.25208664 -5.98601246
v 3.56117749 55.68770599 -3.11750364
v -0.73867625 54.2734108 -5.50326777
v 5.74613237 53.22137833 -1.22073603
v 1.1288228 55.93667221 -4.38501596
v -0.58770055 52.5675354 -5.94411564
v 4.08095741 55.42432785 -2.76039028
v -0.57391739 54.70006943 -5.32731152
v 5.91155338 52.62133026 -0.81699991
v 1.64265585 56.06571579 -4.09531879
v -0.78467405 52.9351387 -5.87450457
v 4.5624156 55.07738876 -2.39040661
v -0.32586786 55.10042572 -5.12651634
v 2.18504643 56.10947418 -3.78652763
v -0.90521061 53.34202957 -5.77750349
v 4.99180222 54.65419006 -2.00927758
v -0 55.46008301 -4.90181923
v 2.74106264 56.06379318 -3.46008182
v -0.94329876 53.774086 -5.65356541
v 5.35680819 54.16429138 -1.61878061
v 0.39579991 55.76578522 -4.65426779
v -0.33945316 52.22896576 -5.98601246
v 3.29526114 55.92713928 -3.11750364
v -0.89546204 54.21634674 -5.50326777
v 5.64693642 53.61923218 -1.22073603
v 0.85146469 56.00582504 -4.38501596
v -0.62585825 52.52515793 -5.94411564
v 3.83214712 55.70066071 -2.76039028
v -0.76086664 54.65345764 -5.32731152
v 5.85381126 53.0321846 -0.81699991
v 1.35504436 56.17039871 -4.09531879
v -0.84799451 52.87812424 -5.87450457
v 4.33663416 55.38814926 -2.39040661
v -0.54134881 55.07014084 -5.12651634
v 5.97143078 52.41756439 -0.40945449
v 1.89306128 56.25188446 -3.78652763
v -0.99662089 53.27561569 -5.77750349
v 4.79449558 54.99593353 -2.00927758
v -0.24136311 55.45165253 -4.90181923
v 2.45090961 56.24510193 -3.46008182
v -1.06475496 53.70396423 -5.65356541
v 5.19278574 54.53269196 -1.61878061
v 0.13214791 55.78422165 -4.65426779
v -0.35459799 52.20472717 -5.98601246
v 3.01329064 56.14743805 -3.11750364
v -1.0478853 54.14848328 -5.50326777
v 5.52022839 54.00919724 -1.22073603
v 0.56995821 56.05546188 -4.38501596
v -0.66096681 52.48022079 -5.94411564
v 3.56466699 55.9589653 -2.76039028
v -0.94410908 54.59391785 -5.32731152
v 5.76754999 53.43801117 -0.81699991
v 1.06083131 56.25476074 -4.09531879
v -0.90718371 52.8168335 -5.87450457
v 4.08972502 55.68240356 -2.39040661
v -0.75419241 55.02490234 -5.12651634
v 5.92775726 52.83309174 -0.40945449
v 1.59185338 56.37358093 -3.78652763
v -1.08317566 53.20298767 -5.77750349
v 4.5738306 55.32308197 -2.00927758
v -0.48155034 55.42640686 -4.90181923
v 2.14881611 56.40572739 -3.46008182
v -1.18102384 53.62554169 -5.65356541
v 5.00346518 54.88875198 -1.61878061
v -0.13214791 55.78422165 -4.65426779
v -0.36801526 52.17949295 -5.98601246
v 2.71663976 56.34753418 -3.11750364
v -1.1952033 54.07015228 -5.50326777
v 5.36662674 54.38937759 -1.22073603
v 0.28567499 56.08534241 -4.38501596
v -0.69285518 52.43294525 -5.94411564
v 3.27982044 56.19797897 -2.76039028
v -1.12275183 54.52174377 -5.32731152
v 5.65319014 53.83683395 -0.81699991
v 0.76144999 56.31839752 -4.09531879
v -0.96195316 52.75156021 -5.87450457
v 3.822891 55.95872116 -2.39040661
v -0.96336162 54.96492386 -5.12651634
v 5.85520411 53.24456024 -0.40945449
v 1.28289008 56.47396851 -3.78652763
v -1.16445339 53.12450027 -5.77750349
v 4.33088255 55.63404083 -2.00927758
v -0.71939147 55.38447189 -4.90181923
v 1.83625388 56.54488754 -3.46008182
v -1.29153883 53.53919601 -5.65356541
v 4.78976774 55.23073959 -1.61878061
v -0.39579991 55.76578522 -4.65426779
v -0.3796396 52.15338516 -5.98601246
v 2.40675378 56.52644348 -3.11750364
v -1.33669841 53.98173523 -5.50326777
v 5.18687963 54.75791168 -1.22073603
v -0 56.09531784 -4.38501596
v -0.72136807 52.38355637 -5.94411564
v 2.97899461 56.41654205 -2.76039028
v -1.29592466 54.43727875 -5.32731152
v 5.51128817 54.22670364 -0.81699991
v 0.45835897 56.36099243 -4.09531879
v -1.01203609 52.68262863 -5.87450457
v 3.53743243 56.21574783 -2.39040661
v -1.1678375 54.89049911 -5.12651634
v 5.75412464 53.64996719 -0.40945449
v 0.9676767 56.55256271 -3.78652763
v -1.24005795 53.04053116 -5.77750349
v 4.06683493 55.92729568 -2.00927758
v -0.95372784 55.32604599 -4.90181923
v 1.51474547 56.6619072 -3.46008182
v -1.39576161 53.44535446 -5.65356541
v 4.55273485 55.55698776 -1.61878061
v -0.65752363 55.72900009 -4.65426779
v -0.38941434 52.12652969 -5.98601246
v 2.08514214 56.68330765 -3.11750364
v -1.47168124 53.88366699 -5.50326777
v 4.98186255 55.11301422 -1.22073603
v -0.28567499 56.08534241 -4.38501596
v -0.74636656 52.33230209 -5.94411564
v 2.66365576 56.61358643 -2.76039028
v -1.46278393 54.34094238 -5.32731152
v 5.34253597 54.60572815 -0.81699991
v 0.15303485 56.38234329 -4.09531879
v -1.05718851 52.61036682 -5.87450457
v 3.23473954 56.45223618 -2.39040661
v -1.36662364 54.80199432 -5.12651634
v 5.62501192 54.04733658 -0.40945449
v 0.64774889 56.60897446 -3.78652763
v -1.3096211 52.95149612 -5.77750349
v 3.78297377 56.20141983 -2.00927758
v -1.18341768 55.25141525 -4.90181923
v 1.18585742 56.75621414 -3.46008182
v -1.49318433 53.34447098 -5.65356541
v 4.29352188 55.86590576 -1.61878061
v -0.91604394 55.67405319 -4.65426779
v -0.39729193 52.09905624 -5.98601246
v 1.75337183 56.81734848 -3.11750364
v -1.59949422 53.77641678 -5.50326777
v 4.75257397 55.45294571 -1.22073603
v -0.56995821 56.05546188 -4.38501596
v -0.76772875 52.27943039 -5.94411564
v 2.33533955 56.7881546 -2.76039028
v -1.62251663 54.23320389 -5.32731152
v 5.14775515 54.97205734 -0.81699991
v -0.15303485 56.38234329 -4.09531879
v -1.09719026 52.53513718 -5.87450457
v 2.91628766 56.66703415 -2.39040661
v -1.55875182 54.69983673 -5.12651634
v 5.46849442 54.43473053 -0.40945449
v 0.32466531 56.64292908 -3.78652763
v -1.37280381 52.85782242 -5.77750349
v 3.48068261 56.4550705 -2.00927758
v -1.40734208 55.16094208 -4.90181923
v 0.851192 56.82735062 -3.46008182
v -1.58333242 53.23703384 -5.65356541
v 4.01339149 56.15598679 -1.61878061
v -1.1701014 55.6012001 -4.65426779
v -0.40323395 52.07110214 -5.98601246
v 1.41305947 56.92792511 -3.11750364
v -1.71951461 53.66051483 -5.50326777
v 4.50013161 55.7760582 -1.22073603
v -0.85146469 56.00582504 -4.38501596
v -0.78535068 52.22519684 -5.94411564
v 1.995646 56.9393959 -2.76039028
v -1.77434468 54.11458206 -5.32731152
v 4.92789507 55.32390594 -0.81699991
v -0.45835897 56.36099243 -4.09531879
v -1.13184679 52.45729446 -5.87450457
v 2.5836277 56.85909653 -2.39040661
v -1.74328589 54.58452606 -5.12651634
v 5.28533554 54.81026459 -0.40945449
v -0 56.65426636 -3.78652763
v -1.4292984 52.75997162 -5.77750349
v 3.1614337 56.68701935 -2.00927758
v -1.62441003 55.05507278 -4.90181923
v 0.51237965 56.87496567 -3.46008182
v -1.66576672 53.1235733 -5.65356541
v 3.71370792 56.42582321 -1.61878061
v -1.41845822 55.51080704 -4.65426779
v -0.40721145 52.0428009 -5.98601246
v -0.29440606 52 -5.99277258
v 1.06586266 57.01448822 -3.11750364
v -1.83115768 53.53652191 -5.50326777
v 4.22576475 56.0807724 -1.22073603
v -1.1288228 55.93667221 -4.38501596
v -0.79914647 52.16986465 -5.94411564
v 1.64622974 57.0665741 -2.76039028
v -1.91752815 53.98565674 -5.32731152
v 4.68402719 55.65956116 -0.81699991
v -0.76144999 56.31839752 -4.09531879
v -1.16098905 52.37722778 -5.87450457
v 2.23838067 57.02748489 -2.39040661
v -1.9193269 54.45662689 -5.12651634
v 5.07642651 55.17210388 -0.40945449
v -0.32466531 56.64292908 -3.78652763
v -1.47882974 52.65841675 -5.77750349
v 2.8267827 56.89612961 -2.00927758
v -1.83356404 54.93431473 -4.90181923
v 0.17107102 56.89883423 -3.46008182
v -1.74008548 53.00463867 -5.65356541
v 3.39593148 56.67409897 -1.61878061
v -1.65990448 55.40330887 -4.65426779
v -0.40920505 52.01428986 -5.98601246
v -0.58810282 52 -5.97110844
v 0.7134732 57.07662582 -3.11750364
v -1.93387949 53.40504456 -5.50326777
v 3.93081069 56.36560822 -1.22073603
v -1.4006815 55.84833908 -4.38501596
v -0.80904889 52.11370468 -5.94411564
v 1.28879321 57.16906738 -2.76039028
v -2.05136967 53.84706116 -5.32731152
v 4.41733885 55.97739029 -0.81699991
v -1.06083131 56.25476074 -4.09531879
v -1.18447495 52.29532242 -5.87450457
v 1.88222849 57.17137909 -2.39040661
v -2.08601713 54.3167572 -5.12651634
v 4.84278584 55.51848984 -0.40945449
v -0.64774889 56.60897446 -3.78652763
v -1.52115619 52.55365372 -5.77750349
v 2.47835994 57.08139038 -2.00927758
v -2.0337851 54.79926682 -4.90181923
v -0.17107102 56.89883423 -3.46008182
v -1.8059268 52.88080978 -5.65356541
v 3.06161046 56.89960098 -1.61878061
v -1.89326382 55.27922821 -4.65426779
v 0.35760772 57.11402893 -3.11750364
v -2.02717972 53.26672363 -5.50326777
v 3.61670613 56.62917328 -1.22073603
v -1.66571629 55.74126053 -4.38501596
v -0.81500971 52.05699158 -5.94411564
v -0.88038284 52 -5.93505907
v 0.92507792 57.24637604 -2.76039028
v -2.17521715 53.69946671 -5.32731152
v 4.12912989 56.27584076 -0.81699991
v -1.35504436 56.17039871 -4.09531879
v -1.2021904 52.21197891 -5.87450457
v 1.51690614 57.29008102 -2.39040661
v -2.24254441 54.16559982 -5.12651634
v 4.58555174 55.84773636 -0.40945449
v -0.9676767 56.55256271 -3.78652763
v -1.55607176 52.44619751 -5.77750349
v 2.11786294 57.24189377 -2.00927758
v -2.22409773 54.65057755 -4.90181923
v -0.51237965 56.87496567 -3.46008182
v -1.86296988 52.75268936 -5.65356541
v 2.71237373 57.10123444 -1.61878061
v -2.11739945 55.13917542 -4.65426779
v -0 57.12651825 -3.11750364
v -2.11060381 53.12222672 -5.50326777
v 3.28498125 56.87018585 -1.22073603
v -1.92263579 55.61595154 -4.38501596
v 0.55685568 57.29812622 -2.76039028
v -2.28846717 53.54359055 -5.32731152
v 3.82080388 56.55345535 -0.81699991
v -1.64265585 56.06571579 -4.09531879
v -1.21404874 52.12760162 -5.87450457
v 1.14419377 57.38300705 -2.39040661
v -2.3881464 54.00389099 -5.12651634
v 4.30597734 56.15823364 -0.40945449
v -1.28289008 56.47396851 -3.78652763
v -1.58340633 52.33656311 -5.77750349
v 1.74704778 57.37686157 -2.00927758
v -2.40357494 54.48897552 -4.90181923
v -0.851192 56.82735062 -3.46008182
v -1.91093659 52.6208992 -5.65356541
v 2.34992242 57.27801132 -1.61878061
v -2.3312192 54.98382568 -4.65426779
v -0.35760772 57.11402893 -3.11750364
v -2.18374515 52.97226715 -5.50326777
v 2.93725228 57.08747101 -1.22073603
v -2.17018843 55.47302628 -4.38501596
v 0.18592048 57.32406616 -2.76039028
v -2.39056802 53.38019562 -5.32731152
v 3.49386358 56.8088913 -0.81699991
v -1.92226446 55.94122696 -4.09531879
v -1.2199924 52.04260254 -5.87450457
v -1.17054188 52 -5.88471174
v -1.45788109 52 -5.82018757
v 0.76590687 57.44971085 -2.39040661
v -2.52211356 53.83242416 -5.12651634
v 4.00542402 56.44847488 -0.40945449
v -1.59185338 56.37358093 -3.78652763
v -1.60302675 52.22529221 -5.77750349
v 1.36772132 57.48563004 -2.00927758
v -2.57134199 54.31524658 -4.90181923
v -1.18585742 56.75621414 -3.46008182
v -1.94959354 52.4860878 -5.65356541
v 1.9760226 57.42907715 -1.61878061
v -2.53368163 54.81393814 -4.65426779
v -0.7134732 57.07662582 -3.11750364
v -2.24624729 52.81756592 -5.50326777
v 2.57521319 57.27996826 -1.22073603
v -2.40716791 55.31318283 -4.38501596
v -0.18592048 57.32406616 -2.76039028
v -2.48102236 53.21007538 -5.32731152
v 3.14990139 57.04089737 -0.81699991
v -2.19250798 55.79753494 -4.09531879
v 0.38388854 57.48986053 -2.39040661
v -2.64379311 53.65202713 -5.12651634
v 3.68535733 56.71704102 -0.40945449
v -1.89306128 56.25188446 -3.78652763
v -1.61483741 52.11291885 -5.77750349
v -1.74170804 52 -5.741642
v 0.98173136 57.56767654 -2.00927758
v -2.72658181 54.13023758 -4.90181923
v -1.51474547 56.6619072 -3.46008182
v -1.97875226 52.34890747 -5.65356541
v 1.5924958 57.55369186 -1.61878061
v -2.72379994 54.63034439 -4.65426779
v -1.06586266 57.01448822 -3.11750364
v -2.29780626 52.65888596 -5.50326777
v 2.20062804 57.44674683 -1.22073603
v -2.6324203 55.13719559 -4.38501596
v -0.55685568 57.29812622 -2.76039028
v -2.55938935 53.03406143 -5.32731152
v 2.79059339 57.24834442 -0.81699991
v -2.45206976 55.63534164 -4.09531879
v -0 57.5032692 -2.39040661
v -2.75259233 53.46358109 -5.12651634
v 3.34733582 56.96263123 -0.40945449
v -2.18504643 56.10947418 -3.78652763
v 0.59095854 57.62259293 -2.00927758
v -2.8685379 53.9348526 -4.90181923
v -1.83625388 56.54488754 -3.46008182
v -1.99827063 52.21002579 -5.65356541
v 1.20121062 57.65125275 -1.61878061
v -2.90064859 54.43393326 -4.65426779
v -1.41305947 56.92792511 -3.11750364
v -2.33817053 52.49699402 -5.50326777
v 1.81532168 57.58698654 -1.22073603
v -2.84484744 54.94592667 -4.38501596
v -0.92507792 57.24637604 -2.76039028
v -2.62528706 52.85300827 -5.32731152
v 2.41768956 57.43022156 -0.81699991
v -2.69968534 55.45544052 -4.09531879
v -0.38388854 57.48986053 -2.39040661
v -2.84798145 53.26800156 -5.12651634
v 2.99300623 57.18404007 -0.40945449
v -2.46638608 55.94704437 -3.78652763
v 0.19730659 57.65011978 -2.00927758
v -2.99651885 53.7300415 -4.90181923
v -2.14881611 56.40572739 -3.46008182
v -2.00805378 52.07012177 -5.65356541
v -2.02133918 52 -5.64926434
v -2.29610062 52 -5.54327726
v 0.8040731 57.72127914 -1.61878061
v -3.06336522 54.22566605 -4.65426779
v -1.75337183 56.81734848 -3.11750364
v -2.36714315 52.33267975 -5.50326777
v 1.42117131 57.70000839 -1.22073603
v -3.04341507 54.74030304 -4.38501596
v -1.28879321 57.16906738 -2.76039028
v -2.67839479 52.66779709 -5.32731152
v 2.03300738 57.58563995 -0.81699991
v -2.93414831 55.25870132 -4.09531879
v -0.76590687 57.44971085 -2.39040661
v -2.92949533 53.06624985 -5.12651634
v 2.6240952 57.3801918 -0.40945449
v -2.73570991 55.76538086 -3.78652763
v -0.19730659 57.65011978 -2.00927758
v -3.10990095 53.51679993 -4.90181923
v -2.45090961 56.24510193 -3.46008182
v 0.4030183 57.76343155 -1.61878061
v -3.21115756 54.00655365 -4.65426779
v -2.08514214 56.68330765 -3.11750364
v -2.38458371 52.16674805 -5.50326777
v -2.56533051 52 -5.42393589
v 1.02009702 57.78525925 -1.22073603
v -3.22715521 54.52133179 -4.38501596
v -1.64622974 57.0665741 -2.76039028
v -2.71845365 52.47933578 -5.32731152
v 1.63842034 57.71385193 -0.81699991
v -3.15431643 55.04608917 -4.09531879
v -1.14419377 57.38300705 -2.39040661
v -2.996737 52.85929871 -5.12651634
v 2.24239969 57.55013275 -0.40945449
v -2.99170566 55.56537628 -3.78652763
v -0.59095854 57.62259293 -2.00927758
v -3.20813203 53.29616928 -4.90181923
v -2.74106264 56.06379318 -3.46008182
v -0 57.77750397 -1.61878061
v -3.34330559 53.777668 -4.65426779
v -2.40675378 56.52644348 -3.11750364
v 0.61405295 57.8423233 -1.22073603
v -3.39517331 54.29007339 -4.38501596
v -1.995646 56.9393959 -2.76039028
v -2.74526858 52.28853989 -5.32731152
v 1.23585117 57.81422424 -0.81699991
v -3.35911703 54.81863403 -4.09531879
v -1.51690614 57.29008102 -2.39040661
v -3.04937887 52.64816666 -5.12651634
v 1.84977961 57.69303513 -0.40945449
v -3.23312616 55.34799957 -3.78652763
v -0.98173136 57.56767654 -2.00927758
v -3.29073358 53.06922531 -4.90181923
v -3.01786137 55.86268616 -3.46008182
v -0.4030183 57.76343155 -1.61878061
v -3.4591651 53.54011917 -4.65426779
v -2.71663976 56.34753418 -3.11750364
v 0.20501725 57.8709259 -1.22073603
v -3.54665017 54.04766083 -4.38501596
v -2.33533955 56.7881546 -2.76039028
v -2.75870872 52.09633636 -5.32731152
v -2.82838035 52 -5.29152775
v 0.82726103 57.88626862 -0.81699991
v -3.54755235 54.57744598 -4.09531879
v -1.88222849 57.17137909 -2.39040661
v -3.0871644 52.43387222 -5.12651634
v 1.44814754 57.80820084 -0.40945449
v -3.45879507 55.11431122 -3.78652763
v -1.36772132 57.48563004 -2.00927758
v -3.35730267 52.83707047 -4.90181923
v -3.27995729 55.64276123 -3.46008182
v -0.8040731 57.72127914 -1.61878061
v -3.55817199 53.29506683 -4.65426779
v -3.01329064 56.14743805 -3.11750364
v -0.20501725 57.8709259 -1.22073603
v -3.68084812 53.79526901 -4.38501596
v -2.66365576 56.61358643 -2.76039028
v 0.41464055 57.92963791 -0.81699991
v -3.71870422 54.32370377 -4.09531879
v -2.23838067 57.02748489 -2.39040661
v -3.10990953 52.21746445 -5.12651634
v -3.08461642 52 -5.14637184
v -3.33342147 52 -4.98881769
v 1.03946018 57.89507294 -0.40945449
v -3.66761303 54.86545181 -3.78652763
v -1.74704778 57.37686157 -2.00927758
v -3.40751553 52.60083771 -4.90181923
v -3.52607369 55.40509033 -3.46008182
v -1.20121062 57.65125275 -1.61878061
v -3.63984394 53.0437088 -4.65426779
v -3.29526114 55.92713928 -3.11750364
v -0.61405295 57.8423233 -1.22073603
v -3.79711342 53.53413391 -4.38501596
v -2.97899461 56.41654205 -2.76039028
v -0 57.94411469 -0.81699991
v -3.87173915 54.05863953 -4.09531879
v -2.5836277 56.85909653 -2.39040661
v 0.6257087 57.95322037 -0.40945449
v -3.85856295 54.60263443 -3.78652763
v -2.11786294 57.24189377 -2.00927758
v -3.4411273 52.36167526 -4.90181923
v -3.75501156 55.15082932 -3.46008182
v -1.5924958 57.55369186 -1.61878061
v -3.70378304 52.78726196 -4.65426779
v -3.56117749 55.68770599 -3.11750364
v -1.02009702 57.78525925 -1.22073603
v -3.89487958 53.265522 -4.38501596
v -3.27982044 56.19797897 -2.76039028
v -0.41464055 57.92963791 -0.81699991
v -4.00591135 53.78354645 -4.09531879
v -2.91628766 56.66703415 -2.39040661
v 0.20890883 57.98236465 -0.40945449
v -4.03071404 54.32713318 -3.78652763
v -2.47835994 57.08139038 -2.00927758
v -3.4579742 52.12075424 -4.90181923
v -3.57419586 52 -4.81924534
v -3.96565509 54.88121796 -3.46008182
v -1.9760226 57.42907715 -1.61878061
v -3.74967742 52.52698135 -4.65426779
v -3.80974412 55.4303093 -3.11750364
v -1.42117131 57.70000839 -1.22073603
v -3.97367048 52.99074554 -4.38501596
v -3.56466699 55.9589653 -2.76039028
v -0.82726103 57.88626862 -0.81699991
v -4.12056684 53.49976349 -4.09531879
v -3.23473954 56.45223618 -2.39040661
v -0.20890883 57.98236465 -0.40945449
v -4.18322802 54.04029846 -3.78652763
v -2.8267827 56.89612961 -2.00927758
v -4.15697861 54.59756851 -3.46008182
v -2.34992242 57.27801132 -1.61878061
v -3.77730393 52.26413345 -4.65426779
v -3.80635977 52 -4.63806295
v -4.02935362 52 -4.44570684
v -4.0397501 55.15620041 -3.11750364
v -1.81532168 57.58698654 -1.22073603
v -4.03310156 52.71114349 -4.38501596
v -3.83214712 55.70066071 -2.76039028
v -1.23585117 57.81422424 -0.81699991
v -4.2151475 53.20867538 -4.09531879
v -3.53743243 56.21574783 -2.39040661
v -0.6257087 57.95322037 -0.40945449
v -4.31536198 53.74351883 -3.78652763
v -3.1614337 56.68701935 -2.00927758
v -4.32804966 54.30126572 -3.46008182
v -2.71237373 57.10123444 -1.61878061
v -4.25007486 54.86671066 -3.11750364
v -2.20062804 57.44674683 -1.22073603
v -4.07288408 52.4280777 -4.38501596
v -4.08095741 55.42432785 -2.76039028
v -1.63842034 57.71385193 -0.81699991
v -4.28919268 52.91169739 -4.09531879
v -3.822891 55.95872116 -2.39040661
v -1.03946018 57.89507294 -0.40945449
v -4.42647171 53.43824768 -3.78652763
v -3.48068261 56.4550705 -2.00927758
v -4.47803497 53.99374771 -3.46008182
v -3.06161046 56.89960098 -1.61878061
v -4.43969345 54.56325912 -3.11750364
v -2.57521319 57.27996826 -1.22073603
v -4.09282398 52.14292526 -4.38501596
v -4.2426405 52 -4.2426405
v -4.3098855 55.13131332 -2.76039028
v -2.03300738 57.58563995 -0.81699991
v -4.34234095 52.61027527 -4.09531879
v -4.08972502 55.68240356 -2.39040661
v -1.44814754 57.80820084 -0.40945449
v -4.51601601 53.12596893 -3.78652763
v -3.78297377 56.20141983 -2.00927758
v -4.60620356 53.6765213 -3.46008182
v -3.39593148 56.67409897 -1.61878061
v -4.60768223 54.24731827 -3.11750364
v -2.93725228 57.08747101 -1.22073603
v -4.51781607 54.82304382 -2.76039028
v -2.41768956 57.43022156 -0.81699991
v -4.37433434 52.3058815 -4.09531879
v -4.44570684 52 -4.02935362
v -4.33663416 55.38814926 -2.39040661
v -1.84977961 57.69303513 -0.40945449
v -4.58355904 52.80820465 -3.78652763
v -4.06683493 55.92729568 -2.00927758
v -4.71193123 53.35112381 -3.46008182
v -3.71370792 56.42582321 -1.61878061
v -4.75322342 53.92042542 -3.11750364
v -3.28498125 56.87018585 -1.22073603
v -4.70373678 54.50102234 -2.76039028
v -2.79059339 57.24834442 -0.81699991
v -4.5624156 55.07738876 -2.39040661
v -2.24239969 57.55013275 -0.40945449
v -4.62877131 52.4865036 -3.78652763
v -4.33088255 55.63404083 -2.00927758
v -4.79470301 53.01914597 -3.46008182
v -4.01339149 56.15598679 -1.61878061
v -4.87560701 53.58417892 -3.11750364
v -3.61670613 56.62917328 -1.22073603
v -4.86674118 54.1668129 -2.76039028
v -3.14990139 57.04089737 -0.81699991
v -4.76596975 54.75163269 -2.39040661
v -2.6240952 57.3801918 -0.40945449
v -4.65143251 52.16242981 -3.78652763
v -4.63806295 52 -3.80635977
v -4.81924534 52 -3.57419586
v -4.5738306 55.32308197 -2.00927758
v -4.85411501 52.68220139 -3.46008182
v -4.29352188 55.86590576 -1.61878061
v -4.97423697 53.2402153 -3.11750364
v -3.93081069 56.36560822 -1.22073603
v -5.00603533 53.82204819 -2.76039028
v -3.49386358 56.8088913 -0.81699991
v -4.94630432 54.41247559 -2.39040661
v -2.99300623 57.18404007 -0.40945449
v -4.79449558 54.99593353 -2.00927758
v -4.88987875 52.3419342 -3.46008182
v -4.98881769 52 -3.33342147
v -4.55273485 55.55698776 -1.61878061
v -5.0486331 52.8902092 -3.11750364
v -4.22576475 56.0807724 -1.22073603
v -5.12094021 53.46840668 -2.76039028
v -3.82080388 56.55345535 -0.81699991
v -5.10254097 54.06156158 -2.39040661
v -3.34733582 56.96263123 -0.40945449
v -4.99180222 54.65419006 -2.00927758
v -4.78976774 55.23073959 -1.61878061
v -5.09843302 52.53586578 -3.11750364
v -4.50013161 55.7760582 -1.22073603
v -5.21089697 53.1076088 -2.76039028
v -4.12912989 56.27584076 -0.81699991
v -5.23391867 53.70060349 -2.39040661
v -3.68535733 56.71704102 -0.40945449
v -5.1647892 54.29951096 -2.00927758
v -5.00346518 54.88875198 -1.61878061
v -5.12339354 52.17891312 -3.11750364
v -5.14637184 52 -3.08461642
v -5.29152775 52 -2.82838035
v -4.75257397 55.45294571 -1.22073603
v -5.27546644 52.74141693 -2.76039028
v -4.41733885 55.97739029 -0.81699991
v -5.33979702 53.33135986 -2.39040661
v -4.00542402 56.44847488 -0.40945449
v -5.31261396 53.9336319 -2.00927758
v -5.19278574 54.53269196 -1.61878061
v -4.98186255 55.11301422 -1.22073603
v -5.31433439 52.37161255 -2.76039028
v -5.42393589 52 -2.56533051
v -4.68402719 55.65956116 -0.81699991
v -5.41966057 52.95563126 -2.39040661
v -4.30597734 56.15823364 -0.40945449
v -5.43455601 53.55833435 -2.00927758
v -5.35680819 54.16429138 -1.61878061
v -5.18687963 54.75791168 -1.22073603
v -4.92789507 55.32390594 -0.81699991
v -5.47312021 52.57524872 -2.39040661
v -4.58555174 55.84773636 -0.40945449
v -5.53002167 53.17544174 -2.00927758
v -5.49473238 53.78534698 -1.61878061
v -5.36662674 54.38937759 -1.22073603
v -5.14775515 54.97205734 -0.81699991
v -5.4999156 52.19206238 -2.39040661
v -5.54327726 52 -2.29610062
v -4.84278584 55.51848984 -0.40945449
v -5.59854555 52.78682327 -2.00927758
v -5.60588694 53.39770508 -1.61878061
v -5.52022839 54.00919724 -1.22073603
v -5.34253597 54.60572815 -0.81699991
v -5.07642651 55.17210388 -0.40945449
v -5.63979387 52.39437103 -2.00927758
v -5.64926434 52 -2.02133918
v -5.741642 52 -1.74170804
v -5.68973064 53.00325394 -1.61878061
v -5.64693642 53.61923218 -1.22073603
v -5.51128817 54.22670364 -0.81699991
v -5.28533554 54.81026459 -0.40945449
v -5.7458539 52.60391235 -1.61878061
v -5.74613237 53.22137833 -1.22073603
v -5.65319014 53.83683395 -0.81699991
v -5.46849442 54.43473053 -0.40945449
v -5.77398443 52.20163345 -1.61878061
v -5.82018757 52 -1.45788109
v -5.81733418 52.81757355 -1.22073603
v -5.76754999 53.43801117 -0.81699991
v -5.62501192 54.04733658 -0.40945449
v -5.86019468 52.40978622 -1.22073603
v -5.88471174 52 -1.17054188
v -5.85381126 53.0321846 -0.81699991
v -5.75412464 53.64996719 -0.40945449
v -5.91155338 52.62133026 -0.81699991
v -5.85520411 53.24456024 -0.40945449
v -5.94049454 52.20744705 -0.81699991
v -5.93505907 52 -0.88038284
v -5.97110844 52 -0.58810282
v -5.92775726 52.83309174 -0.40945449
v -5.97143078 52.41756439 -0.40945449
v -5.99254131 28.89651871 -0.29907531
v -5.9701848 28.89651871 -0.5974071
v -5.93298483 28.89651871 -0.89425361
v -5.88103485 28.89651871 -1.18887687
v -5.81446362 28.89651871 -1.48054433
v -5.73343706 28.89651871 -1.76853108
v -5.63815594 28.89651871 -2.05212092
v -5.52885723 28.89651871 -2.33060884
v -5.40581322 28.89651871 -2.60330248
v -5.26932955 28.89651871 -2.86952376
v -5.11974525 28.89651871 -3.12861133
v -4.95743275 28.89651871 -3.37992024
v -4.78279495 28.89651871 -3.62282658
v -4.59626675 28.89651871 -3.85672569
v -4.39831114 28.89651871 -4.08103657
v -4.1894207 28.89651871 -4.2952013
v -3.97011495 28.89651871 -4.49868727
v -3.7409389 28.89651871 -4.69098902
v -3.50246215 28.89651871 -4.87162781
v -3.25527763 28.89651871 -5.04015541
v -3 28.89651871 -5.19615221
v -2.73726392 28.89651871 -5.33923101
v -2.46772265 28.89651871 -5.46903515
v -2.19204617 28.89651871 -5.58524227
v -1.9109199 28.89651871 -5.6875639
v -1.6250428 28.89651871 -5.77574539
v -1.33512557 28.89651871 -5.84956741
v -1.04188907 28.89651871 -5.90884638
v -0.74606222 28.89651871 -5.95343542
v -0.44838056 28.89651871 -5.98322296
v -0.14958414 28.89651871 -5.99813509
v 0.14958414 28.89651871 -5.99813509
v 0.44838056 28.89651871 -5.98322296
v 0.74606222 28.89651871 -5.95343542
v 1.04188907 28.89651871 -5.90884638
v 1.33512557 28.89651871 -5.84956741
v 1.6250428 28.89651871 -5.77574539
v 1.9109199 28.89651871 -5.6875639
v 2.19204617 28.89651871 -5.58524227
v 2.46772265 28.89651871 -5.46903515
v 2.73726392 28.89651871 -5.33923101
v 3 28.89651871 -5.19615221
v 3.25527763 28.89651871 -5.04015541
v 3.50246215 28.89651871 -4.87162781
v 3.7409389 28.89651871 -4.69098902
v 3.97011495 28.89651871 -4.49868727
v 4.1894207 28.89651871 -4.2952013
v 4.39831114 28.89651871 -4.08103657
v 4.59626675 28.89651871 -3.85672569
v 4.78279495 28.89651871 -3.62282658
v 4.95743275 28.89651871 -3.37992024
v 5.11974525 28.89651871 -3.12861133
v 5.26932955 28.89651871 -2.86952376
v 5.40581322 28.89651871 -2.60330248
v 5.52885723 28.89651871 -2.33060884
v 5.63815594 28.89651871 -2.05212092
v 5.73343706 28.89651871 -1.76853108
v 5.81446362 28.89651871 -1.48054433
v 5.88103485 28.89651871 -1.18887687
v 5.93298483 28.89651871 -0.89425361
v 5.9701848 28.89651871 -0.5974071
v 5.99254131 28.89651871 -0.29907531
v -5.99057055 28.81738853 -0.29897696
v -5.98466253 28.73845482 -0.29868209
v -5.97483253 28.65991402 -0.29819149
v -5.96110439 28.58196068 -0.29750636
v -5.96822119 28.81738853 -0.59721059
v -5.94351292 28.50479126 -0.29662839
v -5.96233511 28.73845482 -0.59662163
v -5.92210102 28.42859459 -0.29555976
v -5.95254183 28.65991402 -0.59564161
v -5.89692259 28.3535614 -0.29430318
v -5.93886471 28.58196068 -0.59427309
v -5.86804008 28.27987862 -0.2928617
v -5.93103361 28.81738853 -0.89395946
v -5.92133856 28.50479126 -0.59251928
v -5.83552504 28.20772743 -0.29123893
v -5.92518425 28.73845482 -0.89307785
v -5.90000677 28.42859459 -0.59038472
v -5.7994585 28.13729095 -0.28943893
v -5.915452 28.65991402 -0.89161092
v -5.87492228 28.3535614 -0.58787465
v -5.75993013 28.06874084 -0.28746617
v -5.90186024 28.58196068 -0.88956231
v -5.84614754 28.27987862 -0.58499527
v -5.71703863 28.00224876 -0.28532553
v -5.8791008 28.81738853 -1.18848586
v -5.88444328 28.50479126 -0.88693714
v -5.81375408 28.20772743 -0.58175385
v -5.67088985 27.93797874 -0.28302234
v -5.62159872 27.87609291 -0.28056234
v -5.87330246 28.73845482 -1.1873138
v -5.86324453 28.42859459 -0.88374192
v -5.77782202 28.13729095 -0.57815832
v -5.86365557 28.65991402 -1.18536353
v -5.83831644 28.3535614 -0.87998462
v -5.73844147 28.06874084 -0.57421768
v -5.85018301 28.58196068 -1.18263996
v -5.80972052 28.27987862 -0.87567449
v -5.69570923 28.00224876 -0.5699417
v -5.8125515 28.81738853 -1.48005748
v -5.83291864 28.50479126 -1.17914987
v -5.77752876 28.20772743 -0.87082237
v -5.64973307 27.93797874 -0.56534106
v -5.60062599 27.87609291 -0.56042713
v -5.80681896 28.73845482 -1.47859776
v -5.81190538 28.42859459 -1.17490196
v -5.74182081 28.13729095 -0.86544025
v -5.79728079 28.65991402 -1.47616911
v -5.78719521 28.3535614 -1.16990674
v -5.70268536 28.06874084 -0.85954154
v -5.78396082 28.58196068 -1.47277737
v -5.7588501 28.27987862 -1.1641767
v -5.66022015 28.00224876 -0.85314089
v -5.73155117 28.81738853 -1.76794934
v -5.76689196 28.50479126 -1.46843112
v -5.72694016 28.20772743 -1.15772593
v -5.61453009 27.93797874 -0.84625423
v -5.56572866 27.87609291 -0.83889866
v -5.72589874 28.73845482 -1.76620579
v -5.74611664 28.42859459 -1.46314108
v -5.69154501 28.13729095 -1.15057063
v -5.71649361 28.65991402 -1.76330471
v -5.72168636 28.3535614 -1.45692039
v -5.65275192 28.06874084 -1.14272845
v -5.70335913 28.58196068 -1.75925326
v -5.69366169 28.27987862 -1.44978452
v -5.61065817 28.00224876 -1.13421905
v -5.63630152 28.81738853 -2.05144596
v -5.68652773 28.50479126 -1.75406158
v -5.66211319 28.20772743 -1.44175112
v -5.56536818 27.93797874 -1.12506342
v -5.51699448 27.87609291 -1.11528444
v -5.63074303 28.73845482 -2.04942274
v -5.66604185 28.42859459 -1.74774253
v -5.62711859 28.13729095 -1.43284047
v -5.62149382 28.65991402 -2.04605651
v -5.64195204 28.3535614 -1.74031174
v -5.58876514 28.06874084 -1.42307436
v -5.60857773 28.58196068 -2.04135537
v -5.61431837 28.27987862 -1.73178792
v -5.54714775 28.00224876 -1.41247737
v -5.52703905 28.81738853 -2.32984233
v -5.59202623 28.50479126 -2.03533125
v -5.58320951 28.20772743 -1.72219205
v -5.50237036 27.93797874 -1.4010756
v -5.45454407 27.87609291 -1.38889754
v -5.52158785 28.73845482 -2.32754445
v -5.57188082 28.42859459 -2.02799869
v -5.54870224 28.13729095 -1.71154797
v -5.51251841 28.65991402 -2.32372141
v -5.54819155 28.3535614 -2.01937652
v -5.51088333 28.06874084 -1.69988239
v -5.49985266 28.58196068 -2.31838226
v -5.52101707 28.27987862 -2.00948572
v -5.46984577 28.00224876 -1.68722403
v -5.40403509 28.81738853 -2.60244632
v -5.48362207 28.50479126 -2.3115406
v -5.49042463 28.20772743 -1.99835122
v -5.42569256 27.93797874 -1.67360449
v -5.37853289 27.87609291 -1.65905762
v -5.28914976 27.87609291 -1.92509305
v -5.39870596 28.73845482 -2.59987974
v -5.46386719 28.42859459 -2.30321312
v -5.45649147 28.13729095 -1.98600042
v -5.38983822 28.65991402 -2.59560919
v -5.44063711 28.3535614 -2.29342079
v -5.41930056 28.06874084 -1.97246408
v -5.37745428 28.58196068 -2.58964539
v -5.41398907 28.27987862 -2.28218794
v -5.37894535 28.00224876 -1.95777595
v -5.26759624 28.81738853 -2.8685801
v -5.36158466 28.50479126 -2.58200312
v -5.38399029 28.20772743 -2.26954222
v -5.33552551 27.93797874 -1.94197249
v -5.26240158 28.73845482 -2.86575103
v -5.34226942 28.42859459 -2.57270145
v -5.35071468 28.13729095 -2.25551534
v -5.25375748 28.65991402 -2.86104393
v -5.31955624 28.3535614 -2.56176329
v -5.31424475 28.06874084 -2.24014211
v -5.24168634 28.58196068 -2.85447025
v -5.29350138 28.27987862 -2.54921603
v -5.27467203 28.00224876 -2.22346067
v -5.11806154 28.81738853 -3.12758231
v -5.22621775 28.50479126 -2.84604645
v -5.26417017 28.20772743 -2.53509068
v -5.23209381 27.93797874 -2.20551252
v -5.1866169 27.87609291 -2.18634248
v -5.11301374 28.73845482 -3.12449789
v -5.20739031 28.42859459 -2.8357935
v -5.23163509 28.13729095 -2.51942253
v -5.10461569 28.65991402 -3.11936569
v -5.18525028 28.3535614 -2.82373691
v -5.19597673 28.06874084 -2.50225067
v -5.09288692 28.58196068 -3.11219835
v -5.15985346 28.27987862 -2.80990648
v -5.15728474 28.00224876 -2.48361731
v -4.95580196 28.81738853 -3.37880874
v -5.07785749 28.50479126 -3.10301399
v -5.1312623 28.20772743 -2.79433656
v -5.11565447 27.93797874 -2.46356916
v -5.0711894 27.87609291 -2.44215608
v -4.95091486 28.73845482 -3.3754766
v -5.05956411 28.42859459 -3.09183526
v -5.09954882 28.13729095 -2.77706623
v -4.9427824 28.65991402 -3.36993217
v -5.03805304 28.3535614 -3.07869005
v -5.0647912 28.06874084 -2.75813818
v -4.93142557 28.58196068 -3.36218929
v -5.01337719 28.27987862 -3.06361103
v -5.02707577 28.00224876 -2.73759937
v -4.78122187 28.81738853 -3.62163496
v -4.91687298 28.50479126 -3.35226703
v -4.98559761 28.20772743 -3.04663539
v -4.98649645 27.93797874 -2.71550107
v -4.94315386 27.87609291 -2.69189811
v -4.7765069 28.73845482 -3.61806321
v -4.89915943 28.42859459 -3.34019041
v -4.95478439 28.13729095 -3.02780557
v -4.76866102 28.65991402 -3.61212039
v -4.87833023 28.3535614 -3.32598925
v -4.92101336 28.06874084 -3.00716853
v -4.75770426 28.58196068 -3.60382104
v -4.8544364 28.27987862 -3.30969882
v -4.88436842 28.00224876 -2.98477554
v -4.59475517 28.81738853 -3.85545731
v -4.74366379 28.50479126 -3.5931859
v -4.82753801 28.20772743 -3.29135966
v -4.84494114 27.93797874 -2.96068192
v -4.80282927 27.87609291 -2.93494797
v -4.65056372 27.87609291 -3.17070079
v -4.59022379 28.73845482 -3.85165501
v -4.7265749 28.42859459 -3.5802412
v -4.79770136 28.13729095 -3.27101755
v -4.58268404 28.65991402 -3.84532833
v -4.70647907 28.3535614 -3.56501937
v -4.76500082 28.06874084 -3.24872279
v -4.57215452 28.58196068 -3.83649325
v -4.68342733 28.27987862 -3.54755831
v -4.72951794 28.00224876 -3.2245307
v -4.39686441 28.81738853 -4.07969427
v -4.55866146 28.50479126 -3.82517123
v -4.65747643 28.20772743 -3.52790117
v -4.69134045 27.93797874 -3.19850183
v -4.4867363 27.87609291 -3.39857078
v -4.39252853 28.73845482 -4.07567072
v -4.54223871 28.42859459 -3.81139112
v -4.62869072 28.13729095 -3.50609708
v -4.38531351 28.65991402 -4.0689764
v -4.52292728 28.3535614 -3.79518652
v -4.59714222 28.06874084 -3.48219991
v -4.37523746 28.58196068 -4.05962706
v -4.50077438 28.27987862 -3.77659798
v -4.56290913 28.00224876 -3.4562695
v -4.18804312 28.81738853 -4.29378843
v -4.36232567 28.50479126 -4.047647
v -4.47583532 28.20772743 -3.75567174
v -4.52607679 27.93797874 -3.42837
v -4.18391275 28.73845482 -4.28955364
v -4.34661055 28.42859459 -4.03306532
v -4.44817257 28.13729095 -3.73245978
v -4.17704058 28.65991402 -4.2825079
v -4.32813025 28.3535614 -4.01591825
v -4.41785431 28.06874084 -3.70702004
v -4.16744328 28.58196068 -4.27266836
v -4.3069315 28.27987862 -3.99624848
v -4.38495636 28.00224876 -3.67941523
v -3.96880937 28.81738853 -4.49720764
v -4.15514469 28.50479126 -4.26005936
v -4.28306675 28.20772743 -3.97410512
v -4.34956026 27.93797874 -3.64971447
v -4.31175423 27.87609291 -3.61799145
v -3.96489525 28.73845482 -4.49277258
v -4.14017534 28.42859459 -4.24471235
v -4.25659513 28.13729095 -3.94954324
v -3.95838261 28.65991402 -4.48539257
v -4.1225729 28.3535614 -4.2266655
v -4.22758293 28.06874084 -3.92262363
v -3.94928765 28.58196068 -4.47508717
v -4.10238123 28.27987862 -4.20596361
v -4.19610167 28.00224876 -3.89341354
v -3.73970842 28.81738853 -4.68944597
v -3.93763304 28.50479126 -4.46188068
v -4.07964993 28.20772743 -4.1826582
v -4.16223049 27.93797874 -3.86198545
v -4.12605238 27.87609291 -3.8284173
v -3.73602033 28.73845482 -4.68482113
v -3.92344761 28.42859459 -4.4458065
v -4.05443573 28.13729095 -4.15680742
v -3.72988367 28.65991402 -4.67712641
v -3.90676665 28.3535614 -4.42690468
v -4.02680111 28.06874084 -4.12847519
v -3.72131371 28.58196068 -4.66637993
v -3.88763165 28.27987862 -4.40522194
v -3.9968152 28.00224876 -4.09773207
v -3.50131011 28.81738853 -4.87002563
v -3.71033192 28.50479126 -4.65260887
v -3.86609006 28.20772743 -4.38081264
v -3.96455216 27.93797874 -4.06465483
v -3.93009257 27.87609291 -4.02932501
v -3.49785709 28.73845482 -4.86522293
v -3.69696522 28.42859459 -4.63584757
v -3.84219575 28.13729095 -4.35373688
v -3.49211168 28.65991402 -4.85723162
v -3.68124723 28.3535614 -4.61613798
v -3.81600785 28.06874084 -4.32406282
v -3.48408794 28.58196068 -4.84607124
v -3.66321683 28.27987862 -4.59352827
v -3.7875917 28.00224876 -4.29186296
v -3.2542069 28.81738853 -5.03849792
v -3.47380614 28.50479126 -4.83176994
v -3.64291883 28.20772743 -4.56807566
v -3.75701761 27.93797874 -4.25721836
v -3.7243619 27.87609291 -4.22021532
v -3.25099754 28.73845482 -5.0335288
v -3.46129155 28.42859459 -4.81436348
v -3.62040377 28.13729095 -4.53984261
v -3.24565768 28.65991402 -5.02526093
v -3.44657564 28.3535614 -4.79389477
v -3.59572768 28.06874084 -4.50889969
v -3.23820019 28.58196068 -5.01371479
v -3.42969465 28.27987862 -4.77041483
v -3.56895161 28.00224876 -4.47532368
v -2.99901342 28.81738853 -5.19444323
v -3.22864413 28.50479126 -4.99891901
v -3.41069055 28.20772743 -4.74398184
v -3.54014254 27.93797874 -4.43919849
v -3.509372 27.87609291 -4.40061331
v -2.9960556 28.73845482 -5.18932056
v -3.21701288 28.42859459 -4.98090982
v -3.38961077 28.13729095 -4.7146616
v -2.99113441 28.65991402 -5.1807971
v -3.20333529 28.3535614 -4.95973301
v -3.36650777 28.06874084 -4.68252707
v -2.98426199 28.58196068 -5.16889334
v -3.18764567 28.27987862 -4.93544102
v -3.34143877 28.00224876 -4.64765835
v -2.73636365 28.81738853 -5.33747482
v -2.97545505 28.50479126 -5.15363932
v -3.16998291 28.20772743 -4.90809345
v -3.31446624 27.93797874 -4.61014175
v -3.28565693 27.87609291 -4.57007074
v -2.73366499 28.73845482 -5.33221102
v -2.96473598 28.42859459 -5.13507318
v -3.15039086 28.13729095 -4.87775898
v -2.72917485 28.65991402 -5.32345247
v -2.95213103 28.3535614 -5.11324072
v -3.12891817 28.06874084 -4.84451294
v -2.72290421 28.58196068 -5.31122112
v -2.93767166 28.27987862 -5.08819675
v -3.10561848 28.00224876 -4.80843782
v -2.46691108 28.81738853 -5.46723652
v -2.71486855 28.50479126 -5.29554701
v -2.92139411 28.20772743 -5.0600028
v -3.08054948 27.93797874 -4.76962328
v -3.0537734 27.87609291 -4.7281661
v -2.81429768 27.87609291 -4.87450695
v -2.46447802 28.73845482 -5.46184444
v -2.70508814 28.42859459 -5.27646971
v -2.90333843 28.13729095 -5.02872944
v -2.46043015 28.65991402 -5.45287323
v -2.6935873 28.3535614 -5.25403643
v -2.88354969 28.06874084 -4.99445438
v -2.45477676 28.58196068 -5.44034433
v -2.68039441 28.27987862 -5.22830248
v -2.862077 28.00224876 -4.95726299
v -2.19132519 28.81738853 -5.58340549
v -2.44753265 28.50479126 -5.4242897
v -2.66554213 28.20772743 -5.19933224
v -2.838974 27.93797874 -4.9172473
v -2.18916416 28.73845482 -5.57789898
v -2.43871522 28.42859459 -5.40474844
v -2.64906788 28.13729095 -5.1671977
v -2.18556833 28.65991402 -5.56873703
v -2.42834687 28.3535614 -5.38176918
v -2.6310122 28.06874084 -5.13197899
v -2.18054652 28.58196068 -5.55594206
v -2.41645288 28.27987862 -5.3554101
v -2.61142015 28.00224876 -5.09376335
v -1.91029143 28.81738853 -5.68569326
v -2.1741116 28.50479126 -5.53954601
v -2.4030633 28.20772743 -5.32573557
v -2.59034038 27.93797874 -5.05264568
v -2.56782532 27.87609291 -5.0087285
v -1.90840745 28.73845482 -5.68008614
v -2.16627932 28.42859459 -5.5195899
v -2.38821125 28.13729095 -5.29281998
v -1.90527284 28.65991402 -5.67075634
v -2.15706921 28.3535614 -5.49612236
v -2.37193346 28.06874084 -5.25674486
v -1.90089512 28.58196068 -5.65772676
v -2.14650393 28.27987862 -5.469203
v -2.3542707 28.00224876 -5.21759987
v -1.62450838 28.81738853 -5.77384567
v -1.89528549 28.50479126 -5.64103031
v -2.13461018 28.20772743 -5.43889809
v -2.33526683 27.93797874 -5.17548275
v -2.31496882 27.87609291 -5.13049793
v -1.62290621 28.73845482 -5.76815176
v -1.88845766 28.42859459 -5.62070847
v -2.12141728 28.13729095 -5.40528297
v -1.62024057 28.65991402 -5.75867701
v -1.88042867 28.3535614 -5.59681129
v -2.10695791 28.06874084 -5.3684411
v -1.61651778 28.58196068 -5.74544573
v -1.87121844 28.27987862 -5.56939888
v -2.0912683 28.00224876 -5.32846451
v -1.33468652 28.81738853 -5.84764338
v -1.61174726 28.50479126 -5.72849035
v -1.86084998 28.20772743 -5.53853846
v -2.07438731 27.93797874 -5.28545284
v -2.05635691 27.87609291 -5.23951197
v -1.79263258 27.87609291 -5.33549976
v -1.33337021 28.73845482 -5.84187651
v -1.60594094 28.42859459 -5.70785332
v -1.84934902 28.13729095 -5.50430775
v -1.3311801 28.65991402 -5.83228111
v -1.59911311 28.3535614 -5.68358564
v -1.83674419 28.06874084 -5.46679115
v -1.32812154 28.58196068 -5.81888056
v -1.59128082 28.27987862 -5.65574789
v -1.82306659 28.00224876 -5.42608213
v -1.04154634 28.81738853 -5.90690327
v -1.32420206 28.50479126 -5.80170822
v -1.5824635 28.20772743 -5.62440968
v -1.80835056 27.93797874 -5.38228226
v -1.04051924 28.73845482 -5.90107775
v -1.31943166 28.42859459 -5.7808075
v -1.5726831 28.13729095 -5.58964777
v -1.03881013 28.65991402 -5.8913846
v -1.31382191 28.3535614 -5.75622988
v -1.56196392 28.06874084 -5.55154943
v -1.03642333 28.58196068 -5.87784863
v -1.30738688 28.27987862 -5.7280364
v -1.55033255 28.00224876 -5.51020956
v -0.74581683 28.81738853 -5.95147705
v -1.03336465 28.50479126 -5.86050272
v -1.30014265 28.20772743 -5.69629717
v -1.53781807 27.93797874 -5.46573019
v -1.52445149 27.87609291 -5.41822243
v -0.74508131 28.73845482 -5.94560766
v -1.02964199 28.42859459 -5.8393898
v -1.29210711 28.13729095 -5.66109133
v -0.7438575 28.65991402 -5.93584156
v -1.02526438 28.3535614 -5.8145628
v -1.28330028 28.06874084 -5.62250614
v -0.74214834 28.58196068 -5.92220354
v -1.02024269 28.27987862 -5.7860837
v -1.27374411 28.00224876 -5.58063745
v -0.4482331 28.81738853 -5.98125505
v -0.73995823 28.50479126 -5.90472651
v -1.01458955 28.20772743 -5.75402308
v -1.26346231 27.93797874 -5.53558969
v -1.25248039 27.87609291 -5.48747492
v -0.44779104 28.73845482 -5.9753561
v -0.73729247 28.42859459 -5.88345432
v -1.00831878 28.13729095 -5.71846008
v -0.44705552 28.65991402 -5.96554136
v -0.7341578 28.3535614 -5.8584404
v -1.00144625 28.06874084 -5.67948389
v -0.44602835 28.58196068 -5.95183468
v -0.73056197 28.27987862 -5.82974625
v -0.99398893 28.00224876 -5.6371913
v -0.14953496 28.81738853 -5.99616241
v -0.44471207 28.50479126 -5.93427038
v -0.72651392 28.20772743 -5.79744339
v -0.98596531 27.93797874 -5.5916872
v -0.97739536 27.87609291 -5.54308462
v -0.14938748 28.73845482 -5.99024868
v -0.44310999 28.42859459 -5.91289186
v -0.72202373 28.13729095 -5.76161242
v -0.1491421 28.65991402 -5.98040962
v -0.44122607 28.3535614 -5.88775253
v -0.71710247 28.06874084 -5.72234201
v -0.14879943 28.58196068 -5.96666861
v -0.43906498 28.27987862 -5.85891485
v -0.71176255 28.00224876 -5.67972994
v 0.14953496 28.81738853 -5.99616241
v -0.14836031 28.50479126 -5.94906044
v -0.4366321 28.20772743 -5.82645035
v -0.70601708 27.93797874 -5.63388252
v -0.69988042 27.87609291 -5.58491325
v 0.14938748 28.73845482 -5.99024868
v -0.14782584 28.42859459 -5.92762899
v -0.4339335 28.13729095 -5.79044008
v 0.1491421 28.65991402 -5.98040962
v -0.14719734 28.3535614 -5.90242672
v -0.43097585 28.06874084 -5.75097322
v 0.14879943 28.58196068 -5.96666861
v -0.14647637 28.27987862 -5.87351751
v -0.42776656 28.00224876 -5.708148
v 0.4482331 28.81738853 -5.98125505
v 0.14836031 28.50479126 -5.94906044
v -0.14566475 28.20772743 -5.84097195
v -0.42431358 27.93797874 -5.66207123
v -0.42062548 27.87609291 -5.61285686
v 0.44779104 28.73845482 -5.9753561
v 0.14782584 28.42859459 -5.92762899
v -0.14476447 28.13729095 -5.80487204
v 0.44705552 28.65991402 -5.96554136
v 0.14719734 28.3535614 -5.90242672
v -0.14377777 28.06874084 -5.76530695
v 0.44602835 28.58196068 -5.95183468
v 0.14647637 28.27987862 -5.87351751
v -0.14270712 28.00224876 -5.72237492
v 0.74581683 28.81738853 -5.95147705
v 0.44471207 28.50479126 -5.93427038
v 0.14566475 28.20772743 -5.84097195
v -0.14155516 27.93797874 -5.67618322
v -0.14032479 27.87609291 -5.62684631
v 0.74508131 28.73845482 -5.94560766
v 0.44310999 28.42859459 -5.91289186
v 0.14476447 28.13729095 -5.80487204
v 0.7438575 28.65991402 -5.93584156
v 0.44122607 28.3535614 -5.88775253
v 0.14377777 28.06874084 -5.76530695
v 0.74214834 28.58196068 -5.92220354
v 0.43906498 28.27987862 -5.85891485
v 0.14270712 28.00224876 -5.72237492
v 1.04154634 28.81738853 -5.90690327
v 0.73995823 28.50479126 -5.90472651
v 0.4366321 28.20772743 -5.82645035
v 0.14155516 27.93797874 -5.67618322
v 0.14032479 27.87609291 -5.62684631
v 1.04051924 28.73845482 -5.90107775
v 0.73729247 28.42859459 -5.88345432
v 0.4339335 28.13729095 -5.79044008
v 1.03881013 28.65991402 -5.8913846
v 0.7341578 28.3535614 -5.8584404
v 0.43097585 28.06874084 -5.75097322
v 1.03642333 28.58196068 -5.87784863
v 0.73056197 28.27987862 -5.82974625
v 0.42776656 28.00224876 -5.708148
v 1.33468652 28.81738853 -5.84764338
v 1.03336465 28.50479126 -5.86050272
v 0.72651392 28.20772743 -5.79744339
v 0.42431358 27.93797874 -5.66207123
v 0.42062548 27.87609291 -5.61285686
v 1.33337021 28.73845482 -5.84187651
v 1.02964199 28.42859459 -5.8393898
v 0.72202373 28.13729095 -5.76161242
v 1.3311801 28.65991402 -5.83228111
v 1.02526438 28.3535614 -5.8145628
v 0.71710247 28.06874084 -5.72234201
v 1.32812154 28.58196068 -5.81888056
v 1.02024269 28.27987862 -5.7860837
v 0.71176255 28.00224876 -5.67972994
v 1.62450838 28.81738853 -5.77384567
v 1.32420206 28.50479126 -5.80170822
v 1.01458955 28.20772743 -5.75402308
v 0.70601708 27.93797874 -5.63388252
v 0.69988042 27.87609291 -5.58491325
v 1.62290621 28.73845482 -5.76815176
v 1.31943166 28.42859459 -5.7808075
v 1.00831878 28.13729095 -5.71846008
v 1.62024057 28.65991402 -5.75867701
v 1.31382191 28.3535614 -5.75622988
v 1.00144625 28.06874084 -5.67948389
v 1.61651778 28.58196068 -5.74544573
v 1.30738688 28.27987862 -5.7280364
v 0.99398893 28.00224876 -5.6371913
v 1.91029143 28.81738853 -5.68569326
v 1.61174726 28.50479126 -5.72849035
v 1.30014265 28.20772743 -5.69629717
v 0.98596531 27.93797874 -5.5916872
v 0.97739536 27.87609291 -5.54308462
v 1.90840745 28.73845482 -5.68008614
v 1.60594094 28.42859459 -5.70785332
v 1.29210711 28.13729095 -5.66109133
v 1.90527284 28.65991402 -5.67075634
v 1.59911311 28.3535614 -5.68358564
v 1.28330028 28.06874084 -5.62250614
v 1.90089512 28.58196068 -5.65772676
v 1.59128082 28.27987862 -5.65574789
v 1.27374411 28.00224876 -5.58063745
v 2.19132519 28.81738853 -5.58340549
v 1.89528549 28.50479126 -5.64103031
v 1.5824635 28.20772743 -5.62440968
v 1.26346231 27.93797874 -5.53558969
v 1.25248039 27.87609291 -5.48747492
v 2.18916416 28.73845482 -5.57789898
v 1.88845766 28.42859459 -5.62070847
v 1.5726831 28.13729095 -5.58964777
v 2.18556833 28.65991402 -5.56873703
v 1.88042867 28.3535614 -5.59681129
v 1.56196392 28.06874084 -5.55154943
v 2.18054652 28.58196068 -5.55594206
v 1.87121844 28.27987862 -5.56939888
v 1.55033255 28.00224876 -5.51020956
v 2.46691108 28.81738853 -5.46723652
v 2.1741116 28.50479126 -5.53954601
v 1.86084998 28.20772743 -5.53853846
v 1.53781807 27.93797874 -5.46573019
v 1.52445149 27.87609291 -5.41822243
v 2.46447802 28.73845482 -5.46184444
v 2.16627932 28.42859459 -5.5195899
v 1.84934902 28.13729095 -5.50430775
v 2.46043015 28.65991402 -5.45287323
v 2.15706921 28.3535614 -5.49612236
v 1.83674419 28.06874084 -5.46679115
v 2.45477676 28.58196068 -5.44034433
v 2.14650393 28.27987862 -5.469203
v 1.82306659 28.00224876 -5.42608213
v 2.73636365 28.81738853 -5.33747482
v 2.44753265 28.50479126 -5.4242897
v 2.13461018 28.20772743 -5.43889809
v 1.80835056 27.93797874 -5.38228226
v 1.79263258 27.87609291 -5.33549976
v 2.73366499 28.73845482 -5.33221102
v 2.43871522 28.42859459 -5.40474844
v 2.12141728 28.13729095 -5.40528297
v 2.72917485 28.65991402 -5.32345247
v 2.42834687 28.3535614 -5.38176918
v 2.10695791 28.06874084 -5.3684411
v 2.72290421 28.58196068 -5.31122112
v 2.41645288 28.27987862 -5.3554101
v 2.0912683 28.00224876 -5.32846451
v 2.99901342 28.81738853 -5.19444323
v 2.71486855 28.50479126 -5.29554701
v 2.4030633 28.20772743 -5.32573557
v 2.07438731 27.93797874 -5.28545284
v 2.05635691 27.87609291 -5.23951197
v 2.9960556 28.73845482 -5.18932056
v 2.70508814 28.42859459 -5.27646971
v 2.38821125 28.13729095 -5.29281998
v 2.99113441 28.65991402 -5.1807971
v 2.6935873 28.3535614 -5.25403643
v 2.37193346 28.06874084 -5.25674486
v 2.98426199 28.58196068 -5.16889334
v 2.68039441 28.27987862 -5.22830248
v 2.3542707 28.00224876 -5.21759987
v 3.2542069 28.81738853 -5.03849792
v 2.97545505 28.50479126 -5.15363932
v 2.66554213 28.20772743 -5.19933224
v 2.33526683 27.93797874 -5.17548275
v 2.31496882 27.87609291 -5.13049793
v 3.25099754 28.73845482 -5.0335288
v 2.96473598 28.42859459 -5.13507318
v 2.64906788 28.13729095 -5.1671977
v 3.24565768 28.65991402 -5.02526093
v 2.95213103 28.3535614 -5.11324072
v 2.6310122 28.06874084 -5.13197899
v 3.23820019 28.58196068 -5.01371479
v 2.93767166 28.27987862 -5.08819675
v 2.61142015 28.00224876 -5.09376335
v 3.50131011 28.81738853 -4.87002563
v 3.22864413 28.50479126 -4.99891901
v 2.92139411 28.20772743 -5.0600028
v 2.59034038 27.93797874 -5.05264568
v 2.56782532 27.87609291 -5.0087285
v 2.81429768 27.87609291 -4.87450695
v 3.49785709 28.73845482 -4.86522293
v 3.21701288 28.42859459 -4.98090982
v 2.90333843 28.13729095 -5.02872944
v 3.49211168 28.65991402 -4.85723162
v 3.20333529 28.3535614 -4.95973301
v 2.88354969 28.06874084 -4.99445438
v 3.48408794 28.58196068 -4.84607124
v 3.18764567 28.27987862 -4.93544102
v 2.862077 28.00224876 -4.95726299
v 3.73970842 28.81738853 -4.68944597
v 3.47380614 28.50479126 -4.83176994
v 3.16998291 28.20772743 -4.90809345
v 2.838974 27.93797874 -4.9172473
v 3.73602033 28.73845482 -4.68482113
v 3.46129155 28.42859459 -4.81436348
v 3.15039086 28.13729095 -4.87775898
v 3.72988367 28.65991402 -4.67712641
v 3.44657564 28.3535614 -4.79389477
v 3.12891817 28.06874084 -4.84451294
v 3.72131371 28.58196068 -4.66637993
v 3.42969465 28.27987862 -4.77041483
v 3.10561848 28.00224876 -4.80843782
v 3.96880937 28.81738853 -4.49720764
v 3.71033192 28.50479126 -4.65260887
v 3.41069055 28.20772743 -4.74398184
v 3.08054948 27.93797874 -4.76962328
v 3.0537734 27.87609291 -4.7281661
v 3.96489525 28.73845482 -4.49277258
v 3.69696522 28.42859459 -4.63584757
v 3.38961077 28.13729095 -4.7146616
v 3.95838261 28.65991402 -4.48539257
v 3.68124723 28.3535614 -4.61613798
v 3.36650777 28.06874084 -4.68252707
v 3.94928765 28.58196068 -4.47508717
v 3.66321683 28.27987862 -4.59352827
v 3.34143877 28.00224876 -4.64765835
v 4.18804312 28.81738853 -4.29378843
v 3.93763304 28.50479126 -4.46188068
v 3.64291883 28.20772743 -4.56807566
v 3.31446624 27.93797874 -4.61014175
v 3.28565693 27.87609291 -4.57007074
v 3.509372 27.87609291 -4.40061331
v 4.18391275 28.73845482 -4.28955364
v 3.92344761 28.42859459 -4.4458065
v 3.62040377 28.13729095 -4.53984261
v 4.17704058 28.65991402 -4.2825079
v 3.90676665 28.3535614 -4.42690468
v 3.59572768 28.06874084 -4.50889969
v 4.16744328 28.58196068 -4.27266836
v 3.88763165 28.27987862 -4.40522194
v 3.56895161 28.00224876 -4.47532368
v 4.39686441 28.81738853 -4.07969427
v 4.15514469 28.50479126 -4.26005936
v 3.86609006 28.20772743 -4.38081264
v 3.54014254 27.93797874 -4.43919849
v 4.39252853 28.73845482 -4.07567072
v 4.14017534 28.42859459 -4.24471235
v 3.84219575 28.13729095 -4.35373688
v 4.38531351 28.65991402 -4.0689764
v 4.1225729 28.3535614 -4.2266655
v 3.81600785 28.06874084 -4.32406282
v 4.37523746 28.58196068 -4.05962706
v 4.10238123 28.27987862 -4.20596361
v 3.7875917 28.00224876 -4.29186296
v 4.59475517 28.81738853 -3.85545731
v 4.36232567 28.50479126 -4.047647
v 4.07964993 28.20772743 -4.1826582
v 3.75701761 27.93797874 -4.25721836
v 3.7243619 27.87609291 -4.22021532
v 3.93009257 27.87609291 -4.02932501
v 4.59022379 28.73845482 -3.85165501
v 4.34661055 28.42859459 -4.03306532
v 4.05443573 28.13729095 -4.15680742
v 4.58268404 28.65991402 -3.84532833
v 4.32813025 28.3535614 -4.01591825
v 4.02680111 28.06874084 -4.12847519
v 4.57215452 28.58196068 -3.83649325
v 4.3069315 28.27987862 -3.99624848
v 3.9968152 28.00224876 -4.09773207
v 4.78122187 28.81738853 -3.62163496
v 4.55866146 28.50479126 -3.82517123
v 4.28306675 28.20772743 -3.97410512
v 3.96455216 27.93797874 -4.06465483
v 4.7765069 28.73845482 -3.61806321
v 4.54223871 28.42859459 -3.81139112
v 4.25659513 28.13729095 -3.94954324
v 4.76866102 28.65991402 -3.61212039
v 4.52292728 28.3535614 -3.79518652
v 4.22758293 28.06874084 -3.92262363
v 4.75770426 28.58196068 -3.60382104
v 4.50077438 28.27987862 -3.77659798
v 4.19610167 28.00224876 -3.89341354
v 4.95580196 28.81738853 -3.37880874
v 4.74366379 28.50479126 -3.5931859
v 4.47583532 28.20772743 -3.75567174
v 4.16223049 27.93797874 -3.86198545
v 4.12605238 27.87609291 -3.8284173
v 4.31175423 27.87609291 -3.61799145
v 4.95091486 28.73845482 -3.3754766
v 4.7265749 28.42859459 -3.5802412
v 4.44817257 28.13729095 -3.73245978
v 4.9427824 28.65991402 -3.36993217
v 4.70647907 28.3535614 -3.56501937
v 4.41785431 28.06874084 -3.70702004
v 4.93142557 28.58196068 -3.36218929
v 4.68342733 28.27987862 -3.54755831
v 4.38495636 28.00224876 -3.67941523
v 5.11806154 28.81738853 -3.12758231
v 4.91687298 28.50479126 -3.35226703
v 4.65747643 28.20772743 -3.52790117
v 4.34956026 27.93797874 -3.64971447
v 5.11301374 28.73845482 -3.12449789
v 4.89915943 28.42859459 -3.34019041
v 4.62869072 28.13729095 -3.50609708
v 5.10461569 28.65991402 -3.11936569
v 4.87833023 28.3535614 -3.32598925
v 4.59714222 28.06874084 -3.48219991
v 5.09288692 28.58196068 -3.11219835
v 4.8544364 28.27987862 -3.30969882
v 4.56290913 28.00224876 -3.4562695
v 5.26759624 28.81738853 -2.8685801
v 5.07785749 28.50479126 -3.10301399
v 4.82753801 28.20772743 -3.29135966
v 4.52607679 27.93797874 -3.42837
v 4.4867363 27.87609291 -3.39857078
v 4.65056372 27.87609291 -3.17070079
v 5.26240158 28.73845482 -2.86575103
v 5.05956411 28.42859459 -3.09183526
v 4.79770136 28.13729095 -3.27101755
v 5.25375748 28.65991402 -2.86104393
v 5.03805304 28.3535614 -3.07869005
v 4.76500082 28.06874084 -3.24872279
v 5.24168634 28.58196068 -2.85447025
v 5.01337719 28.27987862 -3.06361103
v 4.72951794 28.00224876 -3.2245307
v 5.40403509 28.81738853 -2.60244632
v 5.22621775 28.50479126 -2.84604645
v 4.98559761 28.20772743 -3.04663539
v 4.69134045 27.93797874 -3.19850183
v 5.39870596 28.73845482 -2.59987974
v 5.20739031 28.42859459 -2.8357935
v 4.95478439 28.13729095 -3.02780557
v 5.38983822 28.65991402 -2.59560919
v 5.18525028 28.3535614 -2.82373691
v 4.92101336 28.06874084 -3.00716853
v 5.37745428 28.58196068 -2.58964539
v 5.15985346 28.27987862 -2.80990648
v 4.88436842 28.00224876 -2.98477554
v 5.52703905 28.81738853 -2.32984233
v 5.36158466 28.50479126 -2.58200312
v 5.1312623 28.20772743 -2.79433656
v 4.84494114 27.93797874 -2.96068192
v 4.80282927 27.87609291 -2.93494797
v 5.52158785 28.73845482 -2.32754445
v 5.34226942 28.42859459 -2.57270145
v 5.09954882 28.13729095 -2.77706623
v 5.51251841 28.65991402 -2.32372141
v 5.31955624 28.3535614 -2.56176329
v 5.0647912 28.06874084 -2.75813818
v 5.49985266 28.58196068 -2.31838226
v 5.29350138 28.27987862 -2.54921603
v 5.02707577 28.00224876 -2.73759937
v 5.63630152 28.81738853 -2.05144596
v 5.48362207 28.50479126 -2.3115406
v 5.26417017 28.20772743 -2.53509068
v 4.98649645 27.93797874 -2.71550107
v 4.94315386 27.87609291 -2.69189811
v 5.0711894 27.87609291 -2.44215608
v 5.63074303 28.73845482 -2.04942274
v 5.46386719 28.42859459 -2.30321312
v 5.23163509 28.13729095 -2.51942253
v 5.62149382 28.65991402 -2.04605651
v 5.44063711 28.3535614 -2.29342079
v 5.19597673 28.06874084 -2.50225067
v 5.60857773 28.58196068 -2.04135537
v 5.41398907 28.27987862 -2.28218794
v 5.15728474 28.00224876 -2.48361731
v 5.73155117 28.81738853 -1.76794934
v 5.59202623 28.50479126 -2.03533125
v 5.38399029 28.20772743 -2.26954222
v 5.11565447 27.93797874 -2.46356916
v 5.72589874 28.73845482 -1.76620579
v 5.57188082 28.42859459 -2.02799869
v 5.35071468 28.13729095 -2.25551534
v 5.71649361 28.65991402 -1.76330471
v 5.54819155 28.3535614 -2.01937652
v 5.31424475 28.06874084 -2.24014211
v 5.70335913 28.58196068 -1.75925326
v 5.52101707 28.27987862 -2.00948572
v 5.27467203 28.00224876 -2.22346067
v 5.8125515 28.81738853 -1.48005748
v 5.68652773 28.50479126 -1.75406158
v 5.49042463 28.20772743 -1.99835122
v 5.23209381 27.93797874 -2.20551252
v 5.1866169 27.87609291 -2.18634248
v 5.80681896 28.73845482 -1.47859776
v 5.66604185 28.42859459 -1.74774253
v 5.45649147 28.13729095 -1.98600042
v 5.79728079 28.65991402 -1.47616911
v 5.64195204 28.3535614 -1.74031174
v 5.41930056 28.06874084 -1.97246408
v 5.78396082 28.58196068 -1.47277737
v 5.61431837 28.27987862 -1.73178792
v 5.37894535 28.00224876 -1.95777595
v 5.8791008 28.81738853 -1.18848586
v 5.76689196 28.50479126 -1.46843112
v 5.58320951 28.20772743 -1.72219205
v 5.33552551 27.93797874 -1.94197249
v 5.28914976 27.87609291 -1.92509305
v 5.87330246 28.73845482 -1.1873138
v 5.74611664 28.42859459 -1.46314108
v 5.54870224 28.13729095 -1.71154797
v 5.86365557 28.65991402 -1.18536353
v 5.72168636 28.3535614 -1.45692039
v 5.51088333 28.06874084 -1.69988239
v 5.85018301 28.58196068 -1.18263996
v 5.69366169 28.27987862 -1.44978452
v 5.46984577 28.00224876 -1.68722403
v 5.93103361 28.81738853 -0.89395946
v 5.83291864 28.50479126 -1.17914987
v 5.66211319 28.20772743 -1.44175112
v 5.42569256 27.93797874 -1.67360449
v 5.37853289 27.87609291 -1.65905762
v 5.92518425 28.73845482 -0.89307785
v 5.81190538 28.42859459 -1.17490196
v 5.62711859 28.13729095 -1.43284047
v 5.915452 28.65991402 -0.89161092
v 5.78719521 28.3535614 -1.16990674
v 5.58876514 28.06874084 -1.42307436
v 5.90186024 28.58196068 -0.88956231
v 5.7588501 28.27987862 -1.1641767
v 5.54714775 28.00224876 -1.41247737
v 5.96822119 28.81738853 -0.59721059
v 5.88444328 28.50479126 -0.88693714
v 5.72694016 28.20772743 -1.15772593
v 5.50237036 27.93797874 -1.4010756
v 5.45454407 27.87609291 -1.38889754
v 5.96233511 28.73845482 -0.59662163
v 5.86324453 28.42859459 -0.88374192
v 5.69154501 28.13729095 -1.15057063
v 5.95254183 28.65991402 -0.59564161
v 5.83831644 28.3535614 -0.87998462
v 5.65275192 28.06874084 -1.14272845
v 5.93886471 28.58196068 -0.59427309
v 5.80972052 28.27987862 -0.87567449
v 5.61065817 28.00224876 -1.13421905
v 5.99057055 28.81738853 -0.29897696
v 5.92133856 28.50479126 -0.59251928
v 5.77752876 28.20772743 -0.87082237
v 5.56536818 27.93797874 -1.12506342
v 5.51699448 27.87609291 -1.11528444
v 5.98466253 28.73845482 -0.29868209
v 5.90000677 28.42859459 -0.59038472
v 5.74182081 28.13729095 -0.86544025
v 5.97483253 28.65991402 -0.29819149
v 5.87492228 28.3535614 -0.58787465
v 5.70268536 28.06874084 -0.85954154
v 5.96110439 28.58196068 -0.29750636
v 5.84614754 28.27987862 -0.58499527
v 5.66022015 28.00224876 -0.85314089
v 5.94351292 28.50479126 -0.29662839
v 5.81375408 28.20772743 -0.58175385
v 5.61453009 27.93797874 -0.84625423
v 5.56572866 27.87609291 -0.83889866
v 5.92210102 28.42859459 -0.29555976
v 5.77782202 28.13729095 -0.57815832
v 5.89692259 28.3535614 -0.29430318
v 5.73844147 28.06874084 -0.57421768
v 5.86804008 28.27987862 -0.2928617
v 5.69570923 28.00224876 -0.5699417
v 5.83552504 28.20772743 -0.29123893
v 5.64973307 27.93797874 -0.56534106
v 5.60062599 27.87609291 -0.56042713
v 5.7994585 28.13729095 -0.28943893
v 5.75993013 28.06874084 -0.28746617
v 5.71703863 28.00224876 -0.28532553
v 5.67088985 27.93797874 -0.28302234
v 5.62159872 27.87609291 -0.28056234
v -0.44313452 23.87518311 -2.22778773
v -0.2778371 23.07500076 -1.57569242
v -0.3560335 23.07500076 -1.55988467
v -0.19894993 23.07500076 -1.58758271
v -0.22263932 23.87518311 -2.26049495
v 3.83193874 27.07591057 -3.14479089
v 3.56345463 26.27572823 -2.38102412
v 3.31291437 26.27572823 -2.71883845
v 3.03046894 26.27572823 -3.03046894
v 4.12173033 27.07591057 -2.75405216
v 2.38102412 26.27572823 -3.56345463
v 2.29288626 25.47554588 -2.79389
v 2.00799632 25.47554588 -3.00517869
v 2.71883845 26.27572823 -3.31291437
v 1.04917526 25.47554588 -3.45866728
v 1.38313186 25.47554588 -3.3391757
v 1.12618577 24.67536354 -2.718853
v 0.85426867 24.67536354 -2.81614637
v 0 24.67536354 -2.94286513
v 0.28845122 24.67536354 -2.92869449
v 0 23.87518311 -2.27143264
v -0.65936208 23.87518311 -2.17362547
v -0.43334475 23.07500076 -1.5401988
v -0.50957865 23.07500076 -1.5166837
v 3.50524354 27.07591057 -3.50524354
v 2.02027941 26.27572823 -3.77967668
v 1.70376813 25.47554588 -3.18752599
v 0.70511454 25.47554588 -3.54485011
v 0.57412452 24.67536354 -2.88631892
v -0.28845122 24.67536354 -2.92869449
v -0.86923963 23.87518311 -2.09853005
v -0.58454561 23.07500076 -1.489398
v -0.65805936 23.07500076 -1.45840931
v 3.14479089 27.07591057 -3.83193874
v 1.64007795 26.27572823 -3.95949864
v 0.35426313 25.47554588 -3.59689403
v -0.57412452 24.67536354 -2.88631892
v -1.07074594 23.87518311 -2.00322461
v -0.72993708 23.07500076 -1.42379487
v -0.80000001 23.07500076 -1.38564062
v 2.75405216 27.07591057 -4.12173033
v 1.24408185 26.27572823 -4.10118818
v 0 25.47554588 -3.61429787
v -0.85426867 24.67536354 -2.81614637
v -1.26194036 23.87518311 -1.88862717
v -0.868074 23.07500076 -1.34404147
v -0.93398988 23.07500076 -1.29910076
v 2.33679056 27.07591057 -4.3718276
v 0.83610451 26.27572823 -4.20338106
v -0.35426313 25.47554588 -3.59689403
v -1.12618577 24.67536354 -2.718853
v -1.44098163 23.87518311 -1.75584114
v -0.99758369 23.07500076 -1.25093043
v -1.05869734 23.07500076 -1.19964993
v 1.89702415 27.07591057 -4.57982159
v 0.42007503 26.27572823 -4.26509333
v -0.70511454 25.47554588 -3.54485011
v -1.3872571 24.67536354 -2.5953753
v -1.60614538 23.87518311 -1.60614538
v -1.11717892 23.07500076 -1.14538693
v -1.17288303 23.07500076 -1.08827639
v 1.43898845 27.07591057 -4.74370909
v 0 26.27572823 -4.28573036
v -1.04917526 25.47554588 -3.45866728
v -1.63496828 24.67536354 -2.44690299
v -1.75584114 23.87518311 -1.44098163
v -1.22567105 23.07500076 -1.02846014
v -1.27541196 23.07500076 -0.96608704
v 0.96709454 27.07591057 -4.86191225
v -0.42007503 26.27572823 -4.26509333
v -1.38313186 25.47554588 -3.3391757
v -1.86693394 24.67536354 -2.27486563
v -1.88862717 23.87518311 -1.26194036
v -1.32198203 23.07500076 -0.90131211
v -1.36526537 23.07500076 -0.83429635
v 0.48588693 27.07591057 -4.93329287
v -0.83610451 26.27572823 -4.20338106
v -1.70376813 25.47554588 -3.18752599
v -2.08091998 24.67536354 -2.08091998
v -2.00322461 23.87518311 -1.07074594
v -1.40515447 23.07500076 -0.76520634
v -1.44155014 23.07500076 -0.69421399
v 0 27.07591057 -4.95716286
v -1.24408185 26.27572823 -4.10118818
v -2.00799632 25.47554588 -3.00517869
v -2.27486563 24.67536354 -1.86693394
v -2.09853005 23.87518311 -0.86923963
v -1.4743619 23.07500076 -0.62149566
v -1.50350821 23.07500076 -0.54723221
v -0.48588693 27.07591057 -4.93329287
v -1.64007795 26.27572823 -3.95949864
v -2.29288626 25.47554588 -2.79389
v -2.44690299 24.67536354 -1.63496828
v -2.17362547 23.87518311 -0.65936208
v -1.52891648 23.07500076 -0.47160828
v -1.55052364 23.07500076 -0.39481184
v -0.96709454 27.07591057 -4.86191225
v -2.02027941 26.27572823 -3.77967668
v -2.55569458 25.47554588 -2.55569458
v -2.5953753 24.67536354 -1.3872571
v -2.22778773 23.87518311 -0.44313452
v -1.56827593 23.07500076 -0.31703383
v -1.58212936 23.07500076 -0.23846762
v -1.43898845 27.07591057 -4.74370909
v -2.38102412 26.27572823 -3.56345463
v -2.79389 25.47554588 -2.29288626
v -2.718853 24.67536354 -1.12618577
v -2.26049495 23.87518311 -0.22263932
v -1.59801102 23.07500076 -0.07975341
v -1.59204924 23.07500076 -0.15930855
v -1.89702415 27.07591057 -4.57982159
v -2.71883845 26.27572823 -3.31291437
v -3.00517869 25.47554588 -2.00799632
v -2.81614637 24.67536354 -0.85426867
v -2.33679056 27.07591057 -4.3718276
v -3.03046894 26.27572823 -3.03046894
v -3.18752599 25.47554588 -1.70376813
v -2.88631892 24.67536354 -0.57412452
v -2.75405216 27.07591057 -4.12173033
v -3.31291437 26.27572823 -2.71883845
v -3.3391757 25.47554588 -1.38313186
v -2.92869449 24.67536354 -0.28845122
v -3.14479089 27.07591057 -3.83193874
v -3.56345463 26.27572823 -2.38102412
v -3.45866728 25.47554588 -1.04917526
v -3.50524354 27.07591057 -3.50524354
v -3.77967668 26.27572823 -2.02027941
v -3.54485011 25.47554588 -0.70511454
v -3.83193874 27.07591057 -3.14479089
v -3.95949864 26.27572823 -1.64007795
v -3.59689403 25.47554588 -0.35426313
v -4.12173033 27.07591057 -2.75405216
v -4.10118818 26.27572823 -1.24408185
v -4.3718276 27.07591057 -2.33679056
v -4.20338106 26.27572823 -0.83610451
v -4.57982159 27.07591057 -1.89702415
v -4.26509333 26.27572823 -0.42007503
v -4.74370909 27.07591057 -1.43898845
v -4.86191225 27.07591057 -0.96709454
v -4.93329287 27.07591057 -0.48588693
v 2.26049495 23.87518311 -0.22263932
v 1.59204924 23.07500076 -0.15930855
v 1.58212936 23.07500076 -0.23846762
v 1.59801102 23.07500076 -0.07975341
v 2.22778773 23.87518311 -0.44313452
v 1.56827593 23.07500076 -0.31703383
v 1.55052364 23.07500076 -0.39481184
v 2.17362547 23.87518311 -0.65936208
v 1.52891648 23.07500076 -0.47160828
v 1.50350821 23.07500076 -0.54723221
v 2.92869449 24.67536354 -0.28845122
v 2.09853005 23.87518311 -0.86923963
v 1.4743619 23.07500076 -0.62149566
v 1.44155014 23.07500076 -0.69421399
v 2.88631892 24.67536354 -0.57412452
v 2.00322461 23.87518311 -1.07074594
v 1.40515447 23.07500076 -0.76520634
v 1.36526537 23.07500076 -0.83429635
v 2.81614637 24.67536354 -0.85426867
v 1.88862717 23.87518311 -1.26194036
v 1.32198203 23.07500076 -0.90131211
v 1.27541196 23.07500076 -0.96608704
v 3.59689403 25.47554588 -0.35426313
v 2.718853 24.67536354 -1.12618577
v 1.75584114 23.87518311 -1.44098163
v 1.22567105 23.07500076 -1.02846014
v 1.17288303 23.07500076 -1.08827639
v 3.54485011 25.47554588 -0.70511454
v 2.5953753 24.67536354 -1.3872571
v 1.60614538 23.87518311 -1.60614538
v 1.11717892 23.07500076 -1.14538693
v 1.05869734 23.07500076 -1.19964993
v 3.45866728 25.47554588 -1.04917526
v 2.44690299 24.67536354 -1.63496828
v 1.44098163 23.87518311 -1.75584114
v 0.99758369 23.07500076 -1.25093043
v 0.93398988 23.07500076 -1.29910076
v 4.26509333 26.27572823 -0.42007503
v 3.3391757 25.47554588 -1.38313186
v 2.27486563 24.67536354 -1.86693394
v 1.26194036 23.87518311 -1.88862717
v 0.868074 23.07500076 -1.34404147
v 0.80000001 23.07500076 -1.38564062
v 4.20338106 26.27572823 -0.83610451
v 3.18752599 25.47554588 -1.70376813
v 2.08091998 24.67536354 -2.08091998
v 1.07074594 23.87518311 -2.00322461
v 0.72993708 23.07500076 -1.42379487
v 0.65805936 23.07500076 -1.45840931
v 4.10118818 26.27572823 -1.24408185
v 3.00517869 25.47554588 -2.00799632
v 1.86693394 24.67536354 -2.27486563
v 0.86923963 23.87518311 -2.09853005
v 0.58454561 23.07500076 -1.489398
v 0.50957865 23.07500076 -1.5166837
v 4.93329287 27.07591057 -0.48588693
v 3.95949864 26.27572823 -1.64007795
v 2.79389 25.47554588 -2.29288626
v 1.63496828 24.67536354 -2.44690299
v 0.65936208 23.87518311 -2.17362547
v 0.43334475 23.07500076 -1.5401988
v 0.3560335 23.07500076 -1.55988467
v 4.86191225 27.07591057 -0.96709454
v 3.77967668 26.27572823 -2.02027941
v 2.55569458 25.47554588 -2.55569458
v 1.3872571 24.67536354 -2.5953753
v 0.44313452 23.87518311 -2.22778773
v 0.2778371 23.07500076 -1.57569242
v 0.19894993 23.07500076 -1.58758271
v 4.74370909 27.07591057 -1.43898845
v 0.22263932 23.87518311 -2.26049495
v 0.11956815 23.07500076 -1.5955261
v 0.03988911 23.07500076 -1.59950268
v 4.57982159 27.07591057 -1.89702415
v -0.03988911 23.07500076 -1.59950268
v 4.3718276 27.07591057 -2.33679056
v -0.11956815 23.07500076 -1.5955261
v 5.19373655 52 0.2551519
v -5.19373655 52 0.2551519
v 5.17496061 52 0.50968915
v 5.18471718 52.18105316 0.35486054
v 5.15945768 52.5422821 0.35486054
v 5.10906219 52.90086365 0.35486054
v 5.14371777 52 0.76299846
v 5.13901806 52.35935593 0.70806658
v 5.03377533 53.2550621 0.35486054
v 5.10143232 52.71696091 0.70806658
v 5.10008335 52 1.01446962
v 5.08813572 52.17768097 1.05797124
v 5.04416275 52 1.26349699
v 4.93396473 53.60314178 0.35486054
v 5.03899288 53.07107162 0.70806658
v 5.06334686 52.53218079 1.05797124
v 4.81011629 53.94341278 0.35486054
v 4.95200396 53.41996384 0.70806658
v 5.01388979 52.88408279 1.05797124
v 4.99497271 52.34928131 1.40294325
v 4.97608995 52 1.50948036
v 4.66283369 54.2742157 0.35486054
v 4.84088945 53.76194 0.70806658
v 4.94000578 53.23168182 1.05797124
v 4.9584403 52.69686508 1.40294325
v 4.896029 52 1.75182724
v 4.89677191 52.17099762 1.74137402
v 4.80417347 52 1.98995388
v 4.49283361 54.59393692 0.35486054
v 4.70619059 54.09532928 0.70806658
v 4.84205437 53.57328033 1.05797124
v 4.89775133 53.04104996 1.40294325
v 4.87291527 52.51216507 1.74137402
v 4.30094528 54.90102386 0.35486054
v 4.54856348 54.41851425 0.70806658
v 4.72051287 53.9072113 1.05797124
v 4.81320047 53.38016129 1.40294325
v 4.82531834 52.85083389 1.74137402
v 4.08810329 55.19397736 0.35486054
v 4.70074415 52 2.22328639
v 4.75788069 52.33270264 2.07168555
v 4.36877632 54.72991562 0.70806658
v 4.57597351 54.23184967 1.05797124
v 4.70520067 53.71255112 1.40294325
v 4.75421286 53.18535995 1.74137402
v 3.8553443 55.47136688 0.35486054
v 4.72308254 52.66378403 2.07168555
v 4.16770506 55.02801514 0.70806658
v 4.58599043 52 2.45126295
v 4.61419058 52.16113281 2.39233828
v 4.40914059 54.54561996 1.05797124
v 4.5742774 54.03659821 1.40294325
v 4.65994549 53.51410675 1.74137402
v 3.60380268 55.73184586 0.35486054
v 4.66527367 52.99163437 2.07168555
v 3.94632912 55.31136322 0.70806658
v 4.59171057 52.4826088 2.39233828
v 4.2208271 54.84698486 1.05797124
v 4.42106867 54.35072327 1.40294325
v 4.54297543 53.83547974 1.74137402
v 3.33470345 55.97414398 0.35486054
v 4.58473635 53.31465149 2.07168555
v 3.7057271 55.57857895 0.70806658
v 4.54686069 52.80173492 2.39233828
v 4.01194954 55.13447952 1.05797124
v 4.43215799 52.30992508 2.70183659
v 4.46018887 52 2.67333436
v 4.32364178 52 2.88896513
v 4.24632072 54.65339661 1.40294325
v 4.40387201 54.14791107 1.74137402
v 3.04935789 56.19708252 0.35486054
v 4.48186302 53.63126373 2.07168555
v 3.44707108 55.82836151 0.70806658
v 4.4798584 53.1169548 2.39233828
v 3.78352666 55.40670395 1.05797124
v 4.39974213 52.61834335 2.70183659
v 4.05088568 54.94314194 1.40294325
v 4.24565554 52.14826202 2.99873757
v 4.17667913 52 3.09763646
v 4.24331379 54.44987869 1.74137402
v 2.74915624 56.39957047 0.35486054
v 4.35715389 53.93992996 2.07168555
v 3.17162132 56.0594902 0.70806658
v 4.39103079 53.42673111 2.39233828
v 3.53667068 55.66233063 1.05797124
v 4.345891 52.92374802 2.70183659
v 3.83571458 55.21854782 1.40294325
v 4.22497129 52.44406128 2.99873757
v 4.06208229 54.73991013 1.74137402
v 2.43556094 56.58062363 0.35486054
v 4.2112174 54.23914337 2.07168555
v 2.88071966 56.27084351 0.70806658
v 4.28081083 53.72956085 2.39233828
v 3.2725842 55.90011215 1.05797124
v 4.27086735 53.22465134 2.70183659
v 3.60185671 55.47827148 1.40294325
v 4.18370295 52.73770142 2.99873757
v 3.8610611 55.01659012 1.74137402
v 4.02387285 52.28137589 3.28165722
v 4.01965427 52 3.29884505
v 3.8529458 52 3.49210668
v 2.11010003 56.73936081 0.35486054
v 4.04476452 54.52745056 2.07168555
v 2.57578349 56.46138763 0.70806658
v 4.14973497 54.02396011 2.39233828
v 2.99255419 56.11889648 1.05797124
v 4.17503643 53.51958847 2.70183659
v 3.35045052 55.72105408 1.40294325
v 4.12205267 53.02774429 2.99873757
v 3.64122891 55.2785759 1.74137402
v 3.99444294 52.56138229 3.28165722
v 1.77435863 56.87501144 0.35486054
v 3.85860562 54.80344009 2.07168555
v 3.79803205 52.13262939 3.54927635
v 3.67695522 52 3.67695522
v 2.2582984 56.63019943 0.70806658
v 3.99844193 54.3085022 2.39233828
v 2.69794464 56.31761551 1.05797124
v 4.05886507 53.80712128 2.70183659
v 3.08272171 55.94570541 1.40294325
v 4.04031944 53.31277847 2.99873757
v 3.40365696 55.52458954 1.74137402
v 3.94555283 52.83865356 3.28165722
v 1.42997289 56.98690796 0.35486054
v 3.65364814 55.06577301 2.07168555
v 3.77952838 52.3972435 3.54927635
v 1.92981088 56.77645111 0.70806658
v 3.82766914 54.58179474 2.39233828
v 2.39019108 56.49529648 1.05797124
v 3.92291927 54.08585358 2.70183659
v 2.79997396 56.15113068 1.40294325
v 3.93890262 53.59141922 2.99873757
v 3.14950299 55.75343323 1.74137402
v 3.87743998 53.11183929 3.28165722
v 1.07862043 57.07450867 0.35486054
v 3.43089032 55.31317139 2.07168555
v 3.74261117 52.65992355 3.54927635
v 1.59192169 56.89943314 0.70806658
v 3.63824821 54.84251022 2.39233828
v 3.54063058 52.2475853 3.80034709
v 3.49210668 52 3.8529458
v 2.07079268 56.65107727 1.05797124
v 3.7678616 54.35441971 2.70183659
v 2.50358486 56.33633804 1.40294325
v 3.81829596 53.8623085 2.99873757
v 2.88000488 55.96398544 1.74137402
v 3.79043698 53.37960434 3.28165722
v 0.722013 57.13739014 0.35486054
v 3.19141769 55.54442978 2.07168555
v 3.68746042 52.91938782 3.54927635
v 1.24627686 56.99854279 0.70806658
v 3.43110204 55.08937836 2.39233828
v 3.51473498 52.49396515 3.80034709
v 1.74130571 56.78419876 1.05797124
v 3.59444714 54.61151886 2.70183659
v 3.27965832 52.11452866 4.03369856
v 3.29884505 52 4.01965427
v 3.09763646 52 4.17667913
v 2.19499874 56.5004158 1.40294325
v 3.67908669 54.12412262 2.99873757
v 2.5964756 56.15522766 1.74137402
v 3.68496704 53.6406517 3.28165722
v 0.36188805 57.17523956 0.35486054
v 2.9363966 55.75841522 2.07168555
v 3.61434484 53.17437363 3.54927635
v 0.89456022 57.07330322 0.70806658
v 3.20723987 55.3211937 2.39233828
v 3.47171617 52.73793793 3.80034709
v 1.40333521 56.89401245 1.05797124
v 3.40352082 54.85589218 2.70183659
v 3.26367998 52.34302521 4.03369856
v 1.87571883 56.64256668 1.40294325
v 3.52195334 54.37558746 2.99873757
v 2.30029655 56.3262291 1.74137402
v 3.56154466 53.89370728 3.28165722
v -0 57.18787766 0.35486054
v 2.66706991 55.95409393 2.07168555
v 3.52362037 53.42363358 3.54927635
v 0.53848535 57.12334442 0.70806658
v 2.96775246 55.5368309 2.39233828
v 3.41178346 52.97831345 3.80034709
v 1.05852771 56.97998047 1.05797124
v 3.19601297 55.0863533 2.70183659
v 3.23180151 52.56985474 4.03369856
v 1.54730058 56.76210022 1.40294325
v 3.3476615 54.61547852 2.99873757
v 2.99143291 52.20918274 4.24824333
v 2.88896513 52 4.32364178
v 1.99291062 56.47615051 1.74137402
v 3.42077041 54.1375351 3.28165722
v -0.36188805 57.17523956 0.35486054
v 2.38474941 56.13050842 2.07168555
v 3.41572928 53.66596222 3.54927635
v 0.1797871 57.14842987 0.70806658
v 2.71380639 55.73523331 2.39233828
v 3.33522868 53.21392441 3.80034709
v 0.70856327 57.04169083 1.05797124
v 2.97293448 55.30177689 2.70183659
v 3.18417811 52.79390335 4.03369856
v 1.211344 56.85843658 1.40294325
v 3.15706015 54.84262848 2.99873757
v 2.96955419 52.41734314 4.24824333
v 1.67581546 56.60426712 1.74137402
v 3.2633307 54.37094879 3.28165722
v -0.722013 57.13739014 0.35486054
v 2.70019054 52.09429169 4.44298077
v 2.67333436 52 4.46018887
v 2.45126295 52 4.58599043
v 2.09081054 56.28679657 2.07168555
v 3.29119706 53.90017319 3.54927635
v -0.1797871 57.14842987 0.70806658
v 2.44663882 55.91543961 2.39233828
v 3.2424252 53.44362259 3.80034709
v 0.35514677 57.07883453 1.05797124
v 2.73537207 55.50111771 2.70183659
v 3.12104154 53.01408768 4.03369856
v 0.86948591 56.93109894 1.40294325
v 2.95107794 55.05593109 2.99873757
v 2.93320799 52.62347412 4.24824333
v 1.35055602 56.70994949 1.74137402
v 3.08999252 54.59281158 3.28165722
v -1.07862043 57.07450867 0.35486054
v 2.68703556 52.2824173 4.44298077
v 1.78668571 56.42220306 2.07168555
v 3.15063047 54.12512589 3.54927635
v -0.53848535 57.12334442 0.70806658
v 2.16755176 56.07657242 2.39233828
v 3.13382506 53.66628265 3.80034709
v -0 57.09123611 1.05797124
v 2.48448348 55.6833992 2.70183659
v 3.04269958 53.22933197 4.03369856
v 0.52339178 56.97974014 1.40294325
v 2.73071814 55.25434494 2.99873757
v 2.8825717 52.82656479 4.24824333
v 1.01871669 56.79268646 1.74137402
v 2.90160012 54.80204391 3.28165722
v -1.42997289 56.98690796 0.35486054
v 2.66078949 52.46916962 4.44298077
v 1.47385621 56.53606415 2.07168555
v 2.99471426 54.33972549 3.54927635
v -0.89456022 57.07330322 0.70806658
v 2.38651061 52.16688156 4.61700296
v 2.22328639 52 4.70074415
v 1.87790442 56.2178421 2.39233828
v 3.00995708 53.88082886 3.80034709
v -0.35514677 57.07883453 1.05797124
v 2.22149038 55.84773254 2.70183659
v 2.94953394 53.43858337 4.03369856
v 0.17474771 57.00411987 1.40294325
v 2.49705482 55.43690109 2.99873757
v 2.8178916 53.02562714 4.24824333
v 0.68191433 56.85207367 1.74137402
v 2.69907117 54.99762344 3.28165722
v -1.77435863 56.87501144 0.35486054
v 2.62158036 52.65363312 4.44298077
v 1.15384614 56.62782288 2.07168555
v 2.82420826 54.54292679 3.54927635
v -1.24627686 56.99854279 0.70806658
v 2.36905622 52.33295059 4.61700296
v 1.57910812 56.33856201 2.39233828
v 2.87142491 54.08621216 3.80034709
v -0.70856327 57.04169083 1.05797124
v 2.0704236 52.07229996 4.76949883
v 1.98995388 52 4.80417347
v 1.94767463 55.99332428 2.70183659
v 2.84199858 53.64082718 4.03369856
v -0.17474771 57.00411987 1.40294325
v 2.25122595 55.60271454 2.99873757
v 2.73948312 53.21969604 4.24824333
v 0.34178975 56.8878212 1.74137402
v 2.48339295 55.1785965 3.28165722
v -2.11010003 56.73936081 0.35486054
v 2.56959915 52.83491516 4.44298077
v 0.82821476 56.69704056 2.07168555
v 2.63994288 54.73374176 3.54927635
v -1.59192169 56.89943314 0.70806658
v 2.34005976 52.49739456 4.61700296
v 1.27261853 56.4381485 2.39233828
v 2.7189033 54.28142929 3.80034709
v -1.05852771 56.97998047 1.05797124
v 2.06033683 52.21654892 4.76949883
v 1.66436994 56.11946106 2.70183659
v 2.72061729 53.83507919 4.03369856
v -0.52339178 56.97974014 1.40294325
v 1.99442947 55.75097656 2.99873757
v 2.6477282 53.40782166 4.24824333
v -0 56.89975739 1.74137402
v 2.25561571 55.34408951 3.28165722
v -2.43556094 56.58062363 0.35486054
v 2.5050993 53.01212692 4.44298077
v 0.49854839 56.74337006 2.07168555
v 2.44281602 54.91123581 3.54927635
v -1.92981088 56.77645111 0.70806658
v 2.29966307 52.6594162 4.61700296
v 0.95992893 56.51610947 2.39233828
v 2.55313563 54.46553421 3.80034709
v -1.40333521 56.89401245 1.05797124
v 2.04021215 52.35974503 4.76949883
v 1.37295663 56.2255249 2.70183659
v 2.58598137 54.02038956 4.03369856
v -0.86948591 56.93109894 1.40294325
v 1.75182724 52 4.896029
v 1.73713207 52.12147141 4.89975691
v 1.50948036 52 4.97608995
v 1.72791624 55.88096237 2.99873757
v 2.54307389 53.58908844 4.24824333
v -0.34178975 56.8878212 1.74137402
v 2.01684928 55.49328613 3.28165722
v -2.74915624 56.39957047 0.35486054
v 2.42839456 53.18440628 4.44298077
v 0.16645311 56.76659393 2.07168555
v 2.23378801 55.07454681 3.54927635
v -2.2582984 56.63019943 0.70806658
v 2.24806261 52.81822968 4.61700296
v 0.64256263 56.57207108 2.39233828
v 2.37492943 54.63762665 3.80034709
v -1.74130571 56.78419876 1.05797124
v 2.01014781 52.50118637 4.76949883
v 1.07485437 56.31100464 2.70183659
v 2.43874669 54.195858 4.03369856
v -1.211344 56.85843658 1.40294325
v 1.7244271 52.24235153 4.89975691
v 1.45298481 55.99204254 2.99873757
v 2.42602968 53.7626152 4.24824333
v -0.68191433 56.85207367 1.74137402
v 1.26349699 52 5.04416275
v 1.40208852 52.04896164 5.00716972
v 1.76825714 55.62546539 3.28165722
v -3.04935789 56.19708252 0.35486054
v 2.33985901 53.35091782 4.44298077
v -0.16645311 56.76659393 2.07168555
v 2.01387715 55.2228775 3.54927635
v -2.57578349 56.46138763 0.70806658
v 2.18550968 52.97305298 4.61700296
v 0.32206586 56.60575485 2.39233828
v 2.18515277 54.79686737 3.80034709
v -2.07079268 56.65107727 1.05797124
v 1.97029018 52.64018631 4.76949883
v 0.77151555 56.37548065 2.70183659
v 2.27963066 54.36062622 4.03369856
v -1.54730058 56.76210022 1.40294325
v 1.70332074 52.36205292 4.89975691
v 1.17097461 56.08367538 2.99873757
v 2.29716635 53.92755127 4.24824333
v -1.01871669 56.79268646 1.74137402
v 1.39525771 52.14664841 5.00716972
v 1.51105011 55.73997879 3.28165722
v -3.33470345 55.97414398 0.35486054
v 2.23992395 53.510849 4.44298077
v -0.49854839 56.74337006 2.07168555
v 1.78415489 55.3555069 3.54927635
v -2.88071966 56.27084351 0.70806658
v 2.11230922 53.12313461 4.61700296
v -0 56.61700439 2.39233828
v 1.98473012 54.94248199 3.80034709
v -2.39019108 56.49529648 1.05797124
v 1.92083347 52.77606583 4.76949883
v 0.46441796 56.41864014 2.70183659
v 2.10940862 54.51389694 4.03369856
v -1.87571883 56.64256668 1.40294325
v 1.6739161 52.4799881 4.89975691
v 0.88325948 56.15541077 2.99873757
v 2.15711141 54.08309937 4.24824333
v -1.35055602 56.70994949 1.74137402
v 1.38162935 52.24361801 5.00716972
v 1.24648142 55.83627701 3.28165722
v -3.60380268 55.73184586 0.35486054
v 2.12907624 53.66341782 4.44298077
v -0.82821476 56.69704056 2.07168555
v 1.05539405 52.07379913 5.09123707
v 1.01446962 52 5.10008335
v 1.54574037 55.47179031 3.54927635
v -3.17162132 56.0594902 0.70806658
v 2.02881789 53.26774597 4.61700296
v -0.32206586 56.60575485 2.39233828
v 1.77463818 55.0737648 3.80034709
v -2.69794464 56.31761551 1.05797124
v 1.8620187 52.90816879 4.76949883
v 0.1550578 56.44027328 2.70183659
v 1.92890978 54.65491486 4.03369856
v -2.19499874 56.5004158 1.40294325
v 1.63635623 52.59558487 4.89975691
v 0.59124124 56.20690155 2.99873757
v 2.00654721 54.22849655 4.24824333
v -1.67581546 56.60426712 1.74137402
v 1.36126983 52.33940125 5.00716972
v 0.97584003 55.91387939 3.28165722
v -3.8553443 55.47136688 0.35486054
v 2.00785589 53.8078804 4.44298077
v -1.15384614 56.62782288 2.07168555
v 1.04767513 52.14723969 5.09123707
v 1.29979527 55.57115936 3.54927635
v -3.44707108 55.82836151 0.70806658
v 1.93544221 53.40618134 4.61700296
v -0.64256263 56.57207108 2.39233828
v 0.70763522 52.02471161 5.15156698
v 0.76299846 52 5.14371777
v 0.50968915 52 5.17496061
v 1.55590034 55.19006729 3.80034709
v -2.99255419 56.11889648 1.05797124
v 1.79413247 53.0358429 4.76949883
v -0.1550578 56.44027328 2.70183659
v 1.73901343 54.78300476 4.03369856
v -2.50358486 56.33633804 1.40294325
v 1.59082425 52.70828247 4.89975691
v 0.29634249 56.23789597 2.99873757
v 1.84620726 54.36303711 4.24824333
v -1.99291062 56.47615051 1.74137402
v 1.33427823 52.43353271 5.00716972
v 0.70044446 55.97241592 3.28165722
v -4.08810329 55.19397736 0.35486054
v 1.87685335 53.94353867 4.44298077
v -1.47385621 56.53606415 2.07168555
v 1.03485203 52.21996307 5.09123707
v 1.04751766 55.65312958 3.54927635
v -3.7057271 55.57857895 0.70806658
v 1.83263743 53.5377655 4.61700296
v -0.95992893 56.51610947 2.39233828
v 0.70418769 52.07401276 5.15156698
v 1.32958233 55.29083252 3.80034709
v -3.2725842 55.90011215 1.05797124
v 1.71750522 53.15847015 4.76949883
v -0.46441796 56.41864014 2.70183659
v 1.54064476 54.8975296 4.03369856
v -2.79997396 56.15113068 1.40294325
v 1.53754199 52.81752396 4.89975691
v -0 56.24824524 2.99873757
v 1.67687285 54.48606491 4.24824333
v -2.30029655 56.3262291 1.74137402
v 1.30078626 52.52555084 5.00716972
v 0.42163631 56.01160049 3.28165722
v -4.30094528 54.90102386 0.35486054
v 1.73670709 54.06972504 4.44298077
v -1.78668571 56.42220306 2.07168555
v 1.0169872 52.29161453 5.09123707
v 0.79013658 55.71730042 3.54927635
v -3.94632912 55.31136322 0.70806658
v 1.72090411 53.6618576 4.61700296
v -1.27261853 56.4381485 2.39233828
v 0.69730943 52.12295532 5.15156698
v 1.09678674 55.37556076 3.80034709
v -3.53667068 55.66233063 1.05797124
v 1.63251054 53.27545547 4.76949883
v -0.77151555 56.37548065 2.70183659
v 0.35399613 52.02475357 5.18787766
v 0.2551519 52 5.19373655
v 0 52 5.19999981
v 1.33477032 54.99794388 4.03369856
v -3.08272171 55.94570541 1.40294325
v 1.47676885 52.92278671 4.89975691
v -0.29634249 56.23789597 2.99873757
v 1.49936879 54.59698486 4.24824333
v -2.5964756 56.15522766 1.74137402
v 1.260957 52.61500931 5.00716972
v 0.14077406 56.03124237 3.28165722
v -4.49283361 54.59393692 0.35486054
v 1.58809972 54.18583298 4.44298077
v -2.09081054 56.28679657 2.07168555
v 0.9941678 52.36184692 5.09123707
v 0.52890611 55.76336288 3.54927635
v -4.16770506 55.02801514 0.70806658
v 1.60078669 53.77785492 4.61700296
v -1.57910812 56.33856201 2.39233828
v 0.68703395 52.17129517 5.15156698
v 0.85864764 55.44384766 3.80034709
v -3.78352666 55.40670395 1.05797124
v 1.53956246 53.38622665 4.76949883
v -1.07485437 56.31100464 2.70183659
v 0.35140708 52.04938889 5.18787766
v 1.12239289 55.08374786 4.03369856
v -3.35045052 55.72105408 1.40294325
v 1.4088012 53.02355576 4.89975691
v -0.59124124 56.20690155 2.99873757
v 1.31456006 54.69524765 4.24824333
v -2.88000488 55.96398544 1.74137402
v 1.21498442 52.70147324 5.00716972
v -0.14077406 56.03124237 3.28165722
v -4.66283369 54.2742157 0.35486054
v 1.43175519 54.29128647 4.44298077
v -2.38474941 56.13050842 2.07168555
v 0.96650487 52.43031693 5.09123707
v 0.26509881 55.7910881 3.54927635
v -4.36877632 54.72991562 0.70806658
v 1.47287047 53.88518906 4.61700296
v -1.87790442 56.2178421 2.39233828
v 0.67341131 52.21880341 5.15156698
v 0.61632538 55.4953537 3.80034709
v -4.01194954 55.13447952 1.05797124
v 1.43911374 53.49024582 4.76949883
v -1.37295663 56.2255249 2.70183659
v 0.34710601 52.07378006 5.18787766
v 0.90454733 55.15452957 4.03369856
v -3.60185671 55.47827148 1.40294325
v 1.33396983 53.11933517 4.89975691
v -0.88325948 56.15541077 2.99873757
v 1.12334692 54.78038025 4.24824333
v -3.14950299 55.75343323 1.74137402
v 1.16309261 52.78451538 5.00716972
v -0.42163631 56.01160049 3.28165722
v -4.81011629 53.94341278 0.35486054
v 1.26843548 54.38558197 4.44298077
v -2.66706991 55.95409393 2.07168555
v 0.93413317 52.49668884 5.09123707
v -0 55.80034637 3.54927635
v -4.54856348 54.41851425 0.70806658
v 1.33777857 53.9833374 4.61700296
v -2.16755176 56.07657242 2.39233828
v 0.65650791 52.26524734 5.15156698
v 0.37100041 55.52983475 3.80034709
v -4.2208271 54.84698486 1.05797124
v 1.33165383 53.5870018 4.76949883
v -1.66436994 56.11946106 2.70183659
v 0.34111387 52.09781265 5.18787766
v 0.68229491 55.20994568 4.03369856
v -3.83571458 55.21854782 1.40294325
v 1.25263965 53.20965958 4.89975691
v -1.17097461 56.08367538 2.99873757
v 0.9266609 54.85197067 4.24824333
v -3.40365696 55.52458954 1.74137402
v 1.10553432 52.86373901 5.00716972
v -0.70044446 55.97241592 3.28165722
v -4.93396473 53.60314178 0.35486054
v 1.09893596 54.46825027 4.44298077
v -2.9363966 55.75841522 2.07168555
v 0.89721054 52.56063843 5.09123707
v -0.26509881 55.7910881 3.54927635
v -4.70619059 54.09532928 0.70806658
v 1.19616914 54.07182693 4.61700296
v -2.44663882 55.91543961 2.39233828
v 0.636406 52.31039429 5.15156698
v 0.12386796 55.54711533 3.80034709
v -4.40914059 54.54561996 1.05797124
v 1.21770632 53.67602921 4.76949883
v -1.94767463 55.99332428 2.70183659
v 0.33345985 52.12136841 5.18787766
v 0.45671842 55.24972153 4.03369856
v -4.05088568 54.94314194 1.40294325
v 1.16520667 53.29409409 4.89975691
v -1.45298481 55.99204254 2.99873757
v 0.72546029 54.90966415 4.24824333
v -3.64122891 55.2785759 1.74137402
v 1.04259002 52.93875122 5.00716972
v -0.97584003 55.91387939 3.28165722
v -5.03377533 53.2550621 0.35486054
v 0.92408252 54.53889465 4.44298077
v -3.19141769 55.54442978 2.07168555
v 0.85591674 52.6218605 5.09123707
v -0.52890611 55.76336288 3.54927635
v -4.84088945 53.76194 0.70806658
v 1.04873204 54.15021896 4.61700296
v -2.71380639 55.73523331 2.39233828
v 0.61320364 52.35403442 5.15156698
v -0.12386796 55.54711533 3.80034709
v -4.57597351 54.23184967 1.05797124
v 1.09782612 53.75688934 4.76949883
v -2.22149038 55.84773254 2.70183659
v 0.32418123 52.14433289 5.18787766
v 0.22891684 55.27366257 4.03369856
v -4.24632072 54.65339661 1.40294325
v 1.07209682 53.3722229 4.89975691
v -1.72791624 55.88096237 2.99873757
v 0.52072531 54.95317841 4.24824333
v -3.8610611 55.01659012 1.74137402
v 0.97456622 53.00919342 5.00716972
v -1.24648142 55.83627701 3.28165722
v -5.10906219 52.90086365 0.35486054
v 0.74472708 54.59717178 4.44298077
v -3.43089032 55.31317139 2.07168555
v 0.810453 52.6800499 5.09123707
v -0.79013658 55.71730042 3.54927635
v -4.95200396 53.41996384 0.70806658
v 0.89618564 54.21813583 4.61700296
v -2.96775246 55.5368309 2.39233828
v 0.58701378 52.3959465 5.15156698
v -0.37100041 55.52983475 3.80034709
v -4.72051287 53.9072113 1.05797124
v 0.97259748 53.8291893 4.76949883
v -2.48448348 55.6833992 2.70183659
v 0.31332326 52.16659546 5.18787766
v -0 55.28165817 4.03369856
v -4.42106867 54.35072327 1.40294325
v 0.973764 53.44366455 4.89975691
v -1.99442947 55.75097656 2.99873757
v 0.31345344 54.98231125 4.24824333
v -4.06208229 54.73991013 1.74137402
v 0.90179449 53.07471848 5.00716972
v -1.51105011 55.73997879 3.28165722
v -5.15945768 52.5422821 0.35486054
v 0.56174338 54.64279556 4.44298077
v -3.65364814 55.06577301 2.07168555
v 0.76104087 52.73492813 5.09123707
v -1.04751766 55.65312958 3.54927635
v -5.03899288 53.07107162 0.70806658
v 0.73927313 54.27524948 4.61700296
v -3.20723987 55.3211937 2.39233828
v 0.55796409 52.43592834 5.15156698
v -0.61632538 55.4953537 3.80034709
v -4.84205437 53.57328033 1.05797124
v 0.84263045 53.89257812 4.76949883
v -2.73537207 55.50111771 2.70183659
v 0.30093881 52.18804932 5.18787766
v -0.22891684 55.27366257 4.03369856
v -4.5742774 54.03659821 1.40294325
v 0.87068701 53.50807571 4.89975691
v -2.25122595 55.60271454 2.99873757
v 0.10465444 54.9969101 4.24824333
v -4.24331379 54.44987869 1.74137402
v 0.82462931 53.13500595 5.00716972
v -1.76825714 55.62546539 3.28165722
v -5.18471718 52.18105316 0.35486054
v -5.17496061 52 0.50968915
v 0.37602296 54.67554092 4.44298077
v -3.85860562 54.80344009 2.07168555
v 0.70792097 52.78622437 5.09123707
v -1.29979527 55.57115936 3.54927635
v -5.10143232 52.71696091 0.70806658
v 0.57875901 54.3212738 4.61700296
v -3.43110204 55.08937836 2.39233828
v 0.526196 52.47378922 5.15156698
v -0.85864764 55.44384766 3.80034709
v -4.94000578 53.23168182 1.05797124
v 0.7085582 53.94674683 4.76949883
v -2.97293448 55.30177689 2.70183659
v 0.28708822 52.20858002 5.18787766
v -0.45671842 55.24972153 4.03369856
v -4.70520067 53.71255112 1.40294325
v 0.76336813 53.56513596 4.89975691
v -2.49705482 55.43690109 2.99873757
v -0.10465444 54.9969101 4.24824333
v -4.40387201 54.14791107 1.74137402
v 0.74344665 53.18976212 5.00716972
v -2.01684928 55.49328613 3.28165722
v 0.18847059 54.69525528 4.44298077
v -4.04476452 54.52745056 2.07168555
v 0.65135217 52.83369446 5.09123707
v -1.54574037 55.47179031 3.54927635
v -5.13901806 52.35935593 0.70806658
v -5.14371777 52 0.76299846
v 0.41542518 54.35599136 4.61700296
v -3.63824821 54.84251022 2.39233828
v 0.49186438 52.50934219 5.15156698
v -1.09678674 55.37556076 3.80034709
v -5.01388979 52.88408279 1.05797124
v 0.57103395 53.99143219 4.76949883
v -3.19601297 55.0863533 2.70183659
v 0.27183896 52.22809982 5.18787766
v -0.68229491 55.20994568 4.03369856
v -4.81320047 53.38016129 1.40294325
v 0.65233016 53.61457443 4.89975691
v -2.73071814 55.25434494 2.99873757
v -0.31345344 54.98231125 4.24824333
v -4.54297543 53.83547974 1.74137402
v 0.65864193 53.23872375 5.00716972
v -2.25561571 55.34408951 3.28165722
v -0 54.70183563 4.44298077
v -4.2112174 54.23914337 2.07168555
v 0.59161001 52.87709808 5.09123707
v -1.78415489 55.3555069 3.54927635
v 0.25006744 54.37923431 4.61700296
v -3.82766914 54.58179474 2.39233828
v 0.45513642 52.5424118 5.15156698
v -1.32958233 55.29083252 3.80034709
v -5.06334686 52.53218079 1.05797124
v 0.43072766 54.02641296 4.76949883
v -3.40352082 54.85589218 2.70183659
v 0.25526533 52.24650574 5.18787766
v -0.90454733 55.15452957 4.03369856
v -4.89775133 53.04104996 1.40294325
v 0.53811413 53.65614319 4.89975691
v -2.95107794 55.05593109 2.99873757
v -0.52072531 54.95317841 4.24824333
v -4.65994549 53.51410675 1.74137402
v 0.5706284 53.28165054 5.00716972
v -2.48339295 55.1785965 3.28165722
v -0.18847059 54.69525528 4.44298077
v -4.35715389 53.93992996 2.07168555
v 0.52898562 52.91622925 5.09123707
v -2.01387715 55.2228775 3.54927635
v 0.0834914 54.39088058 4.61700296
v -3.99844193 54.3085022 2.39233828
v 0.4161911 52.57283783 5.15156698
v -1.55590034 55.19006729 3.80034709
v -5.08813572 52.17768097 1.05797124
v -5.10008335 52 1.01446962
v -5.04416275 52 1.26349699
v 0.28832293 54.05152512 4.76949883
v -3.59444714 54.61151886 2.70183659
v 0.23744805 52.26371384 5.18787766
v -1.12239289 55.08374786 4.03369856
v -4.9584403 52.69686508 1.40294325
v 0.42127651 53.68964767 4.89975691
v -3.15706015 54.84262848 2.99873757
v -0.72546029 54.90966415 4.24824333
v -4.75421286 53.18535995 1.74137402
v 0.47983482 53.31833649 5.00716972
v -2.69907117 54.99762344 3.28165722
v -0.37602296 54.67554092 4.44298077
v -4.48186302 53.63126373 2.07168555
v 0.46378407 52.95089722 5.09123707
v -2.23378801 55.07454681 3.54927635
v -0.0834914 54.39088058 4.61700296
v -4.14973497 54.02396011 2.39233828
v 0.37521812 52.60047531 5.15156698
v -1.77463818 55.0737648 3.80034709
v 0.14451349 54.06663895 4.76949883
v -3.7678616 54.35441971 2.70183659
v 0.21847397 52.27963257 5.18787766
v -1.33477032 54.99794388 4.03369856
v -4.99497271 52.34928131 1.40294325
v -4.97608995 52 1.50948036
v 0.30238643 53.71492004 4.89975691
v -3.3476615 54.61547852 2.99873757
v -0.9266609 54.85197067 4.24824333
v -4.82531834 52.85083389 1.74137402
v 0.38670355 53.34859467 5.00716972
v -2.90160012 54.80204391 3.28165722
v -0.56174338 54.64279556 4.44298077
v -4.58473635 53.31465149 2.07168555
v 0.39632303 52.98093414 5.09123707
v -2.44281602 54.91123581 3.54927635
v -0.25006744 54.37923431 4.61700296
v -4.28081083 53.72956085 2.39233828
v 0.33241713 52.62518692 5.15156698
v -1.98473012 54.94248199 3.80034709
v -0 54.07168579 4.76949883
v -3.92291927 54.08585358 2.70183659
v 0.1984355 52.29419327 5.18787766
v -1.54064476 54.8975296 4.03369856
v 0.18202315 53.73183441 4.89975691
v -3.52195334 54.37558746 2.99873757
v -1.12334692 54.78038025 4.24824333
v -4.87291527 52.51216507 1.74137402
v 0.29168829 53.37228394 5.00716972
v -3.08999252 54.59281158 3.28165722
v -0.74472708 54.59717178 4.44298077
v -4.66527367 52.99163437 2.07168555
v 0.32693109 53.00619125 5.09123707
v -2.63994288 54.73374176 3.54927635
v -0.41542518 54.35599136 4.61700296
v -4.39103079 53.42673111 2.39233828
v 0.28799662 52.64685059 5.15156698
v -2.18515277 54.79686737 3.80034709
v -0.14451349 54.06663895 4.76949883
v -4.05886507 53.80712128 2.70183659
v 0.17743027 52.30731964 5.18787766
v -1.73901343 54.78300476 4.03369856
v 0.06077307 53.74031448 4.89975691
v -3.67908669 54.12412262 2.99873757
v -1.31456006 54.69524765 4.24824333
v -4.89677191 52.17099762 1.74137402
v -4.896029 52 1.75182724
v -4.80417347 52 1.98995388
v 0.19525196 53.38928986 5.00716972
v -3.2633307 54.37094879 3.28165722
v -0.92408252 54.53889465 4.44298077
v -4.72308254 52.66378403 2.07168555
v 0.25594643 53.02654648 5.09123707
v -2.82420826 54.54292679 3.54927635
v -0.57875901 54.3212738 4.61700296
v -4.4798584 53.1169548 2.39233828
v 0.24217303 52.66536331 5.15156698
v -2.37492943 54.63762665 3.80034709
v -0.28832293 54.05152512 4.76949883
v -4.17503643 53.51958847 2.70183659
v 0.15556063 52.31894684 5.18787766
v -1.92890978 54.65491486 4.03369856
v -0.06077307 53.74031448 4.89975691
v -3.81829596 53.8623085 2.99873757
v -1.49936879 54.59698486 4.24824333
v 0.09786437 53.39952469 5.00716972
v -3.42077041 54.1375351 3.28165722
v -1.09893596 54.46825027 4.44298077
v -4.75788069 52.33270264 2.07168555
v -4.70074415 52 2.22328639
v 0.18371478 53.04189682 5.09123707
v -2.99471426 54.33972549 3.54927635
v -0.73927313 54.27524948 4.61700296
v -4.54686069 52.80173492 2.39233828
v 0.1951696 52.68063736 5.15156698
v -2.55313563 54.46553421 3.80034709
v -0.43072766 54.02641296 4.76949883
v -4.27086735 53.22465134 2.70183659
v 0.1329331 52.32902145 5.18787766
v -2.10940862 54.51389694 4.03369856
v -0.18202315 53.73183441 4.89975691
v -3.93890262 53.59141922 2.99873757
v -1.67687285 54.48606491 4.24824333
v -0 53.40294266 5.00716972
v -3.56154466 53.89370728 3.28165722
v -1.26843548 54.38558197 4.44298077
v 0.11058811 53.05217743 5.09123707
v -3.15063047 54.12512589 3.54927635
v -0.89618564 54.21813583 4.61700296
v -4.59171057 52.4826088 2.39233828
v 0.14721532 52.69259262 5.15156698
v -2.7189033 54.28142929 3.80034709
v -0.57103395 53.99143219 4.76949883
v -4.345891 52.92374802 2.70183659
v 0.10965794 52.3374939 5.18787766
v -2.27963066 54.36062622 4.03369856
v -0.30238643 53.71492004 4.89975691
v -4.04031944 53.31277847 2.99873757
v -1.84620726 54.36303711 4.24824333
v -0.09786437 53.39952469 5.00716972
v -3.68496704 53.6406517 3.28165722
v -1.43175519 54.29128647 4.44298077
v 0.03692266 53.05732727 5.09123707
v -3.29119706 53.90017319 3.54927635
v -1.04873204 54.15021896 4.61700296
v -4.61419058 52.16113281 2.39233828
v -4.58599043 52 2.45126295
v 0.09854382 52.70117569 5.15156698
v -2.87142491 54.08621216 3.80034709
v -0.7085582 53.94674683 4.76949883
v -4.39974213 52.61834335 2.70183659
v 0.08584854 52.34431839 5.18787766
v -2.43874669 54.195858 4.03369856
v -0.42127651 53.68964767 4.89975691
v -4.12205267 53.02774429 2.99873757
v -2.00654721 54.22849655 4.24824333
v -0.19525196 53.38928986 5.00716972
v -3.79043698 53.37960434 3.28165722
v -1.58809972 54.18583298 4.44298077
v -0.03692266 53.05732727 5.09123707
v -3.41572928 53.66596222 3.54927635
v -1.19616914 54.07182693 4.61700296
v 0.04939223 52.70634079 5.15156698
v -3.00995708 53.88082886 3.80034709
v -0.84263045 53.89257812 4.76949883
v -4.46018887 52 2.67333436
v -4.43215799 52.30992508 2.70183659
v -4.32364178 52 2.88896513
v 0.06162089 52.34946823 5.18787766
v -2.58598137 54.02038956 4.03369856
v -0.53811413 53.65614319 4.89975691
v -4.18370295 52.73770142 2.99873757
v -2.15711141 54.08309937 4.24824333
v -0.29168829 53.37228394 5.00716972
v -3.87743998 53.11183929 3.28165722
v -1.73670709 54.06972504 4.44298077
v -0.11058811 53.05217743 5.09123707
v -3.52362037 53.42363358 3.54927635
v -1.33777857 53.9833374 4.61700296
v -0 52.70806503 5.15156698
v -3.13382506 53.66628265 3.80034709
v -0.97259748 53.8291893 4.76949883
v 0.03709303 52.35291672 5.18787766
v -2.72061729 53.83507919 4.03369856
v -0.65233016 53.61457443 4.89975691
v -4.22497129 52.44406128 2.99873757
v -2.29716635 53.92755127 4.24824333
v -0.38670355 53.34859467 5.00716972
v -3.94555283 52.83865356 3.28165722
v -1.87685335 53.94353867 4.44298077
v -0.18371478 53.04189682 5.09123707
v -3.61434484 53.17437363 3.54927635
v -1.47287047 53.88518906 4.61700296
v -0.04939223 52.70634079 5.15156698
v -3.2424252 53.44362259 3.80034709
v -1.09782612 53.75688934 4.76949883
v 0.01238445 52.35464478 5.18787766
v -2.84199858 53.64082718 4.03369856
v -0.76336813 53.56513596 4.89975691
v -4.24565554 52.14826202 2.99873757
v -4.17667913 52 3.09763646
v -2.42602968 53.7626152 4.24824333
v -0.47983482 53.31833649 5.00716972
v -3.99444294 52.56138229 3.28165722
v -2.00785589 53.8078804 4.44298077
v -0.25594643 53.02654648 5.09123707
v -3.68746042 52.91938782 3.54927635
v -1.60078669 53.77785492 4.61700296
v -0.09854382 52.70117569 5.15156698
v -3.33522868 53.21392441 3.80034709
v -1.21770632 53.67602921 4.76949883
v -0.01238445 52.35464478 5.18787766
v -2.94953394 53.43858337 4.03369856
v -0.87068701 53.50807571 4.89975691
v -2.54307389 53.58908844 4.24824333
v -0.5706284 53.28165054 5.00716972
v -4.01965427 52 3.29884505
v -4.02387285 52.28137589 3.28165722
v -3.8529458 52 3.49210668
v -2.12907624 53.66341782 4.44298077
v -0.32693109 53.00619125 5.09123707
v -3.74261117 52.65992355 3.54927635
v -1.72090411 53.6618576 4.61700296
v -0.14721532 52.69259262 5.15156698
v -3.41178346 52.97831345 3.80034709
v -1.33165383 53.5870018 4.76949883
v -0.03709303 52.35291672 5.18787766
v -3.04269958 53.22933197 4.03369856
v -0.973764 53.44366455 4.89975691
v -2.6477282 53.40782166 4.24824333
v -0.65864193 53.23872375 5.00716972
v -2.23992395 53.510849 4.44298077
v -0.39632303 52.98093414 5.09123707
v -3.77952838 52.3972435 3.54927635
v -1.83263743 53.5377655 4.61700296
v -0.1951696 52.68063736 5.15156698
v -3.47171617 52.73793793 3.80034709
v -1.43911374 53.49024582 4.76949883
v -0.06162089 52.34946823 5.18787766
v -3.12104154 53.01408768 4.03369856
v -1.07209682 53.3722229 4.89975691
v -2.73948312 53.21969604 4.24824333
v -0.74344665 53.18976212 5.00716972
v -2.33985901 53.35091782 4.44298077
v -0.46378407 52.95089722 5.09123707
v -3.79803205 52.13262939 3.54927635
v -3.67695522 52 3.67695522
v -1.93544221 53.40618134 4.61700296
v -0.24217303 52.66536331 5.15156698
v -3.51473498 52.49396515 3.80034709
v -1.53956246 53.38622665 4.76949883
v -0.08584854 52.34431839 5.18787766
v -3.18417811 52.79390335 4.03369856
v -1.16520667 53.29409409 4.89975691
v -2.8178916 53.02562714 4.24824333
v -0.82462931 53.13500595 5.00716972
v -2.42839456 53.18440628 4.44298077
v -0.52898562 52.91622925 5.09123707
v -2.02881789 53.26774597 4.61700296
v -0.28799662 52.64685059 5.15156698
v -3.54063058 52.2475853 3.80034709
v -3.49210668 52 3.8529458
v -1.63251054 53.27545547 4.76949883
v -0.10965794 52.3374939 5.18787766
v -3.23180151 52.56985474 4.03369856
v -1.25263965 53.20965958 4.89975691
v -2.8825717 52.82656479 4.24824333
v -0.90179449 53.07471848 5.00716972
v -2.5050993 53.01212692 4.44298077
v -0.59161001 52.87709808 5.09123707
v -2.11230922 53.12313461 4.61700296
v -0.33241713 52.62518692 5.15156698
v -1.71750522 53.15847015 4.76949883
v -0.1329331 52.32902145 5.18787766
v -3.26367998 52.34302521 4.03369856
v -1.33396983 53.11933517 4.89975691
v -2.93320799 52.62347412 4.24824333
v -0.97456622 53.00919342 5.00716972
v -2.56959915 52.83491516 4.44298077
v -0.65135217 52.83369446 5.09123707
v -2.18550968 52.97305298 4.61700296
v -0.37521812 52.60047531 5.15156698
v -1.79413247 53.0358429 4.76949883
v -0.15556063 52.31894684 5.18787766
v -3.29884505 52 4.01965427
v -3.27965832 52.11452866 4.03369856
v -3.09763646 52 4.17667913
v -1.4088012 53.02355576 4.89975691
v -2.96955419 52.41734314 4.24824333
v -1.04259002 52.93875122 5.00716972
v -2.62158036 52.65363312 4.44298077
v -0.70792097 52.78622437 5.09123707
v -2.24806261 52.81822968 4.61700296
v -0.4161911 52.57283783 5.15156698
v -1.8620187 52.90816879 4.76949883
v -0.17743027 52.30731964 5.18787766
v -1.47676885 52.92278671 4.89975691
v -2.99143291 52.20918274 4.24824333
v -2.88896513 52 4.32364178
v -1.10553432 52.86373901 5.00716972
v -2.66078949 52.46916962 4.44298077
v -0.76104087 52.73492813 5.09123707
v -2.29966307 52.6594162 4.61700296
v -0.45513642 52.5424118 5.15156698
v -1.92083347 52.77606583 4.76949883
v -0.1984355 52.29419327 5.18787766
v -1.53754199 52.81752396 4.89975691
v -1.16309261 52.78451538 5.00716972
v -2.68703556 52.2824173 4.44298077
v -0.810453 52.6800499 5.09123707
v -2.34005976 52.49739456 4.61700296
v -0.49186438 52.50934219 5.15156698
v -1.97029018 52.64018631 4.76949883
v -0.21847397 52.27963257 5.18787766
v -1.59082425 52.70828247 4.89975691
v -1.21498442 52.70147324 5.00716972
v -2.67333436 52 4.46018887
v -2.70019054 52.09429169 4.44298077
v -2.45126295 52 4.58599043
v -0.85591674 52.6218605 5.09123707
v -2.36905622 52.33295059 4.61700296
v -0.526196 52.47378922 5.15156698
v -2.01014781 52.50118637 4.76949883
v -0.23744805 52.26371384 5.18787766
v -1.63635623 52.59558487 4.89975691
v -1.260957 52.61500931 5.00716972
v -0.89721054 52.56063843 5.09123707
v -2.38651061 52.16688156 4.61700296
v -2.22328639 52 4.70074415
v -0.55796409 52.43592834 5.15156698
v -2.04021215 52.35974503 4.76949883
v -0.25526533 52.24650574 5.18787766
v -1.6739161 52.4799881 4.89975691
v -1.30078626 52.52555084 5.00716972
v -0.93413317 52.49668884 5.09123707
v -0.58701378 52.3959465 5.15156698
v -2.06033683 52.21654892 4.76949883
v -0.27183896 52.22809982 5.18787766
v -1.70332074 52.36205292 4.89975691
v -1.33427823 52.43353271 5.00716972
v -0.96650487 52.43031693 5.09123707
v -0.61320364 52.35403442 5.15156698
v -2.0704236 52.07229996 4.76949883
v -1.98995388 52 4.80417347
v -0.28708822 52.20858002 5.18787766
v -1.7244271 52.24235153 4.89975691
v -1.36126983 52.33940125 5.00716972
v -0.9941678 52.36184692 5.09123707
v -0.636406 52.31039429 5.15156698
v -0.30093881 52.18804932 5.18787766
v -1.75182724 52 4.896029
v -1.73713207 52.12147141 4.89975691
v -1.50948036 52 4.97608995
v -1.38162935 52.24361801 5.00716972
v -1.0169872 52.29161453 5.09123707
v -0.65650791 52.26524734 5.15156698
v -0.31332326 52.16659546 5.18787766
v -1.39525771 52.14664841 5.00716972
v -1.03485203 52.21996307 5.09123707
v -0.67341131 52.21880341 5.15156698
v -0.32418123 52.14433289 5.18787766
v -1.40208852 52.04896164 5.00716972
v -1.26349699 52 5.04416275
v -1.04767513 52.14723969 5.09123707
v -0.68703395 52.17129517 5.15156698
v -0.33345985 52.12136841 5.18787766
v -1.05539405 52.07379913 5.09123707
v -1.01446962 52 5.10008335
v -0.69730943 52.12295532 5.15156698
v -0.34111387 52.09781265 5.18787766
v -0.70418769 52.07401276 5.15156698
v -0.34710601 52.07378006 5.18787766
v -0.76299846 52 5.14371777
v -0.70763522 52.02471161 5.15156698
v -0.50968915 52 5.17496061
v -0.35140708 52.04938889 5.18787766
v -0.2551519 52 5.19373655
v -0.35399613 52.02475357 5.18787766
v 5.1935358 28.89651871 0.25919861
v 5.17416 28.89651871 0.51775283
v 5.14192009 28.89651871 0.77501976
v 5.09689713 28.89651871 1.03035998
v 5.03920174 28.89651871 1.28313851
v 4.9689784 28.89651871 1.53272688
v 4.88640165 28.89651871 1.77850473
v 4.79167652 28.89651871 2.01986098
v 4.68503809 28.89651871 2.25619555
v 4.56675196 28.89651871 2.4869206
v 4.43711281 28.89651871 2.71146297
v 4.29644156 28.89651871 2.92926431
v 4.14508915 28.89651871 3.13978291
v 3.9834311 28.89651871 3.34249568
v 3.81186962 28.89651871 3.53689814
v 3.63083148 28.89651871 3.72250772
v 3.44076633 28.89651871 3.89886236
v 3.24214697 28.89651871 4.06552362
v 3.03546715 28.89651871 4.22207785
v 2.82124066 28.89651871 4.36813498
v 2.5999999 28.89651871 4.50333214
v 2.37229538 28.89651871 4.62733364
v 2.13869286 28.89651871 4.73983049
v 1.89977336 28.89651871 4.84054327
v 1.65613055 28.89651871 4.92922211
v 1.40837038 28.89651871 5.00564623
v 1.1571089 28.89651871 5.06962538
v 0.90297055 28.89651871 5.12100029
v 0.64658725 28.89651871 5.15964365
v 0.38859648 28.89651871 5.18545961
v 0.1296396 28.89651871 5.19838381
v -0.1296396 28.89651871 5.19838381
v -0.38859648 28.89651871 5.18545961
v -0.64658725 28.89651871 5.15964365
v -0.90297055 28.89651871 5.12100029
v -1.1571089 28.89651871 5.06962538
v -1.40837038 28.89651871 5.00564623
v -1.65613055 28.89651871 4.92922211
v -1.89977336 28.89651871 4.84054327
v -2.13869286 28.89651871 4.73983049
v -2.37229538 28.89651871 4.62733364
v -2.5999999 28.89651871 4.50333214
v -2.82124066 28.89651871 4.36813498
v -3.03546715 28.89651871 4.22207785
v -3.24214697 28.89651871 4.06552362
v -3.44076633 28.89651871 3.89886236
v -3.63083148 28.89651871 3.72250772
v -3.81186962 28.89651871 3.53689814
v -3.9834311 28.89651871 3.34249568
v -4.14508915 28.89651871 3.13978291
v -4.29644156 28.89651871 2.92926431
v -4.43711281 28.89651871 2.71146297
v -4.56675196 28.89651871 2.4869206
v -4.68503809 28.89651871 2.25619555
v -4.79167652 28.89651871 2.01986098
v -4.88640165 28.89651871 1.77850473
v -4.9689784 28.89651871 1.53272688
v -5.03920174 28.89651871 1.28313851
v -5.09689713 28.89651871 1.03035998
v -5.14192009 28.89651871 0.77501976
v -5.17416 28.89651871 0.51775283
v -5.1935358 28.89651871 0.25919861
v 5.19255829 28.85726547 0.25914982
v 5.18962765 28.81810951 0.25900355
v 5.18475103 28.7791481 0.25876018
v 5.17794132 28.74047852 0.25842032
v 5.16921473 28.70219803 0.25798479
v 5.15859318 28.66439819 0.25745466
v 5.14610291 28.62717819 0.25683132
v 5.17318583 28.85726547 0.51765531
v 5.13177538 28.59062576 0.25611627
v 5.17026615 28.81810951 0.51736319
v 5.11564589 28.55483437 0.25531128
v 5.16540813 28.7791481 0.51687706
v 5.09775448 28.51989365 0.25441837
v 5.15862322 28.74047852 0.51619816
v 5.07814598 28.48588753 0.25343972
v 5.14992952 28.70219803 0.51532817
v 5.05686903 28.45290375 0.25237784
v 5.13934755 28.66439819 0.51426929
v 5.00952482 28.39032364 0.25001499
v 5.03397655 28.42102242 0.25123531
v 5.12690401 28.62717819 0.51302409
v 5.14095211 28.85726547 0.77487391
v 5.11262989 28.59062576 0.51159579
v 5.13805056 28.81810951 0.77443653
v 5.09656048 28.55483437 0.50998783
v 5.13322258 28.7791481 0.77370882
v 5.07873631 28.51989365 0.50820422
v 5.12648058 28.74047852 0.77269262
v 5.05920076 28.48588753 0.50624937
v 5.11784077 28.70219803 0.77139038
v 5.03800297 28.45290375 0.50412822
v 5.1073246 28.66439819 0.76980531
v 4.99083567 28.39032364 0.49940842
v 5.01519585 28.42102242 0.50184602
v 5.09495878 28.62717819 0.76794147
v 5.09593725 28.85726547 1.03016603
v 5.08077335 28.59062576 0.7658034
v 5.09306145 28.81810951 1.02958453
v 5.06480455 28.55483437 0.76339644
v 5.08827543 28.7791481 1.02861714
v 5.04709101 28.51989365 0.76072657
v 5.08159256 28.74047852 1.02726603
v 5.02767706 28.48588753 0.7578004
v 5.07302809 28.70219803 1.02553475
v 5.00661182 28.45290375 0.75462532
v 5.06260443 28.66439819 1.02342749
v 4.95973825 28.39032364 0.74756026
v 4.98394632 28.42102242 0.75120908
v 5.05034637 28.62717819 1.0209496
v 5.03825331 28.85726547 1.28289688
v 5.0362854 28.59062576 1.01810706
v 5.03540945 28.81810951 1.2821728
v 5.02045631 28.55483437 1.01490712
v 5.03067827 28.7791481 1.28096807
v 5.00289774 28.51989365 1.01135767
v 5.02407074 28.74047852 1.27928555
v 4.98365402 28.48588753 1.00746739
v 5.01560307 28.70219803 1.27712953
v 4.96277332 28.45290375 1.00324619
v 5.00529718 28.66439819 1.27450526
v 4.91630983 28.39032364 0.99385351
v 4.94030619 28.42102242 0.99870449
v 4.99317837 28.62717819 1.27141941
v 4.96804333 28.85726547 1.5324384
v 4.97927666 28.59062576 1.26787961
v 4.96523905 28.81810951 1.53157341
v 4.96362638 28.55483437 1.26389456
v 4.96057367 28.7791481 1.53013432
v 4.94626665 28.51989365 1.25947428
v 4.95405817 28.74047852 1.52812457
v 4.92724085 28.48588753 1.25462973
v 4.94570875 28.70219803 1.52554917
v 4.90659618 28.45290375 1.24937296
v 4.9355464 28.66439819 1.52241445
v 4.86065912 28.39032364 1.23767591
v 4.88438368 28.42102242 1.24371696
v 4.92359638 28.62717819 1.51872838
v 4.88548183 28.85726547 1.77816999
v 4.90988827 28.59062576 1.51450002
v 4.88272429 28.81810951 1.77716637
v 4.89445639 28.55483437 1.50973988
v 4.87813616 28.7791481 1.77549648
v 4.87733889 28.51989365 1.50445974
v 4.8717289 28.74047852 1.77316439
v 4.85857821 28.48588753 1.49867284
v 4.86351871 28.70219803 1.77017605
v 4.83822107 28.45290375 1.49239349
v 4.85352516 28.66439819 1.76653874
v 4.79292393 28.39032364 1.47842121
v 4.81631804 28.42102242 1.48563731
v 4.84177351 28.62717819 1.76226151
v 4.79077435 28.85726547 2.01948071
v 4.82829332 28.59062576 1.75735509
v 4.7880702 28.81810951 2.01834083
v 4.81311798 28.55483437 1.75183165
v 4.78357124 28.7791481 2.01644444
v 4.79628468 28.51989365 1.74570489
v 4.77728844 28.74047852 2.01379585
v 4.77783585 28.48588753 1.73898995
v 4.76923704 28.70219803 2.01040196
v 4.75781679 28.45290375 1.73170376
v 4.75943708 28.66439819 2.00627089
v 4.71327257 28.39032364 1.71549094
v 4.73627806 28.42102242 1.7238642
v 4.74791336 28.62717819 2.00141335
v 4.68415594 28.85726547 2.25577068
v 4.73469448 28.59062576 1.99584115
v 4.68151236 28.81810951 2.25449753
v 4.71981335 28.55483437 1.98956811
v 4.67711353 28.7791481 2.25237918
v 4.7033062 28.51989365 1.98260987
v 4.67097044 28.74047852 2.24942064
v 4.685215 28.48588753 1.97498369
v 4.66309786 28.70219803 2.24562955
v 4.66558409 28.45290375 1.96670866
v 4.65351629 28.66439819 2.24101543
v 4.62190342 28.39032364 1.94829571
v 4.64446306 28.42102242 1.95780528
v 4.64224911 28.62717819 2.2355895
v 4.5658927 28.85726547 2.48645258
v 4.62932444 28.59062576 2.22936511
v 4.56331539 28.81810951 2.48504925
v 4.61477423 28.55483437 2.22235823
v 4.55902767 28.7791481 2.48271418
v 4.59863472 28.51989365 2.21458578
v 4.55303955 28.74047852 2.47945309
v 4.58094597 28.48588753 2.20606732
v 4.54536581 28.70219803 2.47527432
v 4.56175232 28.45290375 2.19682407
v 4.53602648 28.66439819 2.47018838
v 4.51904345 28.39032364 2.17625666
v 4.54110098 28.42102242 2.18687892
v 4.52504349 28.62717819 2.46420741
v 4.43627739 28.85726547 2.71095252
v 4.51244497 28.59062576 2.45734668
v 4.43377352 28.81810951 2.70942259
v 4.49826241 28.55483437 2.44962311
v 4.42960739 28.7791481 2.70687675
v 4.48253012 28.51989365 2.44105577
v 4.42378902 28.74047852 2.70332122
v 4.46528816 28.48588753 2.43166637
v 4.41633368 28.70219803 2.69876528
v 4.44657898 28.45290375 2.42147779
v 4.40725899 28.66439819 2.6932199
v 4.40494871 28.39032364 2.39880729
v 4.4264493 28.42102242 2.41051579
v 4.39658785 28.62717819 2.68669891
v 4.29563284 28.85726547 2.92871284
v 4.38434744 28.59062576 2.67921877
v 4.29320812 28.81810951 2.92705989
v 4.37056684 28.55483437 2.67079782
v 4.28917408 28.7791481 2.92430949
v 4.35528135 28.51989365 2.66145706
v 4.28354073 28.74047852 2.92046857
v 4.33852911 28.48588753 2.65121984
v 4.27632141 28.70219803 2.91554642
v 4.32035065 28.45290375 2.64011145
v 4.26753426 28.66439819 2.90955567
v 4.30079222 28.42102242 2.62815952
v 4.27990246 28.39032364 2.61539388
v 4.25720167 28.62717819 2.90251112
v 4.14430857 28.85726547 3.13919187
v 4.24534893 28.59062576 2.89442992
v 4.14196968 28.81810951 3.13742018
v 4.2320056 28.55483437 2.88533258
v 4.13807774 28.7791481 3.13447213
v 4.21720505 28.51989365 2.87524152
v 4.13264227 28.74047852 3.13035512
v 4.20098352 28.48588753 2.864182
v 4.12567759 28.70219803 3.12507939
v 4.18338156 28.45290375 2.8521812
v 4.11720037 28.66439819 3.11865807
v 4.14421558 28.39032364 2.82547832
v 4.16444302 28.42102242 2.8392694
v 4.10723162 28.62717819 3.11110711
v 3.98268127 28.85726547 3.34186625
v 4.09579659 28.59062576 3.10244513
v 3.98043346 28.81810951 3.33998013
v 4.08292294 28.55483437 3.09269404
v 3.97669315 28.7791481 3.33684182
v 4.06864357 28.51989365 3.08187771
v 3.97146988 28.74047852 3.33245897
v 4.05299377 28.48588753 3.0700233
v 3.96477675 28.70219803 3.32684255
v 4.0360117 28.45290375 3.05716014
v 3.95662999 28.66439819 3.32000685
v 3.99822545 28.39032364 3.02853799
v 4.01774073 28.42102242 3.04332018
v 3.94705009 28.62717819 3.31196833
v 3.81115222 28.85726547 3.53623247
v 3.93606091 28.59062576 3.30274725
v 3.80900121 28.81810951 3.53423643
v 3.9236896 28.55483437 3.2923665
v 3.80542207 28.7791481 3.53091574
v 3.90996695 28.51989365 3.28085184
v 3.80042362 28.74047852 3.52627802
v 3.89492726 28.48588753 3.26823211
v 3.79401875 28.70219803 3.52033496
v 3.87860799 28.45290375 3.25453854
v 3.78622293 28.66439819 3.51310134
v 3.84229517 28.39032364 3.2240684
v 3.86104918 28.42102242 3.23980498
v 3.7770555 28.62717819 3.50459552
v 3.63014793 28.85726547 3.72180676
v 3.76653957 28.59062576 3.494838
v 3.62809896 28.81810951 3.7197063
v 3.75470114 28.55483437 3.48385358
v 3.62469006 28.7791481 3.71621108
v 3.74156976 28.51989365 3.47166944
v 3.61992908 28.74047852 3.71132994
v 3.72717762 28.48588753 3.45831561
v 3.61382818 28.70219803 3.70507503
v 3.7115612 28.45290375 3.44382548
v 3.60640264 28.66439819 3.69746208
v 3.67681217 28.39032364 3.41158319
v 3.69475865 28.42102242 3.42823505
v 3.59767079 28.62717819 3.6885097
v 3.44011855 28.85726547 3.89812827
v 3.58765435 28.59062576 3.6782403
v 3.43817711 28.81810951 3.89592814
v 3.57637811 28.55483437 3.66667938
v 3.4349463 28.7791481 3.89226747
v 3.56387019 28.51989365 3.65385556
v 3.4304347 28.74047852 3.88715506
v 3.55016184 28.48588753 3.63980103
v 3.42465329 28.70219803 3.88060379
v 3.5352869 28.45290375 3.62455058
v 3.41761637 28.66439819 3.87263012
v 3.50218821 28.39032364 3.59061623
v 3.51928234 28.42102242 3.60814214
v 3.40934157 28.62717819 3.86325359
v 3.24153662 28.85726547 4.0647583
v 3.39984941 28.59062576 3.85249758
v 3.23970699 28.81810951 4.06246424
v 3.38916349 28.55483437 3.84038901
v 3.23666286 28.7791481 4.05864716
v 3.37731028 28.51989365 3.82695794
v 3.23241162 28.74047852 4.05331612
v 3.36431956 28.48588753 3.8122375
v 3.226964 28.70219803 4.04648495
v 3.3502233 28.45290375 3.79626441
v 3.22033334 28.66439819 4.03817034
v 3.31885743 28.39032364 3.76072264
v 3.33505654 28.42102242 3.77907848
v 3.2125361 28.62717819 4.02839279
v 3.03489566 28.85726547 4.22128296
v 3.20359182 28.59062576 4.0171771
v 3.03318286 28.81810951 4.2189002
v 3.19352293 28.55483437 4.00455093
v 3.03033257 28.7791481 4.21493626
v 3.18235397 28.51989365 3.99054575
v 3.02635241 28.74047852 4.2093997
v 3.17011309 28.48588753 3.97519612
v 3.02125192 28.70219803 4.20230579
v 3.15683055 28.45290375 3.9585402
v 3.01504397 28.66439819 4.19367075
v 3.1425395 28.42102242 3.94061971
v 3.12727523 28.39032364 3.92147899
v 3.00774384 28.62717819 4.18351698
v 2.82070947 28.85726547 4.36731243
v 2.99936986 28.59062576 4.17186928
v 2.81911755 28.81810951 4.36484766
v 2.98994255 28.55483437 4.15875721
v 2.81646848 28.7791481 4.36074638
v 2.97948575 28.51989365 4.14421225
v 2.81276917 28.74047852 4.35501862
v 2.96802521 28.48588753 4.12827158
v 2.8080287 28.70219803 4.34767866
v 2.95558929 28.45290375 4.11097431
v 2.80225873 28.66439819 4.33874512
v 2.94220924 28.42102242 4.09236383
v 2.9279182 28.39032364 4.0724864
v 2.79547381 28.62717819 4.32824039
v 2.59951043 28.85726547 4.50248432
v 2.78769088 28.59062576 4.31618977
v 2.59804344 28.81810951 4.49994326
v 2.778929 28.55483437 4.30262375
v 2.59560204 28.7791481 4.49571466
v 2.7692101 28.51989365 4.28757572
v 2.59219289 28.74047852 4.48980999
v 2.75855827 28.48588753 4.27108383
v 2.58782411 28.70219803 4.48224306
v 2.74700022 28.45290375 4.25318813
v 2.5825069 28.66439819 4.47303295
v 2.7345643 28.42102242 4.23393393
v 2.72128177 28.39032364 4.21336842
v 2.57625389 28.62717819 4.46220255
v 2.37184882 28.85726547 4.62646246
v 2.56908131 28.59062576 4.44977903
v 2.3705101 28.81810951 4.6238513
v 2.56100655 28.55483437 4.4357934
v 2.36828279 28.7791481 4.61950636
v 2.55204964 28.51989365 4.42027998
v 2.36517215 28.74047852 4.61343861
v 2.54223323 28.48588753 4.4032774
v 2.36118603 28.70219803 4.60566378
v 2.5315814 28.45290375 4.38482761
v 2.35633421 28.66439819 4.59619999
v 2.50787997 28.39032364 4.34377575
v 2.52012086 28.42102242 4.36497736
v 2.35062909 28.62717819 4.58507156
v 2.13829041 28.85726547 4.73893833
v 2.3440845 28.59062576 4.57230616
v 2.13708353 28.81810951 4.73626328
v 2.33671689 28.55483437 4.55793476
v 2.13507533 28.7791481 4.73181295
v 2.32854462 28.51989365 4.54199409
v 2.13227105 28.74047852 4.72559786
v 2.31958795 28.48588753 4.52452326
v 2.12867737 28.70219803 4.71763372
v 2.30986905 28.45290375 4.50556612
v 2.12430358 28.66439819 4.7079401
v 2.29941201 28.42102242 4.48516893
v 2.28824306 28.39032364 4.4633832
v 2.11916018 28.62717819 4.69654131
v 1.89941573 28.85726547 4.83963203
v 2.11326003 28.59062576 4.683465
v 1.89834368 28.81810951 4.83690071
v 2.10661793 28.55483437 4.66874504
v 1.89655983 28.7791481 4.83235598
v 2.09925032 28.51989365 4.65241671
v 1.89406884 28.74047852 4.8260088
v 2.09117556 28.48588753 4.63452101
v 1.89087665 28.70219803 4.81787539
v 2.08241367 28.45290375 4.61510277
v 1.88699138 28.66439819 4.80797577
v 2.07298636 28.42102242 4.59421015
v 2.06291747 28.39032364 4.57189465
v 1.88242257 28.62717819 4.79633427
v 1.65581882 28.85726547 4.92829418
v 1.87718153 28.59062576 4.78298044
v 1.65488422 28.81810951 4.92551279
v 1.8712815 28.55483437 4.7679472
v 1.65332925 28.7791481 4.92088461
v 1.86473691 28.51989365 4.7512722
v 1.65115774 28.74047852 4.91442108
v 1.85756421 28.48588753 4.73299646
v 1.64837492 28.70219803 4.90613842
v 1.84978116 28.45290375 4.71316576
v 1.64498782 28.66439819 4.89605761
v 1.84140718 28.42102242 4.69182873
v 1.83246291 28.39032364 4.66903925
v 1.64100504 28.62717819 4.88420296
v 1.40810525 28.85726547 5.00470352
v 1.63643622 28.59062576 4.87060499
v 1.40731061 28.81810951 5.00187922
v 1.6312927 28.55483437 4.85529613
v 1.40598822 28.7791481 4.99717903
v 1.62558758 28.51989365 4.83831549
v 1.40414155 28.74047852 4.99061537
v 1.6193347 28.48588753 4.81970501
v 1.401775 28.70219803 4.98220444
v 1.61254978 28.45290375 4.79951048
v 1.39889467 28.66439819 4.97196722
v 1.60524976 28.42102242 4.77778292
v 1.59745264 28.39032364 4.75457621
v 1.39550769 28.62717819 4.95992899
v 1.15689099 28.85726547 5.06867075
v 1.3916223 28.59062576 4.94611979
v 1.15623808 28.81810951 5.0658102
v 1.3872484 28.55483437 4.93057394
v 1.15515161 28.7791481 5.06104994
v 1.3823967 28.51989365 4.91333008
v 1.15363443 28.74047852 5.05440235
v 1.37707925 28.48588753 4.89443064
v 1.15169013 28.70219803 5.04588413
v 1.3713094 28.45290375 4.8739233
v 1.1493237 28.66439819 5.03551579
v 1.36510146 28.42102242 4.85185909
v 1.3584708 28.39032364 4.82829237
v 1.14654088 28.62717819 5.02332401
v 0.90280056 28.85726547 5.12003613
v 1.14334869 28.59062576 5.0093379
v 0.902291 28.81810951 5.11714649
v 1.13975513 28.55483437 4.99359322
v 0.90144318 28.7791481 5.11233807
v 1.13576901 28.51989365 4.97612906
v 0.90025914 28.74047852 5.10562325
v 1.13140023 28.48588753 4.95698833
v 0.8987419 28.70219803 5.09701872
v 1.12665975 28.45290375 4.93621874
v 0.89689517 28.66439819 5.08654547
v 1.12155938 28.42102242 4.91387224
v 1.11611164 28.39032364 4.89000463
v 0.89472359 28.62717819 5.07422972
v 0.64646554 28.85726547 5.15867233
v 0.89223254 28.59062576 5.06010246
v 0.6461007 28.81810951 5.15576077
v 0.8894282 28.55483437 5.04419804
v 0.64549357 28.7791481 5.15091658
v 0.88631755 28.51989365 5.02655697
v 0.64464575 28.74047852 5.14415073
v 0.88290834 28.48588753 5.00722218
v 0.64355928 28.70219803 5.13548136
v 0.87920904 28.45290375 4.98624229
v 0.64223695 28.66439819 5.12492895
v 0.87522882 28.42102242 4.9636693
v 0.87097758 28.39032364 4.93955946
v 0.64068192 28.62717819 5.11252022
v 0.38852334 28.85726547 5.18448353
v 0.63889813 28.59062576 5.09828615
v 0.38830405 28.81810951 5.18155766
v 0.63689005 28.55483437 5.08226204
v 0.38793918 28.7791481 5.17668867
v 0.63466263 28.51989365 5.06448746
v 0.38742962 28.74047852 5.16988945
v 0.6322214 28.48588753 5.04500723
v 0.38677669 28.70219803 5.1611762
v 0.62957245 28.45290375 5.02386904
v 0.38598195 28.66439819 5.15057135
v 0.62672234 28.42102242 5.00112534
v 0.62367821 28.39032364 4.97683382
v 0.38504741 28.62717819 5.13810062
v 0.12961519 28.85726547 5.19740534
v 0.38397536 28.59062576 5.12379503
v 0.12954204 28.81810951 5.19447184
v 0.38276851 28.55483437 5.10769081
v 0.12942031 28.7791481 5.18959093
v 0.38142982 28.51989365 5.08982754
v 0.12925032 28.74047852 5.18277454
v 0.37996265 28.48588753 5.07024956
v 0.12903249 28.70219803 5.17403984
v 0.37837064 28.45290375 5.04900551
v 0.12876736 28.66439819 5.16340828
v 0.37482822 28.39032364 5.00173473
v 0.37665775 28.42102242 5.02614832
v 0.12845559 28.62717819 5.15090656
v -0.12961519 28.85726547 5.19740534
v 0.12809795 28.59062576 5.13656569
v -0.12954204 28.81810951 5.19447184
v 0.12769532 28.55483437 5.12042093
v -0.12942031 28.7791481 5.18959093
v 0.12724873 28.51989365 5.10251284
v -0.12925032 28.74047852 5.18277454
v 0.12675928 28.48588753 5.08288622
v -0.12903249 28.70219803 5.17403984
v 0.12622815 28.45290375 5.06158924
v -0.12876736 28.66439819 5.16340828
v 0.12504637 28.39032364 5.01420116
v 0.12565671 28.42102242 5.03867531
v -0.12845559 28.62717819 5.15090656
v -0.38852334 28.85726547 5.18448353
v -0.12809795 28.59062576 5.13656569
v -0.38830405 28.81810951 5.18155766
v -0.12769532 28.55483437 5.12042093
v -0.38793918 28.7791481 5.17668867
v -0.12724873 28.51989365 5.10251284
v -0.38742962 28.74047852 5.16988945
v -0.12675928 28.48588753 5.08288622
v -0.38677669 28.70219803 5.1611762
v -0.12622815 28.45290375 5.06158924
v -0.38598195 28.66439819 5.15057135
v -0.12565671 28.42102242 5.03867531
v -0.12504637 28.39032364 5.01420116
v -0.38504741 28.62717819 5.13810062
v -0.64646554 28.85726547 5.15867233
v -0.38397536 28.59062576 5.12379503
v -0.6461007 28.81810951 5.15576077
v -0.38276851 28.55483437 5.10769081
v -0.64549357 28.7791481 5.15091658
v -0.38142982 28.51989365 5.08982754
v -0.64464575 28.74047852 5.14415073
v -0.37996265 28.48588753 5.07024956
v -0.64355928 28.70219803 5.13548136
v -0.37837064 28.45290375 5.04900551
v -0.64223695 28.66439819 5.12492895
v -0.37665775 28.42102242 5.02614832
v -0.37482822 28.39032364 5.00173473
v -0.64068192 28.62717819 5.11252022
v -0.90280056 28.85726547 5.12003613
v -0.63889813 28.59062576 5.09828615
v -0.902291 28.81810951 5.11714649
v -0.63689005 28.55483437 5.08226204
v -0.90144318 28.7791481 5.11233807
v -0.63466263 28.51989365 5.06448746
v -0.90025914 28.74047852 5.10562325
v -0.6322214 28.48588753 5.04500723
v -0.8987419 28.70219803 5.09701872
v -0.62957245 28.45290375 5.02386904
v -0.89689517 28.66439819 5.08654547
v -0.62672234 28.42102242 5.00112534
v -0.62367821 28.39032364 4.97683382
v -0.89472359 28.62717819 5.07422972
v -1.15689099 28.85726547 5.06867075
v -0.89223254 28.59062576 5.06010246
v -1.15623808 28.81810951 5.0658102
v -0.8894282 28.55483437 5.04419804
v -1.15515161 28.7791481 5.06104994
v -0.88631755 28.51989365 5.02655697
v -1.15363443 28.74047852 5.05440235
v -0.88290834 28.48588753 5.00722218
v -1.15169013 28.70219803 5.04588413
v -0.87920904 28.45290375 4.98624229
v -1.1493237 28.66439819 5.03551579
v -0.87522882 28.42102242 4.9636693
v -0.87097758 28.39032364 4.93955946
v -1.14654088 28.62717819 5.02332401
v -1.40810525 28.85726547 5.00470352
v -1.14334869 28.59062576 5.0093379
v -1.40731061 28.81810951 5.00187922
v -1.13975513 28.55483437 4.99359322
v -1.40598822 28.7791481 4.99717903
v -1.13576901 28.51989365 4.97612906
v -1.40414155 28.74047852 4.99061537
v -1.13140023 28.48588753 4.95698833
v -1.401775 28.70219803 4.98220444
v -1.12665975 28.45290375 4.93621874
v -1.39889467 28.66439819 4.97196722
v -1.12155938 28.42102242 4.91387224
v -1.11611164 28.39032364 4.89000463
v -1.39550769 28.62717819 4.95992899
v -1.65581882 28.85726547 4.92829418
v -1.3916223 28.59062576 4.94611979
v -1.65488422 28.81810951 4.92551279
v -1.3872484 28.55483437 4.93057394
v -1.65332925 28.7791481 4.92088461
v -1.3823967 28.51989365 4.91333008
v -1.65115774 28.74047852 4.91442108
v -1.37707925 28.48588753 4.89443064
v -1.64837492 28.70219803 4.90613842
v -1.3713094 28.45290375 4.8739233
v -1.64498782 28.66439819 4.89605761
v -1.36510146 28.42102242 4.85185909
v -1.3584708 28.39032364 4.82829237
v -1.64100504 28.62717819 4.88420296
v -1.89941573 28.85726547 4.83963203
v -1.63643622 28.59062576 4.87060499
v -1.89834368 28.81810951 4.83690071
v -1.6312927 28.55483437 4.85529613
v -1.89655983 28.7791481 4.83235598
v -1.62558758 28.51989365 4.83831549
v -1.89406884 28.74047852 4.8260088
v -1.6193347 28.48588753 4.81970501
v -1.89087665 28.70219803 4.81787539
v -1.61254978 28.45290375 4.79951048
v -1.88699138 28.66439819 4.80797577
v -1.60524976 28.42102242 4.77778292
v -1.59745264 28.39032364 4.75457621
v -1.88242257 28.62717819 4.79633427
v -2.13829041 28.85726547 4.73893833
v -1.87718153 28.59062576 4.78298044
v -2.13708353 28.81810951 4.73626328
v -1.8712815 28.55483437 4.7679472
v -2.13507533 28.7791481 4.73181295
v -1.86473691 28.51989365 4.7512722
v -2.13227105 28.74047852 4.72559786
v -1.85756421 28.48588753 4.73299646
v -2.12867737 28.70219803 4.71763372
v -1.84978116 28.45290375 4.71316576
v -2.12430358 28.66439819 4.7079401
v -1.84140718 28.42102242 4.69182873
v -1.83246291 28.39032364 4.66903925
v -2.11916018 28.62717819 4.69654131
v -2.37184882 28.85726547 4.62646246
v -2.11326003 28.59062576 4.683465
v -2.3705101 28.81810951 4.6238513
v -2.10661793 28.55483437 4.66874504
v -2.36828279 28.7791481 4.61950636
v -2.09925032 28.51989365 4.65241671
v -2.36517215 28.74047852 4.61343861
v -2.09117556 28.48588753 4.63452101
v -2.36118603 28.70219803 4.60566378
v -2.08241367 28.45290375 4.61510277
v -2.35633421 28.66439819 4.59619999
v -2.07298636 28.42102242 4.59421015
v -2.06291747 28.39032364 4.57189465
v -2.35062909 28.62717819 4.58507156
v -2.59951043 28.85726547 4.50248432
v -2.3440845 28.59062576 4.57230616
v -2.59804344 28.81810951 4.49994326
v -2.33671689 28.55483437 4.55793476
v -2.59560204 28.7791481 4.49571466
v -2.32854462 28.51989365 4.54199409
v -2.59219289 28.74047852 4.48980999
v -2.31958795 28.48588753 4.52452326
v -2.58782411 28.70219803 4.48224306
v -2.30986905 28.45290375 4.50556612
v -2.5825069 28.66439819 4.47303295
v -2.28824306 28.39032364 4.4633832
v -2.29941201 28.42102242 4.48516893
v -2.57625389 28.62717819 4.46220255
v -2.82070947 28.85726547 4.36731243
v -2.56908131 28.59062576 4.44977903
v -2.81911755 28.81810951 4.36484766
v -2.56100655 28.55483437 4.4357934
v -2.81646848 28.7791481 4.36074638
v -2.55204964 28.51989365 4.42027998
v -2.81276917 28.74047852 4.35501862
v -2.54223323 28.48588753 4.4032774
v -2.8080287 28.70219803 4.34767866
v -2.5315814 28.45290375 4.38482761
v -2.80225873 28.66439819 4.33874512
v -2.52012086 28.42102242 4.36497736
v -2.50787997 28.39032364 4.34377575
v -2.79547381 28.62717819 4.32824039
v -3.03489566 28.85726547 4.22128296
v -2.78769088 28.59062576 4.31618977
v -3.03318286 28.81810951 4.2189002
v -2.778929 28.55483437 4.30262375
v -3.03033257 28.7791481 4.21493626
v -2.7692101 28.51989365 4.28757572
v -3.02635241 28.74047852 4.2093997
v -2.75855827 28.48588753 4.27108383
v -3.02125192 28.70219803 4.20230579
v -2.74700022 28.45290375 4.25318813
v -3.01504397 28.66439819 4.19367075
v -2.7345643 28.42102242 4.23393393
v -2.72128177 28.39032364 4.21336842
v -3.00774384 28.62717819 4.18351698
v -3.24153662 28.85726547 4.0647583
v -2.99936986 28.59062576 4.17186928
v -3.23970699 28.81810951 4.06246424
v -2.98994255 28.55483437 4.15875721
v -3.23666286 28.7791481 4.05864716
v -2.97948575 28.51989365 4.14421225
v -3.23241162 28.74047852 4.05331612
v -2.96802521 28.48588753 4.12827158
v -3.226964 28.70219803 4.04648495
v -2.95558929 28.45290375 4.11097431
v -3.22033334 28.66439819 4.03817034
v -2.94220924 28.42102242 4.09236383
v -2.9279182 28.39032364 4.0724864
v -3.2125361 28.62717819 4.02839279
v -3.44011855 28.85726547 3.89812827
v -3.20359182 28.59062576 4.0171771
v -3.43817711 28.81810951 3.89592814
v -3.19352293 28.55483437 4.00455093
v -3.4349463 28.7791481 3.89226747
v -3.18235397 28.51989365 3.99054575
v -3.4304347 28.74047852 3.88715506
v -3.17011309 28.48588753 3.97519612
v -3.42465329 28.70219803 3.88060379
v -3.15683055 28.45290375 3.9585402
v -3.41761637 28.66439819 3.87263012
v -3.1425395 28.42102242 3.94061971
v -3.12727523 28.39032364 3.92147899
v -3.40934157 28.62717819 3.86325359
v -3.63014793 28.85726547 3.72180676
v -3.39984941 28.59062576 3.85249758
v -3.62809896 28.81810951 3.7197063
v -3.38916349 28.55483437 3.84038901
v -3.62469006 28.7791481 3.71621108
v -3.37731028 28.51989365 3.82695794
v -3.61992908 28.74047852 3.71132994
v -3.36431956 28.48588753 3.8122375
v -3.61382818 28.70219803 3.70507503
v -3.3502233 28.45290375 3.79626441
v -3.60640264 28.66439819 3.69746208
v -3.31885743 28.39032364 3.76072264
v -3.33505654 28.42102242 3.77907848
v -3.59767079 28.62717819 3.6885097
v -3.81115222 28.85726547 3.53623247
v -3.58765435 28.59062576 3.6782403
v -3.80900121 28.81810951 3.53423643
v -3.57637811 28.55483437 3.66667938
v -3.80542207 28.7791481 3.53091574
v -3.56387019 28.51989365 3.65385556
v -3.80042362 28.74047852 3.52627802
v -3.55016184 28.48588753 3.63980103
v -3.79401875 28.70219803 3.52033496
v -3.5352869 28.45290375 3.62455058
v -3.78622293 28.66439819 3.51310134
v -3.51928234 28.42102242 3.60814214
v -3.50218821 28.39032364 3.59061623
v -3.7770555 28.62717819 3.50459552
v -3.98268127 28.85726547 3.34186625
v -3.76653957 28.59062576 3.494838
v -3.98043346 28.81810951 3.33998013
v -3.75470114 28.55483437 3.48385358
v -3.97669315 28.7791481 3.33684182
v -3.74156976 28.51989365 3.47166944
v -3.97146988 28.74047852 3.33245897
v -3.72717762 28.48588753 3.45831561
v -3.96477675 28.70219803 3.32684255
v -3.7115612 28.45290375 3.44382548
v -3.95662999 28.66439819 3.32000685
v -3.69475865 28.42102242 3.42823505
v -3.67681217 28.39032364 3.41158319
v -3.94705009 28.62717819 3.31196833
v -4.14430857 28.85726547 3.13919187
v -3.93606091 28.59062576 3.30274725
v -4.14196968 28.81810951 3.13742018
v -3.9236896 28.55483437 3.2923665
v -4.13807774 28.7791481 3.13447213
v -3.90996695 28.51989365 3.28085184
v -4.13264227 28.74047852 3.13035512
v -3.89492726 28.48588753 3.26823211
v -4.12567759 28.70219803 3.12507939
v -3.87860799 28.45290375 3.25453854
v -4.11720037 28.66439819 3.11865807
v -3.86104918 28.42102242 3.23980498
v -3.84229517 28.39032364 3.2240684
v -4.10723162 28.62717819 3.11110711
v -4.29563284 28.85726547 2.92871284
v -4.09579659 28.59062576 3.10244513
v -4.29320812 28.81810951 2.92705989
v -4.08292294 28.55483437 3.09269404
v -4.28917408 28.7791481 2.92430949
v -4.06864357 28.51989365 3.08187771
v -4.28354073 28.74047852 2.92046857
v -4.05299377 28.48588753 3.0700233
v -4.27632141 28.70219803 2.91554642
v -4.0360117 28.45290375 3.05716014
v -4.26753426 28.66439819 2.90955567
v -4.01774073 28.42102242 3.04332018
v -3.99822545 28.39032364 3.02853799
v -4.25720167 28.62717819 2.90251112
v -4.43627739 28.85726547 2.71095252
v -4.24534893 28.59062576 2.89442992
v -4.43377352 28.81810951 2.70942259
v -4.2320056 28.55483437 2.88533258
v -4.42960739 28.7791481 2.70687675
v -4.21720505 28.51989365 2.87524152
v -4.42378902 28.74047852 2.70332122
v -4.20098352 28.48588753 2.864182
v -4.41633368 28.70219803 2.69876528
v -4.18338156 28.45290375 2.8521812
v -4.40725899 28.66439819 2.6932199
v -4.16444302 28.42102242 2.8392694
v -4.14421558 28.39032364 2.82547832
v -4.39658785 28.62717819 2.68669891
v -4.5658927 28.85726547 2.48645258
v -4.38434744 28.59062576 2.67921877
v -4.56331539 28.81810951 2.48504925
v -4.37056684 28.55483437 2.67079782
v -4.55902767 28.7791481 2.48271418
v -4.35528135 28.51989365 2.66145706
v -4.55303955 28.74047852 2.47945309
v -4.33852911 28.48588753 2.65121984
v -4.54536581 28.70219803 2.47527432
v -4.32035065 28.45290375 2.64011145
v -4.53602648 28.66439819 2.47018838
v -4.30079222 28.42102242 2.62815952
v -4.27990246 28.39032364 2.61539388
v -4.52504349 28.62717819 2.46420741
v -4.68415594 28.85726547 2.25577068
v -4.51244497 28.59062576 2.45734668
v -4.68151236 28.81810951 2.25449753
v -4.49826241 28.55483437 2.44962311
v -4.67711353 28.7791481 2.25237918
v -4.48253012 28.51989365 2.44105577
v -4.67097044 28.74047852 2.24942064
v -4.46528816 28.48588753 2.43166637
v -4.66309786 28.70219803 2.24562955
v -4.44657898 28.45290375 2.42147779
v -4.65351629 28.66439819 2.24101543
v -4.4264493 28.42102242 2.41051579
v -4.40494871 28.39032364 2.39880729
v -4.64224911 28.62717819 2.2355895
v -4.79077435 28.85726547 2.01948071
v -4.62932444 28.59062576 2.22936511
v -4.7880702 28.81810951 2.01834083
v -4.61477423 28.55483437 2.22235823
v -4.78357124 28.7791481 2.01644444
v -4.59863472 28.51989365 2.21458578
v -4.77728844 28.74047852 2.01379585
v -4.58094597 28.48588753 2.20606732
v -4.76923704 28.70219803 2.01040196
v -4.56175232 28.45290375 2.19682407
v -4.75943708 28.66439819 2.00627089
v -4.51904345 28.39032364 2.17625666
v -4.54110098 28.42102242 2.18687892
v -4.62190342 28.39032364 1.94829571
v -4.74791336 28.62717819 2.00141335
v -4.88548183 28.85726547 1.77816999
v -4.73469448 28.59062576 1.99584115
v -4.88272429 28.81810951 1.77716637
v -4.71981335 28.55483437 1.98956811
v -4.87813616 28.7791481 1.77549648
v -4.7033062 28.51989365 1.98260987
v -4.8717289 28.74047852 1.77316439
v -4.685215 28.48588753 1.97498369
v -4.86351871 28.70219803 1.77017605
v -4.66558409 28.45290375 1.96670866
v -4.85352516 28.66439819 1.76653874
v -4.64446306 28.42102242 1.95780528
v -4.84177351 28.62717819 1.76226151
v -4.96804333 28.85726547 1.5324384
v -4.82829332 28.59062576 1.75735509
v -4.96523905 28.81810951 1.53157341
v -4.81311798 28.55483437 1.75183165
v -4.96057367 28.7791481 1.53013432
v -4.79628468 28.51989365 1.74570489
v -4.95405817 28.74047852 1.52812457
v -4.77783585 28.48588753 1.73898995
v -4.94570875 28.70219803 1.52554917
v -4.75781679 28.45290375 1.73170376
v -4.9355464 28.66439819 1.52241445
v -4.73627806 28.42102242 1.7238642
v -4.71327257 28.39032364 1.71549094
v -4.92359638 28.62717819 1.51872838
v -5.03825331 28.85726547 1.28289688
v -4.90988827 28.59062576 1.51450002
v -5.03540945 28.81810951 1.2821728
v -4.89445639 28.55483437 1.50973988
v -5.03067827 28.7791481 1.28096807
v -4.87733889 28.51989365 1.50445974
v -5.02407074 28.74047852 1.27928555
v -4.85857821 28.48588753 1.49867284
v -5.01560307 28.70219803 1.27712953
v -4.83822107 28.45290375 1.49239349
v -5.00529718 28.66439819 1.27450526
v -4.81631804 28.42102242 1.48563731
v -4.79292393 28.39032364 1.47842121
v -4.99317837 28.62717819 1.27141941
v -5.09593725 28.85726547 1.03016603
v -4.97927666 28.59062576 1.26787961
v -5.09306145 28.81810951 1.02958453
v -4.96362638 28.55483437 1.26389456
v -5.08827543 28.7791481 1.02861714
v -4.94626665 28.51989365 1.25947428
v -5.08159256 28.74047852 1.02726603
v -4.92724085 28.48588753 1.25462973
v -5.07302809 28.70219803 1.02553475
v -4.90659618 28.45290375 1.24937296
v -5.06260443 28.66439819 1.02342749
v -4.88438368 28.42102242 1.24371696
v -4.86065912 28.39032364 1.23767591
v -5.05034637 28.62717819 1.0209496
v -5.14095211 28.85726547 0.77487391
v -5.0362854 28.59062576 1.01810706
v -5.13805056 28.81810951 0.77443653
v -5.02045631 28.55483437 1.01490712
v -5.13322258 28.7791481 0.77370882
v -5.00289774 28.51989365 1.01135767
v -5.12648058 28.74047852 0.77269262
v -4.98365402 28.48588753 1.00746739
v -5.11784077 28.70219803 0.77139038
v -4.96277332 28.45290375 1.00324619
v -5.1073246 28.66439819 0.76980531
v -4.94030619 28.42102242 0.99870449
v -4.91630983 28.39032364 0.99385351
v -5.09495878 28.62717819 0.76794147
v -5.17318583 28.85726547 0.51765531
v -5.08077335 28.59062576 0.7658034
v -5.17026615 28.81810951 0.51736319
v -5.06480455 28.55483437 0.76339644
v -5.16540813 28.7791481 0.51687706
v -5.04709101 28.51989365 0.76072657
v -5.15862322 28.74047852 0.51619816
v -5.02767706 28.48588753 0.7578004
v -5.14992952 28.70219803 0.51532817
v -5.00661182 28.45290375 0.75462532
v -5.13934755 28.66439819 0.51426929
v -4.98394632 28.42102242 0.75120908
v -4.95973825 28.39032364 0.74756026
v -4.99083567 28.39032364 0.49940842
v -5.12690401 28.62717819 0.51302409
v -5.19255829 28.85726547 0.25914982
v -5.11262989 28.59062576 0.51159579
v -5.18962765 28.81810951 0.25900355
v -5.09656048 28.55483437 0.50998783
v -5.18475103 28.7791481 0.25876018
v -5.07873631 28.51989365 0.50820422
v -5.17794132 28.74047852 0.25842032
v -5.05920076 28.48588753 0.50624937
v -5.16921473 28.70219803 0.25798479
v -5.03800297 28.45290375 0.50412822
v -5.15859318 28.66439819 0.25745466
v -5.01519585 28.42102242 0.50184602
v -5.00952482 28.39032364 0.25001499
v -5.14610291 28.62717819 0.25683132
v -5.13177538 28.59062576 0.25611627
v -5.11564589 28.55483437 0.25531128
v -5.09775448 28.51989365 0.25441837
v -5.07814598 28.48588753 0.25343972
v -5.05686903 28.45290375 0.25237784
v -5.03397655 28.42102242 0.25123531
v -0.79602462 23.36617661 0.07965428
v -1.39549923 24.0839119 0.13744467
v -0.79106468 23.36617661 0.11923381
v -0.79900551 23.36617661 0.03987671
v -1.37530756 24.0839119 0.27356568
v -0.78413796 23.36617661 0.15851691
v -0.77526182 23.36617661 0.19740592
v -0.76445824 23.36617661 0.23580414
v -1.3418709 24.0839119 0.4070521
v -0.75175411 23.36617661 0.27361611
v -0.73718095 23.36617661 0.31074783
v -1.29551136 24.0839119 0.53661841
v -0.72077507 23.36617661 0.34710699
v -1.99485064 24.80164719 0.19647564
v -0.70257723 23.36617661 0.38260317
v -1.23667538 24.0839119 0.66101676
v -0.68263268 23.36617661 0.41714817
v -1.96598685 24.80164719 0.3910591
v -0.66099101 23.36617661 0.45065606
v -1.16592944 24.0839119 0.77904916
v -0.63770598 23.36617661 0.48304352
v -1.91818964 24.80164719 0.58187646
v -0.61283553 23.36617661 0.51423007
v -1.08395505 24.0839119 0.88957888
v -0.58644152 23.36617661 0.54413819
v -1.85191917 24.80164719 0.76709002
v -2.59420204 25.51938248 0.2555066
v -0.55858946 23.36617661 0.57269347
v -0.9915415 24.0839119 0.9915415
v -0.52934867 23.36617661 0.59982497
v -1.76781368 24.80164719 0.94491613
v -2.55666614 25.51938248 0.50855255
v -0.49879184 23.36617661 0.62546521
v -0.88957888 24.0839119 1.08395505
v -0.46699494 23.36617661 0.64955038
v -1.6666832 24.80164719 1.1136421
v -2.49450827 25.51938248 0.75670081
v -0.434037 23.36617661 0.67202073
v -0.77904916 24.0839119 1.16592944
v -0.40000001 23.36617661 0.69282031
v -1.54950166 24.80164719 1.27164316
v -2.40832686 25.51938248 0.99756169
v -3.19355345 26.23711777 0.31453755
v -0.36496854 23.36617661 0.71189743
v -0.66101676 24.0839119 1.23667538
v -0.32902968 23.36617661 0.72920465
v -1.41739762 24.80164719 1.41739762
v -2.2989521 25.51938248 1.22881544
v -3.14734554 26.23711777 0.62604594
v -0.29227281 23.36617661 0.744699
v -0.53661841 24.0839119 1.29551136
v -0.25478932 23.36617661 0.75834185
v -1.27164316 24.80164719 1.54950166
v -2.16743708 25.51938248 1.44823503
v -3.07082701 26.23711777 0.93152517
v -0.21667238 23.36617661 0.7700994
v -0.4070521 24.0839119 1.3418709
v -0.17801675 23.36617661 0.77994233
v -1.1136421 24.80164719 1.6666832
v -2.01504827 25.51938248 1.65370739
v -2.96473479 26.23711777 1.2280333
v -0.27356568 24.0839119 1.37530756
v -0.13891855 23.36617661 0.78784621
v -0.09947497 23.36617661 0.79379135
v -3.79290485 26.95485306 0.37356853
v -0.94491613 24.80164719 1.76781368
v -1.84325361 25.51938248 1.84325361
v -2.83009028 26.23711777 1.51271486
v -0.13744467 24.0839119 1.39549923
v -0.05978407 23.36617661 0.79776305
v -0.01994455 23.36617661 0.79975134
v -3.73802495 26.95485306 0.74353939
v -0.76709002 24.80164719 1.85191917
v -1.65370739 25.51938248 2.01504827
v -2.66819072 26.23711777 1.78282809
v 0 24.0839119 1.40225148
v 0.01994455 23.36617661 0.79975134
v -3.64714575 26.95485306 1.10634959
v -0.58187646 24.80164719 1.91818964
v -1.44823503 25.51938248 2.16743708
v -2.48059487 26.23711777 2.03577161
v 0.13744467 24.0839119 1.39549923
v 0.05978407 23.36617661 0.79776305
v 0.09947497 23.36617661 0.79379135
v -3.52114248 26.95485306 1.45850492
v -0.3910591 24.80164719 1.96598685
v -4.39225626 27.67258835 0.43259948
v -1.22881544 25.51938248 2.2989521
v -2.26910973 26.23711777 2.26910973
v 0.13891855 23.36617661 0.78784621
v 0.27356568 24.0839119 1.37530756
v 0.17801675 23.36617661 0.77994233
v -3.3612287 26.95485306 1.79661417
v -0.19647564 24.80164719 1.99485064
v -4.32870436 27.67258835 0.86103278
v -0.99756169 25.51938248 2.40832686
v -2.03577161 26.23711777 2.48059487
v 0.4070521 24.0839119 1.3418709
v 0.21667238 23.36617661 0.7700994
v 0.25478932 23.36617661 0.75834185
v -3.1689446 26.95485306 2.11742091
v 0 24.80164719 2.00450277
v -4.22346449 27.67258835 1.28117394
v -0.75670081 25.51938248 2.49450827
v -1.78282809 26.23711777 2.66819072
v 0.53661841 24.0839119 1.29551136
v 0.29227281 23.36617661 0.744699
v 0.32902968 23.36617661 0.72920465
v -2.94614172 26.95485306 2.41783595
v 0.19647564 24.80164719 1.99485064
v -4.07755041 27.67258835 1.68897665
v -0.50855255 25.51938248 2.55666614
v -1.51271486 26.23711777 2.83009028
v 0.66101676 24.0839119 1.23667538
v 0.36496854 23.36617661 0.71189743
v 0.40000001 23.36617661 0.69282031
v -2.69496584 26.95485306 2.69496584
v 0.3910591 24.80164719 1.96598685
v -3.89236712 27.67258835 2.08051348
v -0.2555066 25.51938248 2.59420204
v -1.2280333 26.23711777 2.96473479
v 0.77904916 24.0839119 1.16592944
v 0.434037 23.36617661 0.67202073
v 0.46699494 23.36617661 0.64955038
v -2.41783595 26.95485306 2.94614172
v 0.58187646 24.80164719 1.91818964
v -3.66969824 27.67258835 2.45201397
v 0 25.51938248 2.6067543
v -0.93152517 26.23711777 3.07082701
v 0.49879184 23.36617661 0.62546521
v 0.88957888 24.0839119 1.08395505
v 0.52934867 23.36617661 0.59982497
v -2.11742091 26.95485306 3.1689446
v 0.76709002 24.80164719 1.85191917
v -3.41168833 27.67258835 2.79990029
v 0.2555066 25.51938248 2.59420204
v -0.62604594 26.23711777 3.14734554
v 0.9915415 24.0839119 0.9915415
v 0.55858946 23.36617661 0.57269347
v 0.58644152 23.36617661 0.54413819
v -1.79661417 26.95485306 3.3612287
v 0.94491613 24.80164719 1.76781368
v -3.12082195 27.67258835 3.12082195
v 0.50855255 25.51938248 2.55666614
v -0.31453755 26.23711777 3.19355345
v 1.08395505 24.0839119 0.88957888
v 0.61283553 23.36617661 0.51423007
v 0.63770598 23.36617661 0.48304352
v -1.45850492 26.95485306 3.52114248
v 1.1136421 24.80164719 1.6666832
v -2.79990029 27.67258835 3.41168833
v 0.75670081 25.51938248 2.49450827
v 0 26.23711777 3.20900559
v 1.16592944 24.0839119 0.77904916
v 0.66099101 23.36617661 0.45065606
v 0.68263268 23.36617661 0.41714817
v -1.10634959 26.95485306 3.64714575
v 1.27164316 24.80164719 1.54950166
v -2.45201397 27.67258835 3.66969824
v 0.99756169 25.51938248 2.40832686
v 0.31453755 26.23711777 3.19355345
v 1.23667538 24.0839119 0.66101676
v 0.70257723 23.36617661 0.38260317
v 0.72077507 23.36617661 0.34710699
v -0.74353939 26.95485306 3.73802495
v 1.41739762 24.80164719 1.41739762
v -2.08051348 27.67258835 3.89236712
v 1.22881544 25.51938248 2.2989521
v 0.62604594 26.23711777 3.14734554
v 0.73718095 23.36617661 0.31074783
v 1.29551136 24.0839119 0.53661841
v 0.75175411 23.36617661 0.27361611
v -0.37356853 26.95485306 3.79290485
v 1.54950166 24.80164719 1.27164316
v -1.68897665 27.67258835 4.07755041
v 1.44823503 25.51938248 2.16743708
v 0.93152517 26.23711777 3.07082701
v 1.3418709 24.0839119 0.4070521
v 0.76445824 23.36617661 0.23580414
v 0.77526182 23.36617661 0.19740592
v 0 26.95485306 3.81125712
v 1.6666832 24.80164719 1.1136421
v -1.28117394 27.67258835 4.22346449
v 1.65370739 25.51938248 2.01504827
v 1.2280333 26.23711777 2.96473479
v 1.37530756 24.0839119 0.27356568
v 0.78413796 23.36617661 0.15851691
v 0.79106468 23.36617661 0.11923381
v 0.37356853 26.95485306 3.79290485
v 1.76781368 24.80164719 0.94491613
v -0.86103278 27.67258835 4.32870436
v 1.84325361 25.51938248 1.84325361
v 1.51271486 26.23711777 2.83009028
v 1.39549923 24.0839119 0.13744467
v 0.79900551 23.36617661 0.03987671
v 0.79602462 23.36617661 0.07965428
v 0.74353939 26.95485306 3.73802495
v 1.85191917 24.80164719 0.76709002
v -0.43259948 27.67258835 4.39225626
v 2.01504827 25.51938248 1.65370739
v 1.78282809 26.23711777 2.66819072
v 1.10634959 26.95485306 3.64714575
v 1.91818964 24.80164719 0.58187646
v 0 27.67258835 4.41350842
v 2.16743708 25.51938248 1.44823503
v 2.03577161 26.23711777 2.48059487
v 1.45850492 26.95485306 3.52114248
v 1.96598685 24.80164719 0.3910591
v 0.43259948 27.67258835 4.39225626
v 2.2989521 25.51938248 1.22881544
v 2.26910973 26.23711777 2.26910973
v 1.79661417 26.95485306 3.3612287
v 1.99485064 24.80164719 0.19647564
v 0.86103278 27.67258835 4.32870436
v 2.40832686 25.51938248 0.99756169
v 2.48059487 26.23711777 2.03577161
v 2.11742091 26.95485306 3.1689446
v 1.28117394 27.67258835 4.22346449
v 2.49450827 25.51938248 0.75670081
v 2.66819072 26.23711777 1.78282809
v 2.41783595 26.95485306 2.94614172
v 1.68897665 27.67258835 4.07755041
v 2.55666614 25.51938248 0.50855255
v 2.83009028 26.23711777 1.51271486
v 2.69496584 26.95485306 2.69496584
v 2.08051348 27.67258835 3.89236712
v 2.59420204 25.51938248 0.2555066
v 2.96473479 26.23711777 1.2280333
v 2.94614172 26.95485306 2.41783595
v 2.45201397 27.67258835 3.66969824
v 3.07082701 26.23711777 0.93152517
v 3.1689446 26.95485306 2.11742091
v 2.79990029 27.67258835 3.41168833
v 3.14734554 26.23711777 0.62604594
v 3.3612287 26.95485306 1.79661417
v 3.12082195 27.67258835 3.12082195
v 3.19355345 26.23711777 0.31453755
v 3.52114248 26.95485306 1.45850492
v 3.41168833 27.67258835 2.79990029
v 3.64714575 26.95485306 1.10634959
v 3.66969824 27.67258835 2.45201397
v 3.73802495 26.95485306 0.74353939
v 3.89236712 27.67258835 2.08051348
v 3.79290485 26.95485306 0.37356853
v 4.07755041 27.67258835 1.68897665
v 4.22346449 27.67258835 1.28117394
v 4.32870436 27.67258835 0.86103278
v 4.39225626 27.67258835 0.43259948
v -1.02441752 -39.20399857 1.39035881
v -1.02441752 -38.69599915 1.39035881
v 1.02441752 -39.20399857 1.39035881
v 0.95530903 -39.20399857 1.43871939
v 0.88392162 -39.20399857 1.48364806
v 0.81042564 -39.20399857 1.52503741
v 0.73499644 -39.20399857 1.56278896
v 0.65781391 -39.20399857 1.59681237
v 0.57906216 -39.20399857 1.62702668
v 0.49892911 -39.20399857 1.65335989
v 0.41760585 -39.20399857 1.67574894
v 0.33528641 -39.20399857 1.69414055
v 0.25216717 -39.20399857 1.70849073
v 0.16844638 -39.20399857 1.7187655
v 0.08432376 -39.20399857 1.72494018
v 0 -39.20399857 1.727
v -0.08432376 -39.20399857 1.72494018
v -0.16844638 -39.20399857 1.7187655
v -0.25216717 -39.20399857 1.70849073
v -0.33528641 -39.20399857 1.69414055
v -0.41760585 -39.20399857 1.67574894
v -0.49892911 -39.20399857 1.65335989
v -0.57906216 -39.20399857 1.62702668
v -0.65781391 -39.20399857 1.59681237
v -0.73499644 -39.20399857 1.56278896
v -0.81042564 -39.20399857 1.52503741
v -0.88392162 -39.20399857 1.48364806
v -0.95530903 -39.20399857 1.43871939
v 1.02441752 -38.69599915 1.39035881
v 0.95530903 -38.69599915 1.43871939
v 0.88392162 -38.69599915 1.48364806
v 0.81042564 -38.69599915 1.52503741
v 0.73499644 -38.69599915 1.56278896
v 0.65781391 -38.69599915 1.59681237
v 0.57906216 -38.69599915 1.62702668
v 0.49892911 -38.69599915 1.65335989
v 0.41760585 -38.69599915 1.67574894
v 0.33528641 -38.69599915 1.69414055
v 0.25216717 -38.69599915 1.70849073
v 0.16844638 -38.69599915 1.7187655
v 0.08432376 -38.69599915 1.72494018
v 0 -38.69599915 1.727
v -0.08432376 -38.69599915 1.72494018
v -0.16844638 -38.69599915 1.7187655
v -0.25216717 -38.69599915 1.70849073
v -0.33528641 -38.69599915 1.69414055
v -0.41760585 -38.69599915 1.67574894
v -0.49892911 -38.69599915 1.65335989
v -0.57906216 -38.69599915 1.62702668
v -0.65781391 -38.69599915 1.59681237
v -0.73499644 -38.69599915 1.56278896
v -0.81042564 -38.69599915 1.52503741
v -0.88392162 -38.69599915 1.48364806
v -0.95530903 -38.69599915 1.43871939
v 0.95530903 -15.83600044 1.43871939
v 1.02441752 -15.83600044 1.39035881
v 0.88392162 -15.83600044 1.48364806
v 0.81042564 -15.83600044 1.52503741
v 0.73499644 -15.83600044 1.56278896
v 0.65781391 -15.83600044 1.59681237
v 0.57906216 -15.83600044 1.62702668
v 0.49892911 -15.83600044 1.65335989
v 0.41760585 -15.83600044 1.67574894
v 0.33528641 -15.83600044 1.69414055
v 0.25216717 -15.83600044 1.70849073
v 0.16844638 -15.83600044 1.7187655
v 0.08432376 -15.83600044 1.72494018
v 0 -15.83600044 1.727
v -0.08432376 -15.83600044 1.72494018
v -0.16844638 -15.83600044 1.7187655
v -0.25216717 -15.83600044 1.70849073
v -0.33528641 -15.83600044 1.69414055
v -0.41760585 -15.83600044 1.67574894
v -0.49892911 -15.83600044 1.65335989
v -0.57906216 -15.83600044 1.62702668
v -0.65781391 -15.83600044 1.59681237
v -0.73499644 -15.83600044 1.56278896
v -0.81042564 -15.83600044 1.52503741
v -0.88392162 -15.83600044 1.48364806
v -0.95530903 -15.83600044 1.43871939
v -1.02441752 -15.83600044 1.39035881
v 1.02441752 -16.34399986 1.39035881
v 0.95530903 -16.34399986 1.43871939
v 0.88392162 -16.34399986 1.48364806
v 0.81042564 -16.34399986 1.52503741
v 0.73499644 -16.34399986 1.56278896
v 0.65781391 -16.34399986 1.59681237
v 0.57906216 -16.34399986 1.62702668
v 0.49892911 -16.34399986 1.65335989
v 0.41760585 -16.34399986 1.67574894
v 0.33528641 -16.34399986 1.69414055
v 0.25216717 -16.34399986 1.70849073
v 0.16844638 -16.34399986 1.7187655
v 0.08432376 -16.34399986 1.72494018
v 0 -16.34399986 1.727
v -0.08432376 -16.34399986 1.72494018
v -0.16844638 -16.34399986 1.7187655
v -0.25216717 -16.34399986 1.70849073
v -0.33528641 -16.34399986 1.69414055
v -0.41760585 -16.34399986 1.67574894
v -0.49892911 -16.34399986 1.65335989
v -0.57906216 -16.34399986 1.62702668
v -0.65781391 -16.34399986 1.59681237
v -0.73499644 -16.34399986 1.56278896
v -0.81042564 -16.34399986 1.52503741
v -0.88392162 -16.34399986 1.48364806
v -0.95530903 -16.34399986 1.43871939
v -1.02441752 -16.34399986 1.39035881
v 0.95530903 7.02400017 1.43871939
v 1.02441752 7.02400017 1.39035881
v 0.88392162 7.02400017 1.48364806
v 0.81042564 7.02400017 1.52503741
v 0.73499644 7.02400017 1.56278896
v 0.65781391 7.02400017 1.59681237
v 0.57906216 7.02400017 1.62702668
v 0.49892911 7.02400017 1.65335989
v 0.41760585 7.02400017 1.67574894
v 0.33528641 7.02400017 1.69414055
v 0.25216717 7.02400017 1.70849073
v 0.16844638 7.02400017 1.7187655
v 0.08432376 7.02400017 1.72494018
v 0 7.02400017 1.727
v -0.08432376 7.02400017 1.72494018
v -0.16844638 7.02400017 1.7187655
v -0.25216717 7.02400017 1.70849073
v -0.33528641 7.02400017 1.69414055
v -0.41760585 7.02400017 1.67574894
v -0.49892911 7.02400017 1.65335989
v -0.57906216 7.02400017 1.62702668
v -0.65781391 7.02400017 1.59681237
v -0.73499644 7.02400017 1.56278896
v -0.81042564 7.02400017 1.52503741
v -0.88392162 7.02400017 1.48364806
v -0.95530903 7.02400017 1.43871939
v -1.02441752 7.02400017 1.39035881
v 1.02441752 6.51599979 1.39035881
v 0.95530903 6.51599979 1.43871939
v 0.88392162 6.51599979 1.48364806
v 0.81042564 6.51599979 1.52503741
v 0.73499644 6.51599979 1.56278896
v 0.65781391 6.51599979 1.59681237
v 0.57906216 6.51599979 1.62702668
v 0.49892911 6.51599979 1.65335989
v 0.41760585 6.51599979 1.67574894
v 0.33528641 6.51599979 1.69414055
v 0.25216717 6.51599979 1.70849073
v 0.16844638 6.51599979 1.7187655
v 0.08432376 6.51599979 1.72494018
v 0 6.51599979 1.727
v -0.08432376 6.51599979 1.72494018
v -0.16844638 6.51599979 1.7187655
v -0.25216717 6.51599979 1.70849073
v -0.33528641 6.51599979 1.69414055
v -0.41760585 6.51599979 1.67574894
v -0.49892911 6.51599979 1.65335989
v -0.57906216 6.51599979 1.62702668
v -0.65781391 6.51599979 1.59681237
v -0.73499644 6.51599979 1.56278896
v -0.81042564 6.51599979 1.52503741
v -0.88392162 6.51599979 1.48364806
v -0.95530903 6.51599979 1.43871939
v -1.02441752 6.51599979 1.39035881
f 1 2 3
f 2 4 3
f 3 4 5
f 4 6 5
f 5 6 7
f 6 8 7
f 7 8 9
f 8 10 9
f 9 10 11
f 10 12 11
f 11 12 13
f 12 14 13
f 13 14 15
f 14 16 15
f 15 16 17
f 16 18 17
f 17 18 19
f 18 20 19
f 19 20 21
f 20 22 21
f 21 22 23
f 23 24 25
f 22 24 23
f 25 26 27
f 24 26 25
f 27 28 29
f 26 28 27
f 29 30 31
f 28 30 29
f 31 32 33
f 30 32 31
f 33 34 35
f 32 34 33
f 35 36 37
f 34 36 35
f 36 38 37
f 37 38 39
f 38 40 39
f 39 40 41
f 40 42 41
f 41 42 43
f 42 44 43
f 43 44 45
f 44 46 45
f 45 46 47
f 46 48 47
f 47 48 49
f 48 50 49
f 49 50 51
f 50 52 51
f 51 52 53
f 52 54 53
f 53 54 55
f 54 56 55
f 55 56 57
f 56 58 57
f 57 58 59
f 58 60 59
f 59 60 61
f 60 62 61
f 61 62 63
f 62 64 63
f 63 64 65
f 64 66 65
f 65 66 67
f 66 68 67
f 67 68 69
f 68 70 69
f 71 72 73
f 70 72 69
f 69 72 71
f 73 74 75
f 72 74 73
f 75 76 77
f 74 76 75
f 77 78 79
f 76 78 77
f 79 80 81
f 78 80 79
f 80 82 81
f 81 83 84
f 84 83 85
f 82 83 81
f 83 86 85
f 86 87 85
f 85 87 88
f 88 87 89
f 89 90 91
f 87 90 89
f 91 92 93
f 90 92 91
f 93 94 95
f 92 94 93
f 94 96 95
f 95 97 98
f 98 97 99
f 96 97 95
f 97 100 99
f 99 101 102
f 102 101 103
f 100 101 99
f 103 104 105
f 101 104 103
f 105 106 107
f 104 106 105
f 107 108 109
f 106 108 107
f 108 110 109
f 109 111 112
f 110 111 109
f 112 113 114
f 114 113 115
f 111 113 112
f 115 116 117
f 113 116 115
f 116 118 117
f 117 119 120
f 118 119 117
f 120 121 122
f 122 121 123
f 119 121 120
f 123 124 125
f 121 124 123
f 124 126 125
f 125 127 128
f 126 127 125
f 123 129 122
f 125 129 123
f 128 129 125
f 129 130 122
f 120 130 117
f 122 130 120
f 115 131 114
f 117 131 115
f 130 131 117
f 131 132 114
f 112 132 109
f 114 132 112
f 128 133 129
f 107 134 105
f 109 134 107
f 132 134 109
f 129 135 130
f 133 135 129
f 103 136 102
f 105 136 103
f 134 136 105
f 135 137 130
f 130 137 131
f 99 138 98
f 102 138 99
f 136 138 102
f 137 139 131
f 131 139 132
f 140 141 128
f 128 141 133
f 95 142 93
f 98 142 95
f 138 142 98
f 132 143 134
f 139 143 132
f 133 144 135
f 141 144 133
f 91 145 89
f 93 145 91
f 142 145 93
f 143 146 134
f 134 146 136
f 135 147 137
f 144 147 135
f 137 147 139
f 88 148 85
f 89 148 88
f 145 148 89
f 136 149 138
f 146 149 136
f 147 150 139
f 140 151 141
f 84 152 81
f 85 152 84
f 148 152 85
f 142 153 145
f 138 153 142
f 149 153 138
f 139 154 143
f 150 154 139
f 151 155 141
f 141 155 144
f 79 156 77
f 81 156 79
f 152 156 81
f 153 157 145
f 143 158 146
f 154 158 143
f 155 159 144
f 144 159 147
f 75 160 73
f 77 160 75
f 156 160 77
f 157 161 145
f 145 161 148
f 146 162 149
f 149 162 153
f 158 162 146
f 159 163 147
f 147 163 150
f 73 164 71
f 160 164 73
f 71 164 69
f 151 165 155
f 140 165 151
f 148 166 152
f 161 166 148
f 162 167 153
f 150 168 154
f 163 168 150
f 164 169 69
f 67 169 65
f 69 169 67
f 165 170 155
f 152 171 156
f 166 171 152
f 167 172 153
f 153 172 157
f 154 173 158
f 168 173 154
f 169 174 65
f 65 174 63
f 155 175 159
f 170 175 155
f 171 176 156
f 156 176 160
f 157 177 161
f 172 177 157
f 173 178 158
f 158 178 162
f 174 179 63
f 61 179 59
f 63 179 61
f 175 180 159
f 159 180 163
f 160 181 164
f 176 181 160
f 140 182 165
f 183 182 184
f 184 182 185
f 185 182 140
f 161 186 166
f 177 186 161
f 178 187 162
f 162 187 167
f 167 187 172
f 57 188 55
f 59 188 57
f 179 188 59
f 180 189 163
f 163 189 168
f 181 190 164
f 164 190 169
f 183 191 182
f 165 191 170
f 192 191 193
f 193 191 183
f 182 191 165
f 186 194 166
f 166 194 171
f 187 195 172
f 172 195 177
f 188 196 55
f 53 196 51
f 55 196 53
f 189 197 168
f 168 197 173
f 169 198 174
f 190 198 169
f 174 198 179
f 170 199 175
f 192 199 191
f 191 199 170
f 200 199 201
f 201 199 192
f 194 202 171
f 171 202 176
f 195 203 177
f 196 204 51
f 49 204 47
f 51 204 49
f 197 205 173
f 173 205 178
f 198 206 179
f 180 207 189
f 199 207 175
f 200 207 199
f 208 207 209
f 209 207 200
f 175 207 180
f 176 210 181
f 202 210 176
f 177 211 186
f 203 211 177
f 204 212 47
f 45 212 43
f 47 212 45
f 178 213 187
f 205 213 178
f 179 214 188
f 206 214 179
f 188 214 196
f 215 216 217
f 217 216 208
f 208 216 207
f 207 216 189
f 181 218 190
f 210 218 181
f 186 219 194
f 194 219 202
f 211 219 186
f 212 220 43
f 41 220 39
f 43 220 41
f 213 221 187
f 195 221 203
f 187 221 195
f 214 222 196
f 189 223 197
f 224 223 225
f 225 223 215
f 215 223 216
f 216 223 189
f 218 226 190
f 190 226 198
f 219 227 202
f 202 227 210
f 37 228 35
f 39 228 37
f 220 228 39
f 221 229 203
f 196 230 204
f 222 230 196
f 224 231 223
f 232 231 233
f 233 231 224
f 223 231 197
f 197 231 205
f 226 234 198
f 198 234 206
f 227 235 210
f 228 236 35
f 33 236 31
f 35 236 33
f 229 237 203
f 203 237 211
f 204 238 212
f 230 238 204
f 231 239 205
f 213 239 221
f 240 239 241
f 241 239 232
f 232 239 231
f 205 239 213
f 234 242 206
f 206 242 214
f 214 242 222
f 235 243 210
f 210 243 218
f 236 244 31
f 29 244 27
f 31 244 29
f 237 245 211
f 211 245 219
f 238 246 212
f 212 246 220
f 239 247 221
f 240 247 239
f 248 247 249
f 249 247 240
f 242 250 222
f 226 251 234
f 243 251 218
f 218 251 226
f 244 252 27
f 25 252 23
f 27 252 25
f 245 253 219
f 219 253 227
f 227 253 235
f 220 254 228
f 246 254 220
f 247 255 221
f 256 255 257
f 257 255 248
f 248 255 247
f 221 255 229
f 230 258 238
f 222 258 230
f 250 258 222
f 251 259 234
f 234 259 242
f 252 260 23
f 21 260 19
f 23 260 21
f 253 261 235
f 228 262 236
f 254 262 228
f 237 263 245
f 264 263 265
f 265 263 256
f 255 263 229
f 229 263 237
f 256 263 255
f 258 266 238
f 259 267 242
f 17 268 15
f 19 268 17
f 260 268 19
f 235 269 243
f 261 269 235
f 236 270 244
f 262 270 236
f 264 271 263
f 272 271 273
f 273 271 264
f 263 271 245
f 238 274 246
f 266 274 238
f 267 275 242
f 242 275 250
f 268 276 15
f 13 276 11
f 15 276 13
f 243 277 251
f 269 277 243
f 251 277 259
f 244 278 252
f 270 278 244
f 272 279 271
f 271 279 245
f 280 279 281
f 281 279 272
f 245 279 253
f 274 282 246
f 246 282 254
f 254 282 262
f 275 283 250
f 250 283 258
f 276 284 11
f 9 284 7
f 11 284 9
f 277 285 259
f 278 286 252
f 252 286 260
f 260 286 268
f 253 287 261
f 280 287 279
f 288 287 289
f 289 287 280
f 279 287 253
f 282 290 262
f 283 291 258
f 258 291 266
f 266 291 274
f 284 292 7
f 3 292 1
f 5 292 3
f 7 292 5
f 285 293 259
f 259 293 267
f 286 294 268
f 287 295 261
f 296 295 297
f 297 295 288
f 269 295 277
f 288 295 287
f 261 295 269
f 290 298 262
f 262 298 270
f 291 299 274
f 274 299 282
f 275 300 283
f 267 300 275
f 293 300 267
f 294 301 268
f 268 301 276
f 302 303 296
f 295 303 277
f 296 303 295
f 270 304 278
f 278 304 286
f 298 304 270
f 299 305 282
f 300 306 283
f 301 307 276
f 276 307 284
f 308 309 310
f 310 309 302
f 302 309 303
f 277 309 285
f 303 309 277
f 304 311 286
f 282 312 290
f 305 312 282
f 306 313 283
f 283 313 291
f 284 314 292
f 292 314 1
f 307 314 284
f 285 315 293
f 316 315 317
f 317 315 308
f 308 315 309
f 293 315 300
f 309 315 285
f 311 318 286
f 286 318 294
f 312 319 290
f 290 319 298
f 291 320 299
f 313 320 291
f 315 321 300
f 322 321 323
f 323 321 316
f 316 321 315
f 294 324 301
f 318 324 294
f 301 324 307
f 319 325 298
f 298 325 304
f 320 326 299
f 299 326 305
f 305 326 312
f 327 328 329
f 329 328 322
f 322 328 321
f 321 328 300
f 300 328 306
f 324 330 307
f 325 331 304
f 304 331 311
f 311 331 318
f 326 332 312
f 327 333 328
f 334 333 335
f 335 333 327
f 328 333 306
f 306 333 313
f 330 336 307
f 314 336 1
f 307 336 314
f 331 337 318
f 312 338 319
f 332 338 312
f 313 339 320
f 340 339 341
f 341 339 334
f 333 339 313
f 334 339 333
f 318 342 324
f 337 342 318
f 324 342 330
f 338 343 319
f 319 343 325
f 344 345 346
f 320 345 326
f 346 345 340
f 340 345 339
f 339 345 320
f 326 345 332
f 342 347 330
f 343 348 325
f 325 348 331
f 349 350 351
f 344 350 345
f 351 350 344
f 345 350 332
f 1 352 353
f 330 352 336
f 347 352 330
f 336 352 1
f 348 354 331
f 331 354 337
f 337 354 342
f 355 356 357
f 357 356 349
f 332 356 338
f 350 356 332
f 349 356 350
f 342 358 347
f 354 358 342
f 356 359 338
f 338 359 343
f 360 359 361
f 361 359 355
f 355 359 356
f 358 362 347
f 360 363 359
f 364 363 365
f 365 363 360
f 359 363 343
f 348 363 354
f 343 363 348
f 352 366 353
f 347 366 352
f 362 366 347
f 367 368 369
f 369 368 364
f 364 368 363
f 363 368 354
f 370 371 372
f 372 371 367
f 354 371 358
f 367 371 368
f 368 371 354
f 358 371 362
f 373 374 375
f 375 374 370
f 370 374 371
f 371 374 362
f 374 376 362
f 353 376 377
f 377 376 378
f 378 376 373
f 373 376 374
f 366 376 353
f 362 376 366
f 379 380 381
f 381 380 382
f 379 383 380
f 384 383 379
f 384 385 383
f 386 385 384
f 386 387 385
f 388 387 386
f 388 389 387
f 390 389 388
f 390 391 389
f 392 391 390
f 393 394 392
f 392 394 391
f 380 395 382
f 382 395 396
f 393 397 394
f 398 397 393
f 380 399 395
f 383 399 380
f 398 400 397
f 401 400 398
f 385 402 383
f 383 402 399
f 403 404 401
f 401 404 400
f 385 405 402
f 387 405 385
f 403 406 404
f 407 406 403
f 387 408 405
f 389 408 387
f 407 409 406
f 410 409 407
f 389 411 408
f 391 411 389
f 377 412 353
f 410 412 409
f 413 412 410
f 353 412 413
f 391 414 411
f 394 414 391
f 395 415 396
f 396 415 416
f 397 417 394
f 394 417 414
f 395 418 415
f 399 418 395
f 397 419 417
f 400 419 397
f 402 420 399
f 399 420 418
f 404 421 400
f 400 421 419
f 405 422 402
f 402 422 420
f 406 423 404
f 404 423 421
f 405 424 422
f 408 424 405
f 409 425 406
f 406 425 423
f 411 426 408
f 408 426 424
f 377 427 412
f 378 427 377
f 409 427 425
f 412 427 409
f 411 428 426
f 414 428 411
f 415 429 416
f 416 429 430
f 417 431 414
f 414 431 428
f 418 432 415
f 415 432 429
f 419 433 417
f 417 433 431
f 420 434 418
f 418 434 432
f 419 435 433
f 421 435 419
f 422 436 420
f 420 436 434
f 421 437 435
f 423 437 421
f 422 438 436
f 424 438 422
f 425 439 423
f 423 439 437
f 426 440 424
f 424 440 438
f 427 441 425
f 373 441 378
f 425 441 439
f 378 441 427
f 426 442 440
f 428 442 426
f 429 443 430
f 430 443 444
f 431 445 428
f 428 445 442
f 429 446 443
f 432 446 429
f 431 447 445
f 433 447 431
f 432 448 446
f 434 448 432
f 433 449 447
f 435 449 433
f 434 450 448
f 436 450 434
f 435 451 449
f 437 451 435
f 436 452 450
f 438 452 436
f 437 453 451
f 439 453 437
f 438 454 452
f 440 454 438
f 375 455 373
f 370 455 375
f 441 455 439
f 373 455 441
f 439 455 453
f 440 456 454
f 442 456 440
f 445 456 442
f 443 457 444
f 444 457 458
f 445 459 456
f 446 460 443
f 443 460 457
f 445 461 459
f 447 461 445
f 446 462 460
f 448 462 446
f 449 463 447
f 447 463 461
f 450 464 448
f 448 464 462
f 451 465 449
f 449 465 463
f 450 466 464
f 452 466 450
f 453 467 451
f 455 467 453
f 451 467 465
f 454 468 452
f 452 468 466
f 455 469 467
f 370 469 455
f 456 470 454
f 454 470 468
f 457 471 458
f 458 471 472
f 459 473 456
f 456 473 470
f 457 474 471
f 460 474 457
f 459 475 473
f 461 475 459
f 460 476 474
f 462 476 460
f 461 477 475
f 463 477 461
f 466 478 464
f 462 478 476
f 464 478 462
f 465 479 463
f 467 479 465
f 463 479 477
f 468 480 466
f 466 480 478
f 467 481 479
f 468 482 480
f 467 483 481
f 370 483 469
f 372 483 370
f 469 483 467
f 470 484 468
f 468 484 482
f 471 485 472
f 472 485 486
f 473 487 470
f 470 487 484
f 471 488 485
f 474 488 471
f 473 489 487
f 475 489 473
f 474 490 488
f 476 490 474
f 475 491 489
f 477 491 475
f 478 492 476
f 476 492 490
f 479 493 477
f 477 493 491
f 480 494 478
f 478 494 492
f 481 495 479
f 479 495 493
f 482 496 480
f 480 496 494
f 367 497 372
f 483 497 481
f 372 497 483
f 481 497 495
f 484 498 482
f 482 498 496
f 485 499 486
f 486 499 500
f 487 501 484
f 484 501 498
f 488 502 485
f 485 502 499
f 489 503 487
f 487 503 501
f 490 504 488
f 488 504 502
f 489 505 503
f 491 505 489
f 490 506 504
f 492 506 490
f 491 507 505
f 493 507 491
f 495 507 493
f 494 508 492
f 492 508 506
f 495 509 507
f 496 510 494
f 494 510 508
f 495 511 509
f 369 511 367
f 367 511 497
f 497 511 495
f 496 512 510
f 498 512 496
f 500 513 514
f 502 513 499
f 499 513 500
f 498 515 512
f 501 515 498
f 502 516 513
f 503 517 501
f 501 517 515
f 504 518 502
f 502 518 516
f 503 519 517
f 505 519 503
f 504 520 518
f 506 520 504
f 505 521 519
f 507 521 505
f 508 522 506
f 510 522 508
f 506 522 520
f 509 523 507
f 507 523 521
f 510 524 522
f 511 525 509
f 364 525 369
f 369 525 511
f 509 525 523
f 515 526 512
f 512 526 510
f 510 526 524
f 514 527 528
f 513 527 514
f 515 529 526
f 516 530 513
f 513 530 527
f 517 531 515
f 515 531 529
f 518 532 516
f 516 532 530
f 519 533 517
f 517 533 531
f 520 534 518
f 518 534 532
f 521 535 519
f 519 535 533
f 522 536 520
f 520 536 534
f 521 537 535
f 523 537 521
f 525 537 523
f 524 538 522
f 522 538 536
f 525 539 537
f 365 539 364
f 364 539 525
f 526 540 524
f 524 540 538
f 528 541 542
f 527 541 528
f 529 543 526
f 526 543 540
f 527 544 541
f 530 544 527
f 529 545 543
f 531 545 529
f 530 546 544
f 532 546 530
f 531 547 545
f 533 547 531
f 532 548 546
f 534 548 532
f 536 548 534
f 533 549 547
f 535 549 533
f 536 550 548
f 535 551 549
f 537 551 535
f 538 552 536
f 536 552 550
f 365 553 539
f 360 553 365
f 361 553 360
f 537 553 551
f 539 553 537
f 543 554 540
f 540 554 538
f 538 554 552
f 542 555 556
f 544 555 541
f 541 555 542
f 543 557 554
f 544 558 555
f 543 559 557
f 545 559 543
f 546 560 544
f 544 560 558
f 545 561 559
f 547 561 545
f 546 562 560
f 548 562 546
f 549 563 547
f 547 563 561
f 550 564 548
f 548 564 562
f 549 565 563
f 551 565 549
f 552 566 550
f 554 566 552
f 550 566 564
f 355 567 361
f 361 567 553
f 553 567 551
f 551 567 565
f 554 568 566
f 556 569 570
f 555 569 556
f 557 571 554
f 554 571 568
f 555 572 569
f 558 572 555
f 557 573 571
f 559 573 557
f 558 574 572
f 560 574 558
f 561 575 559
f 559 575 573
f 563 575 561
f 562 576 560
f 560 576 574
f 563 577 575
f 562 578 576
f 564 578 562
f 566 578 564
f 563 579 577
f 565 579 563
f 566 580 578
f 565 581 579
f 355 581 567
f 567 581 565
f 566 582 580
f 568 582 566
f 570 583 584
f 572 583 569
f 569 583 570
f 568 585 582
f 571 585 568
f 572 586 583
f 571 587 585
f 573 587 571
f 572 588 586
f 574 588 572
f 575 589 573
f 573 589 587
f 574 590 588
f 576 590 574
f 575 591 589
f 577 591 575
f 580 592 578
f 576 592 590
f 578 592 576
f 579 593 577
f 577 593 591
f 580 594 592
f 581 595 579
f 355 595 581
f 357 595 355
f 349 595 357
f 579 595 593
f 582 596 580
f 580 596 594
f 584 597 598
f 586 597 583
f 583 597 584
f 585 599 582
f 587 599 585
f 582 599 596
f 586 600 597
f 587 601 599
f 588 602 586
f 586 602 600
f 589 603 587
f 591 603 589
f 587 603 601
f 588 604 602
f 590 604 588
f 591 605 603
f 592 606 590
f 590 606 604
f 593 607 591
f 595 607 593
f 591 607 605
f 594 608 592
f 592 608 606
f 349 609 595
f 595 609 607
f 596 610 594
f 594 610 608
f 598 611 612
f 597 611 598
f 599 613 596
f 596 613 610
f 600 614 597
f 597 614 611
f 601 615 599
f 599 615 613
f 600 616 614
f 602 616 600
f 601 617 615
f 603 617 601
f 602 618 616
f 604 618 602
f 603 619 617
f 605 619 603
f 604 620 618
f 606 620 604
f 605 621 619
f 607 621 605
f 606 622 620
f 608 622 606
f 351 623 349
f 607 623 621
f 349 623 609
f 609 623 607
f 608 624 622
f 610 624 608
f 612 625 626
f 611 625 612
f 613 627 610
f 610 627 624
f 614 628 611
f 611 628 625
f 615 629 613
f 613 629 627
f 614 630 628
f 616 630 614
f 617 631 615
f 615 631 629
f 618 632 616
f 616 632 630
f 619 633 617
f 617 633 631
f 622 634 620
f 620 634 618
f 618 634 632
f 621 635 619
f 619 635 633
f 622 636 634
f 621 637 635
f 344 637 351
f 623 637 621
f 351 637 623
f 624 638 622
f 622 638 636
f 626 639 640
f 625 639 626
f 627 641 624
f 624 641 638
f 625 642 639
f 628 642 625
f 629 643 627
f 627 643 641
f 630 644 628
f 628 644 642
f 631 645 629
f 629 645 643
f 632 646 630
f 630 646 644
f 631 647 645
f 633 647 631
f 635 647 633
f 634 648 632
f 636 648 634
f 632 648 646
f 635 649 647
f 636 650 648
f 635 651 649
f 344 651 637
f 346 651 344
f 637 651 635
f 636 652 650
f 638 652 636
f 640 653 654
f 642 653 639
f 639 653 640
f 638 655 652
f 641 655 638
f 643 655 641
f 642 656 653
f 643 657 655
f 645 657 643
f 642 658 656
f 644 658 642
f 646 658 644
f 645 659 657
f 648 660 646
f 646 660 658
f 645 661 659
f 647 661 645
f 650 662 648
f 648 662 660
f 651 663 649
f 647 663 661
f 649 663 647
f 650 664 662
f 346 665 651
f 340 665 346
f 651 665 663
f 652 666 650
f 650 666 664
f 655 666 652
f 654 667 668
f 653 667 654
f 655 669 666
f 656 670 653
f 653 670 667
f 655 671 669
f 657 671 655
f 659 671 657
f 656 672 670
f 658 672 656
f 659 673 671
f 660 674 658
f 658 674 672
f 661 675 659
f 659 675 673
f 662 676 660
f 660 676 674
f 661 677 675
f 663 677 661
f 664 678 662
f 662 678 676
f 341 679 340
f 665 679 663
f 340 679 665
f 663 679 677
f 666 680 664
f 664 680 678
f 668 681 682
f 667 681 668
f 669 683 666
f 666 683 680
f 670 684 667
f 667 684 681
f 671 685 669
f 673 685 671
f 669 685 683
f 670 686 684
f 672 686 670
f 673 687 685
f 674 688 672
f 672 688 686
f 673 689 687
f 675 689 673
f 677 689 675
f 674 690 688
f 676 690 674
f 678 690 676
f 677 691 689
f 678 692 690
f 677 693 691
f 334 693 341
f 341 693 679
f 679 693 677
f 678 694 692
f 680 694 678
f 682 695 696
f 681 695 682
f 680 697 694
f 683 697 680
f 681 698 695
f 684 698 681
f 683 699 697
f 685 699 683
f 686 700 684
f 684 700 698
f 688 700 686
f 687 701 685
f 685 701 699
f 688 702 700
f 689 703 687
f 691 703 689
f 687 703 701
f 692 704 690
f 688 704 702
f 690 704 688
f 691 705 703
f 692 706 704
f 693 707 691
f 335 707 334
f 334 707 693
f 691 707 705
f 692 708 706
f 694 708 692
f 697 708 694
f 696 709 710
f 695 709 696
f 699 711 697
f 697 711 708
f 698 712 695
f 695 712 709
f 699 713 711
f 700 714 698
f 698 714 712
f 701 715 699
f 699 715 713
f 702 716 700
f 700 716 714
f 703 717 701
f 705 717 703
f 701 717 715
f 702 718 716
f 704 718 702
f 705 719 717
f 706 720 704
f 704 720 718
f 705 721 719
f 335 721 707
f 327 721 335
f 707 721 705
f 708 722 706
f 706 722 720
f 710 723 724
f 709 723 710
f 708 725 722
f 711 725 708
f 712 726 709
f 709 726 723
f 711 727 725
f 713 727 711
f 712 728 726
f 714 728 712
f 713 729 727
f 715 729 713
f 714 730 728
f 716 730 714
f 715 731 729
f 717 731 715
f 716 732 730
f 718 732 716
f 719 733 717
f 717 733 731
f 722 734 720
f 720 734 718
f 718 734 732
f 327 735 721
f 719 735 733
f 329 735 327
f 721 735 719
f 722 736 734
f 726 737 723
f 724 737 738
f 723 737 724
f 725 739 722
f 722 739 736
f 726 740 737
f 727 741 725
f 729 741 727
f 725 741 739
f 728 742 726
f 726 742 740
f 730 742 728
f 729 743 741
f 730 744 742
f 731 745 729
f 729 745 743
f 732 746 730
f 734 746 732
f 730 746 744
f 733 747 731
f 731 747 745
f 736 748 734
f 734 748 746
f 322 749 329
f 735 749 733
f 329 749 735
f 733 749 747
f 736 750 748
f 738 751 752
f 737 751 738
f 739 753 736
f 736 753 750
f 740 754 737
f 737 754 751
f 741 755 739
f 743 755 741
f 739 755 753
f 742 756 740
f 744 756 742
f 740 756 754
f 745 757 743
f 743 757 755
f 744 758 756
f 745 759 757
f 744 760 758
f 746 760 744
f 745 761 759
f 747 761 745
f 746 762 760
f 748 762 746
f 747 763 761
f 323 763 322
f 322 763 749
f 749 763 747
f 748 764 762
f 750 764 748
f 752 765 766
f 751 765 752
f 755 767 753
f 750 767 764
f 753 767 750
f 751 768 765
f 754 768 751
f 755 769 767
f 754 770 768
f 756 770 754
f 757 771 755
f 755 771 769
f 759 771 757
f 758 772 756
f 756 772 770
f 759 773 771
f 762 774 760
f 758 774 772
f 760 774 758
f 761 775 759
f 759 775 773
f 762 776 774
f 761 777 775
f 763 777 761
f 323 777 763
f 316 777 323
f 764 778 762
f 762 778 776
f 765 779 766
f 766 779 780
f 767 781 764
f 764 781 778
f 768 782 765
f 765 782 779
f 770 782 768
f 769 783 767
f 767 783 781
f 772 784 770
f 770 784 782
f 771 785 769
f 769 785 783
f 772 786 784
f 773 787 771
f 771 787 785
f 774 788 772
f 772 788 786
f 775 789 773
f 773 789 787
f 774 790 788
f 776 790 774
f 777 791 775
f 317 791 316
f 308 791 317
f 316 791 777
f 775 791 789
f 776 792 790
f 778 792 776
f 780 793 794
f 779 793 780
f 781 795 778
f 783 795 781
f 778 795 792
f 779 796 793
f 782 796 779
f 783 797 795
f 782 798 796
f 784 798 782
f 786 798 784
f 783 799 797
f 785 799 783
f 787 799 785
f 786 800 798
f 787 801 799
f 786 802 800
f 788 802 786
f 790 802 788
f 791 803 789
f 787 803 801
f 789 803 787
f 790 804 802
f 308 805 791
f 791 805 803
f 792 806 790
f 790 806 804
f 794 807 808
f 793 807 794
f 795 809 792
f 792 809 806
f 796 810 793
f 793 810 807
f 797 811 795
f 795 811 809
f 796 812 810
f 798 812 796
f 799 813 797
f 801 813 799
f 797 813 811
f 800 814 798
f 798 814 812
f 801 815 813
f 802 816 800
f 800 816 814
f 803 817 801
f 801 817 815
f 804 818 802
f 802 818 816
f 308 819 805
f 805 819 803
f 310 819 308
f 803 819 817
f 806 820 804
f 804 820 818
f 808 821 822
f 810 821 807
f 807 821 808
f 809 823 806
f 806 823 820
f 810 824 821
f 811 825 809
f 809 825 823
f 812 826 810
f 814 826 812
f 810 826 824
f 813 827 811
f 811 827 825
f 814 828 826
f 815 829 813
f 817 829 815
f 813 829 827
f 814 830 828
f 816 830 814
f 818 830 816
f 817 831 829
f 820 832 818
f 818 832 830
f 817 833 831
f 302 833 310
f 310 833 819
f 819 833 817
f 820 834 832
f 821 835 822
f 822 835 836
f 824 835 821
f 820 837 834
f 823 837 820
f 825 837 823
f 824 838 835
f 825 839 837
f 824 840 838
f 826 840 824
f 825 841 839
f 827 841 825
f 828 842 826
f 826 842 840
f 830 842 828
f 829 843 827
f 831 843 829
f 827 843 841
f 830 844 842
f 831 845 843
f 834 846 832
f 832 846 830
f 830 846 844
f 833 847 831
f 302 847 833
f 831 847 845
f 296 847 302
f 837 848 834
f 834 848 846
f 835 849 836
f 836 849 850
f 837 851 848
f 838 852 835
f 835 852 849
f 839 853 837
f 837 853 851
f 838 854 852
f 840 854 838
f 841 855 839
f 839 855 853
f 842 856 840
f 840 856 854
f 845 857 843
f 841 857 855
f 843 857 841
f 842 858 856
f 844 858 842
f 845 859 857
f 846 860 844
f 844 860 858
f 297 861 296
f 847 861 845
f 296 861 847
f 845 861 859
f 848 862 846
f 846 862 860
f 850 863 864
f 849 863 850
f 851 865 848
f 848 865 862
f 852 866 849
f 854 866 852
f 849 866 863
f 851 867 865
f 853 867 851
f 854 868 866
f 853 869 867
f 855 869 853
f 856 870 854
f 854 870 868
f 855 871 869
f 857 871 855
f 856 872 870
f 858 872 856
f 857 873 871
f 859 873 857
f 858 874 872
f 860 874 858
f 859 875 873
f 288 875 297
f 297 875 861
f 861 875 859
f 860 876 874
f 862 876 860
f 863 877 864
f 866 877 863
f 864 877 878
f 862 879 876
f 865 879 862
f 866 880 877
f 865 881 879
f 867 881 865
f 866 882 880
f 868 882 866
f 869 883 867
f 867 883 881
f 870 884 868
f 868 884 882
f 871 885 869
f 869 885 883
f 872 886 870
f 870 886 884
f 873 887 871
f 871 887 885
f 876 888 874
f 874 888 872
f 872 888 886
f 875 889 873
f 288 889 875
f 873 889 887
f 289 889 288
f 876 890 888
f 879 890 876
f 878 891 892
f 877 891 878
f 879 893 890
f 880 894 877
f 877 894 891
f 881 895 879
f 879 895 893
f 882 896 880
f 880 896 894
f 883 897 881
f 881 897 895
f 882 898 896
f 884 898 882
f 885 899 883
f 887 899 885
f 883 899 897
f 886 900 884
f 884 900 898
f 887 901 899
f 888 902 886
f 886 902 900
f 887 903 901
f 280 903 289
f 889 903 887
f 289 903 889
f 890 904 888
f 888 904 902
f 892 905 906
f 891 905 892
f 893 907 890
f 890 907 904
f 894 908 891
f 891 908 905
f 893 909 907
f 895 909 893
f 894 910 908
f 896 910 894
f 895 911 909
f 897 911 895
f 896 912 910
f 898 912 896
f 897 913 911
f 899 913 897
f 900 914 898
f 898 914 912
f 901 915 899
f 899 915 913
f 902 916 900
f 900 916 914
f 901 917 915
f 281 917 280
f 280 917 903
f 903 917 901
f 904 918 902
f 902 918 916
f 908 919 905
f 906 919 920
f 905 919 906
f 907 921 904
f 904 921 918
f 908 922 919
f 910 922 908
f 907 923 921
f 909 923 907
f 910 924 922
f 911 925 909
f 909 925 923
f 912 926 910
f 910 926 924
f 914 926 912
f 913 927 911
f 911 927 925
f 915 927 913
f 914 928 926
f 915 929 927
f 914 930 928
f 916 930 914
f 918 930 916
f 917 931 915
f 281 931 917
f 272 931 281
f 915 931 929
f 921 932 918
f 918 932 930
f 920 933 934
f 919 933 920
f 922 933 919
f 921 935 932
f 922 936 933
f 923 937 921
f 921 937 935
f 922 938 936
f 924 938 922
f 925 939 923
f 923 939 937
f 924 940 938
f 926 940 924
f 925 941 939
f 927 941 925
f 929 941 927
f 926 942 940
f 928 942 926
f 929 943 941
f 928 944 942
f 930 944 928
f 932 944 930
f 929 945 943
f 273 945 272
f 272 945 931
f 931 945 929
f 932 946 944
f 935 946 932
f 934 947 948
f 933 947 934
f 935 949 946
f 933 950 947
f 938 950 936
f 936 950 933
f 937 951 935
f 935 951 949
f 938 952 950
f 939 953 937
f 937 953 951
f 938 954 952
f 940 954 938
f 941 955 939
f 943 955 941
f 939 955 953
f 940 956 954
f 942 956 940
f 943 957 955
f 944 958 942
f 942 958 956
f 945 959 943
f 264 959 273
f 943 959 957
f 273 959 945
f 946 960 944
f 944 960 958
f 948 961 962
f 947 961 948
f 946 963 960
f 949 963 946
f 950 964 947
f 947 964 961
f 951 965 949
f 949 965 963
f 952 966 950
f 950 966 964
f 953 967 951
f 951 967 965
f 956 968 954
f 954 968 952
f 952 968 966
f 955 969 953
f 953 969 967
f 956 970 968
f 957 971 955
f 955 971 969
f 958 972 956
f 960 972 958
f 956 972 970
f 264 973 959
f 265 973 264
f 957 973 971
f 959 973 957
f 960 974 972
f 962 975 976
f 961 975 962
f 960 977 974
f 963 977 960
f 964 978 961
f 961 978 975
f 963 979 977
f 965 979 963
f 964 980 978
f 966 980 964
f 967 981 965
f 965 981 979
f 968 982 966
f 966 982 980
f 967 983 981
f 969 983 967
f 971 983 969
f 968 984 982
f 970 984 968
f 971 985 983
f 972 986 970
f 970 986 984
f 973 987 971
f 971 987 985
f 256 987 265
f 265 987 973
f 974 988 972
f 972 988 986
f 976 989 990
f 975 989 976
f 974 991 988
f 977 991 974
f 975 992 989
f 978 992 975
f 977 993 991
f 979 993 977
f 980 994 978
f 978 994 992
f 981 995 979
f 979 995 993
f 982 996 980
f 980 996 994
f 981 997 995
f 983 997 981
f 982 998 996
f 984 998 982
f 985 999 983
f 983 999 997
f 986 1000 984
f 984 1000 998
f 987 1001 985
f 256 1001 987
f 257 1001 256
f 985 1001 999
f 988 1002 986
f 986 1002 1000
f 990 1003 1004
f 992 1003 989
f 989 1003 990
f 988 1005 1002
f 991 1005 988
f 992 1006 1003
f 993 1007 991
f 991 1007 1005
f 992 1008 1006
f 994 1008 992
f 995 1009 993
f 993 1009 1007
f 996 1010 994
f 994 1010 1008
f 997 1011 995
f 995 1011 1009
f 998 1012 996
f 996 1012 1010
f 997 1013 1011
f 999 1013 997
f 998 1014 1012
f 1000 1014 998
f 1002 1014 1000
f 999 1015 1013
f 248 1015 257
f 257 1015 1001
f 1001 1015 999
f 1002 1016 1014
f 1005 1016 1002
f 1004 1017 1018
f 1003 1017 1004
f 1005 1019 1016
f 1007 1019 1005
f 1003 1020 1017
f 1006 1020 1003
f 1007 1021 1019
f 1006 1022 1020
f 1008 1022 1006
f 1009 1023 1007
f 1007 1023 1021
f 1010 1024 1008
f 1008 1024 1022
f 1011 1025 1009
f 1009 1025 1023
f 1010 1026 1024
f 1012 1026 1010
f 1013 1027 1011
f 1011 1027 1025
f 1014 1028 1012
f 1012 1028 1026
f 1015 1029 1013
f 1013 1029 1027
f 249 1029 248
f 248 1029 1015
f 1014 1030 1028
f 1016 1030 1014
f 1018 1031 1032
f 1017 1031 1018
f 1016 1033 1030
f 1019 1033 1016
f 1017 1034 1031
f 1020 1034 1017
f 1019 1035 1033
f 1021 1035 1019
f 1022 1036 1020
f 1020 1036 1034
f 1021 1037 1035
f 1023 1037 1021
f 1026 1038 1024
f 1024 1038 1022
f 1022 1038 1036
f 1025 1039 1023
f 1023 1039 1037
f 1026 1040 1038
f 1027 1041 1025
f 1025 1041 1039
f 1030 1042 1028
f 1026 1042 1040
f 1028 1042 1026
f 1029 1043 1027
f 249 1043 1029
f 240 1043 249
f 1027 1043 1041
f 1033 1044 1030
f 1030 1044 1042
f 1031 1045 1032
f 1032 1045 1046
f 1035 1047 1033
f 1033 1047 1044
f 1034 1048 1031
f 1031 1048 1045
f 1035 1049 1047
f 1036 1050 1034
f 1034 1050 1048
f 1035 1051 1049
f 1037 1051 1035
f 1039 1051 1037
f 1036 1052 1050
f 1038 1052 1036
f 1040 1052 1038
f 1039 1053 1051
f 1040 1054 1052
f 1042 1054 1040
f 1041 1055 1039
f 1039 1055 1053
f 1043 1055 1041
f 1042 1056 1054
f 1044 1056 1042
f 1043 1057 1055
f 241 1057 240
f 232 1057 241
f 240 1057 1043
f 1044 1058 1056
f 1047 1058 1044
f 1046 1059 1060
f 1045 1059 1046
f 1047 1061 1058
f 1049 1061 1047
f 1045 1062 1059
f 1048 1062 1045
f 1049 1063 1061
f 1050 1064 1048
f 1048 1064 1062
f 1051 1065 1049
f 1049 1065 1063
f 1052 1066 1050
f 1050 1066 1064
f 1053 1067 1051
f 1055 1067 1053
f 1051 1067 1065
f 1054 1068 1052
f 1052 1068 1066
f 1055 1069 1067
f 1056 1070 1054
f 1054 1070 1068
f 1055 1071 1069
f 1057 1071 1055
f 232 1071 1057
f 1058 1072 1056
f 1056 1072 1070
f 1060 1073 1074
f 1059 1073 1060
f 1061 1075 1058
f 1058 1075 1072
f 1062 1076 1059
f 1059 1076 1073
f 1063 1077 1061
f 1061 1077 1075
f 1064 1078 1062
f 1062 1078 1076
f 1065 1079 1063
f 1063 1079 1077
f 1066 1080 1064
f 1064 1080 1078
f 1067 1081 1065
f 1065 1081 1079
f 1066 1082 1080
f 1068 1082 1066
f 1069 1083 1067
f 1067 1083 1081
f 1068 1084 1082
f 1070 1084 1068
f 1071 1085 1069
f 233 1085 232
f 224 1085 233
f 232 1085 1071
f 1069 1085 1083
f 1072 1086 1070
f 1070 1086 1084
f 1074 1087 1088
f 1073 1087 1074
f 1072 1089 1086
f 1075 1089 1072
f 1076 1090 1073
f 1073 1090 1087
f 1075 1091 1089
f 1077 1091 1075
f 1076 1092 1090
f 1078 1092 1076
f 1077 1093 1091
f 1079 1093 1077
f 1078 1094 1092
f 1080 1094 1078
f 1081 1095 1079
f 1079 1095 1093
f 1084 1096 1082
f 1080 1096 1094
f 1082 1096 1080
f 1083 1097 1081
f 1081 1097 1095
f 1084 1098 1096
f 224 1099 1085
f 1085 1099 1083
f 1083 1099 1097
f 1089 1100 1086
f 1084 1100 1098
f 1086 1100 1084
f 1088 1101 1102
f 1102 1101 1103
f 1087 1101 1088
f 1091 1104 1089
f 1089 1104 1100
f 1090 1105 1087
f 1087 1105 1101
f 1091 1106 1104
f 1090 1107 1105
f 1092 1107 1090
f 1093 1108 1091
f 1091 1108 1106
f 1094 1109 1092
f 1092 1109 1107
f 1095 1110 1093
f 1097 1110 1095
f 1093 1110 1108
f 1096 1111 1094
f 1094 1111 1109
f 1097 1112 1110
f 1099 1112 1097
f 1098 1113 1096
f 1100 1113 1098
f 1096 1113 1111
f 224 1114 1099
f 225 1114 224
f 215 1114 225
f 1099 1114 1112
f 1100 1115 1113
f 1101 1116 1103
f 1104 1117 1100
f 1100 1117 1115
f 1105 1118 1101
f 1101 1118 1116
f 1106 1119 1104
f 1104 1119 1117
f 1107 1120 1105
f 1105 1120 1118
f 1108 1121 1106
f 1106 1121 1119
f 1109 1122 1107
f 1107 1122 1120
f 1108 1123 1121
f 1112 1123 1110
f 1110 1123 1108
f 1109 1124 1122
f 1111 1124 1109
f 1112 1125 1123
f 1111 1126 1124
f 1113 1126 1111
f 1112 1127 1125
f 215 1127 1114
f 1114 1127 1112
f 1113 1128 1126
f 1115 1128 1113
f 1103 1129 1130
f 1116 1129 1103
f 1115 1131 1128
f 1117 1131 1115
f 1118 1132 1116
f 1116 1132 1129
f 1117 1133 1131
f 1119 1133 1117
f 1118 1134 1132
f 1120 1134 1118
f 1121 1135 1119
f 1119 1135 1133
f 1124 1136 1122
f 1120 1136 1134
f 1122 1136 1120
f 1121 1137 1135
f 1123 1137 1121
f 1124 1138 1136
f 1125 1139 1123
f 1123 1139 1137
f 1126 1140 1124
f 1124 1140 1138
f 1127 1141 1125
f 215 1141 1127
f 1125 1141 1139
f 217 1141 215
f 1131 1142 1128
f 1126 1142 1140
f 1128 1142 1126
f 1129 1143 1130
f 1130 1143 1144
f 1131 1145 1142
f 1133 1145 1131
f 1129 1146 1143
f 1132 1146 1129
f 1133 1147 1145
f 1132 1148 1146
f 1134 1148 1132
f 1135 1149 1133
f 1133 1149 1147
f 1136 1150 1134
f 1134 1150 1148
f 1138 1150 1136
f 1137 1151 1135
f 1139 1151 1137
f 1135 1151 1149
f 1140 1152 1138
f 1138 1152 1150
f 1139 1153 1151
f 1140 1154 1152
f 1139 1155 1153
f 1141 1155 1139
f 217 1155 1141
f 208 1155 217
f 209 1155 208
f 1145 1156 1142
f 1142 1156 1140
f 1140 1156 1154
f 1143 1157 1144
f 1144 1157 1158
f 1145 1159 1156
f 1146 1160 1143
f 1143 1160 1157
f 1145 1161 1159
f 1147 1161 1145
f 1146 1162 1160
f 1148 1162 1146
f 1149 1163 1147
f 1147 1163 1161
f 1148 1164 1162
f 1150 1164 1148
f 1149 1165 1163
f 1151 1165 1149
f 1150 1166 1164
f 1152 1166 1150
f 1151 1167 1165
f 1153 1167 1151
f 1154 1168 1152
f 1152 1168 1166
f 1156 1168 1154
f 209 1169 1155
f 1153 1169 1167
f 1155 1169 1153
f 1156 1170 1168
f 1157 1171 1158
f 1158 1171 1172
f 1159 1173 1156
f 1156 1173 1170
f 1160 1174 1157
f 1157 1174 1171
f 1161 1175 1159
f 1159 1175 1173
f 1160 1176 1174
f 1162 1176 1160
f 1163 1177 1161
f 1161 1177 1175
f 1166 1178 1164
f 1164 1178 1162
f 1162 1178 1176
f 1167 1179 1165
f 1163 1179 1177
f 1165 1179 1163
f 1166 1180 1178
f 1167 1181 1179
f 1166 1182 1180
f 1168 1182 1166
f 209 1183 1169
f 1169 1183 1167
f 1167 1183 1181
f 200 1183 209
f 201 1183 200
f 1168 1184 1182
f 1170 1184 1168
f 1173 1184 1170
f 1172 1185 1186
f 1171 1185 1172
f 1173 1187 1184
f 1175 1187 1173
f 1174 1188 1171
f 1176 1188 1174
f 1171 1188 1185
f 1175 1189 1187
f 1176 1190 1188
f 1177 1191 1175
f 1175 1191 1189
f 1178 1192 1176
f 1176 1192 1190
f 1179 1193 1177
f 1177 1193 1191
f 1178 1194 1192
f 1180 1194 1178
f 1182 1194 1180
f 1179 1195 1193
f 1181 1195 1179
f 1183 1195 1181
f 1182 1196 1194
f 1184 1196 1182
f 1183 1197 1195
f 201 1197 1183
f 1184 1198 1196
f 1187 1198 1184
f 1186 1199 1200
f 1185 1199 1186
f 1187 1201 1198
f 1189 1201 1187
f 1188 1202 1185
f 1185 1202 1199
f 1189 1203 1201
f 1188 1204 1202
f 1190 1204 1188
f 1191 1205 1189
f 1189 1205 1203
f 1192 1206 1190
f 1194 1206 1192
f 1190 1206 1204
f 1193 1207 1191
f 1191 1207 1205
f 1194 1208 1206
f 1195 1209 1193
f 1193 1209 1207
f 1198 1210 1196
f 1194 1210 1208
f 1196 1210 1194
f 1197 1211 1195
f 201 1211 1197
f 1195 1211 1209
f 192 1211 201
f 193 1211 192
f 1201 1212 1198
f 1198 1212 1210
f 1199 1213 1200
f 1200 1213 1214
f 1214 1213 1215
f 1201 1216 1212
f 1199 1217 1213
f 1202 1217 1199
f 1203 1218 1201
f 1205 1218 1203
f 1201 1218 1216
f 1202 1219 1217
f 1204 1219 1202
f 1205 1220 1218
f 1206 1221 1204
f 1204 1221 1219
f 1207 1222 1205
f 1209 1222 1207
f 1205 1222 1220
f 1206 1223 1221
f 1208 1223 1206
f 1209 1224 1222
f 1210 1225 1208
f 1208 1225 1223
f 1211 1226 1209
f 193 1226 1211
f 1209 1226 1224
f 1212 1227 1210
f 1210 1227 1225
f 1213 1228 1215
f 1216 1229 1212
f 1212 1229 1227
f 1217 1230 1213
f 1213 1230 1228
f 1218 1231 1216
f 1216 1231 1229
f 1219 1232 1217
f 1217 1232 1230
f 1220 1233 1218
f 1218 1233 1231
f 1219 1234 1232
f 1221 1234 1219
f 1223 1234 1221
f 1220 1235 1233
f 1222 1235 1220
f 1223 1236 1234
f 1222 1237 1235
f 1224 1237 1222
f 1223 1238 1236
f 1225 1238 1223
f 183 1239 193
f 1224 1239 1237
f 193 1239 1226
f 1226 1239 1224
f 1225 1240 1238
f 1227 1240 1225
f 1229 1240 1227
f 1241 1242 1243
f 1228 1242 1215
f 1215 1242 1244
f 1244 1242 1241
f 1229 1245 1240
f 1243 1246 1247
f 1247 1246 1248
f 1242 1246 1243
f 1230 1246 1228
f 1228 1246 1242
f 1231 1249 1229
f 1229 1249 1245
f 1232 1250 1230
f 1246 1250 1248
f 1230 1250 1246
f 1233 1251 1231
f 1231 1251 1249
f 1248 1252 1253
f 1250 1252 1248
f 1236 1252 1234
f 1232 1252 1250
f 1234 1252 1232
f 1235 1254 1233
f 1233 1254 1251
f 1253 1255 1256
f 1256 1255 1257
f 1238 1255 1236
f 1252 1255 1253
f 1236 1255 1252
f 1237 1258 1235
f 1235 1258 1254
f 1240 1259 1238
f 1255 1259 1257
f 1238 1259 1255
f 1237 1260 1258
f 1239 1260 1237
f 184 1260 183
f 183 1260 1239
f 1245 1261 1240
f 1257 1261 1262
f 1262 1261 1263
f 1259 1261 1257
f 1240 1261 1259
f 1263 1264 1265
f 1261 1264 1263
f 1245 1264 1261
f 1249 1264 1245
f 1265 1266 1267
f 1264 1266 1265
f 1249 1266 1264
f 1266 1268 1267
f 1249 1268 1266
f 1251 1268 1249
f 1267 1269 1270
f 1254 1269 1251
f 1258 1269 1254
f 1268 1269 1267
f 1251 1269 1268
f 1270 1271 1272
f 1272 1271 1273
f 1269 1271 1270
f 1258 1271 1269
f 1273 1274 140
f 1271 1274 1273
f 1260 1274 1258
f 184 1274 1260
f 185 1274 184
f 140 1274 185
f 1258 1274 1271
f 1275 381 1276
f 381 382 1276
f 1276 382 1277
f 382 396 1277
f 1277 396 1278
f 396 416 1278
f 1278 416 1279
f 416 430 1279
f 1279 430 1280
f 430 444 1280
f 1280 444 1281
f 444 458 1281
f 1281 458 1282
f 458 472 1282
f 1282 472 1283
f 472 486 1283
f 1283 486 1284
f 486 500 1284
f 1284 500 1285
f 1285 514 1286
f 500 514 1285
f 1286 528 1287
f 514 528 1286
f 1287 542 1288
f 528 542 1287
f 1288 556 1289
f 542 556 1288
f 1289 570 1290
f 556 570 1289
f 1290 584 1291
f 570 584 1290
f 1291 598 1292
f 584 598 1291
f 598 612 1292
f 1292 612 1293
f 612 626 1293
f 1293 626 1294
f 626 640 1294
f 1294 640 1295
f 640 654 1295
f 1295 654 1296
f 654 668 1296
f 1296 668 1297
f 668 682 1297
f 1297 682 1298
f 682 696 1298
f 1298 696 1299
f 696 710 1299
f 1299 710 1300
f 710 724 1300
f 1300 724 1301
f 724 738 1301
f 1301 738 1302
f 738 752 1302
f 1302 752 1303
f 752 766 1303
f 1303 766 1304
f 766 780 1304
f 1304 780 1305
f 780 794 1305
f 1305 794 1306
f 794 808 1306
f 1306 808 1307
f 808 822 1307
f 1307 822 1308
f 822 836 1308
f 1308 836 1309
f 836 850 1309
f 1309 850 1310
f 1310 864 1311
f 850 864 1310
f 1311 878 1312
f 864 878 1311
f 1312 892 1313
f 878 892 1312
f 1313 906 1314
f 892 906 1313
f 1314 920 1315
f 906 920 1314
f 1315 934 1316
f 920 934 1315
f 1316 948 1317
f 934 948 1316
f 1317 962 1318
f 948 962 1317
f 962 976 1318
f 1318 976 1319
f 976 990 1319
f 1319 990 1320
f 990 1004 1320
f 1320 1004 1321
f 1321 1018 1322
f 1004 1018 1321
f 1322 1032 1323
f 1018 1032 1322
f 1323 1046 1324
f 1032 1046 1323
f 1324 1060 1325
f 1046 1060 1324
f 1325 1074 1326
f 1060 1074 1325
f 1326 1088 1327
f 1074 1088 1326
f 1327 1102 1328
f 1088 1102 1327
f 1328 1103 1329
f 1102 1103 1328
f 1329 1130 1330
f 1103 1130 1329
f 1330 1144 1331
f 1130 1144 1330
f 1331 1158 1332
f 1144 1158 1331
f 1332 1172 1333
f 1158 1172 1332
f 1333 1186 1334
f 1172 1186 1333
f 1334 1200 1335
f 1186 1200 1334
f 1335 1214 1336
f 1200 1214 1335
f 1336 1215 1337
f 1214 1215 1336
f 1337 1244 1338
f 1215 1244 1337
f 1244 1241 1338
f 1338 1241 1339
f 1339 1340 1338
f 1341 1275 1276
f 1309 1342 1308
f 1308 1343 1307
f 1342 1343 1308
f 1343 1344 1307
f 1310 1345 1309
f 1309 1345 1342
f 1342 1345 1343
f 1344 1346 1307
f 1345 1347 1343
f 1343 1347 1344
f 1311 1348 1310
f 1312 1348 1311
f 1310 1348 1345
f 1346 1349 1307
f 1344 1350 1346
f 1347 1350 1344
f 1345 1351 1347
f 1348 1351 1345
f 1349 1352 1307
f 1350 1353 1346
f 1346 1353 1349
f 1347 1354 1350
f 1351 1354 1347
f 1313 1355 1312
f 1348 1355 1351
f 1312 1355 1348
f 1352 1356 1307
f 1349 1357 1352
f 1353 1357 1349
f 1354 1358 1350
f 1350 1358 1353
f 1351 1359 1354
f 1355 1359 1351
f 1314 1360 1313
f 1315 1360 1314
f 1313 1360 1355
f 1356 1361 1307
f 1357 1362 1352
f 1352 1362 1356
f 1353 1363 1357
f 1358 1363 1353
f 1359 1364 1354
f 1354 1364 1358
f 1355 1365 1359
f 1360 1365 1355
f 1361 1366 1307
f 1362 1367 1356
f 1356 1367 1361
f 1363 1368 1357
f 1357 1368 1362
f 1358 1369 1363
f 1364 1369 1358
f 1359 1370 1364
f 1365 1370 1359
f 1366 1371 1307
f 1316 1372 1315
f 1360 1372 1365
f 1315 1372 1360
f 1361 1373 1366
f 1367 1373 1361
f 1362 1374 1367
f 1368 1374 1362
f 1363 1375 1368
f 1369 1375 1363
f 1370 1376 1364
f 1364 1376 1369
f 1371 1377 1307
f 1372 1378 1365
f 1365 1378 1370
f 1373 1379 1366
f 1366 1379 1371
f 1317 1380 1316
f 1316 1380 1372
f 1367 1381 1373
f 1374 1381 1367
f 1368 1382 1374
f 1375 1382 1368
f 1369 1383 1375
f 1376 1383 1369
f 1377 1384 1307
f 1378 1385 1370
f 1370 1385 1376
f 1371 1386 1377
f 1379 1386 1371
f 1372 1387 1378
f 1380 1387 1372
f 1373 1388 1379
f 1381 1388 1373
f 1374 1389 1381
f 1382 1389 1374
f 1375 1390 1382
f 1383 1390 1375
f 1384 1391 1307
f 1376 1392 1383
f 1385 1392 1376
f 1377 1393 1384
f 1386 1393 1377
f 1378 1394 1385
f 1387 1394 1378
f 1388 1395 1379
f 1379 1395 1386
f 1318 1396 1317
f 1319 1396 1318
f 1317 1396 1380
f 1380 1396 1387
f 1381 1397 1388
f 1389 1397 1381
f 1382 1398 1389
f 1390 1398 1382
f 1391 1399 1307
f 1392 1400 1383
f 1383 1400 1390
f 1393 1401 1384
f 1384 1401 1391
f 1394 1402 1385
f 1385 1402 1392
f 1386 1403 1393
f 1395 1403 1386
f 1387 1404 1394
f 1396 1404 1387
f 1388 1405 1395
f 1397 1405 1388
f 1320 1406 1319
f 1319 1406 1396
f 1398 1407 1389
f 1389 1407 1397
f 1399 1408 1307
f 1390 1409 1398
f 1400 1409 1390
f 1391 1410 1399
f 1401 1410 1391
f 1392 1411 1400
f 1402 1411 1392
f 1393 1412 1401
f 1403 1412 1393
f 1394 1413 1402
f 1404 1413 1394
f 1405 1414 1395
f 1395 1414 1403
f 1396 1415 1404
f 1406 1415 1396
f 1397 1416 1405
f 1407 1416 1397
f 1408 1417 1307
f 1398 1418 1407
f 1409 1418 1398
f 1399 1419 1408
f 1410 1419 1399
f 1411 1420 1400
f 1400 1420 1409
f 1401 1421 1410
f 1412 1421 1401
f 1402 1422 1411
f 1413 1422 1402
f 1403 1423 1412
f 1414 1423 1403
f 1404 1424 1413
f 1415 1424 1404
f 1416 1425 1405
f 1405 1425 1414
f 1321 1426 1320
f 1320 1426 1406
f 1322 1426 1321
f 1406 1426 1415
f 1417 1427 1307
f 1407 1428 1416
f 1418 1428 1407
f 1408 1429 1417
f 1419 1429 1408
f 1409 1430 1418
f 1420 1430 1409
f 1421 1431 1410
f 1410 1431 1419
f 1422 1432 1411
f 1411 1432 1420
f 1412 1433 1421
f 1423 1433 1412
f 1413 1434 1422
f 1424 1434 1413
f 1414 1435 1423
f 1425 1435 1414
f 1426 1436 1415
f 1415 1436 1424
f 1427 1437 1307
f 1428 1438 1416
f 1416 1438 1425
f 1322 1439 1426
f 1323 1439 1322
f 1429 1440 1417
f 1417 1440 1427
f 1418 1441 1428
f 1430 1441 1418
f 1419 1442 1429
f 1431 1442 1419
f 1432 1443 1420
f 1420 1443 1430
f 1433 1444 1421
f 1421 1444 1431
f 1422 1445 1432
f 1434 1445 1422
f 1435 1446 1423
f 1423 1446 1433
f 1436 1447 1424
f 1424 1447 1434
f 1437 1448 1307
f 1438 1449 1425
f 1425 1449 1435
f 1439 1450 1426
f 1426 1450 1436
f 1427 1451 1437
f 1440 1451 1427
f 1441 1452 1428
f 1428 1452 1438
f 1429 1453 1440
f 1442 1453 1429
f 1443 1454 1430
f 1430 1454 1441
f 1431 1455 1442
f 1444 1455 1431
f 1432 1456 1443
f 1445 1456 1432
f 1433 1457 1444
f 1446 1457 1433
f 1434 1458 1445
f 1447 1458 1434
f 1448 1459 1307
f 1449 1460 1435
f 1435 1460 1446
f 1450 1461 1436
f 1436 1461 1447
f 1437 1462 1448
f 1451 1462 1437
f 1452 1463 1438
f 1438 1463 1449
f 1324 1464 1323
f 1323 1464 1439
f 1439 1464 1450
f 1440 1465 1451
f 1453 1465 1440
f 1441 1466 1452
f 1454 1466 1441
f 1455 1467 1442
f 1442 1467 1453
f 1443 1468 1454
f 1456 1468 1443
f 1444 1469 1455
f 1457 1469 1444
f 1458 1470 1445
f 1445 1470 1456
f 1459 1471 1307
f 1460 1472 1446
f 1446 1472 1457
f 1461 1473 1447
f 1447 1473 1458
f 1448 1474 1459
f 1462 1474 1448
f 1463 1475 1449
f 1449 1475 1460
f 1450 1476 1461
f 1464 1476 1450
f 1465 1477 1451
f 1451 1477 1462
f 1452 1478 1463
f 1466 1478 1452
f 1325 1479 1324
f 1326 1479 1325
f 1324 1479 1464
f 1453 1480 1465
f 1467 1480 1453
f 1454 1481 1466
f 1468 1481 1454
f 1469 1482 1455
f 1455 1482 1467
f 1456 1483 1468
f 1470 1483 1456
f 1471 1484 1307
f 1457 1485 1469
f 1472 1485 1457
f 1458 1486 1470
f 1473 1486 1458
f 1459 1487 1471
f 1474 1487 1459
f 1475 1488 1460
f 1460 1488 1472
f 1461 1489 1473
f 1476 1489 1461
f 1462 1490 1474
f 1477 1490 1462
f 1478 1491 1463
f 1463 1491 1475
f 1464 1492 1476
f 1479 1492 1464
f 1465 1493 1477
f 1480 1493 1465
f 1466 1494 1478
f 1481 1494 1466
f 1482 1495 1467
f 1467 1495 1480
f 1483 1496 1468
f 1468 1496 1481
f 1484 1497 1307
f 1469 1498 1482
f 1485 1498 1469
f 1470 1499 1483
f 1486 1499 1470
f 1487 1500 1471
f 1471 1500 1484
f 1488 1501 1472
f 1472 1501 1485
f 1473 1502 1486
f 1489 1502 1473
f 1474 1503 1487
f 1490 1503 1474
f 1475 1504 1488
f 1491 1504 1475
f 1476 1505 1489
f 1492 1505 1476
f 1477 1506 1490
f 1493 1506 1477
f 1478 1507 1491
f 1494 1507 1478
f 1479 1508 1492
f 1327 1508 1326
f 1326 1508 1479
f 1480 1509 1493
f 1495 1509 1480
f 1481 1510 1494
f 1496 1510 1481
f 1497 1511 1307
f 1498 1512 1482
f 1482 1512 1495
f 1483 1513 1496
f 1499 1513 1483
f 1484 1514 1497
f 1500 1514 1484
f 1485 1515 1498
f 1501 1515 1485
f 1486 1516 1499
f 1502 1516 1486
f 1503 1517 1487
f 1487 1517 1500
f 1488 1518 1501
f 1504 1518 1488
f 1489 1519 1502
f 1505 1519 1489
f 1506 1520 1490
f 1490 1520 1503
f 1491 1521 1504
f 1507 1521 1491
f 1492 1522 1505
f 1508 1522 1492
f 1509 1523 1493
f 1493 1523 1506
f 1494 1524 1507
f 1510 1524 1494
f 1511 1525 1307
f 1328 1526 1327
f 1329 1526 1328
f 1327 1526 1508
f 1512 1527 1495
f 1495 1527 1509
f 1496 1528 1510
f 1513 1528 1496
f 1497 1529 1511
f 1514 1529 1497
f 1515 1530 1498
f 1498 1530 1512
f 1516 1531 1499
f 1499 1531 1513
f 1500 1532 1514
f 1517 1532 1500
f 1501 1533 1515
f 1518 1533 1501
f 1502 1534 1516
f 1519 1534 1502
f 1520 1535 1503
f 1503 1535 1517
f 1521 1536 1504
f 1504 1536 1518
f 1505 1537 1519
f 1522 1537 1505
f 1523 1538 1506
f 1506 1538 1520
f 1524 1539 1507
f 1507 1539 1521
f 1525 1540 1307
f 1526 1541 1508
f 1508 1541 1522
f 1527 1542 1509
f 1509 1542 1523
f 1528 1543 1510
f 1510 1543 1524
f 1529 1544 1511
f 1511 1544 1525
f 1530 1545 1512
f 1512 1545 1527
f 1513 1546 1528
f 1531 1546 1513
f 1514 1547 1529
f 1532 1547 1514
f 1515 1548 1530
f 1533 1548 1515
f 1516 1549 1531
f 1534 1549 1516
f 1535 1550 1517
f 1517 1550 1532
f 1518 1551 1533
f 1536 1551 1518
f 1519 1552 1534
f 1537 1552 1519
f 1538 1553 1520
f 1520 1553 1535
f 1539 1554 1521
f 1521 1554 1536
f 1540 1555 1307
f 1541 1556 1522
f 1522 1556 1537
f 1523 1557 1538
f 1542 1557 1523
f 1543 1558 1524
f 1524 1558 1539
f 1544 1559 1525
f 1525 1559 1540
f 1330 1560 1329
f 1526 1560 1541
f 1329 1560 1526
f 1545 1561 1527
f 1527 1561 1542
f 1528 1562 1543
f 1546 1562 1528
f 1547 1563 1529
f 1529 1563 1544
f 1548 1564 1530
f 1530 1564 1545
f 1549 1565 1531
f 1531 1565 1546
f 1532 1566 1547
f 1550 1566 1532
f 1551 1567 1533
f 1533 1567 1548
f 1534 1568 1549
f 1552 1568 1534
f 1535 1569 1550
f 1553 1569 1535
f 1536 1570 1551
f 1554 1570 1536
f 1555 1571 1307
f 1537 1572 1552
f 1556 1572 1537
f 1538 1573 1553
f 1557 1573 1538
f 1558 1574 1539
f 1539 1574 1554
f 1540 1575 1555
f 1559 1575 1540
f 1541 1576 1556
f 1560 1576 1541
f 1561 1577 1542
f 1542 1577 1557
f 1543 1578 1558
f 1562 1578 1543
f 1563 1579 1544
f 1544 1579 1559
f 1331 1580 1330
f 1330 1580 1560
f 1564 1581 1545
f 1545 1581 1561
f 1546 1582 1562
f 1565 1582 1546
f 1547 1583 1563
f 1566 1583 1547
f 1548 1584 1564
f 1567 1584 1548
f 1549 1585 1565
f 1568 1585 1549
f 1569 1586 1550
f 1550 1586 1566
f 1570 1587 1551
f 1551 1587 1567
f 1571 1588 1307
f 1572 1589 1552
f 1552 1589 1568
f 1573 1590 1553
f 1553 1590 1569
f 1554 1591 1570
f 1574 1591 1554
f 1575 1592 1555
f 1555 1592 1571
f 1556 1593 1572
f 1576 1593 1556
f 1577 1594 1557
f 1557 1594 1573
f 1578 1595 1558
f 1558 1595 1574
f 1579 1596 1559
f 1559 1596 1575
f 1560 1597 1576
f 1580 1597 1560
f 1581 1598 1561
f 1561 1598 1577
f 1562 1599 1578
f 1582 1599 1562
f 1583 1600 1563
f 1563 1600 1579
f 1564 1601 1581
f 1584 1601 1564
f 1585 1602 1565
f 1565 1602 1582
f 1566 1603 1583
f 1586 1603 1566
f 1567 1604 1584
f 1587 1604 1567
f 1588 1605 1307
f 1568 1606 1585
f 1589 1606 1568
f 1569 1607 1586
f 1590 1607 1569
f 1570 1608 1587
f 1591 1608 1570
f 1571 1609 1588
f 1592 1609 1571
f 1572 1610 1589
f 1593 1610 1572
f 1594 1611 1573
f 1573 1611 1590
f 1595 1612 1574
f 1574 1612 1591
f 1575 1613 1592
f 1596 1613 1575
f 1576 1614 1593
f 1597 1614 1576
f 1577 1615 1594
f 1598 1615 1577
f 1578 1616 1595
f 1599 1616 1578
f 1600 1617 1579
f 1579 1617 1596
f 1580 1618 1597
f 1332 1618 1331
f 1333 1618 1332
f 1331 1618 1580
f 1601 1619 1581
f 1581 1619 1598
f 1582 1620 1599
f 1602 1620 1582
f 1603 1621 1583
f 1583 1621 1600
f 1584 1622 1601
f 1604 1622 1584
f 1605 1623 1307
f 1585 1624 1602
f 1606 1624 1585
f 1607 1625 1586
f 1586 1625 1603
f 1587 1626 1604
f 1608 1626 1587
f 1609 1627 1588
f 1588 1627 1605
f 1610 1628 1589
f 1589 1628 1606
f 1611 1629 1590
f 1590 1629 1607
f 1612 1630 1591
f 1591 1630 1608
f 1592 1631 1609
f 1613 1631 1592
f 1614 1632 1593
f 1593 1632 1610
f 1615 1633 1594
f 1594 1633 1611
f 1595 1634 1612
f 1616 1634 1595
f 1596 1635 1613
f 1617 1635 1596
f 1597 1636 1614
f 1618 1636 1597
f 1598 1637 1615
f 1619 1637 1598
f 1599 1638 1616
f 1620 1638 1599
f 1600 1639 1617
f 1621 1639 1600
f 1334 1640 1333
f 1333 1640 1618
f 1622 1641 1601
f 1601 1641 1619
f 1623 1642 1307
f 1602 1643 1620
f 1624 1643 1602
f 1625 1644 1603
f 1603 1644 1621
f 1604 1645 1622
f 1626 1645 1604
f 1627 1646 1605
f 1605 1646 1623
f 1628 1647 1606
f 1606 1647 1624
f 1629 1648 1607
f 1607 1648 1625
f 1608 1649 1626
f 1630 1649 1608
f 1631 1650 1609
f 1609 1650 1627
f 1610 1651 1628
f 1632 1651 1610
f 1611 1652 1629
f 1633 1652 1611
f 1634 1653 1612
f 1612 1653 1630
f 1635 1654 1613
f 1613 1654 1631
f 1614 1655 1632
f 1636 1655 1614
f 1615 1656 1633
f 1637 1656 1615
f 1616 1657 1634
f 1638 1657 1616
f 1617 1658 1635
f 1639 1658 1617
f 1618 1659 1636
f 1640 1659 1618
f 1619 1660 1637
f 1641 1660 1619
f 1642 1661 1307
f 1620 1662 1638
f 1643 1662 1620
f 1644 1663 1621
f 1621 1663 1639
f 1645 1664 1622
f 1622 1664 1641
f 1646 1665 1623
f 1623 1665 1642
f 1624 1666 1643
f 1647 1666 1624
f 1648 1667 1625
f 1625 1667 1644
f 1649 1668 1626
f 1626 1668 1645
f 1650 1669 1627
f 1627 1669 1646
f 1651 1670 1628
f 1628 1670 1647
f 1629 1671 1648
f 1652 1671 1629
f 1653 1672 1630
f 1630 1672 1649
f 1654 1673 1631
f 1631 1673 1650
f 1655 1674 1632
f 1632 1674 1651
f 1633 1675 1652
f 1656 1675 1633
f 1657 1676 1634
f 1634 1676 1653
f 1658 1677 1635
f 1635 1677 1654
f 1636 1678 1655
f 1659 1678 1636
f 1660 1679 1637
f 1637 1679 1656
f 1661 1680 1307
f 1662 1681 1638
f 1638 1681 1657
f 1639 1682 1658
f 1663 1682 1639
f 1640 1683 1659
f 1334 1683 1640
f 1335 1683 1334
f 1641 1684 1660
f 1664 1684 1641
f 1642 1685 1661
f 1665 1685 1642
f 1643 1686 1662
f 1666 1686 1643
f 1644 1687 1663
f 1667 1687 1644
f 1668 1688 1645
f 1645 1688 1664
f 1646 1689 1665
f 1669 1689 1646
f 1647 1690 1666
f 1670 1690 1647
f 1671 1691 1648
f 1648 1691 1667
f 1649 1692 1668
f 1672 1692 1649
f 1673 1693 1650
f 1650 1693 1669
f 1651 1694 1670
f 1674 1694 1651
f 1675 1695 1652
f 1652 1695 1671
f 1653 1696 1672
f 1676 1696 1653
f 1677 1697 1654
f 1654 1697 1673
f 1655 1698 1674
f 1678 1698 1655
f 1656 1699 1675
f 1679 1699 1656
f 1680 1700 1307
f 1657 1701 1676
f 1681 1701 1657
f 1682 1702 1658
f 1658 1702 1677
f 1659 1703 1678
f 1683 1703 1659
f 1660 1704 1679
f 1684 1704 1660
f 1661 1705 1680
f 1685 1705 1661
f 1686 1706 1662
f 1662 1706 1681
f 1663 1707 1682
f 1687 1707 1663
f 1336 1708 1335
f 1337 1708 1336
f 1335 1708 1683
f 1688 1709 1664
f 1664 1709 1684
f 1689 1710 1665
f 1665 1710 1685
f 1666 1711 1686
f 1690 1711 1666
f 1667 1712 1687
f 1691 1712 1667
f 1692 1713 1668
f 1668 1713 1688
f 1669 1714 1689
f 1693 1714 1669
f 1670 1715 1690
f 1694 1715 1670
f 1671 1716 1691
f 1695 1716 1671
f 1696 1717 1672
f 1672 1717 1692
f 1697 1718 1673
f 1673 1718 1693
f 1698 1719 1674
f 1674 1719 1694
f 1699 1720 1675
f 1675 1720 1695
f 1700 1721 1307
f 1676 1722 1696
f 1701 1722 1676
f 1677 1723 1697
f 1702 1723 1677
f 1678 1724 1698
f 1703 1724 1678
f 1679 1725 1699
f 1704 1725 1679
f 1705 1726 1680
f 1680 1726 1700
f 1681 1727 1701
f 1706 1727 1681
f 1682 1728 1702
f 1707 1728 1682
f 1683 1729 1703
f 1708 1729 1683
f 1684 1730 1704
f 1709 1730 1684
f 1710 1731 1685
f 1685 1731 1705
f 1686 1732 1706
f 1711 1732 1686
f 1712 1733 1687
f 1687 1733 1707
f 1688 1734 1709
f 1713 1734 1688
f 1689 1735 1710
f 1714 1735 1689
f 1690 1736 1711
f 1715 1736 1690
f 1691 1737 1712
f 1716 1737 1691
f 1717 1738 1692
f 1692 1738 1713
f 1693 1739 1714
f 1718 1739 1693
f 1694 1740 1715
f 1719 1740 1694
f 1720 1741 1695
f 1695 1741 1716
f 1721 1742 1307
f 1722 1743 1696
f 1696 1743 1717
f 1723 1744 1697
f 1697 1744 1718
f 1724 1745 1698
f 1698 1745 1719
f 1699 1746 1720
f 1725 1746 1699
f 1700 1747 1721
f 1726 1747 1700
f 1701 1748 1722
f 1727 1748 1701
f 1728 1749 1702
f 1702 1749 1723
f 1703 1750 1724
f 1729 1750 1703
f 1704 1751 1725
f 1730 1751 1704
f 1705 1752 1726
f 1731 1752 1705
f 1732 1753 1706
f 1706 1753 1727
f 1707 1754 1728
f 1733 1754 1707
f 1708 1755 1729
f 1756 1755 1340
f 1338 1755 1337
f 1337 1755 1708
f 1340 1755 1338
f 1709 1757 1730
f 1734 1757 1709
f 1735 1758 1710
f 1710 1758 1731
f 1711 1759 1732
f 1736 1759 1711
f 1712 1760 1733
f 1737 1760 1712
f 1713 1761 1734
f 1738 1761 1713
f 1714 1762 1735
f 1739 1762 1714
f 1715 1763 1736
f 1740 1763 1715
f 1716 1764 1737
f 1741 1764 1716
f 1742 1765 1307
f 1743 1766 1717
f 1717 1766 1738
f 1744 1767 1718
f 1718 1767 1739
f 1719 1768 1740
f 1745 1768 1719
f 1720 1769 1741
f 1746 1769 1720
f 1721 1770 1742
f 1747 1770 1721
f 1722 1771 1743
f 1748 1771 1722
f 1749 1772 1723
f 1723 1772 1744
f 1724 1773 1745
f 1750 1773 1724
f 1751 1774 1725
f 1725 1774 1746
f 1726 1775 1747
f 1752 1775 1726
f 1727 1776 1748
f 1753 1776 1727
f 1728 1777 1749
f 1754 1777 1728
f 1756 1778 1755
f 1779 1778 1780
f 1780 1778 1756
f 1755 1778 1729
f 1729 1778 1750
f 1730 1781 1751
f 1757 1781 1730
f 1731 1782 1752
f 1758 1782 1731
f 1732 1783 1753
f 1759 1783 1732
f 1733 1784 1754
f 1760 1784 1733
f 1761 1785 1734
f 1734 1785 1757
f 1735 1786 1758
f 1762 1786 1735
f 1763 1787 1736
f 1736 1787 1759
f 1737 1788 1760
f 1764 1788 1737
f 1765 1789 1307
f 1766 1790 1738
f 1738 1790 1761
f 1739 1791 1762
f 1767 1791 1739
f 1768 1792 1740
f 1740 1792 1763
f 1741 1793 1764
f 1769 1793 1741
f 1742 1794 1765
f 1770 1794 1742
f 1743 1795 1766
f 1771 1795 1743
f 1772 1796 1744
f 1744 1796 1767
f 1773 1797 1745
f 1745 1797 1768
f 1746 1798 1769
f 1774 1798 1746
f 1775 1799 1747
f 1747 1799 1770
f 1748 1800 1771
f 1776 1800 1748
f 1749 1801 1772
f 1777 1801 1749
f 1750 1802 1773
f 1803 1802 1779
f 1779 1802 1778
f 1778 1802 1750
f 1781 1804 1751
f 1751 1804 1774
f 1782 1805 1752
f 1752 1805 1775
f 1783 1806 1753
f 1753 1806 1776
f 1784 1807 1754
f 1754 1807 1777
f 1757 1808 1781
f 1785 1808 1757
f 1758 1809 1782
f 1786 1809 1758
f 1759 1810 1783
f 1787 1810 1759
f 1760 1811 1784
f 1788 1811 1760
f 1789 1812 1307
f 1761 1813 1785
f 1790 1813 1761
f 1791 1814 1762
f 1762 1814 1786
f 1763 1815 1787
f 1792 1815 1763
f 1764 1816 1788
f 1793 1816 1764
f 1765 1817 1789
f 1794 1817 1765
f 1795 1818 1766
f 1766 1818 1790
f 1767 1819 1791
f 1796 1819 1767
f 1768 1820 1792
f 1797 1820 1768
f 1769 1821 1793
f 1798 1821 1769
f 1799 1822 1770
f 1770 1822 1794
f 1800 1823 1771
f 1771 1823 1795
f 1772 1824 1796
f 1801 1824 1772
f 1802 1825 1773
f 1826 1825 1803
f 1773 1825 1797
f 1803 1825 1802
f 1774 1827 1798
f 1804 1827 1774
f 1805 1828 1775
f 1775 1828 1799
f 1806 1829 1776
f 1776 1829 1800
f 1807 1830 1777
f 1777 1830 1801
f 1808 1831 1781
f 1781 1831 1804
f 1809 1832 1782
f 1782 1832 1805
f 1810 1833 1783
f 1783 1833 1806
f 1811 1834 1784
f 1784 1834 1807
f 1812 1835 1307
f 1785 1836 1808
f 1813 1836 1785
f 1786 1837 1809
f 1814 1837 1786
f 1787 1838 1810
f 1815 1838 1787
f 1788 1839 1811
f 1816 1839 1788
f 1789 1840 1812
f 1817 1840 1789
f 1790 1841 1813
f 1818 1841 1790
f 1819 1842 1791
f 1791 1842 1814
f 1792 1843 1815
f 1820 1843 1792
f 1793 1844 1816
f 1821 1844 1793
f 1794 1845 1817
f 1822 1845 1794
f 1823 1846 1795
f 1795 1846 1818
f 1824 1847 1796
f 1796 1847 1819
f 1848 1849 1850
f 1850 1849 1826
f 1826 1849 1825
f 1797 1849 1820
f 1825 1849 1797
f 1827 1851 1798
f 1798 1851 1821
f 1828 1852 1799
f 1799 1852 1822
f 1829 1853 1800
f 1800 1853 1823
f 1830 1854 1801
f 1801 1854 1824
f 1804 1855 1827
f 1831 1855 1804
f 1832 1856 1805
f 1805 1856 1828
f 1806 1857 1829
f 1833 1857 1806
f 1807 1858 1830
f 1834 1858 1807
f 1835 1859 1307
f 1808 1860 1831
f 1836 1860 1808
f 1837 1861 1809
f 1809 1861 1832
f 1838 1862 1810
f 1810 1862 1833
f 1839 1863 1811
f 1811 1863 1834
f 1812 1864 1835
f 1840 1864 1812
f 1841 1865 1813
f 1813 1865 1836
f 1814 1866 1837
f 1842 1866 1814
f 1843 1867 1815
f 1815 1867 1838
f 1844 1868 1816
f 1816 1868 1839
f 1817 1869 1840
f 1845 1869 1817
f 1818 1870 1841
f 1846 1870 1818
f 1847 1871 1819
f 1819 1871 1842
f 1872 1873 1848
f 1820 1873 1843
f 1848 1873 1849
f 1849 1873 1820
f 1851 1874 1821
f 1821 1874 1844
f 1822 1875 1845
f 1852 1875 1822
f 1823 1876 1846
f 1853 1876 1823
f 1854 1877 1824
f 1824 1877 1847
f 1827 1878 1851
f 1855 1878 1827
f 1856 1879 1828
f 1828 1879 1852
f 1829 1880 1853
f 1857 1880 1829
f 1830 1881 1854
f 1858 1881 1830
f 1859 1882 1307
f 1831 1883 1855
f 1860 1883 1831
f 1861 1884 1832
f 1832 1884 1856
f 1862 1885 1833
f 1833 1885 1857
f 1834 1886 1858
f 1863 1886 1834
f 1835 1887 1859
f 1864 1887 1835
f 1836 1888 1860
f 1865 1888 1836
f 1837 1889 1861
f 1866 1889 1837
f 1838 1890 1862
f 1867 1890 1838
f 1839 1891 1863
f 1868 1891 1839
f 1840 1892 1864
f 1869 1892 1840
f 1870 1893 1841
f 1841 1893 1865
f 1842 1894 1866
f 1871 1894 1842
f 1895 1896 1897
f 1897 1896 1872
f 1843 1896 1867
f 1873 1896 1843
f 1872 1896 1873
f 1874 1898 1844
f 1844 1898 1868
f 1875 1899 1845
f 1845 1899 1869
f 1846 1900 1870
f 1876 1900 1846
f 1877 1901 1847
f 1847 1901 1871
f 1851 1902 1874
f 1878 1902 1851
f 1879 1903 1852
f 1852 1903 1875
f 1853 1904 1876
f 1880 1904 1853
f 1881 1905 1854
f 1854 1905 1877
f 1307 1906 1306
f 1882 1906 1307
f 1855 1907 1878
f 1883 1907 1855
f 1856 1908 1879
f 1884 1908 1856
f 1885 1909 1857
f 1857 1909 1880
f 1858 1910 1881
f 1886 1910 1858
f 1887 1911 1859
f 1859 1911 1882
f 1860 1912 1883
f 1888 1912 1860
f 1889 1913 1861
f 1861 1913 1884
f 1862 1914 1885
f 1890 1914 1862
f 1891 1915 1863
f 1863 1915 1886
f 1892 1916 1864
f 1864 1916 1887
f 1893 1917 1865
f 1865 1917 1888
f 1894 1918 1866
f 1866 1918 1889
f 1895 1919 1896
f 1920 1919 1895
f 1867 1919 1890
f 1896 1919 1867
f 1898 1921 1868
f 1868 1921 1891
f 1899 1922 1869
f 1869 1922 1892
f 1870 1923 1893
f 1900 1923 1870
f 1901 1924 1871
f 1871 1924 1894
f 1874 1925 1898
f 1902 1925 1874
f 1903 1926 1875
f 1875 1926 1899
f 1876 1927 1900
f 1904 1927 1876
f 1877 1928 1901
f 1905 1928 1877
f 1306 1929 1305
f 1906 1929 1306
f 1878 1930 1902
f 1907 1930 1878
f 1908 1931 1879
f 1879 1931 1903
f 1909 1932 1880
f 1880 1932 1904
f 1910 1933 1881
f 1881 1933 1905
f 1882 1934 1906
f 1911 1934 1882
f 1883 1935 1907
f 1912 1935 1883
f 1913 1936 1884
f 1884 1936 1908
f 1914 1937 1885
f 1885 1937 1909
f 1886 1938 1910
f 1915 1938 1886
f 1887 1939 1911
f 1916 1939 1887
f 1888 1940 1912
f 1917 1940 1888
f 1889 1941 1913
f 1918 1941 1889
f 1942 1943 1944
f 1944 1943 1920
f 1920 1943 1919
f 1890 1943 1914
f 1919 1943 1890
f 1921 1945 1891
f 1891 1945 1915
f 1892 1946 1916
f 1922 1946 1892
f 1923 1947 1893
f 1893 1947 1917
f 1894 1948 1918
f 1924 1948 1894
f 1925 1949 1898
f 1898 1949 1921
f 1899 1950 1922
f 1926 1950 1899
f 1927 1951 1900
f 1900 1951 1923
f 1901 1952 1924
f 1928 1952 1901
f 1902 1953 1925
f 1930 1953 1902
f 1931 1954 1903
f 1903 1954 1926
f 1932 1955 1904
f 1904 1955 1927
f 1905 1956 1928
f 1933 1956 1905
f 1934 1957 1906
f 1305 1957 1304
f 1929 1957 1305
f 1906 1957 1929
f 1935 1958 1907
f 1907 1958 1930
f 1908 1959 1931
f 1936 1959 1908
f 1909 1960 1932
f 1937 1960 1909
f 1938 1961 1910
f 1910 1961 1933
f 1939 1962 1911
f 1911 1962 1934
f 1940 1963 1912
f 1912 1963 1935
f 1913 1964 1936
f 1941 1964 1913
f 1943 1965 1914
f 1966 1965 1942
f 1942 1965 1943
f 1914 1965 1937
f 1945 1967 1915
f 1915 1967 1938
f 1946 1968 1916
f 1916 1968 1939
f 1947 1969 1917
f 1917 1969 1940
f 1948 1970 1918
f 1918 1970 1941
f 1921 1971 1945
f 1949 1971 1921
f 1922 1972 1946
f 1950 1972 1922
f 1923 1973 1947
f 1951 1973 1923
f 1952 1974 1924
f 1924 1974 1948
f 1925 1975 1949
f 1953 1975 1925
f 1926 1976 1950
f 1954 1976 1926
f 1927 1977 1951
f 1955 1977 1927
f 1956 1978 1928
f 1928 1978 1952
f 1958 1979 1930
f 1930 1979 1953
f 1931 1980 1954
f 1959 1980 1931
f 1932 1981 1955
f 1960 1981 1932
f 1961 1982 1933
f 1933 1982 1956
f 1962 1983 1934
f 1934 1983 1957
f 1963 1984 1935
f 1935 1984 1958
f 1964 1985 1936
f 1936 1985 1959
f 1986 1987 1966
f 1965 1987 1937
f 1937 1987 1960
f 1966 1987 1965
f 1938 1988 1961
f 1967 1988 1938
f 1968 1989 1939
f 1939 1989 1962
f 1969 1990 1940
f 1940 1990 1963
f 1970 1991 1941
f 1941 1991 1964
f 1945 1992 1967
f 1971 1992 1945
f 1946 1993 1968
f 1972 1993 1946
f 1947 1994 1969
f 1973 1994 1947
f 1948 1995 1970
f 1974 1995 1948
f 1949 1996 1971
f 1975 1996 1949
f 1976 1997 1950
f 1950 1997 1972
f 1951 1998 1973
f 1977 1998 1951
f 1952 1999 1974
f 1978 1999 1952
f 1979 2000 1953
f 1953 2000 1975
f 1980 2001 1954
f 1954 2001 1976
f 1981 2002 1955
f 1955 2002 1977
f 1982 2003 1956
f 1956 2003 1978
f 1957 2004 1304
f 1983 2004 1957
f 1303 2004 1302
f 1304 2004 1303
f 1958 2005 1979
f 1984 2005 1958
f 1985 2006 1959
f 1959 2006 1980
f 1987 2007 1960
f 2008 2007 2009
f 2009 2007 1986
f 1960 2007 1981
f 1986 2007 1987
f 1988 2010 1961
f 1961 2010 1982
f 1962 2011 1983
f 1989 2011 1962
f 1963 2012 1984
f 1990 2012 1963
f 1964 2013 1985
f 1991 2013 1964
f 1992 2014 1967
f 1967 2014 1988
f 1968 2015 1989
f 1993 2015 1968
f 1994 2016 1969
f 1969 2016 1990
f 1995 2017 1970
f 1970 2017 1991
f 1971 2018 1992
f 1996 2018 1971
f 1972 2019 1993
f 1997 2019 1972
f 1998 2020 1973
f 1973 2020 1994
f 1999 2021 1974
f 1974 2021 1995
f 2000 2022 1975
f 1975 2022 1996
f 1976 2023 1997
f 2001 2023 1976
f 1977 2024 1998
f 2002 2024 1977
f 1978 2025 1999
f 2003 2025 1978
f 2005 2026 1979
f 1979 2026 2000
f 2006 2027 1980
f 1980 2027 2001
f 2028 2029 2008
f 1981 2029 2002
f 2007 2029 1981
f 2008 2029 2007
f 2010 2030 1982
f 1982 2030 2003
f 1983 2031 2004
f 2004 2031 1302
f 2011 2031 1983
f 1302 2031 1301
f 2012 2032 1984
f 1984 2032 2005
f 2013 2033 1985
f 1985 2033 2006
f 2014 2034 1988
f 1988 2034 2010
f 2015 2035 1989
f 1989 2035 2011
f 1990 2036 2012
f 2016 2036 1990
f 1991 2037 2013
f 2017 2037 1991
f 1992 2038 2014
f 2018 2038 1992
f 1993 2039 2015
f 2019 2039 1993
f 1994 2040 2016
f 2020 2040 1994
f 1995 2041 2017
f 2021 2041 1995
f 1996 2042 2018
f 2022 2042 1996
f 1997 2043 2019
f 2023 2043 1997
f 1998 2044 2020
f 2024 2044 1998
f 1999 2045 2021
f 2025 2045 1999
f 2000 2046 2022
f 2026 2046 2000
f 2001 2047 2023
f 2027 2047 2001
f 2048 2049 2050
f 2050 2049 2028
f 2002 2049 2024
f 2029 2049 2002
f 2028 2049 2029
f 2003 2051 2025
f 2030 2051 2003
f 2005 2052 2026
f 2032 2052 2005
f 2033 2053 2006
f 2006 2053 2027
f 2010 2054 2030
f 2034 2054 2010
f 2035 2055 2011
f 2011 2055 2031
f 2012 2056 2032
f 2036 2056 2012
f 2013 2057 2033
f 2037 2057 2013
f 2038 2058 2014
f 2014 2058 2034
f 2015 2059 2035
f 2039 2059 2015
f 2016 2060 2036
f 2040 2060 2016
f 2041 2061 2017
f 2017 2061 2037
f 2042 2062 2018
f 2018 2062 2038
f 2043 2063 2019
f 2019 2063 2039
f 2020 2064 2040
f 2044 2064 2020
f 2045 2065 2021
f 2021 2065 2041
f 2022 2066 2042
f 2046 2066 2022
f 2047 2067 2023
f 2023 2067 2043
f 2068 2069 2048
f 2048 2069 2049
f 2024 2069 2044
f 2049 2069 2024
f 2051 2070 2025
f 2025 2070 2045
f 2026 2071 2046
f 2052 2071 2026
f 2053 2072 2027
f 2027 2072 2047
f 2054 2073 2030
f 2030 2073 2051
f 2055 2074 2031
f 2031 2074 1301
f 1300 2074 1299
f 1301 2074 1300
f 2032 2075 2052
f 2056 2075 2032
f 2033 2076 2053
f 2057 2076 2033
f 2058 2077 2034
f 2034 2077 2054
f 2035 2078 2055
f 2059 2078 2035
f 2036 2079 2056
f 2060 2079 2036
f 2061 2080 2037
f 2037 2080 2057
f 2038 2081 2058
f 2062 2081 2038
f 2063 2082 2039
f 2039 2082 2059
f 2040 2083 2060
f 2064 2083 2040
f 2065 2084 2041
f 2041 2084 2061
f 2066 2085 2042
f 2042 2085 2062
f 2067 2086 2043
f 2043 2086 2063
f 2087 2088 2068
f 2068 2088 2069
f 2044 2088 2064
f 2069 2088 2044
f 2070 2089 2045
f 2045 2089 2065
f 2071 2090 2046
f 2046 2090 2066
f 2047 2091 2067
f 2072 2091 2047
f 2051 2092 2070
f 2073 2092 2051
f 2075 2093 2052
f 2052 2093 2071
f 2053 2094 2072
f 2076 2094 2053
f 2077 2095 2054
f 2054 2095 2073
f 2055 2096 2074
f 2078 2096 2055
f 1299 2096 1298
f 2074 2096 1299
f 2079 2097 2056
f 2056 2097 2075
f 2080 2098 2057
f 2057 2098 2076
f 2081 2099 2058
f 2058 2099 2077
f 2059 2100 2078
f 2082 2100 2059
f 2060 2101 2079
f 2083 2101 2060
f 2061 2102 2080
f 2084 2102 2061
f 2085 2103 2062
f 2062 2103 2081
f 2063 2104 2082
f 2086 2104 2063
f 2105 2106 2107
f 2107 2106 2087
f 2088 2106 2064
f 2087 2106 2088
f 2064 2106 2083
f 2089 2108 2065
f 2065 2108 2084
f 2066 2109 2085
f 2090 2109 2066
f 2067 2110 2086
f 2091 2110 2067
f 2092 2111 2070
f 2070 2111 2089
f 2093 2112 2071
f 2071 2112 2090
f 2072 2113 2091
f 2094 2113 2072
f 2095 2114 2073
f 2073 2114 2092
f 2097 2115 2075
f 2075 2115 2093
f 2076 2116 2094
f 2098 2116 2076
f 2099 2117 2077
f 2077 2117 2095
f 2078 2118 2096
f 2100 2118 2078
f 2101 2119 2079
f 2079 2119 2097
f 2102 2120 2080
f 2080 2120 2098
f 2103 2121 2081
f 2081 2121 2099
f 2082 2122 2100
f 2104 2122 2082
f 2123 2124 2105
f 2106 2124 2083
f 2105 2124 2106
f 2083 2124 2101
f 2108 2125 2084
f 2084 2125 2102
f 2085 2126 2103
f 2109 2126 2085
f 2110 2127 2086
f 2086 2127 2104
f 2089 2128 2108
f 2111 2128 2089
f 2090 2129 2109
f 2112 2129 2090
f 2113 2130 2091
f 2091 2130 2110
f 2114 2131 2092
f 2092 2131 2111
f 2093 2132 2112
f 2115 2132 2093
f 2116 2133 2094
f 2094 2133 2113
f 2095 2134 2114
f 2117 2134 2095
f 2096 2135 1298
f 2118 2135 2096
f 1298 2135 1297
f 2097 2136 2115
f 2119 2136 2097
f 2098 2137 2116
f 2120 2137 2098
f 2121 2138 2099
f 2099 2138 2117
f 2100 2139 2118
f 2122 2139 2100
f 2140 2141 2142
f 2142 2141 2123
f 2101 2141 2119
f 2123 2141 2124
f 2124 2141 2101
f 2125 2143 2102
f 2102 2143 2120
f 2103 2144 2121
f 2126 2144 2103
f 2127 2145 2104
f 2104 2145 2122
f 2128 2146 2108
f 2108 2146 2125
f 2129 2147 2109
f 2109 2147 2126
f 2110 2148 2127
f 2130 2148 2110
f 2111 2149 2128
f 2131 2149 2111
f 2112 2150 2129
f 2132 2150 2112
f 2113 2151 2130
f 2133 2151 2113
f 2134 2152 2114
f 2114 2152 2131
f 2115 2153 2132
f 2136 2153 2115
f 2116 2154 2133
f 2137 2154 2116
f 2117 2155 2134
f 2138 2155 2117
f 2118 2156 2135
f 2135 2156 1297
f 2139 2156 2118
f 1296 2156 1295
f 1297 2156 1296
f 2157 2158 2140
f 2141 2158 2119
f 2140 2158 2141
f 2119 2158 2136
f 2143 2159 2120
f 2120 2159 2137
f 2144 2160 2121
f 2121 2160 2138
f 2145 2161 2122
f 2122 2161 2139
f 2146 2162 2125
f 2125 2162 2143
f 2147 2163 2126
f 2126 2163 2144
f 2127 2164 2145
f 2148 2164 2127
f 2128 2165 2146
f 2149 2165 2128
f 2129 2166 2147
f 2150 2166 2129
f 2151 2167 2130
f 2130 2167 2148
f 2131 2168 2149
f 2152 2168 2131
f 2132 2169 2150
f 2153 2169 2132
f 2154 2170 2133
f 2133 2170 2151
f 2134 2171 2152
f 2155 2171 2134
f 2136 2172 2153
f 2157 2172 2158
f 2158 2172 2136
f 2173 2172 2174
f 2174 2172 2157
f 2159 2175 2137
f 2137 2175 2154
f 2138 2176 2155
f 2160 2176 2138
f 2161 2177 2139
f 2139 2177 2156
f 2162 2178 2143
f 2143 2178 2159
f 2144 2179 2160
f 2163 2179 2144
f 2145 2180 2161
f 2164 2180 2145
f 2146 2181 2162
f 2165 2181 2146
f 2147 2182 2163
f 2166 2182 2147
f 2148 2183 2164
f 2167 2183 2148
f 2168 2184 2149
f 2149 2184 2165
f 2169 2185 2150
f 2150 2185 2166
f 2151 2186 2167
f 2170 2186 2151
f 2152 2187 2168
f 2171 2187 2152
f 2172 2188 2153
f 2173 2188 2172
f 2153 2188 2169
f 2189 2188 2173
f 2175 2190 2154
f 2154 2190 2170
f 2176 2191 2155
f 2155 2191 2171
f 2177 2192 2156
f 1295 2192 1294
f 2156 2192 1295
f 2159 2193 2175
f 2178 2193 2159
f 2179 2194 2160
f 2160 2194 2176
f 2161 2195 2177
f 2180 2195 2161
f 2162 2196 2178
f 2181 2196 2162
f 2182 2197 2163
f 2163 2197 2179
f 2164 2198 2180
f 2183 2198 2164
f 2165 2199 2181
f 2184 2199 2165
f 2185 2200 2166
f 2166 2200 2182
f 2186 2201 2167
f 2167 2201 2183
f 2168 2202 2184
f 2187 2202 2168
f 2203 2204 2189
f 2169 2204 2185
f 2189 2204 2188
f 2188 2204 2169
f 2170 2205 2186
f 2190 2205 2170
f 2191 2206 2171
f 2171 2206 2187
f 2193 2207 2175
f 2175 2207 2190
f 2176 2208 2191
f 2194 2208 2176
f 2192 2209 1294
f 1293 2209 1292
f 1294 2209 1293
f 2195 2209 2177
f 2177 2209 2192
f 2196 2210 2178
f 2178 2210 2193
f 2179 2211 2194
f 2197 2211 2179
f 2198 2212 2180
f 2180 2212 2195
f 2181 2213 2196
f 2199 2213 2181
f 2182 2214 2197
f 2200 2214 2182
f 2201 2215 2183
f 2183 2215 2198
f 2184 2216 2199
f 2202 2216 2184
f 2185 2217 2200
f 2204 2217 2185
f 2218 2217 2203
f 2219 2217 2218
f 2203 2217 2204
f 2205 2220 2186
f 2186 2220 2201
f 2187 2221 2202
f 2206 2221 2187
f 2190 2222 2205
f 2207 2222 2190
f 2191 2223 2206
f 2208 2223 2191
f 2210 2224 2193
f 2193 2224 2207
f 2211 2225 2194
f 2194 2225 2208
f 2195 2226 2209
f 2212 2226 2195
f 2196 2227 2210
f 2213 2227 2196
f 2197 2228 2211
f 2214 2228 2197
f 2215 2229 2198
f 2198 2229 2212
f 2199 2230 2213
f 2216 2230 2199
f 2200 2231 2214
f 2219 2231 2217
f 2232 2231 2219
f 2217 2231 2200
f 2220 2233 2201
f 2201 2233 2215
f 2221 2234 2202
f 2202 2234 2216
f 2222 2235 2205
f 2205 2235 2220
f 2206 2236 2221
f 2223 2236 2206
f 2207 2237 2222
f 2224 2237 2207
f 2208 2238 2223
f 2225 2238 2208
f 2209 2239 1292
f 2226 2239 2209
f 1292 2239 1291
f 2210 2240 2224
f 2227 2240 2210
f 2228 2241 2211
f 2211 2241 2225
f 2212 2242 2226
f 2229 2242 2212
f 2213 2243 2227
f 2230 2243 2213
f 2231 2244 2214
f 2214 2244 2228
f 2245 2244 2232
f 2246 2244 2245
f 2232 2244 2231
f 2215 2247 2229
f 2233 2247 2215
f 2216 2248 2230
f 2234 2248 2216
f 2235 2249 2220
f 2220 2249 2233
f 2236 2250 2221
f 2221 2250 2234
f 2222 2251 2235
f 2237 2251 2222
f 2223 2252 2236
f 2238 2252 2223
f 2240 2253 2224
f 2224 2253 2237
f 2225 2254 2238
f 2241 2254 2225
f 2226 2255 2239
f 2239 2255 1291
f 2242 2255 2226
f 1291 2255 1290
f 2243 2256 2227
f 2227 2256 2240
f 2246 2257 2244
f 2228 2257 2241
f 2258 2257 2246
f 2244 2257 2228
f 2229 2259 2242
f 2247 2259 2229
f 2230 2260 2243
f 2248 2260 2230
f 2233 2261 2247
f 2249 2261 2233
f 2250 2262 2234
f 2234 2262 2248
f 2251 2263 2235
f 2235 2263 2249
f 2252 2264 2236
f 2236 2264 2250
f 2253 2265 2237
f 2237 2265 2251
f 2254 2266 2238
f 2238 2266 2252
f 2240 2267 2253
f 2256 2267 2240
f 2241 2268 2254
f 2258 2268 2257
f 2257 2268 2241
f 2269 2268 2258
f 2270 2268 2269
f 2259 2271 2242
f 2242 2271 2255
f 2260 2272 2243
f 2243 2272 2256
f 2247 2273 2259
f 2261 2273 2247
f 2262 2274 2248
f 2248 2274 2260
f 2263 2275 2249
f 2249 2275 2261
f 2264 2276 2250
f 2250 2276 2262
f 2251 2277 2263
f 2265 2277 2251
f 2252 2278 2264
f 2266 2278 2252
f 2253 2279 2265
f 2267 2279 2253
f 2254 2280 2266
f 2268 2280 2254
f 2281 2280 2270
f 2270 2280 2268
f 1289 2282 1288
f 1290 2282 1289
f 2255 2282 1290
f 2271 2282 2255
f 2256 2283 2267
f 2272 2283 2256
f 2273 2284 2259
f 2259 2284 2271
f 2260 2285 2272
f 2274 2285 2260
f 2261 2286 2273
f 2275 2286 2261
f 2276 2287 2262
f 2262 2287 2274
f 2277 2288 2263
f 2263 2288 2275
f 2264 2289 2276
f 2278 2289 2264
f 2265 2290 2277
f 2279 2290 2265
f 2281 2291 2280
f 2280 2291 2266
f 2292 2291 2281
f 2266 2291 2278
f 2283 2293 2267
f 2267 2293 2279
f 2284 2294 2271
f 1288 2294 1287
f 2282 2294 1288
f 2271 2294 2282
f 2285 2295 2272
f 2272 2295 2283
f 2273 2296 2284
f 2286 2296 2273
f 2287 2297 2274
f 2274 2297 2285
f 2275 2298 2286
f 2288 2298 2275
f 2289 2299 2276
f 2276 2299 2287
f 2290 2300 2277
f 2277 2300 2288
f 2278 2301 2289
f 2291 2301 2278
f 2292 2301 2291
f 2302 2301 2292
f 2303 2301 2302
f 2293 2304 2279
f 2279 2304 2290
f 2295 2305 2283
f 2283 2305 2293
f 2296 2306 2284
f 2284 2306 2294
f 2297 2307 2285
f 2285 2307 2295
f 2298 2308 2286
f 2286 2308 2296
f 2299 2309 2287
f 2287 2309 2297
f 2300 2310 2288
f 2288 2310 2298
f 2289 2311 2299
f 2301 2311 2289
f 2303 2311 2301
f 2312 2311 2303
f 2304 2313 2290
f 2290 2313 2300
f 2293 2314 2304
f 2305 2314 2293
f 2306 2315 2294
f 2294 2315 1287
f 1286 2315 1285
f 1287 2315 1286
f 2295 2316 2305
f 2307 2316 2295
f 2296 2317 2306
f 2308 2317 2296
f 2297 2318 2307
f 2309 2318 2297
f 2298 2319 2308
f 2310 2319 2298
f 2312 2320 2311
f 2311 2320 2299
f 2299 2320 2309
f 2321 2320 2312
f 2322 2320 2321
f 2300 2323 2310
f 2313 2323 2300
f 2314 2324 2304
f 2304 2324 2313
f 2305 2325 2314
f 2316 2325 2305
f 2315 2326 1285
f 2317 2326 2306
f 1285 2326 1284
f 2306 2326 2315
f 2318 2327 2307
f 2307 2327 2316
f 2319 2328 2308
f 2308 2328 2317
f 2320 2329 2309
f 2322 2329 2320
f 2330 2329 2322
f 2309 2329 2318
f 2323 2331 2310
f 2310 2331 2319
f 2313 2332 2323
f 2324 2332 2313
f 2325 2333 2314
f 2314 2333 2324
f 2327 2334 2316
f 2316 2334 2325
f 2328 2335 2317
f 2317 2335 2326
f 2329 2336 2318
f 2330 2336 2329
f 2318 2336 2327
f 2337 2336 2330
f 2319 2338 2328
f 2331 2338 2319
f 2332 2339 2323
f 2323 2339 2331
f 2324 2340 2332
f 2333 2340 2324
f 2325 2341 2333
f 2334 2341 2325
f 2335 2342 2326
f 2326 2342 1284
f 1284 2342 1283
f 2327 2343 2334
f 2337 2343 2336
f 2344 2343 2337
f 2345 2343 2344
f 2336 2343 2327
f 2328 2346 2335
f 2338 2346 2328
f 2331 2347 2338
f 2339 2347 2331
f 2332 2348 2339
f 2340 2348 2332
f 2333 2349 2340
f 2341 2349 2333
f 2334 2350 2341
f 2343 2350 2334
f 2345 2350 2343
f 2351 2350 2345
f 2335 2352 2342
f 1282 2352 1281
f 1283 2352 1282
f 2342 2352 1283
f 2346 2352 2335
f 2338 2353 2346
f 2347 2353 2338
f 2348 2354 2339
f 2339 2354 2347
f 2340 2355 2348
f 2349 2355 2340
f 2341 2356 2349
f 2350 2356 2341
f 2357 2356 2351
f 2358 2356 2357
f 2351 2356 2350
f 2346 2359 2352
f 2353 2359 2346
f 2347 2360 2353
f 2354 2360 2347
f 2348 2361 2354
f 2355 2361 2348
f 2358 2362 2356
f 2356 2362 2349
f 2363 2362 2358
f 2349 2362 2355
f 1281 2364 1280
f 2359 2364 2352
f 2352 2364 1281
f 2353 2365 2359
f 2360 2365 2353
f 2354 2366 2360
f 2361 2366 2354
f 2355 2367 2361
f 2362 2367 2355
f 2363 2367 2362
f 2368 2367 2363
f 2369 2367 2368
f 2364 2370 1280
f 2365 2370 2359
f 2359 2370 2364
f 1280 2370 1279
f 2360 2371 2365
f 2366 2371 2360
f 2361 2372 2366
f 2367 2372 2361
f 2369 2372 2367
f 2373 2372 2369
f 2365 2374 2370
f 2371 2374 2365
f 2372 2375 2366
f 2366 2375 2371
f 2373 2375 2372
f 2376 2375 2373
f 1278 2377 1277
f 1279 2377 1278
f 2370 2377 1279
f 2374 2377 2370
f 2375 2378 2371
f 2376 2378 2375
f 2371 2378 2374
f 2379 2378 2376
f 2380 2378 2379
f 1277 2381 1276
f 2377 2381 1277
f 2378 2381 2374
f 2374 2381 2377
f 2380 2381 2378
f 1276 2381 1341
f 1341 2381 2380
f 2382 2383 2384
f 2385 2384 2386
f 2385 2382 2384
f 2387 2385 2386
f 2388 2387 2386
f 2388 2386 2389
f 2388 2389 2390
f 2391 2388 2390
f 2391 2390 2392
f 2393 2391 2392
f 2394 2392 2395
f 2394 2393 2392
f 2396 2395 2397
f 2396 2394 2395
f 2398 2397 2399
f 2398 2396 2397
f 2400 2399 2401
f 2400 2401 2402
f 2400 2398 2399
f 2403 2400 2402
f 2404 2402 2405
f 2404 2403 2402
f 2406 2405 2407
f 2406 2404 2405
f 2408 2407 2409
f 2408 2406 2407
f 2410 2409 2411
f 2410 2408 2409
f 2412 2411 2413
f 2412 2410 2411
f 2414 2413 2415
f 2414 2412 2413
f 2416 2415 2417
f 2416 2414 2415
f 2418 2419 2420
f 2421 2419 2418
f 2422 2419 2421
f 2423 2419 2422
f 2424 2417 2419
f 2424 2416 2417
f 2424 2419 2423
f 2425 2420 2426
f 2427 2424 2423
f 2428 2424 2427
f 2429 2421 2430
f 2429 2422 2421
f 2431 2424 2428
f 2432 2426 2433
f 2434 2429 2430
f 2435 2423 2436
f 2435 2427 2423
f 2437 2431 2428
f 2438 2429 2434
f 2439 2431 2437
f 2440 2433 2441
f 2442 2436 2443
f 2442 2435 2436
f 2444 2439 2437
f 2445 2438 2434
f 2445 2434 2446
f 2447 2439 2444
f 2448 2441 2449
f 2450 2445 2446
f 2451 2442 2443
f 2451 2443 2452
f 2453 2447 2444
f 2454 2445 2450
f 2455 2447 2453
f 2456 2449 2457
f 2458 2452 2459
f 2458 2451 2452
f 2460 2455 2453
f 2461 2454 2450
f 2461 2450 2462
f 2463 2455 2460
f 2464 2457 2465
f 2466 2459 2467
f 2466 2458 2459
f 2468 2463 2460
f 2469 2461 2462
f 2469 2462 2470
f 2471 2463 2468
f 2472 2465 2473
f 2474 2469 2470
f 2475 2467 2476
f 2475 2466 2467
f 2477 2471 2468
f 2478 2469 2474
f 2479 2480 2473
f 2481 2471 2477
f 2482 2476 2483
f 2482 2475 2476
f 2484 2474 2485
f 2484 2478 2474
f 2486 2484 2485
f 2487 2488 2479
f 2489 2481 2490
f 2491 2482 2483
f 2491 2483 2492
f 2493 2484 2486
f 2494 2491 2492
f 2495 2496 2487
f 2497 2489 2498
f 2499 2491 2494
f 2500 2493 2486
f 2500 2486 2501
f 2502 2500 2501
f 2503 2504 2495
f 2505 2497 2506
f 2507 2494 2508
f 2507 2499 2494
f 2509 2500 2502
f 2510 2507 2508
f 2511 2509 2502
f 2512 2513 2503
f 2514 2505 2515
f 2516 2507 2510
f 2517 2509 2511
f 2518 2519 2512
f 2520 2514 2521
f 2522 2510 2523
f 2522 2516 2510
f 2524 2511 2525
f 2524 2517 2511
f 2526 2524 2525
f 2527 2528 2518
f 2529 2520 2530
f 2531 2523 2532
f 2531 2522 2523
f 2533 2524 2526
f 2534 2531 2532
f 2535 2536 2527
f 2537 2529 2538
f 2539 2531 2534
f 2540 2533 2526
f 2540 2526 2541
f 2542 2539 2534
f 2542 2534 2543
f 2544 2545 2535
f 2546 2537 2547
f 2548 2540 2541
f 2548 2541 2549
f 2550 2548 2549
f 2551 2543 2552
f 2551 2542 2543
f 2553 2554 2544
f 2555 2546 2556
f 2557 2548 2550
f 2558 2551 2552
f 2559 2551 2558
f 2560 2561 2553
f 2562 2555 2563
f 2564 2557 2550
f 2564 2550 2565
f 2566 2564 2565
f 2567 2558 2568
f 2567 2559 2558
f 2569 2570 2560
f 2571 2562 2572
f 2573 2564 2566
f 2574 2567 2568
f 2575 2573 2566
f 2576 2567 2574
f 2577 2578 2569
f 2579 2571 2580
f 2581 2573 2575
f 2582 2576 2574
f 2582 2574 2583
f 2584 2585 2577
f 2586 2579 2587
f 2588 2581 2575
f 2588 2575 2589
f 2590 2582 2583
f 2590 2583 2591
f 2592 2593 2584
f 2594 2586 2595
f 2594 2595 2596
f 2597 2588 2589
f 2597 2589 2598
f 2599 2597 2598
f 2600 2590 2591
f 2600 2591 2601
f 2602 2603 2592
f 2604 2594 2596
f 2604 2596 2605
f 2606 2597 2599
f 2607 2601 2608
f 2607 2600 2601
f 2609 2610 2602
f 2611 2604 2605
f 2611 2605 2612
f 2613 2606 2599
f 2613 2599 2614
f 2615 2613 2614
f 2616 2608 2617
f 2616 2607 2608
f 2618 2619 2609
f 2620 2612 2621
f 2620 2611 2612
f 2622 2613 2615
f 2623 2617 2624
f 2623 2616 2617
f 2625 2626 2618
f 2625 2627 2626
f 2628 2620 2621
f 2628 2621 2629
f 2630 2622 2615
f 2630 2627 2625
f 2630 2615 2627
f 2631 2630 2625
f 2632 2623 2624
f 2632 2624 2631
f 2633 2628 2629
f 2633 2629 2634
f 2635 2631 2625
f 2635 2632 2631
f 2635 2633 2634
f 2635 2634 2632
f 2635 2625 2636
f 2637 2635 2636
f 2638 2637 2636
f 2638 2636 2639
f 2640 2638 2639
f 2640 2639 2641
f 2640 2641 2642
f 2643 2642 2644
f 2643 2640 2642
f 2645 2643 2644
f 2646 2644 2647
f 2646 2645 2644
f 2648 2647 2649
f 2648 2646 2647
f 2650 2649 2651
f 2650 2648 2649
f 2652 2651 2653
f 2652 2650 2651
f 2654 2653 2655
f 2654 2652 2653
f 2656 2655 2657
f 2656 2654 2655
f 2658 2657 2659
f 2658 2656 2657
f 2660 2659 2661
f 2660 2658 2659
f 2662 2661 2663
f 2662 2660 2661
f 2664 2663 2665
f 2664 2662 2663
f 2666 2665 2667
f 2666 2664 2665
f 2668 2667 2669
f 2668 2666 2667
f 2670 2668 2669
f 2670 2669 2671
f 2425 2418 2420
f 2432 2425 2426
f 2440 2432 2433
f 2448 2440 2441
f 2456 2448 2449
f 2464 2456 2457
f 2472 2464 2465
f 2480 2472 2473
f 2488 2480 2479
f 2496 2488 2487
f 2504 2496 2495
f 2513 2504 2503
f 2519 2513 2512
f 2528 2519 2518
f 2536 2528 2527
f 2545 2536 2535
f 2554 2545 2544
f 2561 2554 2553
f 2570 2561 2560
f 2578 2570 2569
f 2585 2578 2577
f 2593 2585 2584
f 2603 2593 2592
f 2610 2603 2602
f 2619 2610 2609
f 2626 2619 2618
f 2477 2490 2481
f 2490 2498 2489
f 2498 2506 2497
f 2506 2515 2505
f 2515 2521 2514
f 2521 2530 2520
f 2530 2538 2529
f 2538 2547 2537
f 2547 2556 2546
f 2556 2563 2555
f 2563 2572 2562
f 2572 2580 2571
f 2580 2587 2579
f 2587 2595 2586
f 2672 2487 2479
f 2672 2495 2487
f 2672 2673 2495
f 2674 2675 2676
f 2674 2676 2677
f 2674 2678 2679
f 2674 2679 2680
f 2674 2677 2678
f 2681 2682 2683
f 2681 2684 2682
f 2685 2686 2687
f 2685 2687 2688
f 2685 2688 2689
f 2690 2691 2673
f 2690 2692 2691
f 2690 2693 2692
f 2694 2473 2465
f 2694 2479 2473
f 2694 2672 2479
f 2695 2696 2697
f 2695 2697 2675
f 2695 2674 2680
f 2695 2680 2698
f 2695 2675 2674
f 2699 2681 2683
f 2699 2683 2700
f 2699 2700 2686
f 2701 2685 2689
f 2702 2690 2673
f 2702 2673 2672
f 2703 2457 2449
f 2703 2465 2457
f 2703 2694 2465
f 2704 2705 2706
f 2704 2706 2696
f 2704 2696 2695
f 2704 2695 2698
f 2704 2684 2681
f 2704 2698 2684
f 2707 2686 2685
f 2707 2699 2686
f 2708 2689 2693
f 2708 2693 2690
f 2708 2701 2689
f 2709 2702 2672
f 2710 2703 2449
f 2710 2441 2433
f 2710 2449 2441
f 2711 2712 2713
f 2711 2713 2705
f 2711 2704 2681
f 2711 2705 2704
f 2714 2707 2685
f 2715 2708 2690
f 2716 2672 2694
f 2716 2709 2672
f 2716 2694 2703
f 2717 2426 2420
f 2717 2433 2426
f 2717 2710 2433
f 2718 2719 2720
f 2718 2712 2711
f 2718 2720 2712
f 2718 2681 2699
f 2718 2711 2681
f 2718 2699 2707
f 2721 2685 2701
f 2721 2714 2685
f 2722 2690 2702
f 2722 2715 2690
f 2723 2716 2703
f 2724 2717 2420
f 2724 2419 2417
f 2724 2420 2419
f 2725 2726 2727
f 2725 2727 2719
f 2725 2707 2714
f 2725 2719 2718
f 2725 2718 2707
f 2728 2721 2701
f 2728 2701 2708
f 2729 2709 2716
f 2729 2722 2702
f 2729 2702 2709
f 2730 2703 2710
f 2730 2710 2717
f 2730 2723 2703
f 2731 2415 2413
f 2731 2417 2415
f 2731 2724 2417
f 2732 2733 2734
f 2732 2734 2726
f 2732 2725 2714
f 2732 2726 2725
f 2735 2708 2715
f 2735 2728 2708
f 2735 2715 2722
f 2736 2729 2716
f 2737 2730 2717
f 2738 2411 2409
f 2738 2413 2411
f 2738 2731 2413
f 2739 2732 2714
f 2739 2733 2732
f 2739 2714 2721
f 2739 2721 2728
f 2739 2740 2741
f 2739 2741 2733
f 2742 2735 2722
f 2742 2722 2729
f 2743 2736 2716
f 2743 2723 2730
f 2743 2716 2723
f 2744 2737 2717
f 2744 2717 2724
f 2745 2407 2405
f 2745 2409 2407
f 2745 2738 2409
f 2746 2740 2739
f 2746 2739 2728
f 2746 2747 2748
f 2746 2748 2740
f 2749 2742 2729
f 2750 2743 2730
f 2751 2724 2731
f 2751 2744 2724
f 2752 2402 2401
f 2752 2405 2402
f 2752 2745 2405
f 2753 2747 2746
f 2753 2728 2735
f 2753 2754 2747
f 2753 2746 2728
f 2755 2749 2729
f 2755 2729 2736
f 2756 2730 2737
f 2756 2737 2744
f 2756 2750 2730
f 2757 2738 2745
f 2757 2731 2738
f 2757 2751 2731
f 2758 2399 2397
f 2758 2401 2399
f 2758 2752 2401
f 2759 2735 2742
f 2759 2742 2749
f 2759 2754 2753
f 2759 2753 2735
f 2759 2760 2761
f 2759 2761 2754
f 2762 2755 2736
f 2762 2736 2743
f 2762 2743 2750
f 2763 2756 2744
f 2764 2757 2745
f 2765 2395 2392
f 2765 2397 2395
f 2765 2758 2397
f 2766 2759 2749
f 2766 2760 2759
f 2766 2767 2768
f 2766 2768 2760
f 2769 2750 2756
f 2769 2762 2750
f 2770 2744 2751
f 2770 2763 2744
f 2771 2764 2745
f 2771 2745 2752
f 2772 2390 2389
f 2772 2392 2390
f 2772 2765 2392
f 2773 2766 2749
f 2773 2749 2755
f 2773 2755 2762
f 2773 2774 2775
f 2773 2775 2767
f 2773 2767 2766
f 2776 2769 2756
f 2777 2770 2751
f 2777 2751 2757
f 2778 2771 2752
f 2778 2752 2758
f 2778 2758 2765
f 2779 2384 2383
f 2779 2386 2384
f 2779 2389 2386
f 2779 2772 2389
f 2780 2774 2773
f 2780 2773 2762
f 2780 2781 2782
f 2780 2782 2774
f 2783 2776 2756
f 2783 2756 2763
f 2784 2777 2757
f 2784 2764 2771
f 2784 2757 2764
f 2785 2778 2765
f 2786 2781 2780
f 2786 2762 2769
f 2786 2787 2788
f 2786 2788 2781
f 2786 2780 2762
f 2789 2783 2763
f 2789 2763 2770
f 2789 2770 2777
f 2790 2784 2771
f 2791 2785 2765
f 2791 2765 2772
f 2792 2786 2769
f 2792 2769 2776
f 2792 2787 2786
f 2792 2793 2794
f 2792 2794 2787
f 2795 2789 2777
f 2796 2790 2771
f 2796 2771 2778
f 2797 2772 2779
f 2797 2791 2772
f 2797 2779 2383
f 2798 2792 2776
f 2798 2776 2783
f 2798 2793 2792
f 2798 2799 2800
f 2798 2800 2793
f 2801 2777 2784
f 2801 2795 2777
f 2802 2778 2785
f 2802 2796 2778
f 2803 2798 2783
f 2803 2799 2798
f 2803 2804 2805
f 2803 2805 2799
f 2803 2783 2789
f 2806 2784 2790
f 2806 2801 2784
f 2806 2790 2796
f 2807 2785 2791
f 2807 2802 2785
f 2808 2789 2795
f 2808 2803 2789
f 2808 2804 2803
f 2808 2809 2810
f 2808 2810 2804
f 2808 2795 2801
f 2811 2806 2796
f 2812 2791 2797
f 2812 2797 2383
f 2812 2383 2813
f 2812 2807 2791
f 2814 2808 2801
f 2814 2815 2816
f 2814 2816 2809
f 2814 2809 2808
f 2817 2802 2807
f 2817 2811 2796
f 2817 2796 2802
f 2818 2801 2806
f 2818 2814 2801
f 2818 2819 2820
f 2818 2820 2815
f 2818 2815 2814
f 2821 2817 2807
f 2822 2811 2817
f 2822 2818 2806
f 2822 2823 2824
f 2822 2824 2819
f 2822 2806 2811
f 2822 2819 2818
f 2825 2821 2807
f 2825 2807 2812
f 2825 2812 2813
f 2826 2827 2828
f 2826 2828 2823
f 2826 2823 2822
f 2826 2822 2817
f 2829 2827 2826
f 2829 2830 2831
f 2829 2831 2827
f 2829 2826 2817
f 2829 2817 2821
f 2832 2829 2821
f 2832 2813 2833
f 2832 2833 2834
f 2832 2834 2830
f 2832 2825 2813
f 2832 2821 2825
f 2832 2830 2829
f 2835 2667 2665
f 2835 2669 2667
f 2835 2671 2669
f 2836 2663 2661
f 2836 2665 2663
f 2836 2835 2665
f 2837 2836 2661
f 2837 2659 2657
f 2837 2661 2659
f 2838 2671 2835
f 2839 2655 2653
f 2839 2657 2655
f 2839 2837 2657
f 2840 2835 2836
f 2840 2838 2835
f 2841 2839 2653
f 2841 2651 2649
f 2841 2653 2651
f 2842 2840 2836
f 2842 2836 2837
f 2843 2647 2644
f 2843 2649 2647
f 2843 2841 2649
f 2844 2671 2838
f 2844 2845 2671
f 2846 2839 2841
f 2846 2837 2839
f 2846 2842 2837
f 2847 2642 2641
f 2847 2644 2642
f 2847 2843 2644
f 2848 2838 2840
f 2848 2840 2842
f 2848 2844 2838
f 2849 2846 2841
f 2850 2639 2636
f 2850 2641 2639
f 2850 2847 2641
f 2851 2848 2842
f 2852 2841 2843
f 2852 2849 2841
f 2853 2625 2618
f 2853 2636 2625
f 2853 2850 2636
f 2854 2845 2844
f 2855 2842 2846
f 2855 2851 2842
f 2856 2852 2843
f 2856 2843 2847
f 2857 2609 2602
f 2857 2618 2609
f 2857 2853 2618
f 2858 2854 2844
f 2858 2844 2848
f 2858 2848 2851
f 2859 2855 2846
f 2859 2846 2849
f 2860 2856 2847
f 2860 2847 2850
f 2861 2592 2584
f 2861 2602 2592
f 2861 2857 2602
f 2862 2858 2851
f 2863 2859 2849
f 2863 2849 2852
f 2864 2860 2850
f 2864 2850 2853
f 2864 2853 2857
f 2865 2577 2569
f 2865 2584 2577
f 2865 2861 2584
f 2866 2867 2868
f 2866 2868 2869
f 2866 2869 2845
f 2866 2845 2854
f 2870 2851 2855
f 2870 2862 2851
f 2871 2852 2856
f 2871 2863 2852
f 2872 2864 2857
f 2873 2865 2569
f 2873 2560 2553
f 2873 2569 2560
f 2874 2875 2876
f 2874 2876 2867
f 2874 2867 2866
f 2874 2854 2858
f 2874 2866 2854
f 2877 2855 2859
f 2877 2870 2855
f 2878 2871 2856
f 2878 2856 2860
f 2879 2872 2857
f 2879 2861 2865
f 2879 2857 2861
f 2880 2544 2535
f 2880 2553 2544
f 2880 2873 2553
f 2881 2858 2862
f 2881 2882 2883
f 2881 2883 2875
f 2881 2875 2874
f 2881 2874 2858
f 2679 2877 2859
f 2679 2859 2863
f 2682 2878 2860
f 2682 2864 2872
f 2682 2860 2864
f 2687 2879 2865
f 2687 2865 2873
f 2692 2880 2535
f 2692 2527 2518
f 2692 2535 2527
f 2884 2881 2862
f 2884 2885 2886
f 2884 2886 2882
f 2884 2862 2870
f 2884 2882 2881
f 2680 2863 2871
f 2680 2679 2863
f 2683 2682 2872
f 2688 2687 2873
f 2691 2518 2512
f 2691 2692 2518
f 2887 2888 2889
f 2887 2889 2885
f 2887 2870 2877
f 2887 2885 2884
f 2887 2884 2870
f 2698 2878 2682
f 2698 2871 2878
f 2698 2680 2871
f 2700 2879 2687
f 2700 2683 2872
f 2700 2872 2879
f 2689 2688 2873
f 2689 2873 2880
f 2673 2503 2495
f 2673 2512 2503
f 2673 2691 2512
f 2678 2677 2890
f 2678 2890 2888
f 2678 2887 2877
f 2678 2888 2887
f 2678 2877 2679
f 2684 2698 2682
f 2686 2700 2687
f 2693 2689 2880
f 2693 2880 2692
f 2891 2892 2893
f 2894 2895 2896
f 2894 2897 2895
f 2898 2899 2897
f 2898 2897 2894
f 2900 2899 2898
f 2900 2901 2899
f 2902 2903 2901
f 2902 2901 2900
f 2904 2896 2905
f 2904 2894 2896
f 2906 2903 2902
f 2906 2907 2903
f 2908 2898 2894
f 2908 2894 2904
f 2909 2907 2906
f 2909 2910 2907
f 2911 2898 2908
f 2911 2900 2898
f 2912 2910 2909
f 2912 2913 2910
f 2914 2902 2900
f 2914 2900 2911
f 2915 2916 2913
f 2915 2913 2912
f 2917 2905 2918
f 2917 2904 2905
f 2919 2906 2902
f 2919 2902 2914
f 2920 2921 2916
f 2920 2916 2915
f 2922 2904 2917
f 2922 2908 2904
f 2923 2906 2919
f 2923 2909 2906
f 2924 2925 2921
f 2924 2921 2920
f 2926 2908 2922
f 2926 2911 2908
f 2927 2912 2909
f 2927 2909 2923
f 2928 2929 2925
f 2928 2925 2924
f 2930 2914 2911
f 2930 2911 2926
f 2931 2912 2927
f 2931 2915 2912
f 2932 2929 2928
f 2932 2933 2929
f 2934 2918 2935
f 2934 2917 2918
f 2936 2914 2930
f 2936 2919 2914
f 2937 2915 2931
f 2937 2920 2915
f 2938 2933 2932
f 2938 2939 2933
f 2938 2813 2939
f 2938 2833 2813
f 2940 2917 2934
f 2940 2922 2917
f 2941 2923 2919
f 2941 2919 2936
f 2942 2924 2920
f 2942 2920 2937
f 2943 2922 2940
f 2943 2926 2922
f 2944 2923 2941
f 2944 2927 2923
f 2945 2928 2924
f 2945 2924 2942
f 2946 2930 2926
f 2946 2926 2943
f 2947 2927 2944
f 2947 2931 2927
f 2948 2928 2945
f 2948 2932 2928
f 2949 2935 2950
f 2949 2934 2935
f 2951 2936 2930
f 2951 2941 2936
f 2951 2930 2946
f 2952 2931 2947
f 2952 2937 2931
f 2953 2932 2948
f 2953 2834 2833
f 2953 2938 2932
f 2953 2833 2938
f 2954 2940 2934
f 2954 2934 2949
f 2955 2941 2951
f 2956 2937 2952
f 2956 2942 2937
f 2957 2940 2954
f 2957 2943 2940
f 2958 2941 2955
f 2958 2944 2941
f 2959 2942 2956
f 2959 2945 2942
f 2960 2946 2943
f 2960 2943 2957
f 2961 2947 2944
f 2961 2944 2958
f 2962 2948 2945
f 2962 2945 2959
f 2963 2949 2950
f 2963 2950 2964
f 2965 2946 2960
f 2965 2951 2946
f 2966 2952 2947
f 2966 2947 2961
f 2967 2834 2953
f 2967 2953 2948
f 2967 2948 2962
f 2967 2830 2834
f 2968 2954 2949
f 2968 2949 2963
f 2969 2951 2965
f 2969 2955 2951
f 2970 2952 2966
f 2970 2956 2952
f 2971 2954 2968
f 2971 2957 2954
f 2972 2958 2955
f 2972 2955 2969
f 2973 2956 2970
f 2973 2959 2956
f 2974 2960 2957
f 2974 2957 2971
f 2975 2958 2972
f 2975 2961 2958
f 2976 2959 2973
f 2976 2962 2959
f 2977 2964 2978
f 2977 2978 2979
f 2977 2963 2964
f 2980 2960 2974
f 2980 2965 2960
f 2981 2966 2961
f 2981 2961 2975
f 2982 2967 2962
f 2982 2830 2967
f 2982 2962 2976
f 2982 2831 2830
f 2983 2968 2963
f 2983 2971 2968
f 2983 2963 2977
f 2984 2965 2980
f 2984 2969 2965
f 2985 2966 2981
f 2985 2970 2966
f 2986 2971 2983
f 2987 2969 2984
f 2987 2972 2969
f 2988 2973 2970
f 2988 2970 2985
f 2989 2971 2986
f 2989 2974 2971
f 2990 2975 2972
f 2990 2972 2987
f 2991 2973 2988
f 2991 2976 2973
f 2992 2977 2979
f 2993 2980 2974
f 2993 2974 2989
f 2994 2975 2990
f 2994 2981 2975
f 2995 2831 2982
f 2995 2976 2991
f 2995 2827 2831
f 2995 2982 2976
f 2996 2983 2977
f 2996 2977 2992
f 2997 2980 2993
f 2997 2984 2980
f 2998 2981 2994
f 2998 2985 2981
f 2999 2986 2983
f 2999 2983 2996
f 3000 2987 2984
f 3000 2984 2997
f 3000 2990 2987
f 3001 2985 2998
f 3001 2988 2985
f 3002 2986 2999
f 3002 2989 2986
f 3003 2990 3000
f 3003 2994 2990
f 3004 2991 2988
f 3004 2988 3001
f 3005 2979 3006
f 3005 2992 2979
f 3007 2993 2989
f 3007 2989 3002
f 3008 2998 2994
f 3008 2994 3003
f 3009 2995 2991
f 3009 2827 2995
f 3009 2991 3004
f 3009 2828 2827
f 3010 2992 3005
f 3010 2996 2992
f 3011 2997 2993
f 3011 2993 3007
f 3012 2998 3008
f 3013 2999 2996
f 3013 2996 3010
f 3014 3000 2997
f 3014 2997 3011
f 3015 3001 2998
f 3015 3004 3001
f 3015 2998 3012
f 3016 2999 3013
f 3016 3002 2999
f 3017 3003 3000
f 3017 3000 3014
f 3018 3004 3015
f 3019 3006 3020
f 3019 3005 3006
f 3021 3007 3002
f 3021 3002 3016
f 3022 3008 3003
f 3022 3003 3017
f 3023 3009 3004
f 3023 2828 3009
f 3023 2823 2828
f 3023 3004 3018
f 3024 3010 3005
f 3024 3005 3019
f 3025 3011 3007
f 3025 3007 3021
f 3025 3014 3011
f 3026 3012 3008
f 3026 3015 3012
f 3026 3008 3022
f 3027 3010 3024
f 3027 3013 3010
f 3028 3014 3025
f 3029 3015 3026
f 3030 3013 3027
f 3030 3016 3013
f 3031 3017 3014
f 3031 3014 3028
f 3032 3015 3029
f 3032 3018 3015
f 3033 3020 3034
f 3033 3019 3020
f 3035 3016 3030
f 3035 3021 3016
f 3036 3017 3031
f 3036 3022 3017
f 3037 3023 3018
f 3037 2823 3023
f 3037 2824 2823
f 3037 3018 3032
f 3038 3024 3019
f 3038 3019 3033
f 3039 3028 3025
f 3039 3025 3021
f 3039 3021 3035
f 3040 3026 3022
f 3040 3022 3036
f 3041 3027 3024
f 3041 3024 3038
f 3042 3031 3028
f 3042 3028 3039
f 3043 3029 3026
f 3043 3026 3040
f 3044 3030 3027
f 3044 3027 3041
f 3045 3031 3042
f 3046 3029 3043
f 3046 3032 3029
f 3047 3034 3048
f 3047 3033 3034
f 3049 3035 3030
f 3049 3030 3044
f 3050 3036 3031
f 3050 3040 3036
f 3050 3031 3045
f 3051 3032 3046
f 3051 3037 3032
f 3051 2824 3037
f 3051 2819 2824
f 3051 2820 2819
f 3052 3041 3038
f 3052 3038 3033
f 3052 3033 3047
f 3053 3035 3049
f 3053 3039 3035
f 3054 3040 3050
f 3055 3041 3052
f 3056 3042 3039
f 3056 3039 3053
f 3057 3043 3040
f 3057 3040 3054
f 3058 3044 3041
f 3058 3041 3055
f 3059 3042 3056
f 3059 3045 3042
f 3060 3043 3057
f 3060 3046 3043
f 3061 3048 3062
f 3061 3047 3048
f 3063 3049 3044
f 3063 3053 3049
f 3063 3044 3058
f 3064 3045 3059
f 3064 3050 3045
f 3065 3046 3060
f 3065 3051 3046
f 3065 2820 3051
f 3066 3047 3061
f 3066 3052 3047
f 3067 3053 3063
f 3068 3050 3064
f 3068 3054 3050
f 3069 3052 3066
f 3069 3055 3052
f 3070 3053 3067
f 3070 3059 3056
f 3070 3056 3053
f 3071 3054 3068
f 3071 3057 3054
f 3072 3058 3055
f 3072 3055 3069
f 3073 3059 3070
f 3074 3060 3057
f 3074 3065 3060
f 3074 3057 3071
f 3075 3062 3076
f 3075 3076 3077
f 3075 3061 3062
f 3078 3058 3072
f 3078 3063 3058
f 3079 3059 3073
f 3079 3064 3059
f 3080 2820 3065
f 3080 3065 3074
f 3080 2815 2820
f 3080 2816 2815
f 3081 3061 3075
f 3081 3066 3061
f 3082 3067 3063
f 3082 3063 3078
f 3083 3071 3068
f 3083 3064 3079
f 3083 3068 3064
f 3084 3069 3066
f 3084 3066 3081
f 3085 3067 3082
f 3085 3070 3067
f 3086 3071 3083
f 3087 3072 3069
f 3087 3069 3084
f 3088 3073 3070
f 3088 3070 3085
f 3089 3074 3071
f 3089 3071 3086
f 3090 3075 3077
f 3091 3078 3072
f 3091 3072 3087
f 3092 3079 3073
f 3092 3073 3088
f 3093 3080 3074
f 3093 2816 3080
f 3093 3074 3089
f 3093 2809 2816
f 3094 3084 3081
f 3094 3081 3075
f 3094 3075 3090
f 3095 3078 3091
f 3095 3082 3078
f 3096 3083 3079
f 3096 3079 3092
f 3097 3084 3094
f 3097 3087 3084
f 3098 3085 3082
f 3098 3082 3095
f 3099 3086 3083
f 3099 3083 3096
f 3100 3087 3097
f 3101 3088 3085
f 3101 3085 3098
f 3102 3086 3099
f 3102 3089 3086
f 3103 3077 3104
f 3103 3090 3077
f 3105 3087 3100
f 3105 3091 3087
f 3106 3092 3088
f 3106 3088 3101
f 3107 3093 3089
f 3107 2809 3093
f 3107 3089 3102
f 3108 3090 3103
f 3108 3094 3090
f 3109 3095 3091
f 3109 3091 3105
f 3110 3096 3092
f 3110 3092 3106
f 3111 3094 3108
f 3111 3097 3094
f 3112 3098 3095
f 3112 3095 3109
f 3112 3101 3098
f 3113 3099 3096
f 3113 3096 3110
f 3114 3097 3111
f 3114 3100 3097
f 3115 3101 3112
f 3115 3106 3101
f 3116 3102 3099
f 3116 3099 3113
f 3117 3104 3118
f 3117 3118 3119
f 3117 3103 3104
f 3120 3105 3100
f 3120 3100 3114
f 3121 3106 3115
f 3122 2809 3107
f 3122 3107 3102
f 3122 3102 3116
f 3122 2810 2809
f 3123 3108 3103
f 3123 3103 3117
f 3124 3109 3105
f 3124 3105 3120
f 3125 3113 3110
f 3125 3110 3106
f 3125 3106 3121
f 3126 3114 3111
f 3126 3111 3108
f 3126 3108 3123
f 3127 3112 3109
f 3127 3109 3124
f 3128 3113 3125
f 3129 3120 3114
f 3129 3114 3126
f 3130 3115 3112
f 3130 3112 3127
f 3131 3113 3128
f 3131 3116 3113
f 3131 3122 3116
f 3132 3119 3133
f 3132 3117 3119
f 3134 3120 3129
f 3135 3115 3130
f 3135 3121 3115
f 3136 3122 3131
f 3136 2810 3122
f 3136 2804 2810
f 3137 3117 3132
f 3137 3126 3123
f 3137 3123 3117
f 3138 3124 3120
f 3138 3120 3134
f 3139 3121 3135
f 3139 3125 3121
f 3140 3126 3137
f 3141 3124 3138
f 3141 3127 3124
f 3142 3125 3139
f 3142 3128 3125
f 3143 3129 3126
f 3143 3126 3140
f 3143 3134 3129
f 3144 3130 3127
f 3144 3135 3130
f 3144 3127 3141
f 3145 3128 3142
f 3145 3131 3128
f 3146 3132 3133
f 3146 3133 3147
f 3148 3134 3143
f 3149 3135 3144
f 3150 2804 3136
f 3150 3131 3145
f 3150 3136 3131
f 3150 2805 2804
f 3151 3132 3146
f 3151 3137 3132
f 3152 3138 3134
f 3152 3134 3148
f 3153 3142 3139
f 3153 3135 3149
f 3153 3139 3135
f 3154 3140 3137
f 3154 3137 3151
f 3155 3141 3138
f 3155 3144 3141
f 3155 3138 3152
f 3156 3142 3153
f 3157 3143 3140
f 3157 3140 3154
f 3158 3149 3144
f 3158 3144 3155
f 3159 3142 3156
f 3159 3145 3142
f 3160 3146 3147
f 3160 3151 3146
f 3161 3148 3143
f 3161 3143 3157
f 3162 3149 3158
f 3163 3150 3145
f 3163 2805 3150
f 3163 3145 3159
f 3163 2799 2805
f 3164 3151 3160
f 3165 3152 3148
f 3165 3148 3161
f 3166 3153 3149
f 3166 3156 3153
f 3166 3149 3162
f 3167 3154 3151
f 3167 3151 3164
f 3168 3155 3152
f 3168 3152 3165
f 3169 3156 3166
f 3170 3157 3154
f 3170 3154 3167
f 3171 3155 3168
f 3171 3158 3155
f 3172 3163 3159
f 3172 3159 3156
f 3172 3156 3169
f 3173 3147 3174
f 3173 3174 3175
f 3173 3160 3147
f 3176 3161 3157
f 3176 3165 3161
f 3176 3157 3170
f 3177 3158 3171
f 3177 3162 3158
f 3178 2799 3163
f 3178 3163 3172
f 3178 2800 2799
f 3178 2793 2800
f 3179 3160 3173
f 3179 3164 3160
f 3180 3165 3176
f 3181 3162 3177
f 3181 3166 3162
f 3182 3164 3179
f 3182 3167 3164
f 3183 3165 3180
f 3183 3168 3165
f 3184 3169 3166
f 3184 3166 3181
f 3185 3167 3182
f 3185 3170 3167
f 3186 3177 3171
f 3186 3171 3168
f 3186 3168 3183
f 3187 3169 3184
f 3187 3172 3169
f 3188 3173 3175
f 3189 3176 3170
f 3189 3170 3185
f 3190 3177 3186
f 3191 3172 3187
f 3191 3178 3172
f 3191 2793 3178
f 3192 3173 3188
f 3192 3179 3173
f 3193 3180 3176
f 3193 3176 3189
f 3194 3181 3177
f 3194 3177 3190
f 3195 3182 3179
f 3195 3179 3192
f 3196 3183 3180
f 3196 3180 3193
f 3197 3181 3194
f 3197 3184 3181
f 3198 3189 3185
f 3198 3185 3182
f 3198 3182 3195
f 3199 3186 3183
f 3199 3183 3196
f 3200 3187 3184
f 3200 3191 3187
f 3200 3184 3197
f 3201 3188 3175
f 3201 3175 3202
f 3201 3202 3203
f 3204 3189 3198
f 3205 3186 3199
f 3205 3190 3186
f 3206 2793 3191
f 3206 3191 3200
f 3206 2794 2793
f 3207 3192 3188
f 3207 3188 3201
f 3208 3193 3189
f 3208 3189 3204
f 3208 3196 3193
f 3209 3190 3205
f 3209 3194 3190
f 3210 3192 3207
f 3210 3195 3192
f 3211 3196 3208
f 3212 3194 3209
f 3212 3197 3194
f 3213 3195 3210
f 3213 3198 3195
f 3214 3196 3211
f 3214 3199 3196
f 3214 3205 3199
f 3215 3197 3212
f 3215 3200 3197
f 3216 3201 3203
f 3217 3198 3213
f 3217 3204 3198
f 3218 3209 3205
f 3218 3205 3214
f 3219 3206 3200
f 3219 2794 3206
f 3219 3200 3215
f 3219 2787 2794
f 3220 3207 3201
f 3220 3201 3216
f 3221 3204 3217
f 3221 3208 3204
f 3222 3209 3218
f 3222 3212 3209
f 3223 3207 3220
f 3223 3210 3207
f 3224 3211 3208
f 3224 3208 3221
f 3225 3212 3222
f 3226 3213 3210
f 3226 3217 3213
f 3226 3210 3223
f 3227 3214 3211
f 3227 3211 3224
f 3228 3215 3212
f 3228 3212 3225
f 3229 3203 3230
f 3229 3230 3231
f 3229 3216 3203
f 3232 3217 3226
f 3233 3214 3227
f 3233 3218 3214
f 3234 3219 3215
f 3234 2787 3219
f 3234 3215 3228
f 3234 2788 2787
f 3235 3220 3216
f 3235 3216 3229
f 3236 3221 3217
f 3236 3224 3221
f 3236 3217 3232
f 3237 3222 3218
f 3237 3218 3233
f 3238 3223 3220
f 3238 3220 3235
f 3239 3224 3236
f 3240 3222 3237
f 3240 3225 3222
f 3241 3226 3223
f 3241 3223 3238
f 3242 3224 3239
f 3242 3227 3224
f 3242 3233 3227
f 3243 3225 3240
f 3243 3228 3225
f 3244 3231 3245
f 3244 3229 3231
f 3246 3226 3241
f 3246 3232 3226
f 3247 3237 3233
f 3247 3233 3242
f 3248 3228 3243
f 3248 3234 3228
f 3248 2788 3234
f 3248 2781 2788
f 3249 3229 3244
f 3249 3235 3229
f 3250 3232 3246
f 3250 3236 3232
f 3251 3237 3247
f 3252 3238 3235
f 3252 3235 3249
f 3253 3236 3250
f 3253 3239 3236
f 3254 3237 3251
f 3254 3243 3240
f 3254 3240 3237
f 3255 3238 3252
f 3255 3246 3241
f 3255 3241 3238
f 3256 3239 3253
f 3256 3242 3239
f 3257 3243 3254
f 3258 3249 3244
f 3258 3244 3245
f 3259 3246 3255
f 3260 3242 3256
f 3260 3247 3242
f 3261 2782 2781
f 3261 2781 3248
f 3261 3243 3257
f 3261 3248 3243
f 3262 3249 3258
f 3263 3246 3259
f 3263 3250 3246
f 3264 3247 3260
f 3264 3251 3247
f 3265 3249 3262
f 3265 3252 3249
f 3265 3255 3252
f 3266 3253 3250
f 3266 3250 3263
f 3267 3257 3254
f 3267 3251 3264
f 3267 3254 3251
f 3268 3255 3265
f 3268 3259 3255
f 3269 3260 3256
f 3269 3256 3253
f 3269 3253 3266
f 3270 3257 3267
f 3271 3245 3272
f 3271 3258 3245
f 3273 3259 3268
f 3274 3264 3260
f 3274 3260 3269
f 3275 3257 3270
f 3275 2774 2782
f 3275 2782 3261
f 3275 3261 3257
f 3276 3258 3271
f 3276 3262 3258
f 3277 3259 3273
f 3277 3263 3259
f 3278 3264 3274
f 3278 3267 3264
f 3279 3262 3276
f 3279 3265 3262
f 3280 3263 3277
f 3280 3266 3263
f 3281 3267 3278
f 3282 3265 3279
f 3282 3268 3265
f 3283 3266 3280
f 3283 3274 3269
f 3283 3269 3266
f 3284 3267 3281
f 3284 3270 3267
f 3285 3276 3271
f 3285 3272 3286
f 3285 3271 3272
f 3287 3268 3282
f 3287 3273 3268
f 3288 3274 3283
f 3288 3278 3274
f 3289 2775 2774
f 3289 2774 3275
f 3289 3270 3284
f 3289 3275 3270
f 3290 3276 3285
f 3290 3279 3276
f 3291 3273 3287
f 3291 3277 3273
f 3292 3278 3288
f 3293 3279 3290
f 3294 3277 3291
f 3294 3280 3277
f 3295 3281 3278
f 3295 3278 3292
f 3296 3279 3293
f 3296 3282 3279
f 3297 3280 3294
f 3297 3283 3280
f 3298 3284 3281
f 3298 3281 3295
f 3299 3286 3300
f 3299 3285 3286
f 3299 3290 3285
f 3301 3287 3282
f 3301 3282 3296
f 3301 3291 3287
f 3302 3283 3297
f 3302 3288 3283
f 3303 2767 2775
f 3303 2775 3289
f 3303 3289 3284
f 3303 3284 3298
f 3304 3290 3299
f 3305 3291 3301
f 3306 3292 3288
f 3306 3288 3302
f 3307 3293 3290
f 3307 3296 3293
f 3307 3290 3304
f 3308 3297 3294
f 3308 3294 3291
f 3308 3291 3305
f 3309 3292 3306
f 3309 3295 3292
f 3310 3296 3307
f 3311 3297 3308
f 3312 3295 3309
f 3312 3298 3295
f 3313 3300 3314
f 3313 3299 3300
f 3315 3296 3310
f 3315 3301 3296
f 3316 3297 3311
f 3316 3302 3297
f 3316 3306 3302
f 3317 2768 2767
f 3317 3298 3312
f 3317 2767 3303
f 3317 3303 3298
f 3318 3299 3313
f 3318 3304 3299
f 3319 3301 3315
f 3319 3305 3301
f 3320 3306 3316
f 3321 3304 3318
f 3321 3307 3304
f 3322 3311 3308
f 3322 3305 3319
f 3322 3308 3305
f 3323 3312 3309
f 3323 3306 3320
f 3323 3309 3306
f 3324 3307 3321
f 3324 3310 3307
f 3325 3311 3322
f 3325 3316 3311
f 3326 3312 3323
f 3327 3313 3314
f 3327 3318 3313
f 3327 3314 3328
f 3329 3315 3310
f 3329 3310 3324
f 3330 3320 3316
f 3330 3316 3325
f 3331 2760 2768
f 3331 2768 3317
f 3331 3317 3312
f 3331 3312 3326
f 3332 3321 3318
f 3332 3318 3327
f 3333 3319 3315
f 3333 3315 3329
f 3334 3320 3330
f 3335 3321 3332
f 3336 3319 3333
f 3336 3322 3319
f 3337 3323 3320
f 3337 3320 3334
f 3337 3326 3323
f 3338 3321 3335
f 3338 3324 3321
f 3339 3325 3322
f 3339 3322 3336
f 3340 3326 3337
f 3341 3328 3342
f 3341 3327 3328
f 3343 3329 3324
f 3343 3324 3338
f 3343 3333 3329
f 3344 3325 3339
f 3344 3330 3325
f 3345 2761 2760
f 3345 2760 3331
f 3345 3331 3326
f 3345 3326 3340
f 3346 3332 3327
f 3346 3327 3341
f 3347 3333 3343
f 3348 3330 3344
f 3348 3334 3330
f 3349 3335 3332
f 3349 3332 3346
f 3350 3333 3347
f 3350 3336 3333
f 3350 3339 3336
f 3351 3334 3348
f 3351 3337 3334
f 3352 3335 3349
f 3352 3338 3335
f 3353 3339 3350
f 3354 3337 3351
f 3354 3340 3337
f 3355 3342 3356
f 3355 3346 3341
f 3355 3341 3342
f 3357 3338 3352
f 3357 3343 3338
f 3358 3339 3353
f 3358 3348 3344
f 3358 3344 3339
f 3359 3345 3340
f 3359 2754 2761
f 3359 3340 3354
f 3359 2761 3345
f 3360 3346 3355
f 3361 3347 3343
f 3361 3343 3357
f 3362 3348 3358
f 3363 3349 3346
f 3363 3346 3360
f 3364 3347 3361
f 3364 3350 3347
f 3365 3351 3348
f 3365 3354 3351
f 3365 3348 3362
f 3366 3349 3363
f 3366 3352 3349
f 3367 3350 3364
f 3367 3353 3350
f 3368 3354 3365
f 3369 3355 3356
f 3369 3356 3370
f 3371 3357 3352
f 3371 3352 3366
f 3371 3361 3357
f 3372 3358 3353
f 3372 3353 3367
f 3373 2747 2754
f 3373 2754 3359
f 3373 3359 3354
f 3373 3354 3368
f 3374 3360 3355
f 3374 3355 3369
f 3375 3361 3371
f 3376 3362 3358
f 3376 3358 3372
f 3377 3366 3363
f 3377 3363 3360
f 3377 3360 3374
f 3378 3364 3361
f 3378 3361 3375
f 3378 3367 3364
f 3379 3362 3376
f 3379 3365 3362
f 3380 3366 3377
f 3381 3372 3367
f 3381 3367 3378
f 3382 3368 3365
f 3382 3365 3379
f 3383 3370 3384
f 3383 3369 3370
f 3383 3374 3369
f 3385 3366 3380
f 3385 3371 3366
f 3386 3372 3381
f 3386 3376 3372
f 3387 3368 3382
f 3387 2748 2747
f 3387 2747 3373
f 3387 3373 3368
f 3388 3374 3383
f 3389 3371 3385
f 3389 3375 3371
f 3390 3376 3386
f 3391 3374 3388
f 3391 3377 3374
f 3392 3375 3389
f 3392 3378 3375
f 3393 3376 3390
f 3393 3379 3376
f 3394 3377 3391
f 3394 3380 3377
f 3395 3378 3392
f 3395 3381 3378
f 3396 3382 3379
f 3396 3379 3393
f 3397 3384 3398
f 3397 3383 3384
f 3397 3388 3383
f 3399 3385 3380
f 3399 3380 3394
f 3400 3381 3395
f 3400 3386 3381
f 3401 3387 3382
f 3401 2740 2748
f 3401 2748 3387
f 3401 3382 3396
f 3402 3391 3388
f 3402 3388 3397
f 3403 3389 3385
f 3403 3385 3399
f 3404 3386 3400
f 3404 3390 3386
f 3405 3391 3402
f 3406 3392 3389
f 3406 3389 3403
f 3406 3395 3392
f 3407 3393 3390
f 3407 3396 3393
f 3407 3390 3404
f 3408 3394 3391
f 3408 3391 3405
f 3409 3395 3406
f 3410 3396 3407
f 3411 3398 3412
f 3411 3397 3398
f 3413 3403 3399
f 3413 3394 3408
f 3413 3399 3394
f 3414 3400 3395
f 3414 3395 3409
f 3414 3404 3400
f 3415 2741 2740
f 3415 2740 3401
f 3415 3401 3396
f 3415 3396 3410
f 3416 3402 3397
f 3416 3397 3411
f 3417 3406 3403
f 3417 3403 3413
f 3418 3404 3414
f 3419 3402 3416
f 3419 3405 3402
f 3420 3406 3417
f 3420 3409 3406
f 3421 3404 3418
f 3421 3407 3404
f 3422 3405 3419
f 3422 3408 3405
f 3423 3409 3420
f 3424 3407 3421
f 3424 3410 3407
f 3425 3412 3426
f 3425 3426 3427
f 3425 3411 3412
f 3425 3416 3411
f 3428 3408 3422
f 3428 3413 3408
f 3429 3414 3409
f 3429 3418 3414
f 3429 3409 3423
f 3430 2733 2741
f 3430 3410 3424
f 3430 2741 3415
f 3430 3415 3410
f 3431 3419 3416
f 3431 3416 3425
f 3432 3413 3428
f 3432 3417 3413
f 3433 3418 3429
f 3434 3419 3431
f 3435 3417 3432
f 3435 3420 3417
f 3436 3418 3433
f 3436 3421 3418
f 3437 3419 3434
f 3437 3422 3419
f 3438 3423 3420
f 3438 3420 3435
f 3439 3421 3436
f 3439 3424 3421
f 3440 3425 3427
f 3441 3428 3422
f 3441 3422 3437
f 3441 3432 3428
f 3442 3423 3438
f 3442 3429 3423
f 3443 2734 2733
f 3443 2733 3430
f 3443 3430 3424
f 3443 3424 3439
f 3444 3431 3425
f 3444 3425 3440
f 3445 3432 3441
f 3446 3433 3429
f 3446 3429 3442
f 3447 3434 3431
f 3447 3437 3434
f 3447 3431 3444
f 3448 3435 3432
f 3448 3438 3435
f 3448 3432 3445
f 3449 3436 3433
f 3449 3433 3446
f 3450 3437 3447
f 3451 3438 3448
f 3452 3436 3449
f 3452 3439 3436
f 3453 3440 3427
f 3453 3427 3454
f 3453 3454 3455
f 3456 3441 3437
f 3456 3437 3450
f 3457 3442 3438
f 3457 3438 3451
f 3458 3439 3452
f 3458 2726 2734
f 3458 2734 3443
f 3458 3443 3439
f 3459 3444 3440
f 3459 3440 3453
f 3460 3445 3441
f 3460 3448 3445
f 3460 3441 3456
f 3461 3442 3457
f 3461 3446 3442
f 3462 3444 3459
f 3462 3447 3444
f 3462 3450 3447
f 3463 3448 3460
f 3464 3446 3461
f 3464 3452 3449
f 3464 3449 3446
f 3465 3450 3462
f 3465 3456 3450
f 3466 3448 3463
f 3466 3451 3448
f 3467 3452 3464
f 3468 3459 3453
f 3468 3455 3469
f 3468 3453 3455
f 3470 3456 3465
f 3471 3451 3466
f 3471 3457 3451
f 3472 3458 3452
f 3472 2727 2726
f 3472 2719 2727
f 3472 3452 3467
f 3472 2726 3458
f 3473 3459 3468
f 3474 3456 3470
f 3474 3460 3456
f 3474 3463 3460
f 3475 3464 3461
f 3475 3457 3471
f 3475 3461 3457
f 3476 3462 3459
f 3476 3459 3473
f 3477 3463 3474
f 3478 3464 3475
f 3479 3465 3462
f 3479 3462 3476
f 3480 3471 3466
f 3480 3463 3477
f 3480 3466 3463
f 3481 3467 3464
f 3481 3464 3478
f 3482 3468 3469
f 3483 3465 3479
f 3483 3470 3465
f 3484 3475 3471
f 3484 3471 3480
f 3485 2720 2719
f 3485 3467 3481
f 3485 2719 3472
f 3485 3472 3467
f 3486 3473 3468
f 3486 3468 3482
f 3487 3474 3470
f 3487 3470 3483
f 3488 3475 3484
f 3489 3476 3473
f 3489 3479 3476
f 3489 3473 3486
f 3490 3477 3474
f 3490 3474 3487
f 3491 3478 3475
f 3491 3475 3488
f 3492 3479 3489
f 3493 3477 3490
f 3493 3480 3477
f 3494 3478 3491
f 3494 3481 3478
f 3494 3485 3481
f 3495 3482 3469
f 3495 3469 3496
f 3495 3496 3497
f 3498 3479 3492
f 3498 3483 3479
f 3499 3480 3493
f 3499 3484 3480
f 3500 3485 3494
f 3500 2720 3485
f 3501 3482 3495
f 3501 3486 3482
f 3502 3483 3498
f 3502 3487 3483
f 3503 3488 3484
f 3503 3484 3499
f 3504 3489 3486
f 3504 3492 3489
f 3504 3486 3501
f 3505 3487 3502
f 3505 3490 3487
f 3506 3488 3503
f 3506 3491 3488
f 3507 3498 3492
f 3507 3492 3504
f 3508 3490 3505
f 3508 3493 3490
f 3509 3494 3491
f 3509 3491 3506
f 3510 3495 3497
f 3510 3497 3511
f 3510 3501 3495
f 3512 3498 3507
f 3513 3493 3508
f 3513 3499 3493
f 3513 3503 3499
f 3514 3500 3494
f 3514 2712 2720
f 3514 2713 2712
f 3514 2720 3500
f 3514 3494 3509
f 3515 3501 3510
f 3516 3502 3498
f 3516 3505 3502
f 3516 3498 3512
f 3517 3503 3513
f 3518 3507 3504
f 3518 3504 3501
f 3518 3501 3515
f 3519 3505 3516
f 3520 3506 3503
f 3520 3503 3517
f 3521 3512 3507
f 3521 3507 3518
f 3522 3508 3505
f 3522 3513 3508
f 3522 3505 3519
f 3523 3509 3506
f 3523 3506 3520
f 3524 3511 3525
f 3524 3510 3511
f 3524 3515 3510
f 3526 3512 3521
f 3527 3513 3522
f 3528 3509 3523
f 3528 2713 3514
f 3528 3514 3509
f 3529 3515 3524
f 3530 3519 3516
f 3530 3516 3512
f 3530 3512 3526
f 3531 3517 3513
f 3531 3513 3527
f 3532 3518 3515
f 3532 3515 3529
f 3533 3519 3530
f 3534 3517 3531
f 3534 3520 3517
f 3535 3518 3532
f 3535 3521 3518
f 3536 3519 3533
f 3536 3522 3519
f 3537 3528 3523
f 3537 3520 3534
f 3537 3523 3520
f 3538 3529 3524
f 3538 3524 3525
f 3539 3526 3521
f 3539 3521 3535
f 3540 3531 3527
f 3540 3522 3536
f 3540 3527 3522
f 3541 2705 2713
f 3541 2706 2705
f 3541 3528 3537
f 3541 2713 3528
f 3542 3529 3538
f 3543 3526 3539
f 3543 3530 3526
f 3544 3531 3540
f 3544 3534 3531
f 3545 3529 3542
f 3545 3532 3529
f 3546 3530 3543
f 3546 3533 3530
f 3547 3534 3544
f 3548 3535 3532
f 3548 3532 3545
f 3549 3536 3533
f 3549 3533 3546
f 3550 3537 3534
f 3550 3541 3537
f 3550 3534 3547
f 3551 3538 3525
f 3551 3525 3552
f 3553 3539 3535
f 3553 3535 3548
f 3554 3536 3549
f 3554 3540 3536
f 3555 2706 3541
f 3555 3541 3550
f 3556 3542 3538
f 3556 3538 3551
f 3557 3539 3553
f 3557 3543 3539
f 3557 3546 3543
f 3558 3544 3540
f 3558 3540 3554
f 3559 3545 3542
f 3559 3548 3545
f 3559 3542 3556
f 3560 3546 3557
f 3561 3547 3544
f 3561 3544 3558
f 3562 3553 3548
f 3562 3548 3559
f 3563 3549 3546
f 3563 3546 3560
f 3564 3550 3547
f 3564 3547 3561
f 3565 3551 3552
f 3565 3552 3566
f 3567 3553 3562
f 3568 3549 3563
f 3568 3554 3549
f 3568 3558 3554
f 3569 3550 3564
f 3569 2696 2706
f 3569 2697 2696
f 3569 2706 3555
f 3569 3555 3550
f 3570 3556 3551
f 3570 3551 3565
f 3571 3557 3553
f 3571 3553 3567
f 3572 3558 3568
f 3573 3556 3570
f 3573 3559 3556
f 3574 3557 3571
f 3574 3560 3557
f 3575 3561 3558
f 3575 3558 3572
f 3576 3562 3559
f 3576 3559 3573
f 3577 3568 3563
f 3577 3560 3574
f 3577 3563 3560
f 3578 3569 3564
f 3578 3561 3575
f 3578 3564 3561
f 3579 3566 3580
f 3579 3580 3581
f 3579 3565 3566
f 3582 3567 3562
f 3582 3562 3576
f 3583 3572 3568
f 3583 3568 3577
f 3584 2697 3569
f 3584 3569 3578
f 3585 3570 3565
f 3585 3565 3579
f 3586 3571 3567
f 3586 3567 3582
f 3587 3572 3583
f 3588 3573 3570
f 3588 3576 3573
f 3588 3570 3585
f 3589 3571 3586
f 3589 3574 3571
f 3590 3575 3572
f 3590 3572 3587
f 3591 3582 3576
f 3591 3576 3588
f 3592 3577 3574
f 3592 3574 3589
f 3593 3578 3575
f 3593 3584 3578
f 3593 3575 3590
f 3594 3579 3581
f 3594 3581 3595
f 3596 3582 3591
f 3597 3583 3577
f 3597 3577 3592
f 3598 2675 2697
f 3598 2697 3584
f 3598 3584 3593
f 3599 3585 3579
f 3599 3579 3594
f 3599 3588 3585
f 3600 3589 3586
f 3600 3586 3582
f 3600 3582 3596
f 3601 3587 3583
f 3601 3583 3597
f 3602 3591 3588
f 3602 3588 3599
f 3603 3589 3600
f 3604 3587 3601
f 3604 3590 3587
f 3605 3591 3602
f 3606 3589 3603
f 3606 3592 3589
f 3607 3590 3604
f 3607 3593 3590
f 3608 3595 3609
f 3608 3594 3595
f 3610 3591 3605
f 3610 3596 3591
f 3611 3592 3606
f 3611 3597 3592
f 3611 3601 3597
f 3612 3598 3593
f 3612 3593 3607
f 3612 2676 2675
f 3612 2675 3598
f 3613 3594 3608
f 3613 3599 3594
f 3614 3603 3600
f 3614 3596 3610
f 3614 3600 3596
f 3615 3601 3611
f 3616 3599 3613
f 3616 3602 3599
f 3617 3603 3614
f 3618 3601 3615
f 3618 3604 3601
f 3619 3602 3616
f 3619 3605 3602
f 3619 3610 3605
f 3620 3606 3603
f 3620 3603 3617
f 3621 3604 3618
f 3621 3607 3604
f 3621 3612 3607
f 3622 3613 3608
f 3622 3608 3609
f 3623 3610 3619
f 3624 3611 3606
f 3624 3615 3611
f 3624 3606 3620
f 3625 2677 2676
f 3625 2890 2677
f 3625 2676 3612
f 3625 3612 3621
f 3626 3613 3622
f 3627 3617 3614
f 3627 3610 3623
f 3627 3614 3610
f 3628 3618 3615
f 3628 3615 3624
f 3629 3619 3616
f 3629 3616 3613
f 3629 3613 3626
f 3630 3617 3627
f 3631 3618 3628
f 3632 3619 3629
f 3633 3620 3617
f 3633 3617 3630
f 3634 3621 3618
f 3634 3618 3631
f 3635 3609 3636
f 3635 3622 3609
f 3637 3623 3619
f 3637 3619 3632
f 3638 3624 3620
f 3638 3620 3633
f 3639 2888 2890
f 3639 2890 3625
f 3639 3625 3621
f 3639 3621 3634
f 3640 3622 3635
f 3640 3626 3622
f 3641 3623 3637
f 3641 3630 3627
f 3641 3627 3623
f 3642 3624 3638
f 3642 3628 3624
f 3643 3626 3640
f 3643 3629 3626
f 3644 3630 3641
f 3644 3633 3630
f 3645 3628 3642
f 3645 3631 3628
f 3646 3637 3632
f 3646 3629 3643
f 3646 3632 3629
f 3647 3633 3644
f 3648 3634 3631
f 3648 3631 3645
f 3649 3635 3636
f 3649 3636 3650
f 3649 3650 3651
f 3652 3637 3646
f 3653 3638 3633
f 3653 3633 3647
f 3654 2888 3639
f 3654 3639 3634
f 3654 3634 3648
f 3655 3640 3635
f 3655 3635 3649
f 3656 3641 3637
f 3656 3637 3652
f 3657 3642 3638
f 3657 3638 3653
f 3657 3645 3642
f 3658 3640 3655
f 3658 3643 3640
f 3659 3644 3641
f 3659 3647 3644
f 3659 3641 3656
f 3660 3645 3657
f 3661 3652 3646
f 3661 3643 3658
f 3661 3646 3643
f 3662 3647 3659
f 3663 3648 3645
f 3663 3645 3660
f 3664 3649 3651
f 3665 3652 3661
f 3666 3657 3653
f 3666 3653 3647
f 3666 3647 3662
f 3667 2888 3654
f 3667 2889 2888
f 3667 2885 2889
f 3667 3654 3648
f 3667 3648 3663
f 3668 3655 3649
f 3668 3649 3664
f 3669 3656 3652
f 3669 3652 3665
f 3670 3657 3666
f 3670 3660 3657
f 3671 3655 3668
f 3671 3658 3655
f 3671 3661 3658
f 3672 3656 3669
f 3672 3659 3656
f 3673 3660 3670
f 3674 3661 3671
f 3675 3659 3672
f 3675 3662 3659
f 3676 3660 3673
f 3676 3663 3660
f 3677 3651 3678
f 3677 3678 3679
f 3677 3664 3651
f 3680 3661 3674
f 3680 3665 3661
f 3680 3669 3665
f 3681 3662 3675
f 3681 3666 3662
f 3682 3663 3676
f 3682 2885 3667
f 3682 3667 3663
f 3683 3664 3677
f 3683 3668 3664
f 3684 3669 3680
f 3685 3666 3681
f 3685 3670 3666
f 3686 3668 3683
f 3686 3671 3668
f 3687 3672 3669
f 3687 3675 3672
f 3687 3669 3684
f 3688 3673 3670
f 3688 3670 3685
f 3689 3674 3671
f 3689 3671 3686
f 3690 3675 3687
f 3691 3676 3673
f 3691 3673 3688
f 3692 3677 3679
f 3693 3674 3689
f 3693 3680 3674
f 3694 3685 3681
f 3694 3675 3690
f 3694 3681 3675
f 3695 3682 3676
f 3695 2885 3682
f 3695 2886 2885
f 3695 3676 3691
f 3696 3683 3677
f 3696 3686 3683
f 3696 3677 3692
f 3697 3684 3680
f 3697 3680 3693
f 3698 3685 3694
f 3699 3686 3696
f 3700 3687 3684
f 3700 3684 3697
f 3701 3688 3685
f 3701 3691 3688
f 3701 3685 3698
f 3702 3686 3699
f 3702 3689 3686
f 3702 3693 3689
f 3703 3687 3700
f 3703 3690 3687
f 3704 3691 3701
f 3705 3679 3706
f 3705 3706 3707
f 3705 3692 3679
f 3708 3697 3693
f 3708 3693 3702
f 3709 3694 3690
f 3709 3690 3703
f 3710 2882 2886
f 3710 2886 3695
f 3710 3695 3691
f 3710 3691 3704
f 3711 3696 3692
f 3711 3692 3705
f 3712 3697 3708
f 3712 3700 3697
f 3713 3698 3694
f 3713 3694 3709
f 3714 3699 3696
f 3714 3696 3711
f 3715 3700 3712
f 3715 3703 3700
f 3716 3698 3713
f 3716 3701 3698
f 3717 3699 3714
f 3717 3702 3699
f 3718 3703 3715
f 3719 3701 3716
f 3719 3704 3701
f 3720 3707 3721
f 3720 3705 3707
f 3722 3702 3717
f 3722 3708 3702
f 3723 3703 3718
f 3723 3709 3703
f 3724 3710 3704
f 3724 2883 2882
f 3724 3704 3719
f 3724 2882 3710
f 3725 3711 3705
f 3725 3714 3711
f 3725 3705 3720
f 3726 3712 3708
f 3726 3708 3722
f 3727 3713 3709
f 3727 3709 3723
f 3727 3716 3713
f 3728 3714 3725
f 3729 3715 3712
f 3729 3712 3726
f 3730 3716 3727
f 3730 3719 3716
f 3731 3717 3714
f 3731 3714 3728
f 3731 3722 3717
f 3732 3715 3729
f 3732 3718 3715
f 3733 3719 3730
f 3734 3720 3721
f 3734 3721 2892
f 3735 3726 3722
f 3735 3722 3731
f 3736 3723 3718
f 3736 3718 3732
f 3737 2875 2883
f 3737 2883 3724
f 3737 3724 3719
f 3737 3719 3733
f 3738 3728 3725
f 3738 3725 3720
f 3738 3720 3734
f 3739 3726 3735
f 3739 3729 3726
f 3740 3727 3723
f 3740 3723 3736
f 3741 3728 3738
f 3742 3732 3729
f 3742 3729 3739
f 3743 3730 3727
f 3743 3727 3740
f 3744 3728 3741
f 3744 3731 3728
f 3745 3732 3742
f 3746 3733 3730
f 3746 3730 3743
f 3747 2892 2891
f 3747 3734 2892
f 3747 3738 3734
f 3748 3739 3735
f 3748 3735 3731
f 3748 3731 3744
f 3749 3732 3745
f 3749 3736 3732
f 3750 3733 3746
f 3750 2876 2875
f 3750 2875 3737
f 3750 3737 3733
f 3751 3738 3747
f 3751 2891 3752
f 3751 3752 3753
f 3751 3747 2891
f 3754 3739 3748
f 3755 3743 3740
f 3755 3736 3749
f 3755 3740 3736
f 3756 3751 3753
f 3756 3753 3757
f 3756 3744 3741
f 3756 3741 3738
f 3756 3738 3751
f 3758 3745 3742
f 3758 3739 3754
f 3758 3742 3739
f 3759 3743 3755
f 3759 3746 3743
f 3760 3756 3757
f 3760 3744 3756
f 3761 3745 3758
f 3762 3746 3759
f 3763 3744 3760
f 3763 3760 3757
f 3763 3754 3748
f 3763 3757 3764
f 3763 3764 3765
f 3763 3748 3744
f 3766 3749 3745
f 3766 3745 3761
f 3767 2876 3750
f 3767 2867 2876
f 3767 3746 3762
f 3767 3750 3746
f 3768 3758 3754
f 3768 3754 3763
f 3768 3763 3765
f 3769 3755 3749
f 3769 3759 3755
f 3769 3749 3766
f 3770 3758 3768
f 3770 3761 3758
f 3770 3768 3765
f 3770 3765 3771
f 3770 3771 3772
f 3773 3759 3769
f 3773 3762 3759
f 3774 3761 3770
f 3774 3770 3772
f 3774 3772 3775
f 3776 3762 3773
f 3777 3766 3761
f 3777 3761 3774
f 3777 3774 3775
f 3778 2867 3767
f 3778 2868 2867
f 3778 3767 3762
f 3778 3762 3776
f 3779 3769 3766
f 3779 3766 3777
f 3779 3775 3780
f 3779 3780 3781
f 3779 3777 3775
f 3782 3769 3779
f 3782 3773 3769
f 3782 3781 3783
f 3782 3776 3773
f 3782 3779 3781
f 3784 3783 3785
f 3784 3782 3783
f 3784 3776 3782
f 3786 2869 2868
f 3786 2845 2869
f 3786 2868 3778
f 3786 3785 2845
f 3786 3778 3776
f 3786 3784 3785
f 3786 3776 3784
f 2895 3787 3788
f 2896 2895 3788
f 2896 3788 3789
f 2905 2896 3789
f 2905 3789 3790
f 2918 3790 3791
f 2918 2905 3790
f 2935 3791 3792
f 2935 2918 3791
f 2950 3792 3793
f 2950 2935 3792
f 2964 3793 3794
f 2964 2950 3793
f 2978 3794 3795
f 2978 2964 3794
f 2979 3795 3796
f 2979 2978 3795
f 3006 3796 3797
f 3006 2979 3796
f 3020 3797 3798
f 3020 3006 3797
f 3034 3798 3799
f 3034 3020 3798
f 3048 3799 3800
f 3048 3034 3799
f 3062 3800 3801
f 3062 3048 3800
f 3076 3801 3802
f 3076 3062 3801
f 3077 3802 3803
f 3077 3076 3802
f 3104 3803 3804
f 3104 3077 3803
f 3118 3104 3804
f 3118 3804 3805
f 3119 3118 3805
f 3119 3805 3806
f 3133 3119 3806
f 3133 3806 3807
f 3147 3133 3807
f 3147 3807 3808
f 3174 3808 3809
f 3174 3147 3808
f 3175 3809 3810
f 3175 3174 3809
f 3202 3810 3811
f 3202 3175 3810
f 3203 3811 3812
f 3203 3202 3811
f 3230 3812 3813
f 3230 3203 3812
f 3231 3813 3814
f 3231 3230 3813
f 3245 3814 3815
f 3245 3231 3814
f 3272 3815 3816
f 3272 3245 3815
f 3286 3816 3817
f 3286 3272 3816
f 3300 3817 3818
f 3300 3286 3817
f 3314 3818 3819
f 3314 3300 3818
f 3328 3819 3820
f 3328 3314 3819
f 3342 3820 3821
f 3342 3328 3820
f 3356 3821 3822
f 3356 3342 3821
f 3370 3822 3823
f 3370 3356 3822
f 3384 3823 3824
f 3384 3370 3823
f 3398 3824 3825
f 3398 3384 3824
f 3412 3825 3826
f 3412 3398 3825
f 3426 3826 3827
f 3426 3412 3826
f 3427 3827 3828
f 3427 3426 3827
f 3454 3828 3829
f 3454 3427 3828
f 3455 3829 3830
f 3455 3454 3829
f 3469 3455 3830
f 3469 3830 3831
f 3496 3469 3831
f 3496 3831 3832
f 3497 3832 3833
f 3497 3496 3832
f 3511 3497 3833
f 3511 3833 3834
f 3525 3834 3835
f 3525 3511 3834
f 3552 3835 3836
f 3552 3525 3835
f 3566 3836 3837
f 3566 3552 3836
f 3580 3837 3838
f 3580 3566 3837
f 3581 3838 3839
f 3581 3580 3838
f 3595 3839 3840
f 3595 3581 3839
f 3609 3840 3841
f 3609 3595 3840
f 3636 3841 3842
f 3636 3609 3841
f 3650 3842 3843
f 3650 3636 3842
f 3651 3843 3844
f 3651 3650 3843
f 3678 3844 3845
f 3678 3651 3844
f 3679 3845 3846
f 3679 3678 3845
f 3706 3846 3847
f 3706 3679 3846
f 3707 3847 3848
f 3707 3706 3847
f 3721 3848 3849
f 3721 3707 3848
f 2892 3849 3850
f 2892 3721 3849
f 2893 3850 3851
f 2893 2892 3850
f 3788 3787 3852
f 3850 3853 3851
f 3854 3788 3852
f 3854 3789 3788
f 3855 3854 3852
f 3855 3856 3857
f 3855 3852 3856
f 3858 3857 3859
f 3858 3855 3857
f 3860 3789 3854
f 3860 3854 3855
f 3860 3790 3789
f 3861 3862 3863
f 3861 3859 3862
f 3861 3858 3859
f 3864 3855 3858
f 3864 3860 3855
f 3865 3791 3790
f 3865 3792 3791
f 3865 3790 3860
f 3866 3863 3867
f 3866 3861 3863
f 3868 3858 3861
f 3868 3864 3858
f 3869 3865 3860
f 3869 3860 3864
f 3870 3871 3872
f 3870 3867 3871
f 3870 3866 3867
f 3873 3861 3866
f 3873 3868 3861
f 3874 3864 3868
f 3874 3869 3864
f 3875 3793 3792
f 3875 3792 3865
f 3875 3865 3869
f 3876 3872 3877
f 3876 3870 3872
f 3878 3873 3866
f 3878 3866 3870
f 3879 3874 3868
f 3879 3868 3873
f 3880 3869 3874
f 3880 3875 3869
f 3881 3794 3793
f 3881 3795 3794
f 3881 3793 3875
f 3882 3877 3883
f 3882 3876 3877
f 3884 3878 3870
f 3884 3870 3876
f 3885 3873 3878
f 3885 3879 3873
f 3886 3880 3874
f 3886 3874 3879
f 3887 3875 3880
f 3887 3881 3875
f 3888 3889 3890
f 3888 3883 3889
f 3888 3882 3883
f 3891 3876 3882
f 3891 3884 3876
f 3892 3885 3878
f 3892 3878 3884
f 3893 3879 3885
f 3893 3886 3879
f 3894 3880 3886
f 3894 3887 3880
f 3895 3890 3896
f 3895 3888 3890
f 3897 3796 3795
f 3897 3881 3887
f 3897 3795 3881
f 3898 3882 3888
f 3898 3891 3882
f 3899 3884 3891
f 3899 3892 3884
f 3900 3885 3892
f 3900 3893 3885
f 3901 3886 3893
f 3901 3894 3886
f 3902 3903 3904
f 3902 3896 3903
f 3902 3895 3896
f 3905 3897 3887
f 3905 3887 3894
f 3906 3888 3895
f 3906 3898 3888
f 3907 3797 3796
f 3907 3796 3897
f 3908 3899 3891
f 3908 3891 3898
f 3909 3892 3899
f 3909 3900 3892
f 3910 3893 3900
f 3910 3901 3893
f 3911 3904 3912
f 3911 3902 3904
f 3913 3905 3894
f 3913 3894 3901
f 3914 3895 3902
f 3914 3906 3895
f 3915 3907 3897
f 3915 3897 3905
f 3916 3898 3906
f 3916 3908 3898
f 3917 3899 3908
f 3917 3909 3899
f 3918 3900 3909
f 3918 3910 3900
f 3919 3911 3912
f 3919 3912 3920
f 3921 3913 3901
f 3921 3901 3910
f 3922 3914 3902
f 3922 3902 3911
f 3923 3905 3913
f 3923 3915 3905
f 3924 3906 3914
f 3924 3916 3906
f 3925 3798 3797
f 3925 3797 3907
f 3925 3799 3798
f 3925 3907 3915
f 3926 3908 3916
f 3926 3917 3908
f 3927 3909 3917
f 3927 3918 3909
f 3928 3929 3930
f 3928 3920 3929
f 3928 3919 3920
f 3931 3921 3910
f 3931 3910 3918
f 3932 3911 3919
f 3932 3922 3911
f 3933 3923 3913
f 3933 3913 3921
f 3934 3924 3914
f 3934 3914 3922
f 3935 3915 3923
f 3935 3925 3915
f 3936 3926 3916
f 3936 3916 3924
f 3937 3800 3799
f 3937 3799 3925
f 3938 3917 3926
f 3938 3927 3917
f 3939 3930 3940
f 3939 3928 3930
f 3941 3918 3927
f 3941 3931 3918
f 3942 3919 3928
f 3942 3932 3919
f 3943 3933 3921
f 3943 3921 3931
f 3944 3934 3922
f 3944 3922 3932
f 3945 3923 3933
f 3945 3935 3923
f 3946 3924 3934
f 3946 3936 3924
f 3947 3925 3935
f 3947 3937 3925
f 3948 3938 3926
f 3948 3926 3936
f 3949 3950 3951
f 3949 3940 3950
f 3949 3939 3940
f 3952 3927 3938
f 3952 3941 3927
f 3953 3942 3928
f 3953 3928 3939
f 3954 3931 3941
f 3954 3943 3931
f 3955 3932 3942
f 3955 3944 3932
f 3956 3945 3933
f 3956 3933 3943
f 3957 3934 3944
f 3957 3946 3934
f 3958 3935 3945
f 3958 3947 3935
f 3959 3936 3946
f 3959 3948 3936
f 3960 3801 3800
f 3960 3802 3801
f 3960 3800 3937
f 3960 3937 3947
f 3961 3949 3951
f 3961 3951 3962
f 3963 3938 3948
f 3963 3952 3938
f 3964 3939 3949
f 3964 3953 3939
f 3965 3941 3952
f 3965 3954 3941
f 3966 3955 3942
f 3966 3942 3953
f 3967 3943 3954
f 3967 3956 3943
f 3968 3957 3944
f 3968 3944 3955
f 3969 3945 3956
f 3969 3958 3945
f 3970 3959 3946
f 3970 3946 3957
f 3971 3960 3947
f 3971 3947 3958
f 3972 3973 3974
f 3972 3962 3973
f 3972 3961 3962
f 3975 3963 3948
f 3975 3948 3959
f 3976 3803 3802
f 3976 3802 3960
f 3977 3964 3949
f 3977 3949 3961
f 3978 3965 3952
f 3978 3952 3963
f 3979 3966 3953
f 3979 3953 3964
f 3980 3967 3954
f 3980 3954 3965
f 3981 3968 3955
f 3981 3955 3966
f 3982 3969 3956
f 3982 3956 3967
f 3983 3957 3968
f 3983 3970 3957
f 3984 3971 3958
f 3984 3958 3969
f 3985 3972 3974
f 3985 3974 3986
f 3987 3959 3970
f 3987 3975 3959
f 3988 3976 3960
f 3988 3960 3971
f 3989 3961 3972
f 3989 3977 3961
f 3990 3978 3963
f 3990 3963 3975
f 3991 3979 3964
f 3991 3964 3977
f 3992 3965 3978
f 3992 3980 3965
f 3993 3981 3966
f 3993 3966 3979
f 3994 3967 3980
f 3994 3982 3967
f 3995 3968 3981
f 3995 3983 3968
f 3996 3969 3982
f 3996 3984 3969
f 3997 3986 3998
f 3997 3985 3986
f 3999 3987 3970
f 3999 3970 3983
f 4000 3971 3984
f 4000 3988 3971
f 4001 3972 3985
f 4001 3989 3972
f 4002 3975 3987
f 4002 3990 3975
f 4003 3804 3803
f 4003 3803 3976
f 4003 3976 3988
f 4004 3977 3989
f 4004 3991 3977
f 4005 3992 3978
f 4005 3978 3990
f 4006 3993 3979
f 4006 3979 3991
f 4007 3980 3992
f 4007 3994 3980
f 4008 3995 3981
f 4008 3981 3993
f 4009 3982 3994
f 4009 3996 3982
f 4010 4011 4012
f 4010 3998 4011
f 4010 3997 3998
f 4013 3999 3983
f 4013 3983 3995
f 4014 4000 3984
f 4014 3984 3996
f 4015 3985 3997
f 4015 4001 3985
f 4016 3987 3999
f 4016 4002 3987
f 4017 3988 4000
f 4017 4003 3988
f 4018 4004 3989
f 4018 3989 4001
f 4019 4005 3990
f 4019 3990 4002
f 4020 3805 3804
f 4020 3806 3805
f 4020 3804 4003
f 4021 4006 3991
f 4021 3991 4004
f 4022 4007 3992
f 4022 3992 4005
f 4023 4008 3993
f 4023 3993 4006
f 4024 4009 3994
f 4024 3994 4007
f 4025 4012 4026
f 4025 4010 4012
f 4027 3995 4008
f 4027 4013 3995
f 4028 4014 3996
f 4028 3996 4009
f 4029 4015 3997
f 4029 3997 4010
f 4030 4016 3999
f 4030 3999 4013
f 4031 4000 4014
f 4031 4017 4000
f 4032 4018 4001
f 4032 4001 4015
f 4033 4002 4016
f 4033 4019 4002
f 4034 4003 4017
f 4034 4020 4003
f 4035 4004 4018
f 4035 4021 4004
f 4036 4022 4005
f 4036 4005 4019
f 4037 4006 4021
f 4037 4023 4006
f 4038 4024 4007
f 4038 4007 4022
f 4039 4026 4040
f 4039 4040 4041
f 4039 4025 4026
f 4042 4027 4008
f 4042 4008 4023
f 4043 4028 4009
f 4043 4009 4024
f 4044 4029 4010
f 4044 4010 4025
f 4045 4013 4027
f 4045 4030 4013
f 4046 4014 4028
f 4046 4031 4014
f 4047 4032 4015
f 4047 4015 4029
f 4048 4033 4016
f 4048 4016 4030
f 4049 4017 4031
f 4049 4034 4017
f 4050 4035 4018
f 4050 4018 4032
f 4051 4019 4033
f 4051 4036 4019
f 4052 4020 4034
f 4052 3807 3806
f 4052 3806 4020
f 4053 4037 4021
f 4053 4021 4035
f 4054 4022 4036
f 4054 4038 4022
f 4055 4039 4041
f 4055 4041 4056
f 4057 4023 4037
f 4057 4042 4023
f 4058 4043 4024
f 4058 4024 4038
f 4059 4025 4039
f 4059 4044 4025
f 4060 4027 4042
f 4060 4045 4027
f 4061 4028 4043
f 4061 4046 4028
f 4062 4047 4029
f 4062 4029 4044
f 4063 4048 4030
f 4063 4030 4045
f 4064 4049 4031
f 4064 4031 4046
f 4065 4050 4032
f 4065 4032 4047
f 4066 4051 4033
f 4066 4033 4048
f 4067 4034 4049
f 4067 4052 4034
f 4068 4035 4050
f 4068 4053 4035
f 4069 4054 4036
f 4069 4036 4051
f 4070 4055 4056
f 4070 4056 4071
f 4070 4071 4072
f 4073 3808 3807
f 4073 3809 3808
f 4073 3807 4052
f 4074 4037 4053
f 4074 4057 4037
f 4075 4038 4054
f 4075 4058 4038
f 4076 4059 4039
f 4076 4039 4055
f 4077 4060 4042
f 4077 4042 4057
f 4078 4043 4058
f 4078 4061 4043
f 4079 4044 4059
f 4079 4062 4044
f 4080 4045 4060
f 4080 4063 4045
f 4081 4046 4061
f 4081 4064 4046
f 4082 4065 4047
f 4082 4047 4062
f 4083 4048 4063
f 4083 4066 4048
f 4084 4049 4064
f 4084 4067 4049
f 4085 4050 4065
f 4085 4068 4050
f 4086 4069 4051
f 4086 4051 4066
f 4087 4070 4072
f 4087 4072 4088
f 4089 4073 4052
f 4089 4052 4067
f 4090 4074 4053
f 4090 4053 4068
f 4091 4054 4069
f 4091 4075 4054
f 4092 4055 4070
f 4092 4076 4055
f 4093 4077 4057
f 4093 4057 4074
f 4094 4058 4075
f 4094 4078 4058
f 4095 4079 4059
f 4095 4059 4076
f 4096 4060 4077
f 4096 4080 4060
f 4097 4061 4078
f 4097 4081 4061
f 4098 4062 4079
f 4098 4082 4062
f 4099 4063 4080
f 4099 4083 4063
f 4100 4064 4081
f 4100 4084 4064
f 4101 4085 4065
f 4101 4065 4082
f 4102 4066 4083
f 4102 4086 4066
f 4103 4087 4088
f 4103 4088 4104
f 4105 4089 4067
f 4105 4067 4084
f 4106 4090 4068
f 4106 4068 4085
f 4107 4091 4069
f 4107 4069 4086
f 4108 4070 4087
f 4108 4092 4070
f 4109 3809 4073
f 4109 3810 3809
f 4109 4073 4089
f 4110 4074 4090
f 4110 4093 4074
f 4111 4075 4091
f 4111 4094 4075
f 4112 4076 4092
f 4112 4095 4076
f 4113 4096 4077
f 4113 4077 4093
f 4114 4078 4094
f 4114 4097 4078
f 4115 4098 4079
f 4115 4079 4095
f 4116 4099 4080
f 4116 4080 4096
f 4117 4081 4097
f 4117 4100 4081
f 4118 4082 4098
f 4118 4101 4082
f 4119 4102 4083
f 4119 4083 4099
f 4120 4104 4121
f 4120 4121 4122
f 4120 4103 4104
f 4123 4084 4100
f 4123 4105 4084
f 4124 4106 4085
f 4124 4085 4101
f 4125 4086 4102
f 4125 4107 4086
f 4126 4087 4103
f 4126 4108 4087
f 4127 4109 4089
f 4127 4089 4105
f 4128 4110 4090
f 4128 4090 4106
f 4129 4091 4107
f 4129 4111 4091
f 4130 4092 4108
f 4130 4112 4092
f 4131 3810 4109
f 4131 3811 3810
f 4132 4093 4110
f 4132 4113 4093
f 4133 4114 4094
f 4133 4094 4111
f 4134 4095 4112
f 4134 4115 4095
f 4135 4096 4113
f 4135 4116 4096
f 4136 4097 4114
f 4136 4117 4097
f 4137 4118 4098
f 4137 4098 4115
f 4138 4099 4116
f 4138 4119 4099
f 4139 4122 4140
f 4139 4120 4122
f 4141 4123 4100
f 4141 4100 4117
f 4142 4101 4118
f 4142 4124 4101
f 4143 4125 4102
f 4143 4102 4119
f 4144 4103 4120
f 4144 4126 4103
f 4145 4105 4123
f 4145 4127 4105
f 4146 4106 4124
f 4146 4128 4106
f 4147 4107 4125
f 4147 4129 4107
f 4148 4130 4108
f 4148 4108 4126
f 4149 4131 4109
f 4149 4109 4127
f 4150 4132 4110
f 4150 4110 4128
f 4151 4111 4129
f 4151 4133 4111
f 4152 4134 4112
f 4152 4112 4130
f 4153 4113 4132
f 4153 4135 4113
f 4154 4114 4133
f 4154 4136 4114
f 4155 4137 4115
f 4155 4115 4134
f 4156 4138 4116
f 4156 4116 4135
f 4157 4139 4140
f 4157 4140 4158
f 4157 4158 4159
f 4160 4117 4136
f 4160 4141 4117
f 4161 4118 4137
f 4161 4142 4118
f 4162 4119 4138
f 4162 4143 4119
f 4163 4144 4120
f 4163 4120 4139
f 4164 4123 4141
f 4164 4145 4123
f 4165 4146 4124
f 4165 4124 4142
f 4166 4125 4143
f 4166 4147 4125
f 4167 4126 4144
f 4167 4148 4126
f 4168 4127 4145
f 4168 4149 4127
f 4169 4128 4146
f 4169 4150 4128
f 4170 4129 4147
f 4170 4151 4129
f 4171 4152 4130
f 4171 4130 4148
f 4172 3812 3811
f 4172 3813 3812
f 4172 3811 4131
f 4172 4131 4149
f 4173 4132 4150
f 4173 4153 4132
f 4174 4154 4133
f 4174 4133 4151
f 4175 4134 4152
f 4175 4155 4134
f 4176 4135 4153
f 4176 4156 4135
f 4177 4159 4178
f 4177 4157 4159
f 4179 4136 4154
f 4179 4160 4136
f 4180 4161 4137
f 4180 4137 4155
f 4181 4138 4156
f 4181 4162 4138
f 4182 4163 4139
f 4182 4139 4157
f 4183 4141 4160
f 4183 4164 4141
f 4184 4142 4161
f 4184 4165 4142
f 4185 4143 4162
f 4185 4166 4143
f 4186 4167 4144
f 4186 4144 4163
f 4187 4145 4164
f 4187 4168 4145
f 4188 4169 4146
f 4188 4146 4165
f 4189 4147 4166
f 4189 4170 4147
f 4190 4171 4148
f 4190 4148 4167
f 4191 4149 4168
f 4191 4172 4149
f 4192 4173 4150
f 4192 4150 4169
f 4193 4151 4170
f 4193 4174 4151
f 4194 4152 4171
f 4194 4175 4152
f 4195 3814 3813
f 4195 3813 4172
f 4196 4153 4173
f 4196 4176 4153
f 4197 4177 4178
f 4197 4178 4198
f 4197 4198 4199
f 4200 4154 4174
f 4200 4179 4154
f 4201 4155 4175
f 4201 4180 4155
f 4202 4181 4156
f 4202 4156 4176
f 4203 4157 4177
f 4203 4182 4157
f 4204 4183 4160
f 4204 4160 4179
f 4205 4184 4161
f 4205 4161 4180
f 4206 4162 4181
f 4206 4185 4162
f 4207 4163 4182
f 4207 4186 4163
f 4208 4187 4164
f 4208 4164 4183
f 4209 4165 4184
f 4209 4188 4165
f 4210 4166 4185
f 4210 4189 4166
f 4211 4190 4167
f 4211 4167 4186
f 4212 4191 4168
f 4212 4168 4187
f 4213 4169 4188
f 4213 4192 4169
f 4214 4170 4189
f 4214 4193 4170
f 4215 4171 4190
f 4215 4194 4171
f 4216 4172 4191
f 4216 4195 4172
f 4217 4173 4192
f 4217 4196 4173
f 4218 4197 4199
f 4218 4199 4219
f 4220 4200 4174
f 4220 4174 4193
f 4221 4201 4175
f 4221 4175 4194
f 4222 4176 4196
f 4222 4202 4176
f 4223 4203 4177
f 4223 4177 4197
f 4224 4204 4179
f 4224 4179 4200
f 4225 4205 4180
f 4225 4180 4201
f 4226 4181 4202
f 4226 4206 4181
f 4227 4207 4182
f 4227 4182 4203
f 4228 4208 4183
f 4228 4183 4204
f 4229 4209 4184
f 4229 4184 4205
f 4230 4185 4206
f 4230 4210 4185
f 4231 4211 4186
f 4231 4186 4207
f 4232 4187 4208
f 4232 4212 4187
f 4233 4188 4209
f 4233 4213 4188
f 4234 4189 4210
f 4234 4214 4189
f 4235 4215 4190
f 4235 4190 4211
f 4236 4191 4212
f 4236 4216 4191
f 4237 4217 4192
f 4237 4192 4213
f 4238 4218 4219
f 4238 4219 4239
f 4240 4220 4193
f 4240 4193 4214
f 4241 4194 4215
f 4241 4221 4194
f 4242 3815 3814
f 4242 3814 4195
f 4242 4195 4216
f 4243 4196 4217
f 4243 4222 4196
f 4244 4197 4218
f 4244 4223 4197
f 4245 4224 4200
f 4245 4200 4220
f 4246 4201 4221
f 4246 4225 4201
f 4247 4226 4202
f 4247 4202 4222
f 4248 4203 4223
f 4248 4227 4203
f 4249 4204 4224
f 4249 4228 4204
f 4250 4229 4205
f 4250 4205 4225
f 4251 4230 4206
f 4251 4206 4226
f 4252 4207 4227
f 4252 4231 4207
f 4253 4208 4228
f 4253 4232 4208
f 4254 4233 4209
f 4254 4209 4229
f 4255 4234 4210
f 4255 4210 4230
f 4256 4235 4211
f 4256 4211 4231
f 4257 4236 4212
f 4257 4212 4232
f 4258 4237 4213
f 4258 4213 4233
f 4259 4239 4260
f 4259 4260 4261
f 4259 4238 4239
f 4262 4214 4234
f 4262 4240 4214
f 4263 4215 4235
f 4263 4241 4215
f 4264 4216 4236
f 4264 4242 4216
f 4265 4217 4237
f 4265 4243 4217
f 4266 4244 4218
f 4266 4218 4238
f 4267 4220 4240
f 4267 4245 4220
f 4268 4221 4241
f 4268 4246 4221
f 4269 3816 3815
f 4269 3817 3816
f 4269 3815 4242
f 4270 4247 4222
f 4270 4222 4243
f 4271 4223 4244
f 4271 4248 4223
f 4272 4249 4224
f 4272 4224 4245
f 4273 4250 4225
f 4273 4225 4246
f 4274 4226 4247
f 4274 4251 4226
f 4275 4227 4248
f 4275 4252 4227
f 4276 4228 4249
f 4276 4253 4228
f 4277 4229 4250
f 4277 4254 4229
f 4278 4230 4251
f 4278 4255 4230
f 4279 4256 4231
f 4279 4231 4252
f 4280 4232 4253
f 4280 4257 4232
f 4281 4258 4233
f 4281 4233 4254
f 4282 4259 4261
f 4282 4261 4283
f 4284 4234 4255
f 4284 4262 4234
f 4285 4263 4235
f 4285 4235 4256
f 4286 4236 4257
f 4286 4264 4236
f 4287 4265 4237
f 4287 4237 4258
f 4288 4238 4259
f 4288 4266 4238
f 4289 4240 4262
f 4289 4267 4240
f 4290 4241 4263
f 4290 4268 4241
f 4291 4242 4264
f 4291 4269 4242
f 4292 4243 4265
f 4292 4270 4243
f 4293 4244 4266
f 4293 4271 4244
f 4294 4272 4245
f 4294 4245 4267
f 4295 4273 4246
f 4295 4246 4268
f 4296 4247 4270
f 4296 4274 4247
f 4297 4248 4271
f 4297 4275 4248
f 4298 4249 4272
f 4298 4276 4249
f 4299 4250 4273
f 4299 4277 4250
f 4300 4278 4251
f 4300 4251 4274
f 4301 4279 4252
f 4301 4252 4275
f 4302 4280 4253
f 4302 4253 4276
f 4303 4254 4277
f 4303 4281 4254
f 4304 4282 4283
f 4304 4283 4305
f 4304 4305 4306
f 4307 4255 4278
f 4307 4284 4255
f 4308 4285 4256
f 4308 4256 4279
f 4309 4257 4280
f 4309 4286 4257
f 4310 4287 4258
f 4310 4258 4281
f 4311 4259 4282
f 4311 4288 4259
f 4312 4289 4262
f 4312 4262 4284
f 4313 4290 4263
f 4313 4263 4285
f 4314 4264 4286
f 4314 4291 4264
f 4315 4292 4265
f 4315 4265 4287
f 4316 4293 4266
f 4316 4266 4288
f 4317 4294 4267
f 4317 4267 4289
f 4318 4295 4268
f 4318 4268 4290
f 4319 4269 4291
f 4319 3818 3817
f 4319 3819 3818
f 4319 3817 4269
f 4320 4296 4270
f 4320 4270 4292
f 4321 4297 4271
f 4321 4271 4293
f 4322 4298 4272
f 4322 4272 4294
f 4323 4273 4295
f 4323 4299 4273
f 4324 4300 4274
f 4324 4274 4296
f 4325 4301 4275
f 4325 4275 4297
f 4326 4276 4298
f 4326 4302 4276
f 4327 4277 4299
f 4327 4303 4277
f 4328 4304 4306
f 4328 4306 4329
f 4330 4307 4278
f 4330 4278 4300
f 4331 4308 4279
f 4331 4279 4301
f 4332 4280 4302
f 4332 4309 4280
f 4333 4281 4303
f 4333 4310 4281
f 4334 4311 4282
f 4334 4282 4304
f 4335 4284 4307
f 4335 4312 4284
f 4336 4313 4285
f 4336 4285 4308
f 4337 4314 4286
f 4337 4286 4309
f 4338 4315 4287
f 4338 4287 4310
f 4339 4288 4311
f 4339 4316 4288
f 4340 4317 4289
f 4340 4289 4312
f 4341 4290 4313
f 4341 4318 4290
f 4342 3819 4319
f 4342 4291 4314
f 4342 4319 4291
f 4343 4292 4315
f 4343 4320 4292
f 4344 4321 4293
f 4344 4293 4316
f 4345 4294 4317
f 4345 4322 4294
f 4346 4323 4295
f 4346 4295 4318
f 4347 4296 4320
f 4347 4324 4296
f 4348 4297 4321
f 4348 4325 4297
f 4349 4326 4298
f 4349 4298 4322
f 4350 4327 4299
f 4350 4299 4323
f 4351 4328 4329
f 4351 4329 4352
f 4353 4330 4300
f 4353 4300 4324
f 4354 4301 4325
f 4354 4331 4301
f 4355 4302 4326
f 4355 4332 4302
f 4356 4333 4303
f 4356 4303 4327
f 4357 4334 4304
f 4357 4304 4328
f 4358 4335 4307
f 4358 4307 4330
f 4359 4336 4308
f 4359 4308 4331
f 4360 4337 4309
f 4360 4309 4332
f 4361 4310 4333
f 4361 4338 4310
f 4362 4339 4311
f 4362 4311 4334
f 4363 4312 4335
f 4363 4340 4312
f 4364 4313 4336
f 4364 4341 4313
f 4365 3819 4342
f 4365 4342 4314
f 4365 4314 4337
f 4366 4315 4338
f 4366 4343 4315
f 4367 4344 4316
f 4367 4316 4339
f 4368 4345 4317
f 4368 4317 4340
f 4369 4346 4318
f 4369 4318 4341
f 4370 4347 4320
f 4370 4320 4343
f 4371 4321 4344
f 4371 4348 4321
f 4372 4322 4345
f 4372 4349 4322
f 4373 4350 4323
f 4373 4323 4346
f 4374 4351 4352
f 4374 4352 4375
f 4374 4375 4376
f 4377 4324 4347
f 4377 4353 4324
f 4378 4325 4348
f 4378 4354 4325
f 4379 4326 4349
f 4379 4355 4326
f 4380 4356 4327
f 4380 4327 4350
f 4381 4328 4351
f 4381 4357 4328
f 4382 4330 4353
f 4382 4358 4330
f 4383 4359 4331
f 4383 4331 4354
f 4384 4332 4355
f 4384 4360 4332
f 4385 4361 4333
f 4385 4333 4356
f 4386 4334 4357
f 4386 4362 4334
f 4387 4363 4335
f 4387 4335 4358
f 4388 4364 4336
f 4388 4336 4359
f 4389 4365 4337
f 4389 4337 4360
f 4389 3819 4365
f 4390 4338 4361
f 4390 4366 4338
f 4391 4339 4362
f 4391 4367 4339
f 4392 4340 4363
f 4392 4368 4340
f 4393 4341 4364
f 4393 4369 4341
f 4394 4370 4343
f 4394 4343 4366
f 4395 4371 4344
f 4395 4344 4367
f 4396 4345 4368
f 4396 4372 4345
f 4397 4346 4369
f 4397 4373 4346
f 4398 4374 4376
f 4398 4376 4399
f 4400 4347 4370
f 4400 4377 4347
f 4401 4378 4348
f 4401 4348 4371
f 4402 4349 4372
f 4402 4379 4349
f 4403 4380 4350
f 4403 4350 4373
f 4404 4351 4374
f 4404 4381 4351
f 4405 4353 4377
f 4405 4382 4353
f 4406 4383 4354
f 4406 4354 4378
f 4407 4355 4379
f 4407 4384 4355
f 4408 4385 4356
f 4408 4356 4380
f 4409 4357 4381
f 4409 4386 4357
f 4410 4358 4382
f 4410 4387 4358
f 4411 4359 4383
f 4411 4388 4359
f 4412 4360 4384
f 4412 4389 4360
f 4412 3819 4389
f 4413 4361 4385
f 4413 4390 4361
f 4414 4391 4362
f 4414 4362 4386
f 4415 4363 4387
f 4415 4392 4363
f 4416 4393 4364
f 4416 4364 4388
f 4417 4366 4390
f 4417 4394 4366
f 4418 4367 4391
f 4418 4395 4367
f 4419 4396 4368
f 4419 4368 4392
f 4420 4397 4369
f 4420 4369 4393
f 4421 4398 4399
f 4421 4399 4422
f 4421 4422 4423
f 4424 4370 4394
f 4424 4400 4370
f 4425 4371 4395
f 4425 4401 4371
f 4426 4402 4372
f 4426 4372 4396
f 4427 4403 4373
f 4427 4373 4397
f 4428 4374 4398
f 4428 4404 4374
f 4429 4377 4400
f 4429 4405 4377
f 4430 4378 4401
f 4430 4406 4378
f 4431 4407 4379
f 4431 4379 4402
f 4432 4380 4403
f 4432 4408 4380
f 4433 4381 4404
f 4433 4409 4381
f 4434 4410 4382
f 4434 4382 4405
f 4435 4383 4406
f 4435 4411 4383
f 4436 4412 4384
f 4436 4384 4407
f 4436 3819 4412
f 4437 4385 4408
f 4437 4413 4385
f 4438 4414 4386
f 4438 4386 4409
f 4439 4387 4410
f 4439 4415 4387
f 4440 4416 4388
f 4440 4388 4411
f 4441 4390 4413
f 4441 4417 4390
f 4442 4418 4391
f 4442 4391 4414
f 4443 4392 4415
f 4443 4419 4392
f 4444 4420 4393
f 4444 4393 4416
f 4445 4423 4446
f 4445 4421 4423
f 4447 4424 4394
f 4447 4394 4417
f 4448 4425 4395
f 4448 4395 4418
f 4449 4396 4419
f 4449 4426 4396
f 4450 4397 4420
f 4450 4427 4397
f 4451 4398 4421
f 4451 4428 4398
f 4452 4400 4424
f 4452 4429 4400
f 4453 4401 4425
f 4453 4430 4401
f 4454 4431 4402
f 4454 4402 4426
f 4455 4403 4427
f 4455 4432 4403
f 4456 4433 4404
f 4456 4404 4428
f 4457 4434 4405
f 4457 4405 4429
f 4458 4406 4430
f 4458 4435 4406
f 4459 3819 4436
f 4459 4407 4431
f 4459 4436 4407
f 4460 4437 4408
f 4460 4408 4432
f 4461 4438 4409
f 4461 4409 4433
f 4462 4439 4410
f 4462 4410 4434
f 4463 4411 4435
f 4463 4440 4411
f 4464 4441 4413
f 4464 4413 4437
f 4465 4442 4414
f 4465 4414 4438
f 4466 4415 4439
f 4466 4443 4415
f 4467 4444 4416
f 4467 4416 4440
f 4468 4446 4469
f 4468 4469 3853
f 4468 4445 4446
f 4470 4447 4417
f 4470 4417 4441
f 4471 4418 4442
f 4471 4448 4418
f 4472 4419 4443
f 4472 4449 4419
f 4473 4450 4420
f 4473 4420 4444
f 4474 4421 4445
f 4474 4451 4421
f 4475 4452 4424
f 4475 4424 4447
f 4476 4425 4448
f 4476 4453 4425
f 4477 4426 4449
f 4477 4454 4426
f 4478 4427 4450
f 4478 4455 4427
f 4479 4456 4428
f 4479 4428 4451
f 4480 4457 4429
f 4480 4429 4452
f 4481 4430 4453
f 4481 4458 4430
f 4482 4459 4431
f 4482 4431 4454
f 4482 3819 4459
f 4483 4432 4455
f 4483 4460 4432
f 4484 4433 4456
f 4484 4461 4433
f 4485 4434 4457
f 4485 4462 4434
f 4486 4463 4435
f 4486 4435 4458
f 4487 4437 4460
f 4487 4464 4437
f 4488 4438 4461
f 4488 4465 4438
f 4489 4439 4462
f 4489 4466 4439
f 4490 4440 4463
f 4490 4467 4440
f 4491 3853 3850
f 4491 4468 3853
f 4491 3850 3849
f 4492 4470 4441
f 4492 4441 4464
f 4493 4442 4465
f 4493 4471 4442
f 4494 4472 4443
f 4494 4443 4466
f 4495 4473 4444
f 4495 4444 4467
f 4496 4445 4468
f 4496 4474 4445
f 4497 4475 4447
f 4497 4447 4470
f 4498 4448 4471
f 4498 4476 4448
f 4499 4449 4472
f 4499 4477 4449
f 4500 4450 4473
f 4500 4478 4450
f 4501 4479 4451
f 4501 4451 4474
f 4502 4480 4452
f 4502 4452 4475
f 4503 4453 4476
f 4503 4481 4453
f 4504 4454 4477
f 4504 3819 4482
f 4504 4482 4454
f 4505 4483 4455
f 4505 4455 4478
f 4506 4456 4479
f 4506 4484 4456
f 4507 4457 4480
f 4507 4485 4457
f 4508 4458 4481
f 4508 4486 4458
f 4509 4460 4483
f 4509 4487 4460
f 4510 4461 4484
f 4510 4488 4461
f 4511 4462 4485
f 4511 4489 4462
f 4512 4490 4463
f 4512 4463 4486
f 4513 4464 4487
f 4513 4492 4464
f 4514 4493 4465
f 4514 4465 4488
f 4515 4466 4489
f 4515 4494 4466
f 4516 4467 4490
f 4516 4495 4467
f 4517 4491 3849
f 4517 4496 4468
f 4517 4468 4491
f 4517 3849 3848
f 4518 4497 4470
f 4518 4470 4492
f 4519 4498 4471
f 4519 4471 4493
f 4520 4472 4494
f 4520 4499 4472
f 4521 4473 4495
f 4521 4500 4473
f 4522 4474 4496
f 4522 4501 4474
f 4523 4502 4475
f 4523 4475 4497
f 4524 4476 4498
f 4524 4503 4476
f 4525 3819 4504
f 4525 4477 4499
f 4525 4504 4477
f 4526 4505 4478
f 4526 4478 4500
f 4527 4506 4479
f 4527 4479 4501
f 4528 4480 4502
f 4528 4507 4480
f 4529 4481 4503
f 4529 4508 4481
f 4530 4509 4483
f 4530 4483 4505
f 4531 4510 4484
f 4531 4484 4506
f 4532 4485 4507
f 4532 4511 4485
f 4533 4512 4486
f 4533 4486 4508
f 4534 4513 4487
f 4534 4487 4509
f 4535 4488 4510
f 4535 4514 4488
f 4536 4489 4511
f 4536 4515 4489
f 4537 4490 4512
f 4537 4516 4490
f 4538 4492 4513
f 4538 4518 4492
f 4539 4519 4493
f 4539 4493 4514
f 4540 4494 4515
f 4540 4520 4494
f 4541 4521 4495
f 4541 4495 4516
f 4542 4496 4517
f 4542 4522 4496
f 4543 4523 4497
f 4543 4497 4518
f 4544 4498 4519
f 4544 4524 4498
f 4545 3819 4525
f 4545 4499 4520
f 4545 4525 4499
f 4546 4526 4500
f 4546 4500 4521
f 4547 4527 4501
f 4547 4501 4522
f 4548 4502 4523
f 4548 4528 4502
f 4549 4529 4503
f 4549 4503 4524
f 4550 4505 4526
f 4550 4530 4505
f 4551 4531 4506
f 4551 4506 4527
f 4552 4507 4528
f 4552 4532 4507
f 4553 4508 4529
f 4553 4533 4508
f 4554 4509 4530
f 4554 4534 4509
f 4555 4510 4531
f 4555 4535 4510
f 4556 4511 4532
f 4556 4536 4511
f 4557 4512 4533
f 4557 4537 4512
f 4558 4513 4534
f 4558 4538 4513
f 4559 4539 4514
f 4559 4514 4535
f 4560 4515 4536
f 4560 4540 4515
f 4561 4516 4537
f 4561 4541 4516
f 4562 4517 3848
f 4562 4542 4517
f 4562 3847 3846
f 4562 3848 3847
f 4563 4518 4538
f 4563 4543 4518
f 4564 4519 4539
f 4564 4544 4519
f 4565 4520 4540
f 4565 4545 4520
f 4565 3819 4545
f 4566 4521 4541
f 4566 4546 4521
f 4567 4547 4522
f 4567 4522 4542
f 4568 4548 4523
f 4568 4523 4543
f 4569 4524 4544
f 4569 4549 4524
f 4570 4526 4546
f 4570 4550 4526
f 4571 4527 4547
f 4571 4551 4527
f 4572 4528 4548
f 4572 4552 4528
f 4573 4553 4529
f 4573 4529 4549
f 4574 4530 4550
f 4574 4554 4530
f 4575 4531 4551
f 4575 4555 4531
f 4576 4556 4532
f 4576 4532 4552
f 4577 4557 4533
f 4577 4533 4553
f 4578 4558 4534
f 4578 4534 4554
f 4579 4535 4555
f 4579 4559 4535
f 4580 4560 4536
f 4580 4536 4556
f 4581 4537 4557
f 4581 4561 4537
f 4582 4538 4558
f 4582 4563 4538
f 4583 4539 4559
f 4583 4564 4539
f 4584 4565 4540
f 4584 4540 4560
f 4584 3819 4565
f 4585 4566 4541
f 4585 4541 4561
f 4586 4562 3846
f 4586 4567 4542
f 4586 4542 4562
f 4586 3846 3845
f 4587 4543 4563
f 4587 4568 4543
f 4588 4569 4544
f 4588 4544 4564
f 4589 4546 4566
f 4589 4570 4546
f 4590 4547 4567
f 4590 4571 4547
f 4591 4572 4548
f 4591 4548 4568
f 4592 4573 4549
f 4592 4549 4569
f 4593 4550 4570
f 4593 4574 4550
f 4594 4575 4551
f 4594 4551 4571
f 4595 4576 4552
f 4595 4552 4572
f 4596 4577 4553
f 4596 4553 4573
f 4597 4554 4574
f 4597 4578 4554
f 4598 4555 4575
f 4598 4579 4555
f 4599 4580 4556
f 4599 4556 4576
f 4600 4581 4557
f 4600 4557 4577
f 4601 4582 4558
f 4601 4558 4578
f 4602 4559 4579
f 4602 4583 4559
f 4603 4584 4560
f 4603 3819 4584
f 4603 4560 4580
f 4604 4561 4581
f 4604 4585 4561
f 4605 4563 4582
f 4605 4587 4563
f 4606 4588 4564
f 4606 4564 4583
f 4607 4589 4566
f 4607 4566 4585
f 4608 4590 4567
f 4608 4567 4586
f 4609 4568 4587
f 4609 4591 4568
f 4610 4592 4569
f 4610 4569 4588
f 4611 4570 4589
f 4611 4593 4570
f 4612 4594 4571
f 4612 4571 4590
f 4613 4595 4572
f 4613 4572 4591
f 4614 4596 4573
f 4614 4573 4592
f 4615 4574 4593
f 4615 4597 4574
f 4616 4575 4594
f 4616 4598 4575
f 4617 4576 4595
f 4617 4599 4576
f 4618 4600 4577
f 4618 4577 4596
f 4619 4578 4597
f 4619 4601 4578
f 4620 4602 4579
f 4620 4579 4598
f 4621 4580 4599
f 4621 4603 4580
f 4621 3819 4603
f 4622 4604 4581
f 4622 4581 4600
f 4623 4582 4601
f 4623 4605 4582
f 4624 4606 4583
f 4624 4583 4602
f 4625 4585 4604
f 4625 4607 4585
f 4626 4586 3845
f 4626 4608 4586
f 4626 3844 3843
f 4626 3845 3844
f 4627 4609 4587
f 4627 4587 4605
f 4628 4588 4606
f 4628 4610 4588
f 4629 4611 4589
f 4629 4589 4607
f 4630 4590 4608
f 4630 4612 4590
f 4631 4591 4609
f 4631 4613 4591
f 4632 4614 4592
f 4632 4592 4610
f 4633 4593 4611
f 4633 4615 4593
f 4634 4594 4612
f 4634 4616 4594
f 4635 4595 4613
f 4635 4617 4595
f 4636 4618 4596
f 4636 4596 4614
f 4637 4597 4615
f 4637 4619 4597
f 4638 4620 4598
f 4638 4598 4616
f 4639 4599 4617
f 4639 3819 4621
f 4639 4621 4599
f 4640 4622 4600
f 4640 4600 4618
f 4641 4623 4601
f 4641 4601 4619
f 4642 4624 4602
f 4642 4602 4620
f 4643 4604 4622
f 4643 4625 4604
f 4644 4627 4605
f 4644 4605 4623
f 4645 4606 4624
f 4645 4628 4606
f 4646 4629 4607
f 4646 4607 4625
f 4647 4608 4626
f 4647 4626 3843
f 4647 4630 4608
f 4647 3843 3842
f 4648 4631 4609
f 4648 4609 4627
f 4649 4632 4610
f 4649 4610 4628
f 4650 4633 4611
f 4650 4611 4629
f 4651 4612 4630
f 4651 4634 4612
f 4652 4613 4631
f 4652 4635 4613
f 4653 4636 4614
f 4653 4614 4632
f 4654 4637 4615
f 4654 4615 4633
f 4655 4616 4634
f 4655 4638 4616
f 4656 3819 4639
f 4656 4639 4617
f 4656 4617 4635
f 4657 4640 4618
f 4657 4618 4636
f 4658 4641 4619
f 4658 4619 4637
f 4659 4642 4620
f 4659 4620 4638
f 4660 4643 4622
f 4660 4622 4640
f 4661 4623 4641
f 4661 4644 4623
f 4662 4645 4624
f 4662 4624 4642
f 4663 4625 4643
f 4663 4646 4625
f 4664 4627 4644
f 4664 4648 4627
f 4665 4628 4645
f 4665 4649 4628
f 4666 4650 4629
f 4666 4629 4646
f 4667 4630 4647
f 4667 4651 4630
f 4668 4652 4631
f 4668 4631 4648
f 4669 4653 4632
f 4669 4632 4649
f 4670 4633 4650
f 4670 4654 4633
f 4671 4634 4651
f 4671 4655 4634
f 4672 3819 4656
f 4672 4635 4652
f 4672 4656 4635
f 4673 4657 4636
f 4673 4636 4653
f 4674 4658 4637
f 4674 4637 4654
f 4675 4659 4638
f 4675 4638 4655
f 4676 4660 4640
f 4676 4640 4657
f 4677 4641 4658
f 4677 4661 4641
f 4678 4642 4659
f 4678 4662 4642
f 4679 4643 4660
f 4679 4663 4643
f 4680 4664 4644
f 4680 4644 4661
f 4681 4645 4662
f 4681 4665 4645
f 4682 4646 4663
f 4682 4666 4646
f 4683 4667 4647
f 4683 4647 3842
f 4683 3842 3841
f 4684 4648 4664
f 4684 4668 4648
f 4685 4649 4665
f 4685 4669 4649
f 4686 4670 4650
f 4686 4650 4666
f 4687 4651 4667
f 4687 4671 4651
f 4688 4672 4652
f 4688 4652 4668
f 4688 3819 4672
f 4689 4673 4653
f 4689 4653 4669
f 4690 4674 4654
f 4690 4654 4670
f 4691 4655 4671
f 4691 4675 4655
f 4692 4657 4673
f 4692 4676 4657
f 4693 4677 4658
f 4693 4658 4674
f 4694 4678 4659
f 4694 4659 4675
f 4695 4660 4676
f 4695 4679 4660
f 4696 4680 4661
f 4696 4661 4677
f 4697 4662 4678
f 4697 4681 4662
f 4698 4663 4679
f 4698 4682 4663
f 4699 4664 4680
f 4699 4684 4664
f 4700 4685 4665
f 4700 4665 4681
f 4701 4686 4666
f 4701 4666 4682
f 4702 4683 3841
f 4702 4687 4667
f 4702 3840 3839
f 4702 3841 3840
f 4702 4667 4683
f 4703 4688 4668
f 4703 3819 4688
f 4703 4668 4684
f 4704 4689 4669
f 4704 4669 4685
f 4705 4670 4686
f 4705 4690 4670
f 4706 4691 4671
f 4706 4671 4687
f 4707 4692 4673
f 4707 4673 4689
f 4708 4674 4690
f 4708 4693 4674
f 4709 4675 4691
f 4709 4694 4675
f 4710 4695 4676
f 4710 4676 4692
f 4711 4696 4677
f 4711 4677 4693
f 4712 4678 4694
f 4712 4697 4678
f 4713 4679 4695
f 4713 4698 4679
f 4714 4680 4696
f 4714 4699 4680
f 4715 4681 4697
f 4715 4700 4681
f 4716 4701 4682
f 4716 4682 4698
f 4717 4684 4699
f 4717 4703 4684
f 4717 3819 4703
f 4718 4685 4700
f 4718 4704 4685
f 4719 4686 4701
f 4719 4705 4686
f 4720 4687 4702
f 4720 4706 4687
f 4721 4689 4704
f 4721 4707 4689
f 4722 4708 4690
f 4722 4690 4705
f 4723 4691 4706
f 4723 4709 4691
f 4724 4692 4707
f 4724 4710 4692
f 4725 4711 4693
f 4725 4693 4708
f 4726 4712 4694
f 4726 4694 4709
f 4727 4695 4710
f 4727 4713 4695
f 4728 4714 4696
f 4728 4696 4711
f 4729 4697 4712
f 4729 4715 4697
f 4730 4716 4698
f 4730 4698 4713
f 4731 4699 4714
f 4731 3819 4717
f 4731 4717 4699
f 4732 4718 4700
f 4732 4700 4715
f 4733 4719 4701
f 4733 4701 4716
f 4734 4720 4702
f 4734 3839 3838
f 4734 4702 3839
f 4735 4721 4704
f 4735 4704 4718
f 4736 4705 4719
f 4736 4722 4705
f 4737 4706 4720
f 4737 4723 4706
f 4738 4707 4721
f 4738 4724 4707
f 4739 4708 4722
f 4739 4725 4708
f 4740 4709 4723
f 4740 4726 4709
f 4741 4710 4724
f 4741 4727 4710
f 4742 4711 4725
f 4742 4728 4711
f 4743 4729 4712
f 4743 4712 4726
f 4744 4730 4713
f 4744 4713 4727
f 4745 4714 4728
f 4745 4731 4714
f 4745 3819 4731
f 4746 4715 4729
f 4746 4732 4715
f 4747 4733 4716
f 4747 4716 4730
f 4748 4718 4732
f 4748 4735 4718
f 4749 4719 4733
f 4749 4736 4719
f 4750 4720 4734
f 4750 4737 4720
f 4750 3837 3836
f 4750 3838 3837
f 4750 4734 3838
f 4751 4738 4721
f 4751 4721 4735
f 4752 4739 4722
f 4752 4722 4736
f 4753 4723 4737
f 4753 4740 4723
f 4754 4724 4738
f 4754 4741 4724
f 4755 4725 4739
f 4755 4742 4725
f 4756 4726 4740
f 4756 4743 4726
f 4757 4727 4741
f 4757 4744 4727
f 4758 4728 4742
f 4758 4745 4728
f 4758 3819 4745
f 4759 4729 4743
f 4759 4746 4729
f 4760 4747 4730
f 4760 4730 4744
f 4761 4732 4746
f 4761 4748 4732
f 4762 4733 4747
f 4762 4749 4733
f 4763 4751 4735
f 4763 4735 4748
f 4764 4752 4736
f 4764 4736 4749
f 4765 4737 4750
f 4765 4753 4737
f 4766 4754 4738
f 4766 4738 4751
f 4767 4739 4752
f 4767 4755 4739
f 4768 4740 4753
f 4768 4756 4740
f 4769 4741 4754
f 4769 4757 4741
f 4770 3819 4758
f 4770 4742 4755
f 4770 4758 4742
f 4771 4743 4756
f 4771 4759 4743
f 4772 4744 4757
f 4772 4760 4744
f 4773 4746 4759
f 4773 4761 4746
f 4774 4747 4760
f 4774 4762 4747
f 4775 4748 4761
f 4775 4763 4748
f 4776 4764 4749
f 4776 4749 4762
f 4777 4750 3836
f 4777 4765 4750
f 4777 3836 3835
f 4778 4751 4763
f 4778 4766 4751
f 4779 4752 4764
f 4779 4767 4752
f 4780 4768 4753
f 4780 4753 4765
f 4781 4769 4754
f 4781 4754 4766
f 4782 4755 4767
f 4782 4770 4755
f 4782 3819 4770
f 4783 4756 4768
f 4783 4771 4756
f 4784 4757 4769
f 4784 4772 4757
f 4785 4759 4771
f 4785 4773 4759
f 4786 4774 4760
f 4786 4760 4772
f 4787 4775 4761
f 4787 4761 4773
f 4788 4776 4762
f 4788 4762 4774
f 4789 4763 4775
f 4789 4778 4763
f 4790 4779 4764
f 4790 4764 4776
f 4791 4765 4777
f 4791 4777 3835
f 4791 4780 4765
f 4791 3835 3834
f 4792 4781 4766
f 4792 4766 4778
f 4793 4767 4779
f 4793 4782 4767
f 4793 3819 4782
f 4794 4768 4780
f 4794 4783 4768
f 4795 4784 4769
f 4795 4769 4781
f 4796 4771 4783
f 4796 4785 4771
f 4797 4786 4772
f 4797 4772 4784
f 4798 4773 4785
f 4798 4787 4773
f 4799 4774 4786
f 4799 4788 4774
f 4800 4789 4775
f 4800 4775 4787
f 4801 4776 4788
f 4801 4790 4776
f 4802 4792 4778
f 4802 4778 4789
f 4803 4793 4779
f 4803 4779 4790
f 4803 3819 4793
f 4804 4794 4780
f 4804 4780 4791
f 4805 4781 4792
f 4805 4795 4781
f 4806 4796 4783
f 4806 4783 4794
f 4807 4797 4784
f 4807 4784 4795
f 4808 4785 4796
f 4808 4798 4785
f 4809 4786 4797
f 4809 4799 4786
f 4810 4800 4787
f 4810 4787 4798
f 4811 4801 4788
f 4811 4788 4799
f 4812 4789 4800
f 4812 4802 4789
f 4813 4790 4801
f 4813 4803 4790
f 4813 3819 4803
f 4814 4791 3834
f 4814 3833 3832
f 4814 3834 3833
f 4814 4804 4791
f 4815 4792 4802
f 4815 4805 4792
f 4816 4794 4804
f 4816 4806 4794
f 4817 4807 4795
f 4817 4795 4805
f 4818 4808 4796
f 4818 4796 4806
f 4819 4809 4797
f 4819 4797 4807
f 4820 4810 4798
f 4820 4798 4808
f 4821 4799 4809
f 4821 4811 4799
f 4822 4800 4810
f 4822 4812 4800
f 4823 4801 4811
f 4823 4813 4801
f 4823 3819 4813
f 4824 4815 4802
f 4824 4802 4812
f 4825 4816 4804
f 4825 4814 3832
f 4825 4804 4814
f 4825 3832 3831
f 4826 4805 4815
f 4826 4817 4805
f 4827 4806 4816
f 4827 4818 4806
f 4828 4819 4807
f 4828 4807 4817
f 4829 4820 4808
f 4829 4808 4818
f 4830 4809 4819
f 4830 4821 4809
f 4831 4822 4810
f 4831 4810 4820
f 4832 4811 4821
f 4832 3819 4823
f 4832 4823 4811
f 4833 4824 4812
f 4833 4812 4822
f 4834 4826 4815
f 4834 4815 4824
f 4835 4827 4816
f 4835 4816 4825
f 4836 4828 4817
f 4836 4817 4826
f 4837 4829 4818
f 4837 4818 4827
f 4838 4819 4828
f 4838 4830 4819
f 4839 4820 4829
f 4839 4831 4820
f 4840 3819 4832
f 4840 4821 4830
f 4840 4832 4821
f 4841 4822 4831
f 4841 4833 4822
f 4842 4824 4833
f 4842 4834 4824
f 4843 4835 4825
f 4843 4825 3831
f 4843 3830 3829
f 4843 3831 3830
f 4844 4826 4834
f 4844 4836 4826
f 4845 4827 4835
f 4845 4837 4827
f 4846 4828 4836
f 4846 4838 4828
f 4847 4829 4837
f 4847 4839 4829
f 4848 4840 4830
f 4848 3819 4840
f 4848 4830 4838
f 4849 4841 4831
f 4849 4831 4839
f 4850 4842 4833
f 4850 4833 4841
f 4851 4844 4834
f 4851 4834 4842
f 4852 4843 3829
f 4852 3829 3828
f 4852 4845 4835
f 4852 4835 4843
f 4853 4836 4844
f 4853 4846 4836
f 4854 4837 4845
f 4854 4847 4837
f 4855 4838 4846
f 4855 4848 4838
f 4855 3819 4848
f 4856 4849 4839
f 4856 4839 4847
f 4857 4850 4841
f 4857 4841 4849
f 4858 4851 4842
f 4858 4842 4850
f 4859 4853 4844
f 4859 4844 4851
f 4860 4845 4852
f 4860 4854 4845
f 4861 4855 4846
f 4861 4846 4853
f 4861 3819 4855
f 4862 4847 4854
f 4862 4856 4847
f 4863 4849 4856
f 4863 4857 4849
f 4864 4850 4857
f 4864 4858 4850
f 4865 4851 4858
f 4865 4859 4851
f 4866 4860 4852
f 4866 3828 3827
f 4866 4852 3828
f 4867 4853 4859
f 4867 4861 4853
f 4867 3819 4861
f 4868 4854 4860
f 4868 4862 4854
f 4869 4856 4862
f 4869 4863 4856
f 4870 4864 4857
f 4870 4857 4863
f 4871 4865 4858
f 4871 4858 4864
f 4872 4867 4859
f 4872 4859 4865
f 4872 3819 4867
f 4873 4868 4860
f 4873 4860 4866
f 4873 3826 3825
f 4873 3827 3826
f 4873 4866 3827
f 4874 4869 4862
f 4874 4862 4868
f 4875 4863 4869
f 4875 4870 4863
f 4876 4871 4864
f 4876 4864 4870
f 4877 4865 4871
f 4877 4872 4865
f 4877 3819 4872
f 4878 4874 4868
f 4878 4868 4873
f 4879 4869 4874
f 4879 4875 4869
f 4880 4870 4875
f 4880 4876 4870
f 4881 4877 4871
f 4881 4871 4876
f 4881 3819 4877
f 4882 4873 3825
f 4882 4878 4873
f 4882 3825 3824
f 4883 4879 4874
f 4883 4874 4878
f 4884 4880 4875
f 4884 4875 4879
f 4885 3819 4881
f 4885 4881 4876
f 4885 4876 4880
f 4886 4878 4882
f 4886 4882 3824
f 4886 3824 3823
f 4886 4883 4878
f 4887 4879 4883
f 4887 4884 4879
f 4888 3819 4885
f 4888 4880 4884
f 4888 4885 4880
f 4889 4887 4883
f 4889 4883 4886
f 4890 3819 4888
f 4890 4884 4887
f 4890 4888 4884
f 4891 4886 3823
f 4891 4889 4886
f 4891 3822 3821
f 4891 3823 3822
f 4892 4887 4889
f 4892 4890 4887
f 4892 3819 4890
f 4893 4892 4889
f 4893 4889 4891
f 4893 4891 3821
f 4893 3819 4892
f 4893 3820 3819
f 4893 3821 3820
f 32 4894 34
f 32 4895 4894
f 36 34 4894
f 36 4894 4896
f 30 4895 32
f 30 4897 4895
f 38 36 4896
f 38 4896 4898
f 28 4897 30
f 28 4899 4897
f 40 38 4898
f 40 4898 4900
f 26 4899 28
f 26 4901 4899
f 42 4900 4902
f 42 40 4900
f 24 4901 26
f 24 4903 4901
f 44 42 4902
f 44 4902 4904
f 22 4903 24
f 22 4905 4903
f 46 44 4904
f 46 4904 4906
f 20 4905 22
f 20 4907 4905
f 48 46 4906
f 48 4906 4908
f 18 4907 20
f 18 4909 4907
f 50 48 4908
f 50 4908 4910
f 16 4911 4909
f 16 4909 18
f 52 50 4910
f 52 4910 4912
f 14 4911 16
f 14 4913 4911
f 54 52 4912
f 54 4912 4914
f 12 4913 14
f 12 4915 4913
f 56 54 4914
f 56 4914 4916
f 10 4917 4915
f 10 4915 12
f 58 56 4916
f 58 4916 4918
f 8 4917 10
f 8 4919 4917
f 60 58 4918
f 60 4918 4920
f 6 4919 8
f 6 4921 4919
f 62 60 4920
f 62 4920 4922
f 4 4921 6
f 4 4923 4921
f 64 62 4922
f 64 4922 4924
f 2 4923 4
f 2 2670 4923
f 66 64 4924
f 66 4924 4925
f 4926 2670 2
f 4926 2668 2670
f 68 66 4925
f 68 4925 4927
f 4928 2666 2668
f 4928 2668 4926
f 70 68 4927
f 70 4927 4929
f 4930 2666 4928
f 4930 2664 2666
f 72 70 4929
f 72 4929 4931
f 4932 2664 4930
f 4932 2662 2664
f 74 72 4931
f 74 4931 4933
f 4934 2662 4932
f 4934 2660 2662
f 76 74 4933
f 76 4933 4935
f 4936 2660 4934
f 4936 2658 2660
f 78 4935 4937
f 78 76 4935
f 4938 2658 4936
f 4938 2656 2658
f 80 4937 4939
f 80 78 4937
f 4940 2656 4938
f 4940 2654 2656
f 82 4939 4941
f 82 80 4939
f 4942 2652 2654
f 4942 2654 4940
f 83 4941 4943
f 83 82 4941
f 4944 2650 2652
f 4944 2652 4942
f 86 4943 4945
f 86 83 4943
f 4946 2650 4944
f 4946 2648 2650
f 87 4945 4947
f 87 86 4945
f 4948 2648 4946
f 4948 2646 2648
f 90 4947 4949
f 90 87 4947
f 4950 2645 2646
f 4950 2646 4948
f 92 4949 4951
f 92 90 4949
f 4952 2643 2645
f 4952 2645 4950
f 94 4951 4953
f 94 92 4951
f 4954 2640 2643
f 4954 2643 4952
f 96 4953 4955
f 96 94 4953
f 2638 4954 4956
f 2638 2640 4954
f 4957 97 96
f 4957 96 4955
f 2637 2638 4956
f 2637 4956 4958
f 4959 97 4957
f 4959 100 97
f 2635 2637 4958
f 2635 4958 4960
f 4961 100 4959
f 4961 101 100
f 2633 2635 4960
f 2633 4960 4962
f 4963 101 4961
f 4963 104 101
f 2628 2633 4962
f 2628 4962 4964
f 4965 104 4963
f 4965 106 104
f 2620 2628 4964
f 2620 4964 4966
f 4967 108 106
f 4967 106 4965
f 2611 4968 4969
f 2611 4966 4968
f 2611 2620 4966
f 4970 110 108
f 4970 108 4967
f 2604 4969 4971
f 2604 2611 4969
f 4972 111 110
f 4972 110 4970
f 2594 4971 4973
f 2594 2604 4971
f 4974 113 111
f 4974 111 4972
f 2586 2594 4973
f 4975 116 113
f 4975 118 116
f 4975 113 4974
f 2579 4973 4976
f 2579 2586 4973
f 4977 119 118
f 4977 118 4975
f 2571 2579 4976
f 2571 4976 4978
f 4979 119 4977
f 2562 4978 4980
f 2562 2571 4978
f 4981 121 119
f 4981 124 121
f 4981 119 4979
f 2555 4980 4982
f 2555 2562 4980
f 4983 124 4981
f 4983 126 124
f 2546 4982 4984
f 2546 2555 4982
f 4985 126 4983
f 2537 4984 4986
f 2537 2546 4984
f 2382 126 4985
f 2382 127 126
f 2529 4987 4988
f 2529 4986 4987
f 2529 2537 4986
f 2385 4989 127
f 2385 4990 4989
f 2385 127 2382
f 2520 4988 4991
f 2520 2529 4988
f 2387 4990 2385
f 2514 2520 4991
f 2388 4992 4990
f 2388 4990 2387
f 2505 2514 4991
f 2505 4991 4993
f 2391 4994 4992
f 2391 4995 4994
f 2391 4992 2388
f 2497 2505 4993
f 2497 4993 4996
f 2393 4997 4995
f 2393 4995 2391
f 2489 2497 4996
f 2489 4998 4999
f 2489 4996 4998
f 2394 4997 2393
f 2481 2489 4999
f 2396 5000 4997
f 2396 5001 5000
f 2396 4997 2394
f 2471 4999 5002
f 2471 2481 4999
f 2398 5001 2396
f 2463 2471 5002
f 2463 5003 5004
f 2463 5002 5003
f 2400 5005 5001
f 2400 5001 2398
f 2455 2463 5004
f 2403 5005 2400
f 2403 5006 5005
f 2447 5004 5007
f 2447 2455 5004
f 2404 5008 5006
f 2404 5006 2403
f 2439 2447 5007
f 2439 5007 5009
f 2406 5008 2404
f 2406 5010 5008
f 2406 5011 5010
f 2431 2439 5009
f 2431 5009 5012
f 2408 5011 2406
f 2424 2431 5012
f 2424 5012 5013
f 2410 5011 2408
f 2410 5014 5011
f 2416 5015 5016
f 2416 5013 5015
f 2416 2424 5013
f 2412 5017 5014
f 2412 5016 5017
f 2412 5014 2410
f 2414 2416 5016
f 2414 5016 2412
f 3852 3787 5018
f 3851 3853 5019
f 5020 5021 5022
f 5023 5020 5022
f 5023 5022 5024
f 5025 5023 5024
f 5026 5021 5020
f 5026 5020 5023
f 5026 5027 5021
f 5028 5025 5024
f 5029 5026 5023
f 5029 5023 5025
f 5030 5027 5026
f 5030 5031 5027
f 5030 5032 5031
f 5033 5028 5024
f 5034 5025 5028
f 5034 5029 5025
f 5035 5026 5029
f 5035 5030 5026
f 5036 5033 5024
f 5037 5034 5028
f 5037 5028 5033
f 5038 5029 5034
f 5038 5035 5029
f 5039 5032 5030
f 5039 5040 5032
f 5039 5030 5035
f 5041 5036 5024
f 5042 5033 5036
f 5042 5037 5033
f 5043 5034 5037
f 5043 5038 5034
f 5044 5039 5035
f 5044 5035 5038
f 5045 5040 5039
f 5045 5046 5040
f 5045 5047 5046
f 5048 5041 5024
f 5049 5042 5036
f 5049 5036 5041
f 5050 5037 5042
f 5050 5043 5037
f 5051 5044 5038
f 5051 5038 5043
f 5052 5045 5039
f 5052 5039 5044
f 5053 5048 5024
f 5054 5041 5048
f 5054 5049 5041
f 5055 5042 5049
f 5055 5050 5042
f 5056 5051 5043
f 5056 5043 5050
f 5057 5052 5044
f 5057 5044 5051
f 5058 5053 5024
f 5059 5047 5045
f 5059 5060 5047
f 5059 5045 5052
f 5061 5048 5053
f 5061 5054 5048
f 5062 5049 5054
f 5062 5055 5049
f 5063 5050 5055
f 5063 5056 5050
f 5064 5057 5051
f 5064 5051 5056
f 5065 5058 5024
f 5066 5059 5052
f 5066 5052 5057
f 5067 5061 5053
f 5067 5053 5058
f 5068 5060 5059
f 5068 5069 5060
f 5070 5062 5054
f 5070 5054 5061
f 5071 5055 5062
f 5071 5063 5055
f 5072 5064 5056
f 5072 5056 5063
f 5073 5065 5024
f 5074 5057 5064
f 5074 5066 5057
f 5075 5058 5065
f 5075 5067 5058
f 5076 5068 5059
f 5076 5059 5066
f 5077 5070 5061
f 5077 5061 5067
f 5078 5062 5070
f 5078 5071 5062
f 5079 5063 5071
f 5079 5072 5063
f 5080 5073 5024
f 5081 5064 5072
f 5081 5074 5064
f 5082 5075 5065
f 5082 5065 5073
f 5083 5066 5074
f 5083 5076 5066
f 5084 5067 5075
f 5084 5077 5067
f 5085 5068 5076
f 5085 5086 5069
f 5085 5087 5086
f 5085 5069 5068
f 5088 5070 5077
f 5088 5078 5070
f 5089 5071 5078
f 5089 5079 5071
f 5090 5080 5024
f 5091 5072 5079
f 5091 5081 5072
f 5092 5082 5073
f 5092 5073 5080
f 5093 5083 5074
f 5093 5074 5081
f 5094 5075 5082
f 5094 5084 5075
f 5095 5085 5076
f 5095 5076 5083
f 5096 5088 5077
f 5096 5077 5084
f 5097 5087 5085
f 5097 5098 5087
f 5099 5078 5088
f 5099 5089 5078
f 5100 5090 5024
f 5101 5079 5089
f 5101 5091 5079
f 5102 5092 5080
f 5102 5080 5090
f 5103 5081 5091
f 5103 5093 5081
f 5104 5094 5082
f 5104 5082 5092
f 5105 5083 5093
f 5105 5095 5083
f 5106 5084 5094
f 5106 5096 5084
f 5107 5097 5085
f 5107 5085 5095
f 5108 5088 5096
f 5108 5099 5088
f 5109 5100 5024
f 5110 5089 5099
f 5110 5101 5089
f 5111 5090 5100
f 5111 5102 5090
f 5112 5103 5091
f 5112 5091 5101
f 5113 5092 5102
f 5113 5104 5092
f 5114 5093 5103
f 5114 5105 5093
f 5115 5094 5104
f 5115 5106 5094
f 5116 5107 5095
f 5116 5095 5105
f 5117 5096 5106
f 5117 5108 5096
f 5118 5097 5107
f 5118 5098 5097
f 5118 5119 5098
f 5118 5120 5119
f 5121 5109 5024
f 5122 5110 5099
f 5122 5099 5108
f 5123 5100 5109
f 5123 5111 5100
f 5124 5112 5101
f 5124 5101 5110
f 5125 5102 5111
f 5125 5113 5102
f 5126 5114 5103
f 5126 5103 5112
f 5127 5115 5104
f 5127 5104 5113
f 5128 5105 5114
f 5128 5116 5105
f 5129 5117 5106
f 5129 5106 5115
f 5130 5118 5107
f 5130 5107 5116
f 5131 5121 5024
f 5132 5108 5117
f 5132 5122 5108
f 5133 5120 5118
f 5133 5134 5120
f 5135 5109 5121
f 5135 5123 5109
f 5136 5124 5110
f 5136 5110 5122
f 5137 5111 5123
f 5137 5125 5111
f 5138 5112 5124
f 5138 5126 5112
f 5139 5113 5125
f 5139 5127 5113
f 5140 5128 5114
f 5140 5114 5126
f 5141 5129 5115
f 5141 5115 5127
f 5142 5130 5116
f 5142 5116 5128
f 5143 5131 5024
f 5144 5117 5129
f 5144 5132 5117
f 5145 5133 5118
f 5145 5118 5130
f 5146 5135 5121
f 5146 5121 5131
f 5147 5136 5122
f 5147 5122 5132
f 5148 5123 5135
f 5148 5137 5123
f 5149 5138 5124
f 5149 5124 5136
f 5150 5139 5125
f 5150 5125 5137
f 5151 5126 5138
f 5151 5140 5126
f 5152 5127 5139
f 5152 5141 5127
f 5153 5142 5128
f 5153 5128 5140
f 5154 5143 5024
f 5155 5129 5141
f 5155 5144 5129
f 5156 5145 5130
f 5156 5130 5142
f 5157 5131 5143
f 5157 5146 5131
f 5158 5132 5144
f 5158 5147 5132
f 5159 5133 5145
f 5159 5134 5133
f 5159 5160 5134
f 5161 5148 5135
f 5161 5135 5146
f 5162 5136 5147
f 5162 5149 5136
f 5163 5137 5148
f 5163 5150 5137
f 5164 5138 5149
f 5164 5151 5138
f 5165 5139 5150
f 5165 5152 5139
f 5166 5153 5140
f 5166 5140 5151
f 5167 5154 5024
f 5168 5155 5141
f 5168 5141 5152
f 5169 5142 5153
f 5169 5156 5142
f 5170 5143 5154
f 5170 5157 5143
f 5171 5144 5155
f 5171 5158 5144
f 5172 5159 5145
f 5172 5145 5156
f 5173 5146 5157
f 5173 5161 5146
f 5174 5162 5147
f 5174 5147 5158
f 5175 5160 5159
f 5175 5176 5160
f 5175 5177 5176
f 5178 5148 5161
f 5178 5163 5148
f 5179 5164 5149
f 5179 5149 5162
f 5180 5150 5163
f 5180 5165 5150
f 5181 5166 5151
f 5181 5151 5164
f 5182 5167 5024
f 5183 5152 5165
f 5183 5168 5152
f 5184 5169 5153
f 5184 5153 5166
f 5185 5154 5167
f 5185 5170 5154
f 5186 5155 5168
f 5186 5171 5155
f 5187 5172 5156
f 5187 5156 5169
f 5188 5157 5170
f 5188 5173 5157
f 5189 5174 5158
f 5189 5158 5171
f 5190 5159 5172
f 5190 5175 5159
f 5191 5161 5173
f 5191 5178 5161
f 5192 5162 5174
f 5192 5179 5162
f 5193 5163 5178
f 5193 5180 5163
f 5194 5181 5164
f 5194 5164 5179
f 5195 5182 5024
f 5196 5165 5180
f 5196 5183 5165
f 5197 5184 5166
f 5197 5166 5181
f 5198 5185 5167
f 5198 5167 5182
f 5199 5168 5183
f 5199 5186 5168
f 5200 5187 5169
f 5200 5169 5184
f 5201 5170 5185
f 5201 5188 5170
f 5202 5171 5186
f 5202 5189 5171
f 5203 5172 5187
f 5203 5190 5172
f 5204 5191 5173
f 5204 5173 5188
f 5205 5174 5189
f 5205 5192 5174
f 5206 5177 5175
f 5206 5175 5190
f 5206 5207 5177
f 5208 5178 5191
f 5208 5193 5178
f 5209 5179 5192
f 5209 5194 5179
f 5210 5195 5024
f 5211 5180 5193
f 5211 5196 5180
f 5212 5181 5194
f 5212 5197 5181
f 5213 5182 5195
f 5213 5198 5182
f 5214 5199 5183
f 5214 5183 5196
f 5215 5184 5197
f 5215 5200 5184
f 5216 5185 5198
f 5216 5201 5185
f 5217 5186 5199
f 5217 5202 5186
f 5218 5187 5200
f 5218 5203 5187
f 5219 5204 5188
f 5219 5188 5201
f 5220 5189 5202
f 5220 5205 5189
f 5221 5190 5203
f 5221 5206 5190
f 5222 5208 5191
f 5222 5191 5204
f 5223 5209 5192
f 5223 5192 5205
f 5224 5210 5024
f 5225 5207 5206
f 5225 5226 5207
f 5225 5227 5226
f 5228 5211 5193
f 5228 5193 5208
f 5229 5194 5209
f 5229 5212 5194
f 5230 5213 5195
f 5230 5195 5210
f 5231 5214 5196
f 5231 5196 5211
f 5232 5215 5197
f 5232 5197 5212
f 5233 5198 5213
f 5233 5216 5198
f 5234 5217 5199
f 5234 5199 5214
f 5235 5200 5215
f 5235 5218 5200
f 5236 5201 5216
f 5236 5219 5201
f 5237 5220 5202
f 5237 5202 5217
f 5238 5203 5218
f 5238 5221 5203
f 5239 5204 5219
f 5239 5222 5204
f 5240 5205 5220
f 5240 5223 5205
f 5241 5224 5024
f 5242 5225 5206
f 5242 5206 5221
f 5243 5208 5222
f 5243 5228 5208
f 5244 5209 5223
f 5244 5229 5209
f 5245 5210 5224
f 5245 5230 5210
f 5246 5211 5228
f 5246 5231 5211
f 5247 5212 5229
f 5247 5232 5212
f 5248 5233 5213
f 5248 5213 5230
f 5249 5214 5231
f 5249 5234 5214
f 5250 5215 5232
f 5250 5235 5215
f 5251 5216 5233
f 5251 5236 5216
f 5252 5217 5234
f 5252 5237 5217
f 5253 5238 5218
f 5253 5218 5235
f 5254 5239 5219
f 5254 5219 5236
f 5255 5240 5220
f 5255 5220 5237
f 5256 5241 5024
f 5257 5242 5221
f 5257 5221 5238
f 5258 5243 5222
f 5258 5222 5239
f 5259 5244 5223
f 5259 5223 5240
f 5260 5245 5224
f 5260 5224 5241
f 5261 5227 5225
f 5261 5225 5242
f 5261 5262 5227
f 5263 5246 5228
f 5263 5228 5243
f 5264 5247 5229
f 5264 5229 5244
f 5265 5230 5245
f 5265 5248 5230
f 5266 5249 5231
f 5266 5231 5246
f 5267 5232 5247
f 5267 5250 5232
f 5268 5251 5233
f 5268 5233 5248
f 5269 5252 5234
f 5269 5234 5249
f 5270 5235 5250
f 5270 5253 5235
f 5271 5236 5251
f 5271 5254 5236
f 5272 5237 5252
f 5272 5255 5237
f 5273 5256 5024
f 5274 5238 5253
f 5274 5257 5238
f 5275 5258 5239
f 5275 5239 5254
f 5276 5259 5240
f 5276 5240 5255
f 5277 5241 5256
f 5277 5260 5241
f 5278 5261 5242
f 5278 5242 5257
f 5279 5263 5243
f 5279 5243 5258
f 5280 5264 5244
f 5280 5244 5259
f 5281 5265 5245
f 5281 5245 5260
f 5282 5262 5261
f 5282 5283 5262
f 5284 5266 5246
f 5284 5246 5263
f 5285 5267 5247
f 5285 5247 5264
f 5286 5268 5248
f 5286 5248 5265
f 5287 5249 5266
f 5287 5269 5249
f 5288 5250 5267
f 5288 5270 5250
f 5289 5271 5251
f 5289 5251 5268
f 5290 5272 5252
f 5290 5252 5269
f 5291 5273 5024
f 5292 5253 5270
f 5292 5274 5253
f 5293 5254 5271
f 5293 5275 5254
f 5294 5276 5255
f 5294 5255 5272
f 5295 5256 5273
f 5295 5277 5256
f 5296 5278 5257
f 5296 5257 5274
f 5297 5279 5258
f 5297 5258 5275
f 5298 5259 5276
f 5298 5280 5259
f 5299 5260 5277
f 5299 5281 5260
f 5300 5282 5261
f 5300 5261 5278
f 5301 5284 5263
f 5301 5263 5279
f 5302 5264 5280
f 5302 5285 5264
f 5303 5265 5281
f 5303 5286 5265
f 5304 5287 5266
f 5304 5266 5284
f 5305 5267 5285
f 5305 5288 5267
f 5306 5268 5286
f 5306 5289 5268
f 5307 5269 5287
f 5307 5290 5269
f 5308 5291 5024
f 5309 5270 5288
f 5309 5292 5270
f 5310 5271 5289
f 5310 5293 5271
f 5311 5272 5290
f 5311 5294 5272
f 5312 5273 5291
f 5312 5295 5273
f 5313 5296 5274
f 5313 5274 5292
f 5314 5297 5275
f 5314 5275 5293
f 5315 5276 5294
f 5315 5298 5276
f 5316 5299 5277
f 5316 5277 5295
f 5317 5300 5278
f 5317 5278 5296
f 5318 5301 5279
f 5318 5279 5297
f 5319 5302 5280
f 5319 5280 5298
f 5320 5303 5281
f 5320 5281 5299
f 5321 5282 5300
f 5321 5283 5282
f 5321 5322 5283
f 5321 5323 5322
f 5324 5284 5301
f 5324 5304 5284
f 5325 5285 5302
f 5325 5305 5285
f 5326 5286 5303
f 5326 5306 5286
f 5327 5307 5287
f 5327 5287 5304
f 5328 5308 5024
f 5329 5288 5305
f 5329 5309 5288
f 5330 5310 5289
f 5330 5289 5306
f 5331 5311 5290
f 5331 5290 5307
f 5332 5291 5308
f 5332 5312 5291
f 5333 5313 5292
f 5333 5292 5309
f 5334 5314 5293
f 5334 5293 5310
f 5335 5315 5294
f 5335 5294 5311
f 5336 5316 5295
f 5336 5295 5312
f 5337 5296 5313
f 5337 5317 5296
f 5338 5297 5314
f 5338 5318 5297
f 5339 5298 5315
f 5339 5319 5298
f 5340 5299 5316
f 5340 5320 5299
f 5341 5300 5317
f 5341 5321 5300
f 5342 5324 5301
f 5342 5301 5318
f 5343 5325 5302
f 5343 5302 5319
f 5344 5303 5320
f 5344 5326 5303
f 5345 5323 5321
f 5345 5346 5323
f 5347 5304 5324
f 5347 5327 5304
f 5348 5328 5024
f 5349 5305 5325
f 5349 5329 5305
f 5350 5306 5326
f 5350 5330 5306
f 5351 5331 5307
f 5351 5307 5327
f 5352 5332 5308
f 5352 5308 5328
f 5353 5309 5329
f 5353 5333 5309
f 5354 5334 5310
f 5354 5310 5330
f 5355 5335 5311
f 5355 5311 5331
f 5356 5312 5332
f 5356 5336 5312
f 5357 5313 5333
f 5357 5337 5313
f 5358 5314 5334
f 5358 5338 5314
f 5359 5339 5315
f 5359 5315 5335
f 5360 5316 5336
f 5360 5340 5316
f 5361 5341 5317
f 5361 5317 5337
f 5362 5342 5318
f 5362 5318 5338
f 5363 5319 5339
f 5363 5343 5319
f 5364 5320 5340
f 5364 5344 5320
f 5365 5321 5341
f 5365 5345 5321
f 5366 5324 5342
f 5366 5347 5324
f 5367 5348 5024
f 5368 5349 5325
f 5368 5325 5343
f 5369 5326 5344
f 5369 5350 5326
f 5370 5327 5347
f 5370 5351 5327
f 5371 5328 5348
f 5371 5352 5328
f 5372 5353 5329
f 5372 5329 5349
f 5373 5330 5350
f 5373 5354 5330
f 5374 5331 5351
f 5374 5355 5331
f 5375 5332 5352
f 5375 5356 5332
f 5376 5333 5353
f 5376 5357 5333
f 5377 5358 5334
f 5377 5334 5354
f 5378 5335 5355
f 5378 5359 5335
f 5379 5360 5336
f 5379 5336 5356
f 5380 5337 5357
f 5380 5361 5337
f 5381 5338 5358
f 5381 5362 5338
f 5382 5339 5359
f 5382 5363 5339
f 5383 5340 5360
f 5383 5364 5340
f 5384 5365 5341
f 5384 5341 5361
f 5385 5342 5362
f 5385 5366 5342
f 5386 5367 5024
f 5387 5343 5363
f 5387 5368 5343
f 5388 5369 5344
f 5388 5344 5364
f 5389 5346 5345
f 5389 5345 5365
f 5389 5390 5346
f 5391 5370 5347
f 5391 5347 5366
f 5392 5348 5367
f 5392 5371 5348
f 5393 5372 5349
f 5393 5349 5368
f 5394 5350 5369
f 5394 5373 5350
f 5395 5374 5351
f 5395 5351 5370
f 5396 5352 5371
f 5396 5375 5352
f 5397 5353 5372
f 5397 5376 5353
f 5398 5354 5373
f 5398 5377 5354
f 5399 5355 5374
f 5399 5378 5355
f 5400 5356 5375
f 5400 5379 5356
f 5401 5380 5357
f 5401 5357 5376
f 5402 5381 5358
f 5402 5358 5377
f 5403 5382 5359
f 5403 5359 5378
f 5404 5360 5379
f 5404 5383 5360
f 5405 5384 5361
f 5405 5361 5380
f 5406 5385 5362
f 5406 5362 5381
f 5407 5386 5024
f 5408 5387 5363
f 5408 5363 5382
f 5409 5364 5383
f 5409 5388 5364
f 5410 5389 5365
f 5410 5365 5384
f 5411 5366 5385
f 5411 5391 5366
f 5412 5367 5386
f 5412 5392 5367
f 5413 5393 5368
f 5413 5368 5387
f 5414 5394 5369
f 5414 5369 5388
f 5415 5390 5389
f 5415 5416 5390
f 5415 5417 5416
f 5418 5370 5391
f 5418 5395 5370
f 5419 5371 5392
f 5419 5396 5371
f 5420 5372 5393
f 5420 5397 5372
f 5421 5373 5394
f 5421 5398 5373
f 5422 5374 5395
f 5422 5399 5374
f 5423 5400 5375
f 5423 5375 5396
f 5424 5376 5397
f 5424 5401 5376
f 5425 5402 5377
f 5425 5377 5398
f 5426 5378 5399
f 5426 5403 5378
f 5427 5404 5379
f 5427 5379 5400
f 5428 5380 5401
f 5428 5405 5380
f 5429 5406 5381
f 5429 5381 5402
f 5430 5407 5024
f 5431 5408 5382
f 5431 5382 5403
f 5432 5383 5404
f 5432 5409 5383
f 5433 5384 5405
f 5433 5410 5384
f 5434 5385 5406
f 5434 5411 5385
f 5435 5386 5407
f 5435 5412 5386
f 5436 5387 5408
f 5436 5413 5387
f 5437 5388 5409
f 5437 5414 5388
f 5438 5389 5410
f 5438 5415 5389
f 5439 5391 5411
f 5439 5418 5391
f 5440 5392 5412
f 5440 5419 5392
f 5441 5393 5413
f 5441 5420 5393
f 5442 5421 5394
f 5442 5394 5414
f 5443 5395 5418
f 5443 5422 5395
f 5444 5396 5419
f 5444 5423 5396
f 5445 5424 5397
f 5445 5397 5420
f 5446 5398 5421
f 5446 5425 5398
f 5447 5399 5422
f 5447 5426 5399
f 5448 5427 5400
f 5448 5400 5423
f 5449 5401 5424
f 5449 5428 5401
f 5450 5402 5425
f 5450 5429 5402
f 5451 5430 5024
f 5452 5403 5426
f 5452 5431 5403
f 5453 5404 5427
f 5453 5432 5404
f 5454 5433 5405
f 5454 5405 5428
f 5455 5406 5429
f 5455 5434 5406
f 5456 5407 5430
f 5456 5435 5407
f 5457 5408 5431
f 5457 5436 5408
f 5458 5437 5409
f 5458 5409 5432
f 5459 5410 5433
f 5459 5438 5410
f 5460 5411 5434
f 5460 5439 5411
f 5461 5412 5435
f 5461 5440 5412
f 5462 5413 5436
f 5462 5441 5413
f 5463 5414 5437
f 5463 5442 5414
f 5464 5415 5438
f 5464 5417 5415
f 5464 3856 3852
f 5464 5018 5417
f 5464 3852 5018
f 5465 5418 5439
f 5465 5443 5418
f 5466 5419 5440
f 5466 5444 5419
f 5467 5445 5420
f 5467 5420 5441
f 5468 5446 5421
f 5468 5421 5442
f 5469 5422 5443
f 5469 5447 5422
f 5470 5423 5444
f 5470 5448 5423
f 5471 5449 5424
f 5471 5424 5445
f 5472 5425 5446
f 5472 5450 5425
f 5473 5451 5024
f 5474 5452 5426
f 5474 5426 5447
f 5475 5453 5427
f 5475 5427 5448
f 5476 5454 5428
f 5476 5428 5449
f 5477 5455 5429
f 5477 5429 5450
f 5478 5430 5451
f 5478 5456 5430
f 5479 5431 5452
f 5479 5457 5431
f 5480 5458 5432
f 5480 5432 5453
f 5481 5433 5454
f 5481 5459 5433
f 5482 5434 5455
f 5482 5460 5434
f 5483 5461 5435
f 5483 5435 5456
f 5484 5462 5436
f 5484 5436 5457
f 5485 5437 5458
f 5485 5463 5437
f 5486 5438 5459
f 5486 3859 3857
f 5486 3857 3856
f 5486 5464 5438
f 5486 3856 5464
f 5487 5439 5460
f 5487 5465 5439
f 5488 5466 5440
f 5488 5440 5461
f 5489 5467 5441
f 5489 5441 5462
f 5490 5468 5442
f 5490 5442 5463
f 5491 5469 5443
f 5491 5443 5465
f 5492 5470 5444
f 5492 5444 5466
f 5493 5471 5445
f 5493 5445 5467
f 5494 5446 5468
f 5494 5472 5446
f 5495 5473 5024
f 5496 5474 5447
f 5496 5447 5469
f 5497 5475 5448
f 5497 5448 5470
f 5498 5476 5449
f 5498 5449 5471
f 5499 5477 5450
f 5499 5450 5472
f 5500 5451 5473
f 5500 5478 5451
f 5501 5452 5474
f 5501 5479 5452
f 5502 5480 5453
f 5502 5453 5475
f 5503 5454 5476
f 5503 5481 5454
f 5504 5482 5455
f 5504 5455 5477
f 5505 5456 5478
f 5505 5483 5456
f 5506 5484 5457
f 5506 5457 5479
f 5507 5485 5458
f 5507 5458 5480
f 5508 5486 5459
f 5508 5459 5481
f 5508 3859 5486
f 5508 3862 3859
f 5509 5487 5460
f 5509 5460 5482
f 5510 5488 5461
f 5510 5461 5483
f 5511 5462 5484
f 5511 5489 5462
f 5512 5463 5485
f 5512 5490 5463
f 5513 5465 5487
f 5513 5491 5465
f 5514 5466 5488
f 5514 5492 5466
f 5515 5467 5489
f 5515 5493 5467
f 5516 5494 5468
f 5516 5468 5490
f 5517 5495 5024
f 5518 5469 5491
f 5518 5496 5469
f 5519 5470 5492
f 5519 5497 5470
f 5520 5471 5493
f 5520 5498 5471
f 5521 5499 5472
f 5521 5472 5494
f 5522 5473 5495
f 5522 5500 5473
f 5523 5474 5496
f 5523 5501 5474
f 5524 5475 5497
f 5524 5502 5475
f 5525 5476 5498
f 5525 5503 5476
f 5526 5504 5477
f 5526 5477 5499
f 5527 5505 5478
f 5527 5478 5500
f 5528 5479 5501
f 5528 5506 5479
f 5529 5507 5480
f 5529 5480 5502
f 5530 3862 5508
f 5530 5481 5503
f 5530 5508 5481
f 5530 3863 3862
f 5531 5509 5482
f 5531 5482 5504
f 5532 5483 5505
f 5532 5510 5483
f 5533 5484 5506
f 5533 5511 5484
f 5534 5485 5507
f 5534 5512 5485
f 5535 5513 5487
f 5535 5487 5509
f 5536 5488 5510
f 5536 5514 5488
f 5537 5515 5489
f 5537 5489 5511
f 5538 5490 5512
f 5538 5516 5490
f 5539 5517 5024
f 5540 5491 5513
f 5540 5518 5491
f 5541 5492 5514
f 5541 5519 5492
f 5542 5493 5515
f 5542 5520 5493
f 5543 5494 5516
f 5543 5521 5494
f 5544 5495 5517
f 5544 5522 5495
f 5545 5496 5518
f 5545 5523 5496
f 5546 5497 5519
f 5546 5524 5497
f 5547 5525 5498
f 5547 5498 5520
f 5548 5499 5521
f 5548 5526 5499
f 5549 5500 5522
f 5549 5527 5500
f 5550 5528 5501
f 5550 5501 5523
f 5551 5502 5524
f 5551 5529 5502
f 5552 5530 5503
f 5552 3871 3867
f 5552 3867 3863
f 5552 5503 5525
f 5552 3863 5530
f 5553 5531 5504
f 5553 5504 5526
f 5554 5532 5505
f 5554 5505 5527
f 5555 5533 5506
f 5555 5506 5528
f 5556 5534 5507
f 5556 5507 5529
f 5557 5509 5531
f 5557 5535 5509
f 5558 5536 5510
f 5558 5510 5532
f 5559 5511 5533
f 5559 5537 5511
f 5560 5538 5512
f 5560 5512 5534
f 5561 5539 5024
f 5562 5513 5535
f 5562 5540 5513
f 5563 5541 5514
f 5563 5514 5536
f 5564 5515 5537
f 5564 5542 5515
f 5565 5516 5538
f 5565 5543 5516
f 5566 5517 5539
f 5566 5544 5517
f 5567 5518 5540
f 5567 5545 5518
f 5568 5519 5541
f 5568 5546 5519
f 5569 5520 5542
f 5569 5547 5520
f 5570 5521 5543
f 5570 5548 5521
f 5571 5522 5544
f 5571 5549 5522
f 5572 5523 5545
f 5572 5550 5523
f 5573 5551 5524
f 5573 5524 5546
f 5574 5525 5547
f 5574 3871 5552
f 5574 3872 3871
f 5574 5552 5525
f 5575 5526 5548
f 5575 5553 5526
f 5576 5554 5527
f 5576 5527 5549
f 5577 5555 5528
f 5577 5528 5550
f 5578 5529 5551
f 5578 5556 5529
f 5579 5531 5553
f 5579 5557 5531
f 5580 5532 5554
f 5580 5558 5532
f 5581 5533 5555
f 5581 5559 5533
f 5582 5560 5534
f 5582 5534 5556
f 5583 5561 5024
f 5584 5562 5535
f 5584 5535 5557
f 5585 5563 5536
f 5585 5536 5558
f 5586 5537 5559
f 5586 5564 5537
f 5587 5538 5560
f 5587 5565 5538
f 5588 5566 5539
f 5588 5539 5561
f 5589 5567 5540
f 5589 5540 5562
f 5590 5568 5541
f 5590 5541 5563
f 5591 5569 5542
f 5591 5542 5564
f 5592 5570 5543
f 5592 5543 5565
f 5593 5544 5566
f 5593 5571 5544
f 5594 5572 5545
f 5594 5545 5567
f 5595 5573 5546
f 5595 5546 5568
f 5596 3872 5574
f 5596 5547 5569
f 5596 3883 3877
f 5596 3877 3872
f 5596 5574 5547
f 5597 5575 5548
f 5597 5548 5570
f 5598 5576 5549
f 5598 5549 5571
f 5599 5577 5550
f 5599 5550 5572
f 5600 5578 5551
f 5600 5551 5573
f 5601 5553 5575
f 5601 5579 5553
f 5602 5580 5554
f 5602 5554 5576
f 5603 5555 5577
f 5603 5581 5555
f 5604 5556 5578
f 5604 5582 5556
f 5605 5024 5606
f 5605 5583 5024
f 5607 5584 5557
f 5607 5557 5579
f 5608 5585 5558
f 5608 5558 5580
f 5609 5559 5581
f 5609 5586 5559
f 5610 5560 5582
f 5610 5587 5560
f 5611 5561 5583
f 5611 5588 5561
f 5612 5562 5584
f 5612 5589 5562
f 5613 5563 5585
f 5613 5590 5563
f 5614 5564 5586
f 5614 5591 5564
f 5615 5592 5565
f 5615 5565 5587
f 5616 5593 5566
f 5616 5566 5588
f 5617 5567 5589
f 5617 5594 5567
f 5618 5568 5590
f 5618 5595 5568
f 5619 5596 5569
f 5619 5569 5591
f 5619 3889 3883
f 5619 3883 5596
f 5620 5597 5570
f 5620 5570 5592
f 5621 5571 5593
f 5621 5598 5571
f 5622 5572 5594
f 5622 5599 5572
f 5623 5573 5595
f 5623 5600 5573
f 5624 5575 5597
f 5624 5601 5575
f 5625 5602 5576
f 5625 5576 5598
f 5626 5577 5599
f 5626 5603 5577
f 5627 5578 5600
f 5627 5604 5578
f 5628 5606 5629
f 5628 5605 5606
f 5630 5607 5579
f 5630 5579 5601
f 5631 5608 5580
f 5631 5580 5602
f 5632 5581 5603
f 5632 5609 5581
f 5633 5610 5582
f 5633 5582 5604
f 5634 5583 5605
f 5634 5611 5583
f 5635 5584 5607
f 5635 5612 5584
f 5636 5613 5585
f 5636 5585 5608
f 5637 5586 5609
f 5637 5614 5586
f 5638 5587 5610
f 5638 5615 5587
f 5639 5588 5611
f 5639 5616 5588
f 5640 5589 5612
f 5640 5617 5589
f 5641 5590 5613
f 5641 5618 5590
f 5642 5619 5591
f 5642 5591 5614
f 5642 3889 5619
f 5642 3896 3890
f 5642 3890 3889
f 5643 5592 5615
f 5643 5620 5592
f 5644 5593 5616
f 5644 5621 5593
f 5645 5622 5594
f 5645 5594 5617
f 5646 5595 5618
f 5646 5623 5595
f 5647 5597 5620
f 5647 5624 5597
f 5648 5598 5621
f 5648 5625 5598
f 5649 5626 5599
f 5649 5599 5622
f 5650 5600 5623
f 5650 5627 5600
f 5651 5601 5624
f 5651 5630 5601
f 5652 5602 5625
f 5652 5631 5602
f 5653 5632 5603
f 5653 5603 5626
f 5654 5604 5627
f 5654 5633 5604
f 5655 5629 5656
f 5655 5634 5605
f 5655 5628 5629
f 5655 5605 5628
f 5657 5635 5607
f 5657 5607 5630
f 5658 5608 5631
f 5658 5636 5608
f 5659 5609 5632
f 5659 5637 5609
f 5660 5638 5610
f 5660 5610 5633
f 5661 5639 5611
f 5661 5611 5634
f 5662 5640 5612
f 5662 5612 5635
f 5663 5641 5613
f 5663 5613 5636
f 5664 3896 5642
f 5664 5614 5637
f 5664 3903 3896
f 5664 5642 5614
f 5665 5643 5615
f 5665 5615 5638
f 5666 5644 5616
f 5666 5616 5639
f 5667 5617 5640
f 5667 5645 5617
f 5668 5646 5618
f 5668 5618 5641
f 5669 5620 5643
f 5669 5647 5620
f 5670 5648 5621
f 5670 5621 5644
f 5671 5622 5645
f 5671 5649 5622
f 5672 5623 5646
f 5672 5650 5623
f 5673 5624 5647
f 5673 5651 5624
f 5674 5625 5648
f 5674 5652 5625
f 5675 5626 5649
f 5675 5653 5626
f 5676 5654 5627
f 5676 5627 5650
f 5677 5630 5651
f 5677 5657 5630
f 5678 5631 5652
f 5678 5658 5631
f 5679 5632 5653
f 5679 5659 5632
f 5680 5633 5654
f 5680 5660 5633
f 5681 5634 5655
f 5681 5661 5634
f 5682 5635 5657
f 5682 5662 5635
f 5683 5663 5636
f 5683 5636 5658
f 5684 3904 3903
f 5684 5637 5659
f 5684 5664 5637
f 5684 3903 5664
f 5685 5665 5638
f 5685 5638 5660
f 5686 5666 5639
f 5686 5639 5661
f 5687 5667 5640
f 5687 5640 5662
f 5688 5668 5641
f 5688 5641 5663
f 5689 5643 5665
f 5689 5669 5643
f 5690 5670 5644
f 5690 5644 5666
f 5691 5671 5645
f 5691 5645 5667
f 5692 5672 5646
f 5692 5646 5668
f 5693 5673 5647
f 5693 5647 5669
f 5694 5648 5670
f 5694 5674 5648
f 5695 5649 5671
f 5695 5675 5649
f 5696 5676 5650
f 5696 5650 5672
f 5697 5677 5651
f 5697 5651 5673
f 5698 5678 5652
f 5698 5652 5674
f 5699 5653 5675
f 5699 5679 5653
f 5700 5654 5676
f 5700 5680 5654
f 5701 5681 5655
f 5701 5702 5703
f 5701 5656 5702
f 5701 5655 5656
f 5704 5657 5677
f 5704 5682 5657
f 5705 5658 5678
f 5705 5683 5658
f 5706 5684 5659
f 5706 3920 3912
f 5706 3912 3904
f 5706 3904 5684
f 5706 5659 5679
f 5707 5660 5680
f 5707 5685 5660
f 5708 5661 5681
f 5708 5686 5661
f 5709 5687 5662
f 5709 5662 5682
f 5710 5663 5683
f 5710 5688 5663
f 5711 5689 5665
f 5711 5665 5685
f 5712 5666 5686
f 5712 5690 5666
f 5713 5691 5667
f 5713 5667 5687
f 5714 5668 5688
f 5714 5692 5668
f 5715 5669 5689
f 5715 5693 5669
f 5716 5694 5670
f 5716 5670 5690
f 5717 5671 5691
f 5717 5695 5671
f 5718 5672 5692
f 5718 5696 5672
f 5719 5697 5673
f 5719 5673 5693
f 5720 5674 5694
f 5720 5698 5674
f 5721 5675 5695
f 5721 5699 5675
f 5722 5700 5676
f 5722 5676 5696
f 5723 5704 5677
f 5723 5677 5697
f 5724 5705 5678
f 5724 5678 5698
f 5725 5679 5699
f 5725 5706 5679
f 5725 3929 3920
f 5725 3920 5706
f 5726 5680 5700
f 5726 5707 5680
f 5727 5708 5681
f 5727 5703 5728
f 5727 5701 5703
f 5727 5681 5701
f 5729 5682 5704
f 5729 5709 5682
f 5730 5683 5705
f 5730 5710 5683
f 5731 5711 5685
f 5731 5685 5707
f 5732 5712 5686
f 5732 5686 5708
f 5733 5713 5687
f 5733 5687 5709
f 5734 5714 5688
f 5734 5688 5710
f 5735 5689 5711
f 5735 5715 5689
f 5736 5690 5712
f 5736 5716 5690
f 5737 5691 5713
f 5737 5717 5691
f 5738 5692 5714
f 5738 5718 5692
f 5739 5719 5693
f 5739 5693 5715
f 5740 5694 5716
f 5740 5720 5694
f 5741 5695 5717
f 5741 5721 5695
f 5742 5696 5718
f 5742 5722 5696
f 5743 5697 5719
f 5743 5723 5697
f 5744 5698 5720
f 5744 5724 5698
f 5745 5725 5699
f 5745 5699 5721
f 5745 3929 5725
f 5745 3940 3930
f 5745 3930 3929
f 5746 5726 5700
f 5746 5700 5722
f 5747 5704 5723
f 5747 5729 5704
f 5748 5705 5724
f 5748 5730 5705
f 5749 5707 5726
f 5749 5731 5707
f 5750 5732 5708
f 5750 5708 5727
f 5751 5709 5729
f 5751 5733 5709
f 5752 5734 5710
f 5752 5710 5730
f 5753 5711 5731
f 5753 5735 5711
f 5754 5736 5712
f 5754 5712 5732
f 5755 5737 5713
f 5755 5713 5733
f 5756 5738 5714
f 5756 5714 5734
f 5757 5715 5735
f 5757 5739 5715
f 5758 5716 5736
f 5758 5740 5716
f 5759 5741 5717
f 5759 5717 5737
f 5760 5742 5718
f 5760 5718 5738
f 5761 5719 5739
f 5761 5743 5719
f 5762 5720 5740
f 5762 5744 5720
f 5763 5745 5721
f 5763 3950 3940
f 5763 5721 5741
f 5763 3940 5745
f 5764 5746 5722
f 5764 5722 5742
f 5765 5747 5723
f 5765 5723 5743
f 5766 5748 5724
f 5766 5724 5744
f 5767 5726 5746
f 5767 5749 5726
f 5768 5750 5727
f 5768 5769 5770
f 5768 5728 5769
f 5768 5727 5728
f 5771 5729 5747
f 5771 5751 5729
f 5772 5730 5748
f 5772 5752 5730
f 5773 5731 5749
f 5773 5753 5731
f 5774 5732 5750
f 5774 5754 5732
f 5775 5755 5733
f 5775 5733 5751
f 5776 5734 5752
f 5776 5756 5734
f 5777 5757 5735
f 5777 5735 5753
f 5778 5736 5754
f 5778 5758 5736
f 5779 5737 5755
f 5779 5759 5737
f 5780 5738 5756
f 5780 5760 5738
f 5781 5739 5757
f 5781 5761 5739
f 5782 5740 5758
f 5782 5762 5740
f 5783 3951 3950
f 5783 3950 5763
f 5783 5763 5741
f 5783 5741 5759
f 5784 5742 5760
f 5784 5764 5742
f 5785 5765 5743
f 5785 5743 5761
f 5786 5744 5762
f 5786 5766 5744
f 5787 5746 5764
f 5787 5767 5746
f 5788 5771 5747
f 5788 5747 5765
f 5789 5748 5766
f 5789 5772 5748
f 5790 5749 5767
f 5790 5773 5749
f 5791 5750 5768
f 5791 5770 5792
f 5791 5768 5770
f 5791 5774 5750
f 5793 5751 5771
f 5793 5775 5751
f 5794 5752 5772
f 5794 5776 5752
f 5795 5777 5753
f 5795 5753 5773
f 5796 5778 5754
f 5796 5754 5774
f 5797 5779 5755
f 5797 5755 5775
f 5798 5756 5776
f 5798 5780 5756
f 5799 5781 5757
f 5799 5757 5777
f 5800 5782 5758
f 5800 5758 5778
f 5801 5783 5759
f 5801 3973 3962
f 5801 3962 3951
f 5801 3951 5783
f 5801 5759 5779
f 5802 5784 5760
f 5802 5760 5780
f 5803 5785 5761
f 5803 5761 5781
f 5804 5762 5782
f 5804 5786 5762
f 5805 5764 5784
f 5805 5787 5764
f 5806 5765 5785
f 5806 5788 5765
f 5807 5766 5786
f 5807 5789 5766
f 5808 5767 5787
f 5808 5790 5767
f 5809 5793 5771
f 5809 5771 5788
f 5810 5772 5789
f 5810 5794 5772
f 5811 5773 5790
f 5811 5795 5773
f 5812 5774 5791
f 5812 5796 5774
f 5813 5797 5775
f 5813 5775 5793
f 5814 5776 5794
f 5814 5798 5776
f 5815 5799 5777
f 5815 5777 5795
f 5816 5778 5796
f 5816 5800 5778
f 5817 3974 3973
f 5817 3973 5801
f 5817 5801 5779
f 5817 5779 5797
f 5818 5802 5780
f 5818 5780 5798
f 5819 5781 5799
f 5819 5803 5781
f 5820 5782 5800
f 5820 5804 5782
f 5821 5805 5784
f 5821 5784 5802
f 5822 5785 5803
f 5822 5806 5785
f 5823 5786 5804
f 5823 5807 5786
f 5824 5808 5787
f 5824 5787 5805
f 5825 5788 5806
f 5825 5809 5788
f 5826 5789 5807
f 5826 5810 5789
f 5827 5790 5808
f 5827 5811 5790
f 5828 5792 5829
f 5828 5791 5792
f 5828 5812 5791
f 5830 5793 5809
f 5830 5813 5793
f 5831 5794 5810
f 5831 5814 5794
f 5832 5795 5811
f 5832 5815 5795
f 5833 5796 5812
f 5833 5816 5796
f 5834 5817 5797
f 5834 5797 5813
f 5834 3998 3986
f 5834 3986 3974
f 5834 3974 5817
f 5835 5798 5814
f 5835 5818 5798
f 5836 5819 5799
f 5836 5799 5815
f 5837 5800 5816
f 5837 5820 5800
f 5838 5802 5818
f 5838 5821 5802
f 5839 5803 5819
f 5839 5822 5803
f 5840 5804 5820
f 5840 5823 5804
f 5841 5805 5821
f 5841 5824 5805
f 5842 5806 5822
f 5842 5825 5806
f 5843 5807 5823
f 5843 5826 5807
f 5844 5808 5824
f 5844 5827 5808
f 5845 5809 5825
f 5845 5830 5809
f 5846 5810 5826
f 5846 5831 5810
f 5847 5811 5827
f 5847 5832 5811
f 5848 5849 5850
f 5848 5829 5849
f 5848 5812 5828
f 5848 5833 5812
f 5848 5828 5829
f 5851 4011 3998
f 5851 5834 5813
f 5851 5813 5830
f 5851 3998 5834
f 5852 5814 5831
f 5852 5835 5814
f 5853 5836 5815
f 5853 5815 5832
f 5854 5837 5816
f 5854 5816 5833
f 5855 5818 5835
f 5855 5838 5818
f 5856 5819 5836
f 5856 5839 5819
f 5857 5820 5837
f 5857 5840 5820
f 5858 5841 5821
f 5858 5821 5838
f 5859 5842 5822
f 5859 5822 5839
f 5860 5823 5840
f 5860 5843 5823
f 5861 5844 5824
f 5861 5824 5841
f 5862 5845 5825
f 5862 5825 5842
f 5863 5846 5826
f 5863 5826 5843
f 5864 5827 5844
f 5864 5847 5827
f 5865 4026 4012
f 5865 4012 4011
f 5865 4011 5851
f 5865 5830 5845
f 5865 5851 5830
f 5866 5831 5846
f 5866 5852 5831
f 5867 5853 5832
f 5867 5832 5847
f 5868 5854 5833
f 5868 5833 5848
f 5869 5855 5835
f 5869 5835 5852
f 5870 5836 5853
f 5870 5856 5836
f 5871 5857 5837
f 5871 5837 5854
f 5872 5838 5855
f 5872 5858 5838
f 5873 5839 5856
f 5873 5859 5839
f 5874 5840 5857
f 5874 5860 5840
f 5875 5841 5858
f 5875 5861 5841
f 5876 5842 5859
f 5876 5862 5842
f 5877 5843 5860
f 5877 5863 5843
f 5878 5844 5861
f 5878 5864 5844
f 5879 5845 5862
f 5879 4040 4026
f 5879 5865 5845
f 5879 4026 5865
f 5880 5846 5863
f 5880 5866 5846
f 5881 5847 5864
f 5881 5867 5847
f 5882 5850 5883
f 5882 5848 5850
f 5882 5868 5848
f 5884 5869 5852
f 5884 5852 5866
f 5885 5853 5867
f 5885 5870 5853
f 5886 5854 5868
f 5886 5871 5854
f 5887 5872 5855
f 5887 5855 5869
f 5888 5856 5870
f 5888 5873 5856
f 5889 5874 5857
f 5889 5857 5871
f 5890 5875 5858
f 5890 5858 5872
f 5891 5859 5873
f 5891 5876 5859
f 5892 5860 5874
f 5892 5877 5860
f 5893 5861 5875
f 5893 5878 5861
f 5894 4041 4040
f 5894 4040 5879
f 5894 5879 5862
f 5894 5862 5876
f 5895 5880 5863
f 5895 5863 5877
f 5896 5864 5878
f 5896 5881 5864
f 5897 5866 5880
f 5897 5884 5866
f 5898 5867 5881
f 5898 5885 5867
f 5899 5900 5901
f 5899 5883 5900
f 5899 5886 5868
f 5899 5882 5883
f 5899 5868 5882
f 5902 5869 5884
f 5902 5887 5869
f 5903 5888 5870
f 5903 5870 5885
f 5904 5889 5871
f 5904 5871 5886
f 5905 5872 5887
f 5905 5890 5872
f 5906 5891 5873
f 5906 5873 5888
f 5907 5892 5874
f 5907 5874 5889
f 5908 5875 5890
f 5908 5893 5875
f 5909 4056 4041
f 5909 4071 4056
f 5909 5876 5891
f 5909 4041 5894
f 5909 5894 5876
f 5910 5877 5892
f 5910 5895 5877
f 5911 5896 5878
f 5911 5878 5893
f 5912 5880 5895
f 5912 5897 5880
f 5913 5881 5896
f 5913 5898 5881
f 5914 5902 5884
f 5914 5884 5897
f 5915 5903 5885
f 5915 5885 5898
f 5916 5886 5899
f 5916 5904 5886
f 5917 5887 5902
f 5917 5905 5887
f 5918 5888 5903
f 5918 5906 5888
f 5919 5907 5889
f 5919 5889 5904
f 5920 5890 5905
f 5920 5908 5890
f 5921 4072 4071
f 5921 5891 5906
f 5921 5909 5891
f 5921 4071 5909
f 5922 5892 5907
f 5922 5910 5892
f 5923 5893 5908
f 5923 5911 5893
f 5924 5912 5895
f 5924 5895 5910
f 5925 5896 5911
f 5925 5913 5896
f 5926 5897 5912
f 5926 5914 5897
f 5927 5898 5913
f 5927 5915 5898
f 5928 5901 5929
f 5928 5899 5901
f 5928 5916 5899
f 5930 5917 5902
f 5930 5902 5914
f 5931 5903 5915
f 5931 5918 5903
f 5932 5904 5916
f 5932 5919 5904
f 5933 5920 5905
f 5933 5905 5917
f 5934 4088 4072
f 5934 4104 4088
f 5934 4072 5921
f 5934 5906 5918
f 5934 5921 5906
f 5935 5907 5919
f 5935 5922 5907
f 5936 5923 5908
f 5936 5908 5920
f 5937 5924 5910
f 5937 5910 5922
f 5938 5925 5911
f 5938 5911 5923
f 5939 5912 5924
f 5939 5926 5912
f 5940 5913 5925
f 5940 5927 5913
f 5941 5914 5926
f 5941 5930 5914
f 5942 5915 5927
f 5942 5931 5915
f 5943 5929 5944
f 5943 5928 5929
f 5943 5916 5928
f 5943 5932 5916
f 5945 5917 5930
f 5945 5933 5917
f 5946 4121 4104
f 5946 5918 5931
f 5946 5934 5918
f 5946 4104 5934
f 5947 5919 5932
f 5947 5935 5919
f 5948 5936 5920
f 5948 5920 5933
f 5949 5922 5935
f 5949 5937 5922
f 5950 5938 5923
f 5950 5923 5936
f 5951 5924 5937
f 5951 5939 5924
f 5952 5925 5938
f 5952 5940 5925
f 5953 5926 5939
f 5953 5941 5926
f 5954 5927 5940
f 5954 5942 5927
f 5955 5945 5930
f 5955 5930 5941
f 5956 4122 4121
f 5956 4140 4122
f 5956 4121 5946
f 5956 5931 5942
f 5956 5946 5931
f 5957 5947 5932
f 5957 5932 5943
f 5958 5933 5945
f 5958 5948 5933
f 5959 5935 5947
f 5959 5949 5935
f 5960 5936 5948
f 5960 5950 5936
f 5961 5951 5937
f 5961 5937 5949
f 5962 5952 5938
f 5962 5938 5950
f 5963 5953 5939
f 5963 5939 5951
f 5964 5940 5952
f 5964 5954 5940
f 5965 5941 5953
f 5965 5955 5941
f 5966 4158 4140
f 5966 4140 5956
f 5966 5942 5954
f 5966 5956 5942
f 5967 5968 5969
f 5967 5944 5968
f 5967 5943 5944
f 5967 5957 5943
f 5970 5945 5955
f 5970 5958 5945
f 5971 5959 5947
f 5971 5947 5957
f 5972 5960 5948
f 5972 5948 5958
f 5973 5961 5949
f 5973 5949 5959
f 5974 5950 5960
f 5974 5962 5950
f 5975 5951 5961
f 5975 5963 5951
f 5976 5964 5952
f 5976 5952 5962
f 5977 5953 5963
f 5977 5965 5953
f 5978 4159 4158
f 5978 5966 5954
f 5978 5954 5964
f 5978 4158 5966
f 5979 5955 5965
f 5979 5970 5955
f 5980 5969 5981
f 5980 5957 5967
f 5980 5971 5957
f 5980 5967 5969
f 5982 5972 5958
f 5982 5958 5970
f 5983 5973 5959
f 5983 5959 5971
f 5984 5974 5960
f 5984 5960 5972
f 5985 5961 5973
f 5985 5975 5961
f 5986 5962 5974
f 5986 5976 5962
f 5987 5963 5975
f 5987 5977 5963
f 5988 4178 4159
f 5988 4198 4178
f 5988 4159 5978
f 5988 5978 5964
f 5988 5964 5976
f 5989 5979 5965
f 5989 5965 5977
f 5990 5970 5979
f 5990 5982 5970
f 5991 5983 5971
f 5991 5971 5980
f 5992 5972 5982
f 5992 5984 5972
f 5993 5973 5983
f 5993 5985 5973
f 5994 5974 5984
f 5994 5986 5974
f 5995 5975 5985
f 5995 5987 5975
f 5996 4198 5988
f 5996 4199 4198
f 5996 5976 5986
f 5996 5988 5976
f 5997 5977 5987
f 5997 5989 5977
f 5998 5979 5989
f 5998 5990 5979
f 5999 6000 6001
f 5999 5981 6000
f 5999 5991 5980
f 5999 5980 5981
f 6002 5992 5982
f 6002 5982 5990
f 6003 5983 5991
f 6003 5993 5983
f 6004 5984 5992
f 6004 5994 5984
f 6005 5995 5985
f 6005 5985 5993
f 6006 5996 5986
f 6006 4219 4199
f 6006 4239 4219
f 6006 4199 5996
f 6006 5986 5994
f 6007 5997 5987
f 6007 5987 5995
f 6008 5998 5989
f 6008 5989 5997
f 6009 5990 5998
f 6009 6002 5990
f 6010 6001 6011
f 6010 5991 5999
f 6010 6003 5991
f 6010 5999 6001
f 6012 6004 5992
f 6012 5992 6002
f 6013 6005 5993
f 6013 5993 6003
f 6014 4260 4239
f 6014 5994 6004
f 6014 6006 5994
f 6014 4239 6006
f 6015 6007 5995
f 6015 5995 6005
f 6016 6008 5997
f 6016 5997 6007
f 6017 5998 6008
f 6017 6009 5998
f 6018 6012 6002
f 6018 6002 6009
f 6019 6003 6010
f 6019 6013 6003
f 6020 4261 4260
f 6020 4260 6014
f 6020 6014 6004
f 6020 6004 6012
f 6021 6005 6013
f 6021 6015 6005
f 6022 6007 6015
f 6022 6016 6007
f 6023 6017 6008
f 6023 6008 6016
f 6024 6009 6017
f 6024 6018 6009
f 6025 6011 6026
f 6025 6010 6011
f 6025 6019 6010
f 6027 4283 4261
f 6027 4305 4283
f 6027 6012 6018
f 6027 6020 6012
f 6027 4261 6020
f 6028 6013 6019
f 6028 6021 6013
f 6029 6022 6015
f 6029 6015 6021
f 6030 6023 6016
f 6030 6016 6022
f 6031 6017 6023
f 6031 6024 6017
f 6032 4306 4305
f 6032 4305 6027
f 6032 6018 6024
f 6032 6027 6018
f 6033 6034 6035
f 6033 6026 6034
f 6033 6025 6026
f 6033 6019 6025
f 6033 6028 6019
f 6036 6021 6028
f 6036 6029 6021
f 6037 6030 6022
f 6037 6022 6029
f 6038 6023 6030
f 6038 6031 6023
f 6039 4329 4306
f 6039 4352 4329
f 6039 4306 6032
f 6039 6024 6031
f 6039 6032 6024
f 6040 6036 6028
f 6040 6028 6033
f 6041 6029 6036
f 6041 6037 6029
f 6042 6030 6037
f 6042 6038 6030
f 6043 6031 6038
f 6043 4375 4352
f 6043 4352 6039
f 6043 6039 6031
f 6044 6035 6045
f 6044 6040 6033
f 6044 6033 6035
f 6046 6041 6036
f 6046 6036 6040
f 6047 6042 6037
f 6047 6037 6041
f 6048 6038 6042
f 6048 4376 4375
f 6048 4399 4376
f 6048 6043 6038
f 6048 4375 6043
f 6049 6045 6050
f 6049 6044 6045
f 6049 6040 6044
f 6049 6046 6040
f 6051 6041 6046
f 6051 6047 6041
f 6052 6048 6042
f 6052 4422 4399
f 6052 6042 6047
f 6052 4399 6048
f 6053 6051 6046
f 6053 6046 6049
f 6054 4423 4422
f 6054 4422 6052
f 6054 6052 6047
f 6054 6047 6051
f 6055 6050 6056
f 6055 6049 6050
f 6055 6053 6049
f 6055 6056 6057
f 6058 4423 6054
f 6058 4446 4423
f 6058 4469 4446
f 6058 6051 6053
f 6058 6054 6051
f 6059 3853 4469
f 6059 4469 6058
f 6059 6055 6057
f 6059 6053 6055
f 6059 6058 6053
f 6059 5019 3853
f 6059 6057 5019
f 2893 3851 5019
f 6060 5019 6057
f 6060 2893 5019
f 6061 6057 6056
f 6061 6060 6057
f 6062 6056 6050
f 6062 6061 6056
f 6063 6050 6045
f 6063 6062 6050
f 6064 6045 6035
f 6064 6063 6045
f 6065 6035 6034
f 6065 6064 6035
f 6066 6034 6026
f 6066 6065 6034
f 6067 6026 6011
f 6067 6066 6026
f 6068 6011 6001
f 6068 6067 6011
f 6069 6001 6000
f 6069 6068 6001
f 6070 6000 5981
f 6070 6069 6000
f 6071 5981 5969
f 6071 6070 5981
f 6072 5969 5968
f 6072 6071 5969
f 6073 5968 5944
f 6073 6072 5968
f 6074 5944 5929
f 6074 6073 5944
f 6075 5929 5901
f 6075 6074 5929
f 6076 6075 5901
f 6076 5901 5900
f 6077 6076 5900
f 6077 5900 5883
f 6078 6077 5883
f 6078 5883 5850
f 6079 6078 5850
f 6079 5850 5849
f 6080 6079 5849
f 6080 5849 5829
f 6081 6080 5829
f 6081 5829 5792
f 6082 5792 5770
f 6082 6081 5792
f 6083 5770 5769
f 6083 6082 5770
f 6084 5769 5728
f 6084 6083 5769
f 6085 5728 5703
f 6085 6084 5728
f 6086 5703 5702
f 6086 6085 5703
f 6087 5702 5656
f 6087 6086 5702
f 6088 5656 5629
f 6088 6087 5656
f 6089 5629 5606
f 6089 6088 5629
f 6090 5606 5024
f 6090 6089 5606
f 6091 5024 5022
f 6091 6090 5024
f 6092 5022 5021
f 6092 6091 5022
f 6093 5021 5027
f 6093 6092 5021
f 6094 5027 5031
f 6094 6093 5027
f 6095 5031 5032
f 6095 6094 5031
f 6096 5032 5040
f 6096 6095 5032
f 6097 5040 5046
f 6097 6096 5040
f 6098 5046 5047
f 6098 6097 5046
f 6099 5047 5060
f 6099 6098 5047
f 6100 5060 5069
f 6100 6099 5060
f 6101 6100 5069
f 6101 5069 5086
f 6102 6101 5086
f 6102 5086 5087
f 6103 6102 5087
f 6103 5087 5098
f 6104 6103 5098
f 6104 5098 5119
f 6105 6104 5119
f 6105 5119 5120
f 6106 6105 5120
f 6106 5120 5134
f 6107 6106 5134
f 6107 5134 5160
f 6108 6107 5160
f 6108 5160 5176
f 6109 6108 5176
f 6109 5176 5177
f 6110 6109 5177
f 6110 5177 5207
f 6111 6110 5207
f 6111 5207 5226
f 6112 6111 5226
f 6112 5226 5227
f 6113 6112 5227
f 6113 5227 5262
f 6114 6113 5262
f 6114 5262 5283
f 6115 5283 5322
f 6115 6114 5283
f 6116 5322 5323
f 6116 6115 5322
f 6117 5323 5346
f 6117 6116 5323
f 6118 5346 5390
f 6118 6117 5346
f 6119 5390 5416
f 6119 6118 5390
f 6120 5416 5417
f 6120 6119 5416
f 6121 5417 5018
f 6121 6120 5417
f 2895 5018 3787
f 2895 6121 5018
f 6122 2891 2893
f 6122 2893 6060
f 6123 3752 2891
f 6123 2891 6122
f 6124 3753 3752
f 6124 3752 6123
f 6125 3757 3753
f 6125 3753 6124
f 6126 6060 6061
f 6126 6122 6060
f 6127 3764 3757
f 6127 3757 6125
f 6128 6123 6122
f 6128 6122 6126
f 6129 3765 3764
f 6129 3764 6127
f 6130 6124 6123
f 6130 6123 6128
f 6131 3771 3765
f 6131 3765 6129
f 6132 6124 6130
f 6132 6125 6124
f 6133 3772 3771
f 6133 3771 6131
f 6134 6061 6062
f 6134 6126 6061
f 6135 6125 6132
f 6135 6127 6125
f 6136 3772 6133
f 6136 3775 3772
f 6137 6128 6126
f 6137 6126 6134
f 6138 6127 6135
f 6138 6129 6127
f 6139 3780 3775
f 6139 3775 6136
f 6140 6130 6128
f 6140 6128 6137
f 6141 6131 6129
f 6141 6129 6138
f 6142 3781 3780
f 6142 3780 6139
f 6143 6130 6140
f 6143 6132 6130
f 6144 6133 6131
f 6144 6131 6141
f 6145 3783 3781
f 6145 3781 6142
f 6146 6062 6063
f 6146 6134 6062
f 6147 6132 6143
f 6147 6135 6132
f 6148 6136 6133
f 6148 6133 6144
f 6149 3783 6145
f 6149 3785 3783
f 6149 2845 3785
f 6149 6150 2845
f 6151 6134 6146
f 6151 6137 6134
f 6152 6138 6135
f 6152 6135 6147
f 6153 6136 6148
f 6153 6139 6136
f 6154 6140 6137
f 6154 6137 6151
f 6155 6138 6152
f 6155 6141 6138
f 6156 6139 6153
f 6156 6142 6139
f 6157 6143 6140
f 6157 6140 6154
f 6158 6144 6141
f 6158 6141 6155
f 6159 6145 6142
f 6159 6142 6156
f 6160 6063 6064
f 6160 6146 6063
f 6161 6147 6143
f 6161 6143 6157
f 6162 6148 6144
f 6162 6144 6158
f 6163 6145 6159
f 6163 6149 6145
f 6163 6150 6149
f 6163 6164 6150
f 6165 6151 6146
f 6165 6146 6160
f 6166 6147 6161
f 6166 6152 6147
f 6167 6148 6162
f 6167 6153 6148
f 6168 6157 6154
f 6168 6154 6151
f 6168 6151 6165
f 6169 6152 6166
f 6169 6155 6152
f 6170 6153 6167
f 6170 6156 6153
f 6170 6159 6156
f 6171 6157 6168
f 6172 6158 6155
f 6172 6155 6169
f 6173 6159 6170
f 6174 6160 6064
f 6174 6064 6065
f 6175 6161 6157
f 6175 6157 6171
f 6176 6162 6158
f 6176 6158 6172
f 6177 6164 6163
f 6177 6178 6164
f 6177 6163 6159
f 6177 6159 6173
f 6179 6168 6165
f 6179 6160 6174
f 6179 6165 6160
f 6180 6166 6161
f 6180 6161 6175
f 6181 6162 6176
f 6181 6167 6162
f 6182 6168 6179
f 6183 6166 6180
f 6183 6169 6166
f 6184 6167 6181
f 6184 6170 6167
f 6185 6168 6182
f 6185 6171 6168
f 6186 6169 6183
f 6186 6172 6169
f 6187 6170 6184
f 6187 6173 6170
f 6188 6174 6065
f 6188 6065 6066
f 6189 6171 6185
f 6189 6175 6171
f 6190 6176 6172
f 6190 6172 6186
f 6191 6177 6173
f 6191 6173 6187
f 6191 6178 6177
f 6191 6192 6178
f 6193 6174 6188
f 6193 6179 6174
f 6194 6175 6189
f 6194 6180 6175
f 6195 6181 6176
f 6195 6176 6190
f 6196 6179 6193
f 6196 6182 6179
f 6197 6180 6194
f 6197 6183 6180
f 6198 6181 6195
f 6198 6184 6181
f 6199 6185 6182
f 6199 6182 6196
f 6200 6183 6197
f 6200 6186 6183
f 6201 6191 6187
f 6201 6184 6198
f 6201 6187 6184
f 6202 6066 6067
f 6202 6188 6066
f 6203 6185 6199
f 6203 6189 6185
f 6204 6186 6200
f 6204 6190 6186
f 6204 6195 6190
f 6205 6192 6191
f 6205 6191 6201
f 6205 6206 6192
f 6207 6193 6188
f 6207 6188 6202
f 6208 6189 6203
f 6208 6194 6189
f 6209 6195 6204
f 6210 6193 6207
f 6210 6196 6193
f 6211 6197 6194
f 6211 6194 6208
f 6212 6198 6195
f 6212 6201 6198
f 6212 6195 6209
f 6213 6199 6196
f 6213 6196 6210
f 6214 6200 6197
f 6214 6204 6200
f 6214 6197 6211
f 6215 6201 6212
f 6216 6067 6068
f 6216 6202 6067
f 6217 6203 6199
f 6217 6199 6213
f 6218 6209 6204
f 6218 6204 6214
f 6219 6201 6215
f 6219 6205 6201
f 6219 6206 6205
f 6219 6220 6206
f 6219 6221 6220
f 6222 6202 6216
f 6222 6207 6202
f 6223 6208 6203
f 6223 6203 6217
f 6223 6211 6208
f 6224 6209 6218
f 6225 6210 6207
f 6225 6207 6222
f 6226 6211 6223
f 6227 6212 6209
f 6227 6209 6224
f 6228 6210 6225
f 6228 6213 6210
f 6229 6214 6211
f 6229 6211 6226
f 6230 6215 6212
f 6230 6212 6227
f 6231 6068 6069
f 6231 6216 6068
f 6232 6217 6213
f 6232 6213 6228
f 6233 6218 6214
f 6233 6214 6229
f 6234 6219 6215
f 6234 6215 6230
f 6234 6221 6219
f 6235 6216 6231
f 6235 6222 6216
f 6236 6223 6217
f 6236 6217 6232
f 6236 6226 6223
f 6237 6224 6218
f 6237 6218 6233
f 6238 6222 6235
f 6238 6225 6222
f 6239 6226 6236
f 6240 6224 6237
f 6240 6227 6224
f 6241 6225 6238
f 6241 6228 6225
f 6242 6226 6239
f 6242 6229 6226
f 6243 6230 6227
f 6243 6227 6240
f 6244 6069 6070
f 6244 6231 6069
f 6245 6228 6241
f 6245 6232 6228
f 6246 6233 6229
f 6246 6229 6242
f 6247 6234 6230
f 6247 6230 6243
f 6247 6221 6234
f 6247 6248 6221
f 6249 6235 6231
f 6249 6231 6244
f 6250 6232 6245
f 6250 6236 6232
f 6251 6240 6237
f 6251 6233 6246
f 6251 6237 6233
f 6252 6238 6235
f 6252 6235 6249
f 6253 6236 6250
f 6253 6239 6236
f 6254 6240 6251
f 6254 6243 6240
f 6255 6241 6238
f 6255 6238 6252
f 6256 6242 6239
f 6256 6239 6253
f 6257 6243 6254
f 6258 6070 6071
f 6258 6244 6070
f 6258 6249 6244
f 6259 6245 6241
f 6259 6241 6255
f 6260 6246 6242
f 6260 6242 6256
f 6261 6248 6247
f 6261 6243 6257
f 6261 6247 6243
f 6261 6262 6248
f 6263 6249 6258
f 6264 6250 6245
f 6264 6245 6259
f 6265 6251 6246
f 6265 6246 6260
f 6266 6252 6249
f 6266 6249 6263
f 6267 6250 6264
f 6267 6253 6250
f 6268 6254 6251
f 6268 6251 6265
f 6269 6255 6252
f 6269 6252 6266
f 6270 6253 6267
f 6270 6256 6253
f 6271 6254 6268
f 6271 6257 6254
f 6271 6261 6257
f 6272 6071 6072
f 6272 6072 6073
f 6272 6258 6071
f 6272 6263 6258
f 6273 6255 6269
f 6273 6259 6255
f 6273 6264 6259
f 6274 6256 6270
f 6274 6260 6256
f 6275 6276 6262
f 6275 6261 6271
f 6275 6262 6261
f 6277 6266 6263
f 6277 6263 6272
f 6278 6264 6273
f 6279 6265 6260
f 6279 6260 6274
f 6280 6266 6277
f 6281 6264 6278
f 6281 6267 6264
f 6282 6268 6265
f 6282 6265 6279
f 6283 6269 6266
f 6283 6266 6280
f 6284 6270 6267
f 6284 6267 6281
f 6285 6275 6271
f 6285 6268 6282
f 6285 6271 6268
f 6286 6272 6073
f 6287 6273 6269
f 6287 6269 6283
f 6288 6274 6270
f 6288 6270 6284
f 6289 6290 6276
f 6289 6291 6290
f 6289 6276 6275
f 6289 6275 6285
f 6292 6277 6272
f 6292 6280 6277
f 6292 6272 6286
f 6293 6278 6273
f 6293 6273 6287
f 6294 6279 6274
f 6294 6274 6288
f 6295 6280 6292
f 6296 6281 6278
f 6296 6284 6281
f 6296 6278 6293
f 6297 6279 6294
f 6297 6282 6279
f 6298 6283 6280
f 6298 6287 6283
f 6298 6280 6295
f 6299 6284 6296
f 6300 6285 6282
f 6300 6282 6297
f 6301 6286 6073
f 6301 6073 6074
f 6302 6287 6298
f 6303 6288 6284
f 6303 6284 6299
f 6304 6305 6291
f 6304 6291 6289
f 6304 6289 6285
f 6304 6285 6300
f 6306 6292 6286
f 6306 6286 6301
f 6307 6293 6287
f 6307 6287 6302
f 6308 6294 6288
f 6308 6288 6303
f 6309 6295 6292
f 6309 6298 6295
f 6309 6292 6306
f 6310 6293 6307
f 6310 6296 6293
f 6311 6297 6294
f 6311 6294 6308
f 6312 6298 6309
f 6313 6296 6310
f 6313 6299 6296
f 6314 6297 6311
f 6314 6300 6297
f 6315 6074 6075
f 6315 6301 6074
f 6316 6298 6312
f 6316 6302 6298
f 6317 6299 6313
f 6317 6303 6299
f 6318 6304 6300
f 6318 6300 6314
f 6318 6305 6304
f 6319 6306 6301
f 6319 6301 6315
f 6320 6307 6302
f 6320 6302 6316
f 6321 6308 6303
f 6321 6311 6308
f 6321 6303 6317
f 6322 6306 6319
f 6322 6309 6306
f 6323 6310 6307
f 6323 6307 6320
f 6324 6311 6321
f 6325 6309 6322
f 6325 6312 6309
f 6326 6313 6310
f 6326 6310 6323
f 6327 6311 6324
f 6327 6314 6311
f 6328 6075 6076
f 6328 6076 6077
f 6328 6315 6075
f 6329 6316 6312
f 6329 6312 6325
f 6330 6317 6313
f 6330 6313 6326
f 6331 6332 6305
f 6331 6305 6318
f 6331 6318 6314
f 6331 6314 6327
f 6333 6319 6315
f 6333 6315 6328
f 6334 6320 6316
f 6334 6316 6329
f 6335 6321 6317
f 6335 6317 6330
f 6336 6322 6319
f 6336 6319 6333
f 6337 6323 6320
f 6337 6320 6334
f 6338 6321 6335
f 6338 6324 6321
f 6339 6329 6325
f 6339 6325 6322
f 6339 6322 6336
f 6340 6326 6323
f 6340 6323 6337
f 6341 6324 6338
f 6341 6327 6324
f 6341 6331 6327
f 6342 6328 6077
f 6343 6329 6339
f 6344 6330 6326
f 6344 6326 6340
f 6345 6346 6332
f 6345 6331 6341
f 6345 6332 6331
f 6347 6333 6328
f 6347 6328 6342
f 6348 6329 6343
f 6348 6334 6329
f 6349 6330 6344
f 6349 6335 6330
f 6350 6336 6333
f 6350 6333 6347
f 6351 6337 6334
f 6351 6334 6348
f 6352 6335 6349
f 6352 6338 6335
f 6353 6339 6336
f 6353 6336 6350
f 6354 6337 6351
f 6354 6344 6340
f 6354 6340 6337
f 6355 6341 6338
f 6355 6338 6352
f 6356 6342 6077
f 6356 6077 6078
f 6357 6343 6339
f 6357 6339 6353
f 6358 6344 6354
f 6359 6360 6346
f 6359 6346 6345
f 6359 6345 6341
f 6359 6341 6355
f 6361 6347 6342
f 6361 6342 6356
f 6362 6343 6357
f 6362 6348 6343
f 6363 6349 6344
f 6363 6352 6349
f 6363 6344 6358
f 6364 6353 6350
f 6364 6347 6361
f 6364 6350 6347
f 6365 6351 6348
f 6365 6348 6362
f 6366 6352 6363
f 6367 6353 6364
f 6368 6354 6351
f 6368 6351 6365
f 6369 6355 6352
f 6369 6359 6355
f 6369 6352 6366
f 6370 6356 6078
f 6370 6078 6079
f 6371 6357 6353
f 6371 6353 6367
f 6372 6358 6354
f 6372 6354 6368
f 6373 6374 6360
f 6373 6360 6359
f 6373 6359 6369
f 6375 6361 6356
f 6375 6356 6370
f 6376 6362 6357
f 6376 6357 6371
f 6377 6363 6358
f 6377 6358 6372
f 6378 6364 6361
f 6378 6361 6375
f 6379 6365 6362
f 6379 6362 6376
f 6380 6363 6377
f 6380 6366 6363
f 6381 6364 6378
f 6381 6367 6364
f 6382 6365 6379
f 6382 6368 6365
f 6382 6372 6368
f 6383 6366 6380
f 6383 6369 6366
f 6384 6079 6080
f 6384 6370 6079
f 6385 6367 6381
f 6385 6371 6367
f 6386 6372 6382
f 6387 6373 6369
f 6387 6388 6374
f 6387 6374 6373
f 6387 6369 6383
f 6389 6370 6384
f 6389 6375 6370
f 6390 6376 6371
f 6390 6371 6385
f 6391 6372 6386
f 6391 6377 6372
f 6392 6378 6375
f 6392 6375 6389
f 6393 6379 6376
f 6393 6376 6390
f 6394 6380 6377
f 6394 6377 6391
f 6395 6381 6378
f 6395 6385 6381
f 6395 6378 6392
f 6396 6379 6393
f 6396 6382 6379
f 6397 6380 6394
f 6397 6383 6380
f 6397 6387 6383
f 6398 6080 6081
f 6398 6081 6082
f 6398 6384 6080
f 6399 6385 6395
f 6400 6386 6382
f 6400 6382 6396
f 6401 6388 6387
f 6401 6402 6388
f 6401 6387 6397
f 6403 6384 6398
f 6403 6389 6384
f 6404 6390 6385
f 6404 6385 6399
f 6405 6386 6400
f 6405 6391 6386
f 6406 6389 6403
f 6406 6392 6389
f 6407 6390 6404
f 6407 6393 6390
f 6408 6394 6391
f 6408 6391 6405
f 6409 6395 6392
f 6409 6392 6406
f 6410 6393 6407
f 6410 6396 6393
f 6411 6397 6394
f 6411 6394 6408
f 6411 6401 6397
f 6412 6398 6082
f 6413 6395 6409
f 6413 6399 6395
f 6414 6400 6396
f 6414 6396 6410
f 6414 6405 6400
f 6415 6401 6411
f 6415 6416 6402
f 6415 6417 6416
f 6415 6402 6401
f 6418 6398 6412
f 6418 6403 6398
f 6419 6399 6413
f 6419 6404 6399
f 6420 6405 6414
f 6421 6403 6418
f 6421 6406 6403
f 6422 6407 6404
f 6422 6404 6419
f 6423 6411 6408
f 6423 6405 6420
f 6423 6408 6405
f 6424 6409 6406
f 6424 6413 6409
f 6424 6406 6421
f 6425 6410 6407
f 6425 6407 6422
f 6426 6411 6423
f 6427 6082 6083
f 6427 6412 6082
f 6428 6413 6424
f 6429 6414 6410
f 6429 6410 6425
f 6430 6417 6415
f 6430 6415 6411
f 6430 6411 6426
f 6431 6412 6427
f 6431 6418 6412
f 6432 6419 6413
f 6432 6413 6428
f 6433 6420 6414
f 6433 6414 6429
f 6434 6418 6431
f 6434 6421 6418
f 6435 6422 6419
f 6435 6419 6432
f 6436 6423 6420
f 6436 6420 6433
f 6437 6421 6434
f 6437 6424 6421
f 6438 6425 6422
f 6438 6422 6435
f 6438 6429 6425
f 6439 6426 6423
f 6439 6423 6436
f 6440 6083 6084
f 6440 6084 6085
f 6440 6427 6083
f 6441 6428 6424
f 6441 6424 6437
f 6442 6433 6429
f 6442 6429 6438
f 6443 6444 6417
f 6443 6417 6430
f 6443 6430 6426
f 6443 6426 6439
f 6445 6431 6427
f 6445 6427 6440
f 6446 6432 6428
f 6446 6428 6441
f 6447 6433 6442
f 6448 6434 6431
f 6448 6431 6445
f 6448 6437 6434
f 6449 6435 6432
f 6449 6432 6446
f 6450 6433 6447
f 6450 6439 6436
f 6450 6436 6433
f 6451 6437 6448
f 6451 6441 6437
f 6452 6435 6449
f 6452 6438 6435
f 6453 6439 6450
f 6454 6440 6085
f 6455 6441 6451
f 6456 6438 6452
f 6456 6442 6438
f 6457 6458 6444
f 6457 6439 6453
f 6457 6444 6443
f 6457 6443 6439
f 6459 6440 6454
f 6459 6445 6440
f 6460 6441 6455
f 6460 6449 6446
f 6460 6446 6441
f 6461 6442 6456
f 6461 6447 6442
f 6462 6451 6448
f 6462 6445 6459
f 6462 6448 6445
f 6463 6449 6460
f 6464 6447 6461
f 6464 6450 6447
f 6465 6455 6451
f 6465 6451 6462
f 6466 6452 6449
f 6466 6449 6463
f 6467 6450 6464
f 6467 6453 6450
f 6468 6085 6086
f 6468 6086 6087
f 6468 6454 6085
f 6469 6460 6455
f 6469 6455 6465
f 6470 6461 6456
f 6470 6452 6466
f 6470 6456 6452
f 6471 6453 6467
f 6471 6472 6458
f 6471 6473 6472
f 6471 6458 6457
f 6471 6457 6453
f 6474 6459 6454
f 6474 6454 6468
f 6475 6460 6469
f 6476 6461 6470
f 6477 6465 6462
f 6477 6459 6474
f 6477 6462 6459
f 6478 6460 6475
f 6478 6463 6460
f 6479 6464 6461
f 6479 6461 6476
f 6480 6465 6477
f 6481 6466 6463
f 6481 6463 6478
f 6482 6467 6464
f 6482 6464 6479
f 6483 6468 6087
f 6483 6474 6468
f 6484 6469 6465
f 6484 6465 6480
f 6484 6475 6469
f 6485 6470 6466
f 6485 6476 6470
f 6485 6466 6481
f 6486 6471 6467
f 6486 6473 6471
f 6486 6467 6482
f 6487 6474 6483
f 6487 6477 6474
f 6488 6475 6484
f 6489 6476 6485
f 6490 6477 6487
f 6491 6478 6475
f 6491 6475 6488
f 6492 6476 6489
f 6492 6479 6476
f 6492 6482 6479
f 6493 6480 6477
f 6493 6477 6490
f 6493 6484 6480
f 6494 6478 6491
f 6494 6481 6478
f 6495 6482 6492
f 6496 6483 6087
f 6496 6087 6088
f 6497 6484 6493
f 6498 6481 6494
f 6498 6485 6481
f 6499 6486 6482
f 6499 6500 6473
f 6499 6482 6495
f 6499 6473 6486
f 6501 6487 6483
f 6501 6483 6496
f 6502 6488 6484
f 6502 6484 6497
f 6503 6489 6485
f 6503 6485 6498
f 6503 6492 6489
f 6504 6490 6487
f 6504 6493 6490
f 6504 6487 6501
f 6505 6491 6488
f 6505 6488 6502
f 6506 6492 6503
f 6507 6493 6504
f 6508 6498 6494
f 6508 6494 6491
f 6508 6491 6505
f 6509 6492 6506
f 6509 6495 6492
f 6510 6496 6088
f 6510 6088 6089
f 6511 6497 6493
f 6511 6493 6507
f 6512 6498 6508
f 6512 6503 6498
f 6513 6500 6499
f 6513 6514 6500
f 6513 6499 6495
f 6513 6495 6509
f 6515 6501 6496
f 6515 6496 6510
f 6516 6502 6497
f 6516 6497 6511
f 6517 6506 6503
f 6517 6503 6512
f 6518 6504 6501
f 6518 6501 6515
f 6519 6505 6502
f 6519 6502 6516
f 6520 6506 6517
f 6521 6504 6518
f 6521 6507 6504
f 6522 6505 6519
f 6522 6508 6505
f 6523 6506 6520
f 6523 6509 6506
f 6524 6510 6089
f 6524 6089 6090
f 6525 6507 6521
f 6525 6511 6507
f 6526 6512 6508
f 6526 6508 6522
f 6527 6509 6523
f 6527 6528 6514
f 6527 6514 6513
f 6527 6513 6509
f 6529 6510 6524
f 6529 6515 6510
f 6530 6511 6525
f 6530 6516 6511
f 6531 6512 6526
f 6531 6517 6512
f 6532 6518 6515
f 6532 6515 6529
f 6533 6519 6516
f 6533 6516 6530
f 6533 6522 6519
f 6534 6517 6531
f 6534 6520 6517
f 6535 6518 6532
f 6535 6521 6518
f 6536 6526 6522
f 6536 6522 6533
f 6537 6523 6520
f 6537 6520 6534
f 6538 6524 6090
f 6538 6090 6091
f 6538 6091 6092
f 6539 6525 6521
f 6539 6521 6535
f 6540 6526 6536
f 6541 6527 6523
f 6541 6542 6528
f 6541 6523 6537
f 6541 6528 6527
f 6543 6529 6524
f 6543 6524 6538
f 6544 6525 6539
f 6544 6530 6525
f 6545 6531 6526
f 6545 6526 6540
f 6546 6532 6529
f 6546 6529 6543
f 6547 6530 6544
f 6547 6533 6530
f 6548 6534 6531
f 6548 6531 6545
f 6549 6535 6532
f 6549 6532 6546
f 6550 6536 6533
f 6550 6533 6547
f 6551 6537 6534
f 6551 6534 6548
f 6552 6538 6092
f 6552 6543 6538
f 6553 6535 6549
f 6553 6539 6535
f 6554 6540 6536
f 6554 6536 6550
f 6555 6556 6542
f 6555 6542 6541
f 6555 6537 6551
f 6555 6541 6537
f 6557 6546 6543
f 6557 6543 6552
f 6558 6544 6539
f 6558 6539 6553
f 6559 6540 6554
f 6559 6545 6540
f 6560 6546 6557
f 6561 6544 6558
f 6561 6547 6544
f 6562 6545 6559
f 6562 6548 6545
f 6563 6546 6560
f 6563 6549 6546
f 6564 6547 6561
f 6564 6550 6547
f 6565 6548 6562
f 6565 6551 6548
f 6566 6092 6093
f 6566 6552 6092
f 6567 6549 6563
f 6567 6553 6549
f 6568 6550 6564
f 6568 6554 6550
f 6569 6555 6551
f 6569 6551 6565
f 6569 6570 6556
f 6569 6556 6555
f 6571 6552 6566
f 6571 6557 6552
f 6572 6553 6567
f 6572 6558 6553
f 6573 6554 6568
f 6573 6559 6554
f 6574 6557 6571
f 6574 6560 6557
f 6575 6558 6572
f 6575 6561 6558
f 6576 6559 6573
f 6576 6562 6559
f 6577 6560 6574
f 6577 6563 6560
f 6578 6564 6561
f 6578 6561 6575
f 6579 6562 6576
f 6579 6565 6562
f 6580 6566 6093
f 6580 6093 6094
f 6580 6094 6095
f 6581 6567 6563
f 6581 6572 6567
f 6581 6563 6577
f 6582 6564 6578
f 6582 6568 6564
f 6583 6584 6570
f 6583 6570 6569
f 6583 6569 6565
f 6583 6565 6579
f 6585 6571 6566
f 6585 6566 6580
f 6586 6572 6581
f 6587 6568 6582
f 6587 6573 6568
f 6588 6574 6571
f 6588 6571 6585
f 6588 6577 6574
f 6589 6575 6572
f 6589 6578 6575
f 6589 6572 6586
f 6590 6576 6573
f 6590 6573 6587
f 6590 6579 6576
f 6591 6577 6588
f 6592 6582 6578
f 6592 6578 6589
f 6593 6579 6590
f 6594 6580 6095
f 6594 6585 6580
f 6595 6577 6591
f 6595 6581 6577
f 6596 6582 6592
f 6596 6587 6582
f 6597 6598 6584
f 6597 6584 6583
f 6597 6583 6579
f 6597 6579 6593
f 6599 6585 6594
f 6600 6586 6581
f 6600 6581 6595
f 6601 6587 6596
f 6602 6585 6599
f 6602 6588 6585
f 6603 6586 6600
f 6603 6589 6586
f 6604 6593 6590
f 6604 6587 6601
f 6604 6590 6587
f 6605 6588 6602
f 6605 6591 6588
f 6606 6589 6603
f 6606 6592 6589
f 6607 6593 6604
f 6608 6594 6095
f 6608 6095 6096
f 6608 6096 6097
f 6609 6595 6591
f 6609 6591 6605
f 6610 6596 6592
f 6610 6592 6606
f 6611 6597 6593
f 6611 6612 6598
f 6611 6598 6597
f 6611 6593 6607
f 6613 6599 6594
f 6613 6594 6608
f 6614 6595 6609
f 6614 6600 6595
f 6615 6601 6596
f 6615 6596 6610
f 6616 6605 6602
f 6616 6599 6613
f 6616 6602 6599
f 6617 6603 6600
f 6617 6606 6603
f 6617 6600 6614
f 6618 6601 6615
f 6618 6604 6601
f 6618 6607 6604
f 6619 6605 6616
f 6620 6606 6617
f 6621 6607 6618
f 6622 6608 6097
f 6622 6613 6608
f 6622 6097 6098
f 6623 6609 6605
f 6623 6614 6609
f 6623 6605 6619
f 6624 6610 6606
f 6624 6606 6620
f 6625 6612 6611
f 6625 6626 6612
f 6625 6611 6607
f 6625 6607 6621
f 6627 6613 6622
f 6628 6617 6614
f 6628 6614 6623
f 6629 6615 6610
f 6629 6610 6624
f 6630 6613 6627
f 6630 6619 6616
f 6630 6616 6613
f 6631 6617 6628
f 6632 6618 6615
f 6632 6615 6629
f 6633 6619 6630
f 6634 6617 6631
f 6634 6620 6617
f 6635 6618 6632
f 6635 6621 6618
f 6636 6627 6622
f 6636 6622 6098
f 6637 6619 6633
f 6637 6623 6619
f 6638 6620 6634
f 6638 6624 6620
f 6639 6621 6635
f 6639 6640 6626
f 6639 6626 6625
f 6639 6625 6621
f 6641 6627 6636
f 6641 6630 6627
f 6642 6623 6637
f 6642 6628 6623
f 6643 6624 6638
f 6643 6629 6624
f 6644 6630 6641
f 6645 6634 6631
f 6645 6628 6642
f 6645 6631 6628
f 6646 6635 6632
f 6646 6629 6643
f 6646 6632 6629
f 6647 6633 6630
f 6647 6630 6644
f 6648 6634 6645
f 6649 6635 6646
f 6650 6636 6098
f 6650 6098 6099
f 6651 6642 6637
f 6651 6633 6647
f 6651 6637 6633
f 6652 6634 6648
f 6652 6638 6634
f 6653 6639 6635
f 6653 6654 6640
f 6653 6640 6639
f 6653 6635 6649
f 6655 6641 6636
f 6655 6636 6650
f 6656 6642 6651
f 6657 6638 6652
f 6657 6643 6638
f 6658 6644 6641
f 6658 6647 6644
f 6658 6641 6655
f 6659 6648 6645
f 6659 6645 6642
f 6659 6642 6656
f 6660 6646 6643
f 6660 6643 6657
f 6661 6647 6658
f 6662 6652 6648
f 6662 6648 6659
f 6663 6649 6646
f 6663 6646 6660
f 6664 6099 6100
f 6664 6100 6101
f 6664 6650 6099
f 6665 6651 6647
f 6665 6647 6661
f 6666 6652 6662
f 6667 6649 6663
f 6667 6668 6654
f 6667 6654 6653
f 6667 6653 6649
f 6669 6650 6664
f 6669 6655 6650
f 6670 6651 6665
f 6670 6656 6651
f 6671 6652 6666
f 6671 6657 6652
f 6672 6655 6669
f 6672 6658 6655
f 6673 6656 6670
f 6673 6659 6656
f 6674 6663 6660
f 6674 6657 6671
f 6674 6660 6657
f 6675 6658 6672
f 6675 6665 6661
f 6675 6661 6658
f 6676 6659 6673
f 6676 6662 6659
f 6677 6663 6674
f 6678 6669 6664
f 6678 6101 6102
f 6678 6664 6101
f 6679 6665 6675
f 6680 6662 6676
f 6680 6666 6662
f 6681 6682 6668
f 6681 6663 6677
f 6681 6668 6667
f 6681 6667 6663
f 6683 6669 6678
f 6684 6670 6665
f 6684 6665 6679
f 6685 6671 6666
f 6685 6666 6680
f 6686 6675 6672
f 6686 6672 6669
f 6686 6669 6683
f 6687 6673 6670
f 6687 6670 6684
f 6688 6671 6685
f 6688 6674 6671
f 6689 6679 6675
f 6689 6675 6686
f 6690 6676 6673
f 6690 6673 6687
f 6691 6677 6674
f 6691 6674 6688
f 6692 6678 6102
f 6692 6683 6678
f 6693 6679 6689
f 6694 6680 6676
f 6694 6685 6680
f 6694 6676 6690
f 6695 6696 6682
f 6695 6681 6677
f 6695 6677 6691
f 6695 6682 6681
f 6697 6683 6692
f 6698 6684 6679
f 6698 6687 6684
f 6698 6679 6693
f 6699 6688 6685
f 6699 6685 6694
f 6700 6686 6683
f 6700 6683 6697
f 6701 6687 6698
f 6702 6688 6699
f 6703 6689 6686
f 6703 6686 6700
f 6704 6687 6701
f 6704 6690 6687
f 6705 6688 6702
f 6705 6691 6688
f 6706 6102 6103
f 6706 6103 6104
f 6706 6692 6102
f 6707 6693 6689
f 6707 6689 6703
f 6708 6690 6704
f 6708 6694 6690
f 6708 6699 6694
f 6709 6691 6705
f 6709 6710 6696
f 6709 6711 6710
f 6709 6696 6695
f 6709 6695 6691
f 6712 6692 6706
f 6712 6697 6692
f 6713 6693 6707
f 6713 6698 6693
f 6714 6699 6708
f 6714 6702 6699
f 6715 6703 6700
f 6715 6697 6712
f 6715 6700 6697
f 6716 6701 6698
f 6716 6698 6713
f 6717 6702 6714
f 6718 6703 6715
f 6718 6707 6703
f 6719 6701 6716
f 6719 6704 6701
f 6720 6702 6717
f 6720 6705 6702
f 6721 6712 6706
f 6721 6104 6105
f 6721 6706 6104
f 6722 6707 6718
f 6723 6704 6719
f 6723 6708 6704
f 6724 6709 6705
f 6724 6711 6709
f 6724 6705 6720
f 6725 6712 6721
f 6726 6716 6713
f 6726 6713 6707
f 6726 6707 6722
f 6727 6714 6708
f 6727 6708 6723
f 6728 6715 6712
f 6728 6712 6725
f 6729 6716 6726
f 6730 6717 6714
f 6730 6714 6727
f 6731 6718 6715
f 6731 6722 6718
f 6731 6715 6728
f 6732 6719 6716
f 6732 6716 6729
f 6733 6717 6730
f 6733 6720 6717
f 6733 6724 6720
f 6734 6721 6105
f 6735 6722 6731
f 6736 6723 6719
f 6736 6727 6723
f 6736 6719 6732
f 6737 6738 6711
f 6737 6711 6724
f 6737 6724 6733
f 6739 6725 6721
f 6739 6721 6734
f 6740 6722 6735
f 6740 6726 6722
f 6741 6727 6736
f 6742 6728 6725
f 6742 6731 6728
f 6742 6725 6739
f 6743 6726 6740
f 6743 6729 6726
f 6744 6730 6727
f 6744 6727 6741
f 6745 6731 6742
f 6746 6729 6743
f 6746 6732 6729
f 6747 6737 6733
f 6747 6730 6744
f 6747 6733 6730
f 6748 6739 6734
f 6748 6105 6106
f 6748 6734 6105
f 6749 6731 6745
f 6749 6735 6731
f 6750 6736 6732
f 6750 6741 6736
f 6750 6732 6746
f 6751 6738 6737
f 6751 6737 6747
f 6751 6752 6738
f 6751 6753 6752
f 6754 6739 6748
f 6755 6735 6749
f 6755 6740 6735
f 6755 6743 6740
f 6756 6741 6750
f 6756 6744 6741
f 6757 6739 6754
f 6757 6742 6739
f 6758 6743 6755
f 6759 6744 6756
f 6760 6745 6742
f 6760 6742 6757
f 6761 6743 6758
f 6761 6746 6743
f 6762 6747 6744
f 6762 6744 6759
f 6763 6106 6107
f 6763 6748 6106
f 6764 6749 6745
f 6764 6745 6760
f 6765 6756 6750
f 6765 6750 6746
f 6765 6746 6761
f 6766 6751 6747
f 6766 6753 6751
f 6766 6747 6762
f 6767 6754 6748
f 6767 6748 6763
f 6768 6755 6749
f 6768 6749 6764
f 6769 6756 6765
f 6770 6757 6754
f 6770 6754 6767
f 6771 6758 6755
f 6771 6755 6768
f 6772 6756 6769
f 6772 6759 6756
f 6773 6757 6770
f 6773 6760 6757
f 6774 6761 6758
f 6774 6758 6771
f 6775 6759 6772
f 6775 6762 6759
f 6776 6107 6108
f 6776 6108 6109
f 6776 6763 6107
f 6776 6767 6763
f 6777 6764 6760
f 6777 6760 6773
f 6778 6761 6774
f 6778 6765 6761
f 6779 6762 6775
f 6779 6780 6753
f 6779 6781 6780
f 6779 6766 6762
f 6779 6753 6766
f 6782 6767 6776
f 6783 6764 6777
f 6783 6768 6764
f 6784 6765 6778
f 6784 6769 6765
f 6784 6772 6769
f 6785 6773 6770
f 6785 6767 6782
f 6785 6770 6767
f 6786 6768 6783
f 6786 6771 6768
f 6787 6772 6784
f 6788 6777 6773
f 6788 6773 6785
f 6789 6774 6771
f 6789 6771 6786
f 6790 6775 6772
f 6790 6779 6775
f 6790 6772 6787
f 6791 6109 6110
f 6791 6776 6109
f 6792 6777 6788
f 6793 6774 6789
f 6793 6778 6774
f 6794 6781 6779
f 6794 6779 6790
f 6795 6776 6791
f 6795 6785 6782
f 6795 6782 6776
f 6796 6783 6777
f 6796 6777 6792
f 6796 6786 6783
f 6797 6784 6778
f 6797 6778 6793
f 6798 6785 6795
f 6799 6786 6796
f 6800 6784 6797
f 6800 6787 6784
f 6801 6788 6785
f 6801 6785 6798
f 6802 6789 6786
f 6802 6786 6799
f 6803 6790 6787
f 6803 6787 6800
f 6804 6795 6791
f 6804 6791 6110
f 6804 6110 6111
f 6805 6792 6788
f 6805 6788 6801
f 6806 6793 6789
f 6806 6797 6793
f 6806 6789 6802
f 6807 6808 6781
f 6807 6809 6808
f 6807 6781 6794
f 6807 6794 6790
f 6807 6790 6803
f 6810 6795 6804
f 6811 6796 6792
f 6811 6799 6796
f 6811 6792 6805
f 6812 6797 6806
f 6812 6800 6797
f 6813 6795 6810
f 6813 6798 6795
f 6813 6801 6798
f 6814 6799 6811
f 6815 6800 6812
f 6816 6801 6813
f 6816 6805 6801
f 6817 6799 6814
f 6817 6802 6799
f 6818 6807 6803
f 6818 6803 6800
f 6818 6800 6815
f 6819 6804 6111
f 6819 6810 6804
f 6820 6805 6816
f 6821 6802 6817
f 6821 6812 6806
f 6821 6806 6802
f 6822 6807 6818
f 6822 6809 6807
f 6823 6810 6819
f 6824 6811 6805
f 6824 6805 6820
f 6825 6812 6821
f 6825 6815 6812
f 6826 6810 6823
f 6826 6813 6810
f 6826 6816 6813
f 6827 6814 6811
f 6827 6811 6824
f 6828 6815 6825
f 6829 6816 6826
f 6829 6820 6816
f 6830 6817 6814
f 6830 6814 6827
f 6830 6821 6817
f 6831 6815 6828
f 6831 6818 6815
f 6832 6111 6112
f 6832 6819 6111
f 6833 6820 6829
f 6834 6821 6830
f 6835 6822 6818
f 6835 6809 6822
f 6835 6836 6809
f 6835 6837 6836
f 6835 6818 6831
f 6838 6823 6819
f 6838 6819 6832
f 6839 6820 6833
f 6839 6824 6820
f 6839 6827 6824
f 6840 6825 6821
f 6840 6821 6834
f 6841 6826 6823
f 6841 6823 6838
f 6842 6830 6827
f 6842 6827 6839
f 6843 6828 6825
f 6843 6825 6840
f 6844 6826 6841
f 6844 6829 6826
f 6845 6830 6842
f 6846 6831 6828
f 6846 6828 6843
f 6847 6112 6113
f 6847 6832 6112
f 6847 6113 6114
f 6848 6833 6829
f 6848 6829 6844
f 6849 6834 6830
f 6849 6830 6845
f 6849 6840 6834
f 6850 6831 6846
f 6850 6837 6835
f 6850 6835 6831
f 6851 6832 6847
f 6851 6838 6832
f 6851 6841 6838
f 6852 6839 6833
f 6852 6833 6848
f 6853 6840 6849
f 6854 6841 6851
f 6854 6844 6841
f 6855 6839 6852
f 6855 6842 6839
f 6856 6846 6843
f 6856 6843 6840
f 6856 6840 6853
f 6857 6844 6854
f 6858 6845 6842
f 6858 6842 6855
f 6859 6846 6856
f 6860 6851 6847
f 6860 6114 6115
f 6860 6847 6114
f 6861 6844 6857
f 6861 6848 6844
f 6862 6849 6845
f 6862 6845 6858
f 6863 6837 6850
f 6863 6850 6846
f 6863 6846 6859
f 6863 6864 6837
f 6865 6851 6860
f 6866 6852 6848
f 6866 6855 6852
f 6866 6848 6861
f 6867 6853 6849
f 6867 6849 6862
f 6868 6854 6851
f 6868 6851 6865
f 6869 6855 6866
f 6870 6856 6853
f 6870 6853 6867
f 6871 6854 6868
f 6871 6857 6854
f 6871 6861 6857
f 6872 6858 6855
f 6872 6862 6858
f 6872 6855 6869
f 6873 6859 6856
f 6873 6856 6870
f 6874 6860 6115
f 6874 6865 6860
f 6875 6861 6871
f 6876 6862 6872
f 6877 6878 6864
f 6877 6879 6878
f 6877 6863 6859
f 6877 6864 6863
f 6877 6859 6873
f 6880 6868 6865
f 6880 6865 6874
f 6881 6866 6861
f 6881 6869 6866
f 6881 6861 6875
f 6882 6867 6862
f 6882 6862 6876
f 6883 6868 6880
f 6884 6872 6869
f 6884 6869 6881
f 6885 6870 6867
f 6885 6867 6882
f 6886 6868 6883
f 6886 6871 6868
f 6887 6872 6884
f 6888 6870 6885
f 6888 6873 6870
f 6889 6874 6115
f 6889 6115 6116
f 6889 6116 6117
f 6890 6871 6886
f 6890 6875 6871
f 6890 6881 6875
f 6891 6882 6876
f 6891 6872 6887
f 6891 6876 6872
f 6892 6873 6888
f 6892 6879 6877
f 6892 6877 6873
f 6893 6874 6889
f 6893 6880 6874
f 6894 6881 6890
f 6895 6882 6891
f 6896 6880 6893
f 6896 6883 6880
f 6897 6887 6884
f 6897 6881 6894
f 6897 6884 6881
f 6898 6885 6882
f 6898 6882 6895
f 6899 6883 6896
f 6899 6886 6883
f 6900 6887 6897
f 6901 6885 6898
f 6901 6888 6885
f 6902 6889 6117
f 6902 6893 6889
f 6903 6890 6886
f 6903 6886 6899
f 6904 6891 6887
f 6904 6887 6900
f 6905 6892 6888
f 6905 6879 6892
f 6905 6906 6879
f 6905 6888 6901
f 6907 6893 6902
f 6907 6896 6893
f 6908 6897 6894
f 6908 6894 6890
f 6908 6890 6903
f 6909 6898 6895
f 6909 6891 6904
f 6909 6895 6891
f 6910 6896 6907
f 6910 6899 6896
f 6911 6897 6908
f 6912 6901 6898
f 6912 6898 6909
f 6913 6899 6910
f 6914 6897 6911
f 6914 6900 6897
f 6915 6901 6912
f 6916 6902 6117
f 6916 6117 6118
f 6916 6118 6119
f 6917 6903 6899
f 6917 6908 6903
f 6917 6899 6913
f 6918 6904 6900
f 6918 6900 6914
f 6919 6920 6906
f 6919 6906 6905
f 6919 6905 6901
f 6919 6901 6915
f 6921 6907 6902
f 6921 6902 6916
f 6922 6908 6917
f 6922 6911 6908
f 6923 6909 6904
f 6923 6904 6918
f 6924 6907 6921
f 6924 6910 6907
f 6925 6911 6922
f 6925 6914 6911
f 6926 6909 6923
f 6926 6912 6909
f 6927 6913 6910
f 6927 6910 6924
f 6928 6914 6925
f 6929 6912 6926
f 6929 6915 6912
f 6930 6916 6119
f 6931 6913 6927
f 6931 6917 6913
f 6932 6914 6928
f 6932 6918 6914
f 6933 6915 6929
f 6933 6919 6915
f 6933 6934 6920
f 6933 6920 6919
f 6935 6916 6930
f 6935 6921 6916
f 6935 6924 6921
f 6936 6922 6917
f 6936 6917 6931
f 6937 6926 6923
f 6937 6918 6932
f 6937 6923 6918
f 6938 6924 6935
f 6938 6927 6924
f 6939 6925 6922
f 6939 6922 6936
f 6940 6929 6926
f 6940 6926 6937
f 6941 6927 6938
f 6942 6928 6925
f 6942 6925 6939
f 6943 6929 6940
f 6944 6930 6119
f 6944 6119 6120
f 6944 6120 6121
f 6945 6927 6941
f 6945 6931 6927
f 6945 6936 6931
f 6946 6928 6942
f 6946 6932 6928
f 6947 6933 6929
f 6947 6934 6933
f 6947 6948 6934
f 6947 6929 6943
f 6949 6930 6944
f 6949 6935 6930
f 6950 6936 6945
f 6950 6939 6936
f 6951 6937 6932
f 6951 6932 6946
f 6952 6938 6935
f 6952 6935 6949
f 6953 6942 6939
f 6953 6939 6950
f 6954 6940 6937
f 6954 6937 6951
f 6955 6941 6938
f 6955 6938 6952
f 6956 6942 6953
f 6957 6943 6940
f 6957 6940 6954
f 6958 6949 6944
f 6958 6944 6121
f 6958 6121 2895
f 6958 2895 2897
f 6959 6941 6955
f 6959 6945 6941
f 6960 6942 6956
f 6960 6951 6946
f 6960 6946 6942
f 6961 6962 6948
f 6961 6948 6947
f 6961 6947 6943
f 6961 6943 6957
f 6963 6958 2897
f 6963 6952 6949
f 6963 2897 2899
f 6963 2899 2901
f 6963 6949 6958
f 6964 6945 6959
f 6964 6950 6945
f 6965 6951 6960
f 6966 6952 6963
f 6966 6963 2901
f 6966 6955 6952
f 6967 6950 6964
f 6967 6953 6950
f 6968 6954 6951
f 6968 6957 6954
f 6968 6951 6965
f 6969 6966 2901
f 6969 6955 6966
f 6969 2901 2903
f 6970 6953 6967
f 6970 6956 6953
f 6971 6957 6968
f 6972 6969 2903
f 6972 6959 6955
f 6972 6955 6969
f 6972 2903 2907
f 6972 2907 2910
f 6972 6964 6959
f 6973 6956 6970
f 6973 6960 6956
f 6974 6962 6961
f 6974 6961 6957
f 6974 6957 6971
f 6974 6975 6962
f 6976 6967 6964
f 6976 6964 6972
f 6976 6972 2910
f 6977 6965 6960
f 6977 6960 6973
f 6978 6967 6976
f 6978 6976 2910
f 6978 2910 2913
f 6979 6968 6965
f 6979 6965 6977
f 6980 6973 6970
f 6980 6967 6978
f 6980 6970 6967
f 6980 6978 2913
f 6980 2913 2916
f 6981 6971 6968
f 6981 6968 6979
f 6982 6973 6980
f 6982 6980 2916
f 6982 2916 2921
f 6983 6984 6975
f 6983 6974 6971
f 6983 6975 6974
f 6983 6971 6981
f 6985 6977 6973
f 6985 6979 6977
f 6985 6973 6982
f 6985 6982 2921
f 6985 2921 2925
f 6985 2925 2929
f 6986 6979 6985
f 6986 6981 6979
f 6986 6985 2929
f 6987 6981 6986
f 6987 2929 2933
f 6987 6986 2929
f 6988 6981 6987
f 6988 6989 6984
f 6988 2813 6989
f 6988 6983 6981
f 6988 6984 6983
f 6988 2933 2939
f 6988 2939 2813
f 6988 6987 2933
f 6990 6991 6992
f 6990 6993 6991
f 6990 6994 6993
f 6995 6808 6809
f 6995 6809 6836
f 6995 6996 6997
f 6995 6997 6998
f 6995 6999 6996
f 6995 6836 6999
f 7000 7001 7002
f 7000 7003 7001
f 7004 7005 7006
f 7004 7006 7007
f 7008 7009 7010
f 7011 7012 7013
f 7011 6992 7012
f 7011 6990 6992
f 7014 6808 6995
f 7014 6995 6998
f 7014 6780 6781
f 7014 6781 6808
f 7015 7000 7002
f 7015 7016 7005
f 7015 7002 7016
f 7017 7018 7009
f 7017 7007 7018
f 7017 7004 7007
f 7019 7008 7010
f 7019 7010 6994
f 7019 6994 6990
f 7020 7011 7013
f 7020 7021 7022
f 7020 7013 7021
f 7023 6752 6753
f 7023 6753 6780
f 7023 7014 6998
f 7023 6780 7014
f 7023 6998 7003
f 7024 7015 7005
f 7024 7005 7004
f 7025 7017 7009
f 7026 7019 6990
f 7027 7028 7029
f 7027 7022 7028
f 7027 7020 7022
f 7030 6711 6738
f 7030 6738 6752
f 7030 7003 7000
f 7030 7023 7003
f 7030 6752 7023
f 7031 7024 7004
f 7032 7009 7008
f 7032 7025 7009
f 7033 7026 6990
f 7033 6990 7011
f 7034 7035 7036
f 7034 7029 7035
f 7034 7027 7029
f 7037 6696 6710
f 7037 6710 6711
f 7037 6711 7030
f 7037 7015 7024
f 7037 7030 7000
f 7037 7000 7015
f 7038 7031 7004
f 7038 7004 7017
f 7038 7017 7025
f 7039 7008 7019
f 7039 7032 7008
f 7039 7019 7026
f 7040 7011 7020
f 7040 7020 7027
f 7040 7033 7011
f 7041 7034 7036
f 7041 7042 7043
f 7041 7036 7042
f 7044 6668 6682
f 7044 6682 6696
f 7044 6696 7037
f 7044 7037 7024
f 7045 7025 7032
f 7045 7038 7025
f 7046 7039 7026
f 7047 7040 7027
f 7048 7049 7050
f 7048 7043 7049
f 7048 7041 7043
f 7051 6640 6654
f 7051 6654 6668
f 7051 7024 7031
f 7051 7044 7024
f 7051 7031 7038
f 7051 6668 7044
f 7052 7045 7032
f 7053 7026 7033
f 7053 7046 7026
f 7054 7047 7027
f 7054 7027 7034
f 7055 7056 7057
f 7055 7050 7056
f 7055 7048 7050
f 7058 6626 6640
f 7058 6640 7051
f 7058 7051 7038
f 7058 6612 6626
f 7059 7032 7039
f 7059 7052 7032
f 7060 7053 7033
f 7060 7033 7040
f 7060 7040 7047
f 7061 7054 7034
f 7061 7034 7041
f 7061 7041 7048
f 7062 7063 7064
f 7062 7057 7063
f 7062 7055 7057
f 7065 7045 7052
f 7065 7058 7038
f 7065 6612 7058
f 7065 7038 7045
f 7065 6584 6598
f 7065 6598 6612
f 7066 7046 7053
f 7066 7059 7039
f 7066 7039 7046
f 7067 7060 7047
f 7068 7061 7048
f 7069 7070 7071
f 7069 7064 7070
f 7069 7062 7064
f 7072 7065 7052
f 7072 6584 7065
f 7072 6570 6584
f 7073 7053 7060
f 7073 7066 7053
f 7074 7067 7047
f 7074 7047 7054
f 7075 7048 7055
f 7075 7068 7048
f 7076 7077 7078
f 7076 7071 7077
f 7076 7069 7071
f 7079 7072 7052
f 7079 6570 7072
f 7079 7052 7059
f 7079 6542 6556
f 7079 6556 6570
f 7080 7073 7060
f 7081 7054 7061
f 7081 7074 7054
f 7082 7075 7055
f 7082 7055 7062
f 7083 7084 7085
f 7083 7078 7084
f 7083 7076 7078
f 7086 7059 7066
f 7086 7066 7073
f 7086 7079 7059
f 7086 6542 7079
f 7086 6514 6528
f 7086 6528 6542
f 7087 7060 7067
f 7087 7080 7060
f 7088 7068 7075
f 7088 7081 7061
f 7088 7061 7068
f 7089 7082 7062
f 7089 7062 7069
f 7089 7069 7076
f 7090 7091 7092
f 7090 7085 7091
f 7090 7083 7085
f 7093 7086 7073
f 7093 6473 6500
f 7093 6500 6514
f 7093 6514 7086
f 7094 7087 7067
f 7094 7067 7074
f 7095 7088 7075
f 7096 7089 7076
f 7097 7098 2671
f 7097 7099 7098
f 7097 7092 7099
f 7097 7090 7092
f 7100 6473 7093
f 7100 7080 7087
f 7100 7073 7080
f 7100 7093 7073
f 7100 6458 6472
f 7100 6472 6473
f 7101 7094 7074
f 7101 7074 7081
f 7101 7081 7088
f 7102 7095 7075
f 7102 7075 7082
f 7103 7096 7076
f 7103 7076 7083
f 7104 6458 7100
f 7104 7087 7094
f 7104 7100 7087
f 7104 6417 6444
f 7104 6444 6458
f 7105 7101 7088
f 7106 7102 7082
f 7106 7082 7089
f 7107 7083 7090
f 7107 7103 7083
f 7108 6417 7104
f 7108 6402 6416
f 7108 6416 6417
f 7108 7104 7094
f 7109 7088 7095
f 7109 7095 7102
f 7109 7105 7088
f 7110 7089 7096
f 7110 7106 7089
f 7111 7097 2671
f 7111 7090 7097
f 7111 7107 7090
f 7112 7108 7094
f 7112 6402 7108
f 7112 7094 7101
f 7112 6374 6388
f 7112 6388 6402
f 7112 7101 7105
f 7113 7109 7102
f 7113 7102 7106
f 7114 7096 7103
f 7114 7103 7107
f 7114 7110 7096
f 7115 7112 7105
f 7115 6374 7112
f 7115 6346 6360
f 7115 6360 6374
f 7116 7113 7106
f 7117 7114 7107
f 7117 7107 7111
f 7118 7115 7105
f 7118 6346 7115
f 7118 7105 7109
f 7118 6305 6332
f 7118 6332 6346
f 7119 7106 7110
f 7119 7116 7106
f 7120 7111 2671
f 7120 2671 2845
f 7120 7117 7111
f 7121 7109 7113
f 7121 7118 7109
f 7121 6290 6291
f 7121 6305 7118
f 7121 6291 6305
f 7122 7110 7114
f 7122 7114 7117
f 7122 7119 7110
f 7123 7116 7119
f 7123 6262 6276
f 7123 6276 6290
f 7123 7121 7113
f 7123 7113 7116
f 7123 6290 7121
f 7124 7122 7117
f 7125 6262 7123
f 7125 6221 6248
f 7125 6248 6262
f 7125 7123 7119
f 7126 7120 2845
f 7126 7117 7120
f 7126 7124 7117
f 7127 6221 7125
f 7127 6206 6220
f 7127 6220 6221
f 7127 7119 7122
f 7127 7125 7119
f 7128 7127 7122
f 7128 6206 7127
f 7128 6178 6192
f 7128 6192 6206
f 7128 7122 7124
f 7129 7124 7126
f 7129 6178 7128
f 7129 2845 6150
f 7129 6150 6164
f 7129 6164 6178
f 7129 7126 2845
f 7129 7128 7124
f 7130 7131 7132
f 7130 7133 7131
f 7130 2383 7133
f 7134 7135 7136
f 7134 7132 7135
f 7134 7130 7132
f 7137 7134 7136
f 7137 7138 7139
f 7137 7136 7138
f 7140 2383 7130
f 7141 7142 7143
f 7141 7139 7142
f 7141 7137 7139
f 7144 7140 7130
f 7144 7130 7134
f 7145 7141 7143
f 7145 7146 7147
f 7145 7143 7146
f 7148 7137 7141
f 7148 7144 7134
f 7148 7134 7137
f 7149 7150 7151
f 7149 7147 7150
f 7149 7145 7147
f 7152 2813 2383
f 7152 2383 7140
f 7153 7148 7141
f 7154 7155 7156
f 7154 7151 7155
f 7154 7149 7151
f 7157 7140 7144
f 7157 7152 7140
f 7158 7141 7145
f 7158 7153 7141
f 7159 7154 7156
f 7159 7160 7161
f 7159 7156 7160
f 7162 7144 7148
f 7162 7157 7144
f 7163 7158 7145
f 7163 7145 7149
f 7164 7165 7166
f 7164 7161 7165
f 7164 7159 7161
f 7167 2813 7152
f 7167 7152 7157
f 7168 7148 7153
f 7168 7162 7148
f 7169 7163 7149
f 7169 7154 7159
f 7169 7149 7154
f 7170 7164 7166
f 7170 7171 7172
f 7170 7166 7171
f 7173 7167 7157
f 7174 7153 7158
f 7174 7168 7153
f 7175 7169 7159
f 7175 7159 7164
f 7176 7177 7178
f 7176 7172 7177
f 7176 7170 7172
f 7179 7173 7157
f 7179 7157 7162
f 7180 7158 7163
f 7180 7174 7158
f 7180 7163 7169
f 7181 7175 7164
f 7182 7183 7184
f 7182 7178 7183
f 7182 7176 7178
f 7185 6975 6984
f 7185 6984 6989
f 7185 6989 2813
f 7185 2813 7167
f 7186 7179 7162
f 7186 7162 7168
f 7187 7180 7169
f 7188 7181 7164
f 7188 7164 7170
f 7189 7190 7191
f 7189 7184 7190
f 7189 7182 7184
f 7192 6948 6962
f 7192 6962 6975
f 7192 7185 7167
f 7192 6975 7185
f 7192 7167 7173
f 7193 7168 7174
f 7193 7186 7168
f 7194 7187 7169
f 7194 7169 7175
f 7195 7176 7182
f 7195 7170 7176
f 7195 7188 7170
f 7196 7197 7198
f 7196 7191 7197
f 7196 7189 7191
f 7199 7192 7173
f 7199 6920 6934
f 7199 6934 6948
f 7199 6948 7192
f 7199 7173 7179
f 7199 7179 7186
f 6996 7193 7174
f 6996 7174 7180
f 6996 7180 7187
f 7001 7175 7181
f 7001 7181 7188
f 7001 7194 7175
f 7006 7195 7182
f 7200 7201 7202
f 7200 7198 7201
f 7200 7196 7198
f 7203 6879 6906
f 7203 6906 6920
f 7203 7199 7186
f 7203 6920 7199
f 6997 6996 7187
f 7002 7001 7188
f 7007 7006 7182
f 7007 7182 7189
f 7010 7202 7204
f 7010 7200 7202
f 7205 6864 6878
f 7205 6878 6879
f 7205 7186 7193
f 7205 7203 7186
f 7205 6879 7203
f 6998 7187 7194
f 6998 6997 7187
f 6998 7194 7001
f 7016 7188 7195
f 7016 7002 7188
f 7016 7195 7006
f 7018 7189 7196
f 7018 7007 7189
f 6994 7206 6993
f 6994 7204 7206
f 6994 7010 7204
f 6999 6836 6837
f 6999 6837 6864
f 6999 7193 6996
f 6999 7205 7193
f 6999 6864 7205
f 7003 6998 7001
f 7005 7016 7006
f 7009 7200 7010
f 7009 7018 7196
f 7009 7196 7200
f 4923 2670 2671
f 4923 2671 7098
f 4923 7098 7099
f 4921 4923 7099
f 4919 7099 7092
f 4919 4921 7099
f 4917 7092 7091
f 4917 4919 7092
f 4915 7091 7085
f 4915 7085 7084
f 4915 4917 7091
f 4913 4915 7084
f 4911 7084 7078
f 4911 4913 7084
f 4909 7078 7077
f 4909 4911 7078
f 4907 7077 7071
f 4907 4909 7077
f 4905 7071 7070
f 4905 4907 7071
f 4903 7070 7064
f 4903 4905 7070
f 4901 7064 7063
f 4901 4903 7064
f 4899 7063 7057
f 4899 7057 7056
f 4899 4901 7063
f 4897 4899 7056
f 4895 7056 7050
f 4895 4897 7056
f 4894 7050 7049
f 4894 4895 7050
f 4896 7049 7043
f 4896 4894 7049
f 4898 7043 7042
f 4898 4896 7043
f 4900 4898 7042
f 4900 7042 7036
f 4902 4900 7036
f 4902 7036 7035
f 4902 7035 7029
f 4904 4902 7029
f 4906 4904 7029
f 4906 7029 7028
f 4908 7028 7022
f 4908 4906 7028
f 4908 7022 7021
f 4910 7021 7013
f 4910 4908 7021
f 4912 4910 7013
f 4914 7013 7012
f 4914 4912 7013
f 4916 7012 6992
f 4916 6992 6991
f 4916 4914 7012
f 4918 4916 6991
f 4920 6991 6993
f 4920 4918 6991
f 4922 6993 7206
f 4922 4920 6993
f 4924 7206 7204
f 4924 4922 7206
f 4925 7204 7202
f 4925 4924 7204
f 4927 7202 7201
f 4927 4925 7202
f 4929 7201 7198
f 4929 4927 7201
f 4931 7198 7197
f 4931 4929 7198
f 4933 7197 7191
f 4933 7191 7190
f 4933 4931 7197
f 4935 7190 7184
f 4935 4933 7190
f 4937 4935 7184
f 4939 7184 7183
f 4939 4937 7184
f 4941 7183 7178
f 4941 7178 7177
f 4941 4939 7183
f 4943 7177 7172
f 4943 4941 7177
f 4945 4943 7172
f 4947 4945 7172
f 4947 7172 7171
f 4947 7171 7166
f 4949 4947 7166
f 4949 7166 7165
f 4951 4949 7165
f 4953 4951 7165
f 4953 7165 7161
f 4953 7161 7160
f 4955 4953 7160
f 4957 4955 7160
f 4957 7160 7156
f 4959 4957 7156
f 4959 7156 7155
f 4961 4959 7155
f 4961 7155 7151
f 4963 4961 7151
f 4963 7151 7150
f 4965 4963 7150
f 4965 7150 7147
f 4967 4965 7147
f 4967 7147 7146
f 4970 4967 7146
f 4970 7146 7143
f 4972 4970 7143
f 4972 7143 7142
f 4974 4972 7142
f 4974 7142 7139
f 4975 7139 7138
f 4975 4974 7139
f 4977 7138 7136
f 4977 4975 7138
f 4979 7136 7135
f 4979 4977 7136
f 4981 7135 7132
f 4981 4979 7135
f 4983 7132 7131
f 4983 4981 7132
f 4985 7131 7133
f 4985 4983 7131
f 2382 7133 2383
f 2382 4985 7133
f 1339 7207 1340
f 1341 7208 1275
f 7209 7210 7207
f 7207 7210 1340
f 7210 7211 1340
f 1756 7211 1780
f 1340 7211 1756
f 7211 7212 1780
f 1780 7212 1779
f 7213 7214 7209
f 7210 7214 7211
f 7209 7214 7210
f 7212 7215 1779
f 1803 7215 1826
f 1779 7215 1803
f 7211 7216 7212
f 7214 7216 7211
f 7217 7218 7213
f 7219 7218 7217
f 7213 7218 7214
f 7215 7220 1826
f 1826 7220 1850
f 7212 7221 7215
f 7216 7221 7212
f 7218 7222 7214
f 7214 7222 7216
f 7220 7223 1850
f 1848 7223 1872
f 1850 7223 1848
f 7221 7224 7215
f 7215 7224 7220
f 7216 7225 7221
f 7222 7225 7216
f 7219 7226 7218
f 7227 7226 7219
f 7218 7226 7222
f 7223 7228 1872
f 1872 7228 1897
f 7224 7229 7220
f 7220 7229 7223
f 7221 7230 7224
f 7225 7230 7221
f 7226 7231 7222
f 7222 7231 7225
f 7232 7233 7227
f 7234 7233 7232
f 7227 7233 7226
f 7228 7235 1897
f 1897 7235 1895
f 7229 7236 7223
f 7223 7236 7228
f 7224 7237 7229
f 7230 7237 7224
f 7225 7238 7230
f 7231 7238 7225
f 7233 7239 7226
f 7226 7239 7231
f 7235 7240 1895
f 1920 7240 1944
f 1895 7240 1920
f 7228 7241 7235
f 7236 7241 7228
f 7237 7242 7229
f 7229 7242 7236
f 7230 7243 7237
f 7238 7243 7230
f 7239 7244 7231
f 7231 7244 7238
f 1944 7245 1942
f 7240 7245 1944
f 7246 7247 7234
f 7234 7247 7233
f 7233 7247 7239
f 7241 7248 7235
f 7235 7248 7240
f 7236 7249 7241
f 7242 7249 7236
f 7237 7250 7242
f 7243 7250 7237
f 7244 7251 7238
f 7238 7251 7243
f 1966 7252 1986
f 1942 7252 1966
f 7245 7252 1942
f 7247 7253 7239
f 7239 7253 7244
f 7240 7254 7245
f 7248 7254 7240
f 7255 7256 7246
f 7246 7256 7247
f 7249 7257 7241
f 7241 7257 7248
f 7250 7258 7242
f 7242 7258 7249
f 7243 7259 7250
f 7251 7259 7243
f 7252 7260 1986
f 1986 7260 2009
f 7244 7261 7251
f 7253 7261 7244
f 7245 7262 7252
f 7254 7262 7245
f 7247 7263 7253
f 7256 7263 7247
f 7248 7264 7254
f 7257 7264 7248
f 7258 7265 7249
f 7249 7265 7257
f 7250 7266 7258
f 7259 7266 7250
f 7260 7267 2009
f 2009 7267 2008
f 7251 7268 7259
f 7261 7268 7251
f 7262 7269 7252
f 7252 7269 7260
f 7253 7270 7261
f 7263 7270 7253
f 7264 7271 7254
f 7254 7271 7262
f 7255 7272 7256
f 7273 7272 7255
f 7274 7272 7273
f 7256 7272 7263
f 7257 7275 7264
f 7265 7275 7257
f 7258 7276 7265
f 7266 7276 7258
f 2028 7277 2050
f 2008 7277 2028
f 7267 7277 2008
f 7259 7278 7266
f 7268 7278 7259
f 7269 7279 7260
f 7260 7279 7267
f 7270 7280 7261
f 7261 7280 7268
f 7262 7281 7269
f 7271 7281 7262
f 7263 7282 7270
f 7272 7282 7263
f 7275 7283 7264
f 7264 7283 7271
f 7274 7284 7272
f 7285 7284 7274
f 7276 7286 7265
f 7265 7286 7275
f 7277 7287 2050
f 2050 7287 2048
f 7278 7288 7266
f 7266 7288 7276
f 7279 7289 7267
f 7267 7289 7277
f 7268 7290 7278
f 7280 7290 7268
f 7281 7291 7269
f 7269 7291 7279
f 7270 7292 7280
f 7282 7292 7270
f 7283 7293 7271
f 7271 7293 7281
f 7284 7294 7272
f 7272 7294 7282
f 7286 7295 7275
f 7275 7295 7283
f 7287 7296 2048
f 2068 7296 2087
f 2048 7296 2068
f 7288 7297 7276
f 7276 7297 7286
f 7289 7298 7277
f 7277 7298 7287
f 7290 7299 7278
f 7278 7299 7288
f 7279 7300 7289
f 7291 7300 7279
f 7292 7301 7280
f 7280 7301 7290
f 7281 7302 7291
f 7293 7302 7281
f 7282 7303 7292
f 7294 7303 7282
f 7295 7304 7283
f 7283 7304 7293
f 7284 7305 7294
f 7285 7305 7284
f 7306 7305 7285
f 7307 7305 7306
f 2087 7308 2107
f 7296 7308 2087
f 7297 7309 7286
f 7286 7309 7295
f 7287 7310 7296
f 7298 7310 7287
f 7288 7311 7297
f 7299 7311 7288
f 7289 7312 7298
f 7300 7312 7289
f 7290 7313 7299
f 7301 7313 7290
f 7302 7314 7291
f 7291 7314 7300
f 7292 7315 7301
f 7303 7315 7292
f 7304 7316 7293
f 7293 7316 7302
f 7294 7317 7303
f 7305 7317 7294
f 7308 7318 2107
f 2105 7318 2123
f 2107 7318 2105
f 7309 7319 7295
f 7295 7319 7304
f 7307 7320 7305
f 7321 7320 7307
f 7296 7322 7308
f 7310 7322 7296
f 7311 7323 7297
f 7297 7323 7309
f 7312 7324 7298
f 7298 7324 7310
f 7299 7325 7311
f 7313 7325 7299
f 7300 7326 7312
f 7314 7326 7300
f 7315 7327 7301
f 7301 7327 7313
f 7316 7328 7302
f 7302 7328 7314
f 7303 7329 7315
f 7317 7329 7303
f 7318 7330 2123
f 2123 7330 2142
f 7319 7331 7304
f 7304 7331 7316
f 7320 7332 7305
f 7305 7332 7317
f 7322 7333 7308
f 7308 7333 7318
f 7323 7334 7309
f 7309 7334 7319
f 7324 7335 7310
f 7310 7335 7322
f 7311 7336 7323
f 7325 7336 7311
f 7326 7337 7312
f 7312 7337 7324
f 7327 7338 7313
f 7313 7338 7325
f 7314 7339 7326
f 7328 7339 7314
f 7315 7340 7327
f 7329 7340 7315
f 7330 7341 2142
f 2142 7341 2140
f 7331 7342 7316
f 7316 7342 7328
f 7317 7343 7329
f 7332 7343 7317
f 7318 7344 7330
f 7333 7344 7318
f 7319 7345 7331
f 7334 7345 7319
f 7320 7346 7332
f 7321 7346 7320
f 7347 7346 7321
f 7335 7348 7322
f 7322 7348 7333
f 7323 7349 7334
f 7336 7349 7323
f 7324 7350 7335
f 7337 7350 7324
f 7338 7351 7325
f 7325 7351 7336
f 7339 7352 7326
f 7326 7352 7337
f 7340 7353 7327
f 7327 7353 7338
f 7341 7354 2140
f 2157 7354 2174
f 2140 7354 2157
f 7342 7355 7328
f 7328 7355 7339
f 7343 7356 7329
f 7329 7356 7340
f 7330 7357 7341
f 7344 7357 7330
f 7331 7358 7342
f 7345 7358 7331
f 7332 7359 7343
f 7346 7359 7332
f 7333 7360 7344
f 7348 7360 7333
f 7334 7361 7345
f 7349 7361 7334
f 7347 7362 7346
f 7363 7362 7347
f 7364 7362 7363
f 7350 7365 7335
f 7335 7365 7348
f 7336 7366 7349
f 7351 7366 7336
f 7337 7367 7350
f 7352 7367 7337
f 7353 7368 7338
f 7338 7368 7351
f 2174 7369 2173
f 7354 7369 2174
f 7339 7370 7352
f 7355 7370 7339
f 7340 7371 7353
f 7356 7371 7340
f 7341 7372 7354
f 7357 7372 7341
f 7342 7373 7355
f 7358 7373 7342
f 7343 7374 7356
f 7359 7374 7343
f 7344 7375 7357
f 7360 7375 7344
f 7345 7376 7358
f 7361 7376 7345
f 7362 7377 7346
f 7346 7377 7359
f 7348 7378 7360
f 7365 7378 7348
f 7349 7379 7361
f 7366 7379 7349
f 7350 7380 7365
f 7367 7380 7350
f 7351 7381 7366
f 7368 7381 7351
f 2173 7382 2189
f 7369 7382 2173
f 2189 7382 2203
f 7352 7383 7367
f 7370 7383 7352
f 7353 7384 7368
f 7371 7384 7353
f 7354 7385 7369
f 7372 7385 7354
f 7373 7386 7355
f 7355 7386 7370
f 7374 7387 7356
f 7356 7387 7371
f 7375 7388 7357
f 7357 7388 7372
f 7358 7389 7373
f 7376 7389 7358
f 7359 7390 7374
f 7377 7390 7359
f 7378 7391 7360
f 7360 7391 7375
f 7361 7392 7376
f 7379 7392 7361
f 7362 7393 7377
f 7394 7393 7364
f 7364 7393 7362
f 7365 7395 7378
f 7380 7395 7365
f 7366 7396 7379
f 7381 7396 7366
f 7382 7397 2203
f 2203 7397 2218
f 7367 7398 7380
f 7383 7398 7367
f 7368 7399 7381
f 7384 7399 7368
f 7385 7400 7369
f 7369 7400 7382
f 7370 7401 7383
f 7386 7401 7370
f 7371 7402 7384
f 7387 7402 7371
f 7372 7403 7385
f 7388 7403 7372
f 7389 7404 7373
f 7373 7404 7386
f 7390 7405 7374
f 7374 7405 7387
f 7375 7406 7388
f 7391 7406 7375
f 7376 7407 7389
f 7392 7407 7376
f 7377 7408 7390
f 7393 7408 7377
f 7378 7409 7391
f 7395 7409 7378
f 7396 7410 7379
f 7379 7410 7392
f 2219 7411 2232
f 7397 7411 2218
f 2218 7411 2219
f 7394 7412 7393
f 7413 7412 7394
f 7414 7412 7413
f 7398 7415 7380
f 7380 7415 7395
f 7381 7416 7396
f 7399 7416 7381
f 7382 7417 7397
f 7400 7417 7382
f 7401 7418 7383
f 7383 7418 7398
f 7402 7419 7384
f 7384 7419 7399
f 7385 7420 7400
f 7403 7420 7385
f 7404 7421 7386
f 7386 7421 7401
f 7387 7422 7402
f 7405 7422 7387
f 7388 7423 7403
f 7406 7423 7388
f 7389 7424 7404
f 7407 7424 7389
f 7390 7425 7405
f 7408 7425 7390
f 7391 7426 7406
f 7409 7426 7391
f 7392 7427 7407
f 7410 7427 7392
f 2232 7428 2245
f 7411 7428 2232
f 7412 7429 7393
f 7393 7429 7408
f 7415 7430 7395
f 7395 7430 7409
f 7396 7431 7410
f 7416 7431 7396
f 7397 7432 7411
f 7417 7432 7397
f 7398 7433 7415
f 7418 7433 7398
f 7419 7434 7399
f 7399 7434 7416
f 7400 7435 7417
f 7420 7435 7400
f 7401 7436 7418
f 7421 7436 7401
f 7402 7437 7419
f 7422 7437 7402
f 7403 7438 7420
f 7423 7438 7403
f 7424 7439 7404
f 7404 7439 7421
f 7425 7440 7405
f 7405 7440 7422
f 7406 7441 7423
f 7426 7441 7406
f 7427 7442 7407
f 7407 7442 7424
f 2245 7443 2246
f 7428 7443 2245
f 7429 7444 7408
f 7408 7444 7425
f 7409 7445 7426
f 7430 7445 7409
f 7431 7446 7410
f 7410 7446 7427
f 7411 7447 7428
f 7432 7447 7411
f 7414 7448 7412
f 7412 7448 7429
f 7449 7448 7414
f 7433 7450 7415
f 7415 7450 7430
f 7434 7451 7416
f 7416 7451 7431
f 7435 7452 7417
f 7417 7452 7432
f 7436 7453 7418
f 7418 7453 7433
f 7437 7454 7419
f 7419 7454 7434
f 7420 7455 7435
f 7438 7455 7420
f 7421 7456 7436
f 7439 7456 7421
f 7440 7457 7422
f 7422 7457 7437
f 7423 7458 7438
f 7441 7458 7423
f 7442 7459 7424
f 7424 7459 7439
f 2246 7460 2258
f 2258 7460 2269
f 7443 7460 2246
f 7444 7461 7425
f 7425 7461 7440
f 7445 7462 7426
f 7426 7462 7441
f 7446 7463 7427
f 7427 7463 7442
f 7447 7464 7428
f 7428 7464 7443
f 7448 7465 7429
f 7429 7465 7444
f 7450 7466 7430
f 7430 7466 7445
f 7431 7467 7446
f 7451 7467 7431
f 7452 7468 7432
f 7432 7468 7447
f 7449 7469 7448
f 7470 7469 7449
f 7433 7471 7450
f 7453 7471 7433
f 7454 7472 7434
f 7434 7472 7451
f 7435 7473 7452
f 7455 7473 7435
f 7436 7474 7453
f 7456 7474 7436
f 7437 7475 7454
f 7457 7475 7437
f 7458 7476 7438
f 7438 7476 7455
f 7439 7477 7456
f 7459 7477 7439
f 2269 7478 2270
f 7460 7478 2269
f 7461 7479 7440
f 7440 7479 7457
f 7441 7480 7458
f 7462 7480 7441
f 7442 7481 7459
f 7463 7481 7442
f 7464 7482 7443
f 7443 7482 7460
f 7465 7483 7444
f 7444 7483 7461
f 7445 7484 7462
f 7466 7484 7445
f 7446 7485 7463
f 7467 7485 7446
f 7468 7486 7447
f 7447 7486 7464
f 7469 7487 7448
f 7448 7487 7465
f 7450 7488 7466
f 7471 7488 7450
f 7451 7489 7467
f 7472 7489 7451
f 7473 7490 7452
f 7452 7490 7468
f 7453 7491 7471
f 7474 7491 7453
f 7475 7492 7454
f 7454 7492 7472
f 7455 7493 7473
f 7476 7493 7455
f 7477 7494 7456
f 7456 7494 7474
f 2270 7495 2281
f 2281 7495 2292
f 7478 7495 2270
f 7479 7496 7457
f 7457 7496 7475
f 7480 7497 7458
f 7458 7497 7476
f 7481 7498 7459
f 7459 7498 7477
f 7460 7499 7478
f 7482 7499 7460
f 7483 7500 7461
f 7461 7500 7479
f 7462 7501 7480
f 7484 7501 7462
f 7485 7502 7463
f 7463 7502 7481
f 7464 7503 7482
f 7486 7503 7464
f 7487 7504 7465
f 7465 7504 7483
f 7466 7505 7484
f 7488 7505 7466
f 7467 7506 7485
f 7489 7506 7467
f 7490 7507 7468
f 7468 7507 7486
f 7508 7509 7470
f 7510 7509 7508
f 7470 7509 7469
f 7469 7509 7487
f 7471 7511 7488
f 7491 7511 7471
f 7492 7512 7472
f 7472 7512 7489
f 7473 7513 7490
f 7493 7513 7473
f 7474 7514 7491
f 7494 7514 7474
f 2292 7515 2302
f 7495 7515 2292
f 7496 7516 7475
f 7475 7516 7492
f 7476 7517 7493
f 7497 7517 7476
f 7498 7518 7477
f 7477 7518 7494
f 7478 7519 7495
f 7499 7519 7478
f 7500 7520 7479
f 7479 7520 7496
f 7480 7521 7497
f 7501 7521 7480
f 7502 7522 7481
f 7481 7522 7498
f 7482 7523 7499
f 7503 7523 7482
f 7504 7524 7483
f 7483 7524 7500
f 7505 7525 7484
f 7484 7525 7501
f 7485 7526 7502
f 7506 7526 7485
f 7486 7527 7503
f 7507 7527 7486
f 7487 7528 7504
f 7509 7528 7487
f 7511 7529 7488
f 7488 7529 7505
f 7489 7530 7506
f 7512 7530 7489
f 7490 7531 7507
f 7513 7531 7490
f 7532 7533 7510
f 7510 7533 7509
f 7491 7534 7511
f 7514 7534 7491
f 2302 7535 2303
f 2303 7535 2312
f 7515 7535 2302
f 7492 7536 7512
f 7516 7536 7492
f 7493 7537 7513
f 7517 7537 7493
f 7494 7538 7514
f 7518 7538 7494
f 7495 7539 7515
f 7519 7539 7495
f 7520 7540 7496
f 7496 7540 7516
f 7521 7541 7497
f 7497 7541 7517
f 7498 7542 7518
f 7522 7542 7498
f 7499 7543 7519
f 7523 7543 7499
f 7524 7544 7500
f 7500 7544 7520
f 7501 7545 7521
f 7525 7545 7501
f 7502 7546 7522
f 7526 7546 7502
f 7527 7547 7503
f 7503 7547 7523
f 7504 7548 7524
f 7528 7548 7504
f 7505 7549 7525
f 7529 7549 7505
f 7506 7550 7526
f 7530 7550 7506
f 7507 7551 7527
f 7531 7551 7507
f 7509 7552 7528
f 7533 7552 7509
f 7511 7553 7529
f 7534 7553 7511
f 7535 7554 2312
f 2312 7554 2321
f 7536 7555 7512
f 7512 7555 7530
f 7513 7556 7531
f 7537 7556 7513
f 7514 7557 7534
f 7538 7557 7514
f 7539 7558 7515
f 7515 7558 7535
f 7540 7559 7516
f 7516 7559 7536
f 7541 7560 7517
f 7517 7560 7537
f 7518 7561 7538
f 7542 7561 7518
f 7519 7562 7539
f 7543 7562 7519
f 7544 7563 7520
f 7520 7563 7540
f 7521 7564 7541
f 7545 7564 7521
f 7546 7565 7522
f 7522 7565 7542
f 7523 7566 7543
f 7547 7566 7523
f 7548 7567 7524
f 7524 7567 7544
f 7525 7568 7545
f 7549 7568 7525
f 7526 7569 7546
f 7550 7569 7526
f 7551 7570 7527
f 7527 7570 7547
f 7552 7571 7528
f 7528 7571 7548
f 7553 7572 7529
f 7529 7572 7549
f 2321 7573 2322
f 7554 7573 2321
f 7555 7574 7530
f 7530 7574 7550
f 7556 7575 7531
f 7531 7575 7551
f 7533 7576 7552
f 7532 7576 7533
f 7577 7576 7532
f 7557 7578 7534
f 7534 7578 7553
f 7558 7579 7535
f 7535 7579 7554
f 7559 7580 7536
f 7536 7580 7555
f 7537 7581 7556
f 7560 7581 7537
f 7538 7582 7557
f 7561 7582 7538
f 7539 7583 7558
f 7562 7583 7539
f 7563 7584 7540
f 7540 7584 7559
f 7564 7585 7541
f 7541 7585 7560
f 7542 7586 7561
f 7565 7586 7542
f 7566 7587 7543
f 7543 7587 7562
f 7544 7588 7563
f 7567 7588 7544
f 7545 7589 7564
f 7568 7589 7545
f 7546 7590 7565
f 7569 7590 7546
f 7547 7591 7566
f 7570 7591 7547
f 7571 7592 7548
f 7548 7592 7567
f 7572 7593 7549
f 7549 7593 7568
f 2322 7594 2330
f 2330 7594 2337
f 7573 7594 2322
f 7574 7595 7550
f 7550 7595 7569
f 7575 7596 7551
f 7551 7596 7570
f 7576 7597 7552
f 7552 7597 7571
f 7553 7598 7572
f 7578 7598 7553
f 7554 7599 7573
f 7579 7599 7554
f 7555 7600 7574
f 7580 7600 7555
f 7556 7601 7575
f 7581 7601 7556
f 7577 7602 7576
f 7603 7602 7577
f 7604 7602 7603
f 7582 7605 7557
f 7557 7605 7578
f 7558 7606 7579
f 7583 7606 7558
f 7559 7607 7580
f 7584 7607 7559
f 7560 7608 7581
f 7585 7608 7560
f 7561 7609 7582
f 7586 7609 7561
f 7562 7610 7583
f 7587 7610 7562
f 7588 7611 7563
f 7563 7611 7584
f 7589 7612 7564
f 7564 7612 7585
f 7590 7613 7565
f 7565 7613 7586
f 7591 7614 7566
f 7566 7614 7587
f 7592 7615 7567
f 7567 7615 7588
f 7568 7616 7589
f 7593 7616 7568
f 2337 7617 2344
f 7594 7617 2337
f 7569 7618 7590
f 7595 7618 7569
f 7570 7619 7591
f 7596 7619 7570
f 7597 7620 7571
f 7571 7620 7592
f 7572 7621 7593
f 7598 7621 7572
f 7599 7622 7573
f 7573 7622 7594
f 7574 7623 7595
f 7600 7623 7574
f 7575 7624 7596
f 7601 7624 7575
f 7576 7625 7597
f 7602 7625 7576
f 7578 7626 7598
f 7605 7626 7578
f 7579 7627 7599
f 7606 7627 7579
f 7580 7628 7600
f 7607 7628 7580
f 7608 7629 7581
f 7581 7629 7601
f 7609 7630 7582
f 7582 7630 7605
f 7583 7631 7606
f 7610 7631 7583
f 7611 7632 7584
f 7584 7632 7607
f 7585 7633 7608
f 7612 7633 7585
f 7613 7634 7586
f 7586 7634 7609
f 7587 7635 7610
f 7614 7635 7587
f 7588 7636 7611
f 7615 7636 7588
f 7589 7637 7612
f 7616 7637 7589
f 2344 7638 2345
f 2345 7638 2351
f 7617 7638 2344
f 7590 7639 7613
f 7618 7639 7590
f 7619 7640 7591
f 7591 7640 7614
f 7620 7641 7592
f 7592 7641 7615
f 7593 7642 7616
f 7621 7642 7593
f 7594 7643 7617
f 7622 7643 7594
f 7623 7644 7595
f 7595 7644 7618
f 7624 7645 7596
f 7596 7645 7619
f 7597 7646 7620
f 7625 7646 7597
f 7626 7647 7598
f 7598 7647 7621
f 7627 7648 7599
f 7599 7648 7622
f 7628 7649 7600
f 7600 7649 7623
f 7601 7650 7624
f 7629 7650 7601
f 7602 7651 7625
f 7604 7651 7602
f 7652 7651 7604
f 7653 7651 7652
f 7605 7654 7626
f 7630 7654 7605
f 7606 7655 7627
f 7631 7655 7606
f 7632 7656 7607
f 7607 7656 7628
f 7633 7657 7608
f 7608 7657 7629
f 7609 7658 7630
f 7634 7658 7609
f 7610 7659 7631
f 7635 7659 7610
f 7611 7660 7632
f 7636 7660 7611
f 7612 7661 7633
f 7637 7661 7612
f 2351 7662 2357
f 7638 7662 2351
f 7613 7663 7634
f 7639 7663 7613
f 7614 7664 7635
f 7640 7664 7614
f 7615 7665 7636
f 7641 7665 7615
f 7616 7666 7637
f 7642 7666 7616
f 7617 7667 7638
f 7643 7667 7617
f 7618 7668 7639
f 7644 7668 7618
f 7619 7669 7640
f 7645 7669 7619
f 7646 7670 7620
f 7620 7670 7641
f 7621 7671 7642
f 7647 7671 7621
f 7622 7672 7643
f 7648 7672 7622
f 7649 7673 7623
f 7623 7673 7644
f 7650 7674 7624
f 7624 7674 7645
f 7651 7675 7625
f 7653 7675 7651
f 7625 7675 7646
f 7654 7676 7626
f 7626 7676 7647
f 7627 7677 7648
f 7655 7677 7627
f 7628 7678 7649
f 7656 7678 7628
f 7629 7679 7650
f 7657 7679 7629
f 7630 7680 7654
f 7658 7680 7630
f 7659 7681 7631
f 7631 7681 7655
f 7632 7682 7656
f 7660 7682 7632
f 7661 7683 7633
f 7633 7683 7657
f 2357 7684 2358
f 7662 7684 2357
f 7663 7685 7634
f 7634 7685 7658
f 7635 7686 7659
f 7664 7686 7635
f 7636 7687 7660
f 7665 7687 7636
f 7637 7688 7661
f 7666 7688 7637
f 7667 7689 7638
f 7638 7689 7662
f 7639 7690 7663
f 7668 7690 7639
f 7640 7691 7664
f 7669 7691 7640
f 7670 7692 7641
f 7641 7692 7665
f 7642 7693 7666
f 7671 7693 7642
f 7672 7694 7643
f 7643 7694 7667
f 7644 7695 7668
f 7673 7695 7644
f 7645 7696 7669
f 7674 7696 7645
f 7653 7697 7675
f 7675 7697 7646
f 7646 7697 7670
f 7647 7698 7671
f 7676 7698 7647
f 7677 7699 7648
f 7648 7699 7672
f 7678 7700 7649
f 7649 7700 7673
f 7650 7701 7674
f 7679 7701 7650
f 7654 7702 7676
f 7680 7702 7654
f 7681 7703 7655
f 7655 7703 7677
f 7682 7704 7656
f 7656 7704 7678
f 7657 7705 7679
f 7683 7705 7657
f 2358 7706 2363
f 2363 7706 2368
f 7684 7706 2358
f 7685 7707 7658
f 7658 7707 7680
f 7686 7708 7659
f 7659 7708 7681
f 7660 7709 7682
f 7687 7709 7660
f 7688 7710 7661
f 7661 7710 7683
f 7689 7711 7662
f 7662 7711 7684
f 7690 7712 7663
f 7663 7712 7685
f 7691 7713 7664
f 7664 7713 7686
f 7665 7714 7687
f 7692 7714 7665
f 7666 7715 7688
f 7693 7715 7666
f 7694 7716 7667
f 7667 7716 7689
f 7695 7717 7668
f 7668 7717 7690
f 7696 7718 7669
f 7669 7718 7691
f 7670 7719 7692
f 7697 7719 7670
f 7653 7719 7697
f 7671 7720 7693
f 7698 7720 7671
f 7672 7721 7694
f 7699 7721 7672
f 7700 7722 7673
f 7673 7722 7695
f 7674 7723 7696
f 7701 7723 7674
f 7676 7724 7698
f 7702 7724 7676
f 7677 7725 7699
f 7703 7725 7677
f 7678 7726 7700
f 7704 7726 7678
f 7705 7727 7679
f 7679 7727 7701
f 2368 7728 2369
f 7706 7728 2368
f 7707 7729 7680
f 7680 7729 7702
f 7681 7730 7703
f 7708 7730 7681
f 7682 7731 7704
f 7709 7731 7682
f 7710 7732 7683
f 7683 7732 7705
f 7684 7733 7706
f 7711 7733 7684
f 7685 7734 7707
f 7712 7734 7685
f 7686 7735 7708
f 7713 7735 7686
f 7687 7736 7709
f 7714 7736 7687
f 7688 7737 7710
f 7715 7737 7688
f 7689 7738 7711
f 7716 7738 7689
f 7690 7739 7712
f 7717 7739 7690
f 7691 7740 7713
f 7718 7740 7691
f 7653 7741 7719
f 7692 7741 7714
f 7719 7741 7692
f 7720 7742 7693
f 7693 7742 7715
f 7694 7743 7716
f 7721 7743 7694
f 7695 7744 7717
f 7722 7744 7695
f 7696 7745 7718
f 7723 7745 7696
f 7698 7746 7720
f 7724 7746 7698
f 7725 7747 7699
f 7699 7747 7721
f 7726 7748 7700
f 7700 7748 7722
f 7701 7749 7723
f 7727 7749 7701
f 2369 7750 2373
f 2373 7750 2376
f 7728 7750 2369
f 7729 7751 7702
f 7702 7751 7724
f 7730 7752 7703
f 7703 7752 7725
f 7731 7753 7704
f 7704 7753 7726
f 7732 7754 7705
f 7705 7754 7727
f 7706 7755 7728
f 7733 7755 7706
f 7734 7756 7707
f 7707 7756 7729
f 7735 7757 7708
f 7708 7757 7730
f 7709 7758 7731
f 7736 7758 7709
f 7710 7759 7732
f 7737 7759 7710
f 7711 7760 7733
f 7738 7760 7711
f 7712 7761 7734
f 7739 7761 7712
f 7713 7762 7735
f 7740 7762 7713
f 7653 7763 7741
f 7714 7763 7736
f 7741 7763 7714
f 7715 7764 7737
f 7742 7764 7715
f 7743 7765 7716
f 7716 7765 7738
f 7744 7766 7717
f 7717 7766 7739
f 7745 7767 7718
f 7718 7767 7740
f 7720 7768 7742
f 7746 7768 7720
f 7721 7769 7743
f 7747 7769 7721
f 7722 7770 7744
f 7748 7770 7722
f 7723 7771 7745
f 7749 7771 7723
f 2376 7772 2379
f 7750 7772 2376
f 7751 7773 7724
f 7724 7773 7746
f 7752 7774 7725
f 7725 7774 7747
f 7726 7775 7748
f 7753 7775 7726
f 7727 7776 7749
f 7754 7776 7727
f 7755 7777 7728
f 7728 7777 7750
f 7756 7778 7729
f 7729 7778 7751
f 7730 7779 7752
f 7757 7779 7730
f 7758 7780 7731
f 7731 7780 7753
f 7732 7781 7754
f 7759 7781 7732
f 7760 7782 7733
f 7733 7782 7755
f 7761 7783 7734
f 7734 7783 7756
f 7762 7784 7735
f 7735 7784 7757
f 7736 7785 7758
f 7653 7785 7763
f 7763 7785 7736
f 7764 7786 7737
f 7737 7786 7759
f 7765 7787 7738
f 7738 7787 7760
f 7766 7788 7739
f 7739 7788 7761
f 7740 7789 7762
f 7767 7789 7740
f 7742 7790 7764
f 7768 7790 7742
f 7743 7791 7765
f 7769 7791 7743
f 7770 7792 7744
f 7744 7792 7766
f 7771 7793 7745
f 7745 7793 7767
f 2379 7794 2380
f 2380 7794 1341
f 7772 7794 2379
f 7773 7795 7746
f 7746 7795 7768
f 7747 7796 7769
f 7774 7796 7747
f 7775 7797 7748
f 7748 7797 7770
f 7749 7798 7771
f 7776 7798 7749
f 7750 7799 7772
f 7777 7799 7750
f 7751 7800 7773
f 7778 7800 7751
f 7752 7801 7774
f 7779 7801 7752
f 7753 7802 7775
f 7780 7802 7753
f 7754 7803 7776
f 7781 7803 7754
f 7782 7804 7755
f 7755 7804 7777
f 7783 7805 7756
f 7756 7805 7778
f 7757 7806 7779
f 7784 7806 7757
f 7785 7807 7758
f 7758 7807 7780
f 7653 7807 7785
f 7759 7808 7781
f 7786 7808 7759
f 7760 7809 7782
f 7787 7809 7760
f 7788 7810 7761
f 7761 7810 7783
f 7762 7811 7784
f 7789 7811 7762
f 7764 7812 7786
f 7790 7812 7764
f 7791 7813 7765
f 7765 7813 7787
f 7766 7814 7788
f 7792 7814 7766
f 7767 7815 7789
f 7793 7815 7767
f 7208 7816 7817
f 1341 7816 7208
f 7794 7816 1341
f 7795 7818 7768
f 7768 7818 7790
f 7796 7819 7769
f 7769 7819 7791
f 7797 7820 7770
f 7770 7820 7792
f 7798 7821 7771
f 7771 7821 7793
f 7799 7822 7772
f 7772 7822 7794
f 7800 7823 7773
f 7773 7823 7795
f 7774 7824 7796
f 7801 7824 7774
f 7802 7825 7775
f 7775 7825 7797
f 7776 7826 7798
f 7803 7826 7776
f 7777 7827 7799
f 7804 7827 7777
f 7805 7828 7778
f 7778 7828 7800
f 7779 7829 7801
f 7806 7829 7779
f 7780 7830 7802
f 7653 7830 7807
f 7807 7830 7780
f 7781 7831 7803
f 7808 7831 7781
f 7782 7832 7804
f 7809 7832 7782
f 7783 7833 7805
f 7810 7833 7783
f 7784 7834 7806
f 7811 7834 7784
f 7786 7835 7808
f 7812 7835 7786
f 7787 7836 7809
f 7813 7836 7787
f 7788 7837 7810
f 7814 7837 7788
f 7789 7838 7811
f 7815 7838 7789
f 7790 7839 7812
f 7818 7839 7790
f 7791 7840 7813
f 7819 7840 7791
f 7820 7841 7792
f 7792 7841 7814
f 7793 7842 7815
f 7821 7842 7793
f 7816 7843 7817
f 7817 7843 7844
f 7822 7843 7794
f 7794 7843 7816
f 7795 7845 7818
f 7823 7845 7795
f 7796 7846 7819
f 7824 7846 7796
f 7797 7847 7820
f 7825 7847 7797
f 7798 7848 7821
f 7826 7848 7798
f 7799 7849 7822
f 7827 7849 7799
f 7800 7850 7823
f 7828 7850 7800
f 7801 7851 7824
f 7829 7851 7801
f 7653 7852 7830
f 7802 7852 7825
f 7830 7852 7802
f 7831 7853 7803
f 7803 7853 7826
f 7832 7854 7804
f 7804 7854 7827
f 7805 7855 7828
f 7833 7855 7805
f 7834 7856 7806
f 7806 7856 7829
f 7808 7857 7831
f 7835 7857 7808
f 7836 7858 7809
f 7809 7858 7832
f 7837 7859 7810
f 7810 7859 7833
f 7811 7860 7834
f 7838 7860 7811
f 7812 7861 7835
f 7839 7861 7812
f 7840 7862 7813
f 7813 7862 7836
f 7814 7863 7837
f 7841 7863 7814
f 7815 7864 7838
f 7842 7864 7815
f 7818 7865 7839
f 7845 7865 7818
f 7819 7866 7840
f 7846 7866 7819
f 7820 7867 7841
f 7847 7867 7820
f 7821 7868 7842
f 7848 7868 7821
f 7849 7869 7822
f 7822 7869 7843
f 7823 7870 7845
f 7850 7870 7823
f 7824 7871 7846
f 7851 7871 7824
f 7653 7872 7852
f 7825 7872 7847
f 7852 7872 7825
f 7826 7873 7848
f 7853 7873 7826
f 7827 7874 7849
f 7854 7874 7827
f 7828 7875 7850
f 7855 7875 7828
f 7829 7876 7851
f 7856 7876 7829
f 7857 7877 7831
f 7831 7877 7853
f 7832 7878 7854
f 7858 7878 7832
f 7833 7879 7855
f 7859 7879 7833
f 7860 7880 7834
f 7834 7880 7856
f 7861 7881 7835
f 7835 7881 7857
f 7836 7882 7858
f 7862 7882 7836
f 7837 7883 7859
f 7863 7883 7837
f 7864 7884 7838
f 7838 7884 7860
f 7865 7885 7839
f 7839 7885 7861
f 7840 7886 7862
f 7866 7886 7840
f 7841 7887 7863
f 7867 7887 7841
f 7842 7888 7864
f 7868 7888 7842
f 7843 7889 7844
f 7869 7889 7843
f 7890 7889 7891
f 7844 7889 7890
f 7845 7892 7865
f 7870 7892 7845
f 7871 7893 7846
f 7846 7893 7866
f 7847 7894 7867
f 7872 7894 7847
f 7653 7894 7872
f 7873 7895 7848
f 7848 7895 7868
f 7874 7896 7849
f 7849 7896 7869
f 7850 7897 7870
f 7875 7897 7850
f 7851 7898 7871
f 7876 7898 7851
f 7853 7899 7873
f 7877 7899 7853
f 7854 7900 7874
f 7878 7900 7854
f 7879 7901 7855
f 7855 7901 7875
f 7856 7902 7876
f 7880 7902 7856
f 7857 7903 7877
f 7881 7903 7857
f 7858 7904 7878
f 7882 7904 7858
f 7859 7905 7879
f 7883 7905 7859
f 7860 7906 7880
f 7884 7906 7860
f 7861 7907 7881
f 7885 7907 7861
f 7886 7908 7862
f 7862 7908 7882
f 7887 7909 7863
f 7863 7909 7883
f 7864 7910 7884
f 7888 7910 7864
f 7865 7911 7885
f 7892 7911 7865
f 7893 7912 7866
f 7866 7912 7886
f 7894 7913 7867
f 7867 7913 7887
f 7653 7913 7894
f 7895 7914 7868
f 7868 7914 7888
f 7891 7915 7916
f 7869 7915 7889
f 7889 7915 7891
f 7896 7915 7869
f 7897 7917 7870
f 7870 7917 7892
f 7871 7918 7893
f 7898 7918 7871
f 7899 7919 7873
f 7873 7919 7895
f 7874 7920 7896
f 7900 7920 7874
f 7901 7921 7875
f 7875 7921 7897
f 7902 7922 7876
f 7876 7922 7898
f 7877 7923 7899
f 7903 7923 7877
f 7904 7924 7878
f 7878 7924 7900
f 7905 7925 7879
f 7879 7925 7901
f 7880 7926 7902
f 7906 7926 7880
f 7907 7927 7881
f 7881 7927 7903
f 7882 7928 7904
f 7908 7928 7882
f 7883 7929 7905
f 7909 7929 7883
f 7884 7930 7906
f 7910 7930 7884
f 7911 7931 7885
f 7885 7931 7907
f 7886 7932 7908
f 7912 7932 7886
f 7913 7933 7887
f 7653 7933 7913
f 7887 7933 7909
f 7888 7934 7910
f 7914 7934 7888
f 7892 7935 7911
f 7917 7935 7892
f 7893 7936 7912
f 7918 7936 7893
f 7919 7937 7895
f 7895 7937 7914
f 7920 7938 7896
f 7896 7938 7915
f 7897 7939 7917
f 7921 7939 7897
f 7922 7940 7898
f 7898 7940 7918
f 7899 7941 7919
f 7923 7941 7899
f 7900 7942 7920
f 7924 7942 7900
f 7901 7943 7921
f 7925 7943 7901
f 7902 7944 7922
f 7926 7944 7902
f 7927 7945 7903
f 7903 7945 7923
f 7904 7946 7924
f 7928 7946 7904
f 7905 7947 7925
f 7929 7947 7905
f 7930 7948 7906
f 7906 7948 7926
f 7931 7949 7907
f 7907 7949 7927
f 7908 7950 7928
f 7932 7950 7908
f 7653 7951 7933
f 7909 7951 7929
f 7933 7951 7909
f 7934 7952 7910
f 7910 7952 7930
f 7935 7953 7911
f 7911 7953 7931
f 7936 7954 7912
f 7912 7954 7932
f 7914 7955 7934
f 7937 7955 7914
f 7938 7956 7915
f 7957 7956 7958
f 7916 7956 7957
f 7915 7956 7916
f 7917 7959 7935
f 7939 7959 7917
f 7918 7960 7936
f 7940 7960 7918
f 7941 7961 7919
f 7919 7961 7937
f 7942 7962 7920
f 7920 7962 7938
f 7921 7963 7939
f 7943 7963 7921
f 7922 7964 7940
f 7944 7964 7922
f 7923 7965 7941
f 7945 7965 7923
f 7924 7966 7942
f 7946 7966 7924
f 7947 7967 7925
f 7925 7967 7943
f 7926 7968 7944
f 7948 7968 7926
f 7927 7969 7945
f 7949 7969 7927
f 7928 7970 7946
f 7950 7970 7928
f 7929 7971 7947
f 7653 7971 7951
f 7951 7971 7929
f 7930 7972 7948
f 7952 7972 7930
f 7953 7973 7931
f 7931 7973 7949
f 7954 7974 7932
f 7932 7974 7950
f 7955 7975 7934
f 7934 7975 7952
f 7959 7976 7935
f 7935 7976 7953
f 7936 7977 7954
f 7960 7977 7936
f 7937 7978 7955
f 7961 7978 7937
f 7958 7979 7980
f 7938 7979 7956
f 7956 7979 7958
f 7962 7979 7938
f 7963 7981 7939
f 7939 7981 7959
f 7940 7982 7960
f 7964 7982 7940
f 7941 7983 7961
f 7965 7983 7941
f 7966 7984 7942
f 7942 7984 7962
f 7967 7985 7943
f 7943 7985 7963
f 7944 7986 7964
f 7968 7986 7944
f 7945 7987 7965
f 7969 7987 7945
f 7970 7988 7946
f 7946 7988 7966
f 7971 7989 7947
f 7653 7989 7971
f 7947 7989 7967
f 7972 7990 7948
f 7948 7990 7968
f 7973 7991 7949
f 7949 7991 7969
f 7950 7992 7970
f 7974 7992 7950
f 7975 7993 7952
f 7952 7993 7972
f 7976 7994 7953
f 7953 7994 7973
f 7954 7995 7974
f 7977 7995 7954
f 7978 7996 7955
f 7955 7996 7975
f 7959 7997 7976
f 7981 7997 7959
f 7960 7998 7977
f 7982 7998 7960
f 7961 7999 7978
f 7983 7999 7961
f 7962 8000 7979
f 7984 8000 7962
f 7963 8001 7981
f 7985 8001 7963
f 7964 8002 7982
f 7986 8002 7964
f 7965 8003 7983
f 7987 8003 7965
f 7988 8004 7966
f 7966 8004 7984
f 7653 8005 7989
f 7989 8005 7967
f 7967 8005 7985
f 7968 8006 7986
f 7990 8006 7968
f 7969 8007 7987
f 7991 8007 7969
f 7970 8008 7988
f 7992 8008 7970
f 7993 8009 7972
f 7972 8009 7990
f 7973 8010 7991
f 7994 8010 7973
f 7974 8011 7992
f 7995 8011 7974
f 7975 8012 7993
f 7996 8012 7975
f 7976 8013 7994
f 7997 8013 7976
f 7977 8014 7995
f 7998 8014 7977
f 7999 8015 7978
f 7978 8015 7996
f 7979 8016 7980
f 7980 8016 8017
f 8000 8016 7979
f 7981 8018 7997
f 8001 8018 7981
f 7982 8019 7998
f 8002 8019 7982
f 8003 8020 7983
f 7983 8020 7999
f 8004 8021 7984
f 7984 8021 8000
f 8005 8022 7985
f 7653 8022 8005
f 7985 8022 8001
f 8006 8023 7986
f 7986 8023 8002
f 8007 8024 7987
f 7987 8024 8003
f 7988 8025 8004
f 8008 8025 7988
f 7990 8026 8006
f 8009 8026 7990
f 7991 8027 8007
f 8010 8027 7991
f 7992 8028 8008
f 8011 8028 7992
f 7993 8029 8009
f 8012 8029 7993
f 7994 8030 8010
f 8013 8030 7994
f 7995 8031 8011
f 8014 8031 7995
f 7996 8032 8012
f 8015 8032 7996
f 7997 8033 8013
f 8018 8033 7997
f 8019 8034 7998
f 7998 8034 8014
f 8020 8035 7999
f 7999 8035 8015
f 8036 8037 8038
f 8017 8037 8036
f 8016 8037 8017
f 8000 8037 8016
f 8021 8037 8000
f 8001 8039 8018
f 7653 8039 8022
f 8022 8039 8001
f 8002 8040 8019
f 8023 8040 8002
f 8003 8041 8020
f 8024 8041 8003
f 8025 8042 8004
f 8004 8042 8021
f 8006 8043 8023
f 8026 8043 8006
f 8007 8044 8024
f 8027 8044 8007
f 8008 8045 8025
f 8028 8045 8008
f 8009 8046 8026
f 8029 8046 8009
f 8010 8047 8027
f 8030 8047 8010
f 8031 8048 8011
f 8011 8048 8028
f 8032 8049 8012
f 8012 8049 8029
f 8033 8050 8013
f 8013 8050 8030
f 8014 8051 8031
f 8034 8051 8014
f 8015 8052 8032
f 8035 8052 8015
f 8018 8053 8033
f 8039 8053 8018
f 7653 8053 8039
f 8019 8054 8034
f 8040 8054 8019
f 8041 8055 8020
f 8020 8055 8035
f 8042 8056 8021
f 8021 8056 8037
f 8043 8057 8023
f 8023 8057 8040
f 8024 8058 8041
f 8044 8058 8024
f 8045 8059 8025
f 8025 8059 8042
f 8026 8060 8043
f 8046 8060 8026
f 8027 8061 8044
f 8047 8061 8027
f 8028 8062 8045
f 8048 8062 8028
f 8029 8063 8046
f 8049 8063 8029
f 8030 8064 8047
f 8050 8064 8030
f 8031 8065 8048
f 8051 8065 8031
f 8032 8066 8049
f 8052 8066 8032
f 8033 8067 8050
f 7653 8067 8053
f 8053 8067 8033
f 8034 8068 8051
f 8054 8068 8034
f 8055 8069 8035
f 8035 8069 8052
f 8038 8070 8071
f 8056 8070 8037
f 8037 8070 8038
f 8040 8072 8054
f 8057 8072 8040
f 8041 8073 8055
f 8058 8073 8041
f 8042 8074 8056
f 8059 8074 8042
f 8043 8075 8057
f 8060 8075 8043
f 8061 8076 8044
f 8044 8076 8058
f 8045 8077 8059
f 8062 8077 8045
f 8046 8078 8060
f 8063 8078 8046
f 8064 8079 8047
f 8047 8079 8061
f 8048 8080 8062
f 8065 8080 8048
f 8066 8081 8049
f 8049 8081 8063
f 8050 8082 8064
f 7653 8082 8067
f 8067 8082 8050
f 8051 8083 8065
f 8068 8083 8051
f 8052 8084 8066
f 8069 8084 8052
f 8072 8085 8054
f 8054 8085 8068
f 8055 8086 8069
f 8073 8086 8055
f 8087 8088 8089
f 8071 8088 8087
f 8070 8088 8071
f 8056 8088 8070
f 8074 8088 8056
f 8057 8090 8072
f 8075 8090 8057
f 8076 8091 8058
f 8058 8091 8073
f 8077 8092 8059
f 8059 8092 8074
f 8078 8093 8060
f 8060 8093 8075
f 8079 8094 8061
f 8061 8094 8076
f 8080 8095 8062
f 8062 8095 8077
f 8063 8096 8078
f 8081 8096 8063
f 8082 8097 8064
f 8064 8097 8079
f 7653 8097 8082
f 8083 8098 8065
f 8065 8098 8080
f 8066 8099 8081
f 8084 8099 8066
f 8068 8100 8083
f 8085 8100 8068
f 8069 8101 8084
f 8086 8101 8069
f 8072 8102 8085
f 8090 8102 8072
f 8073 8103 8086
f 8091 8103 8073
f 8074 8104 8088
f 8092 8104 8074
f 8075 8105 8090
f 8093 8105 8075
f 8076 8106 8091
f 8094 8106 8076
f 8077 8107 8092
f 8095 8107 8077
f 8096 8108 8078
f 8078 8108 8093
f 7653 8109 8097
f 8097 8109 8079
f 8079 8109 8094
f 8080 8110 8095
f 8098 8110 8080
f 8099 8111 8081
f 8081 8111 8096
f 8083 8112 8098
f 8100 8112 8083
f 8084 8113 8099
f 8101 8113 8084
f 8102 8114 8085
f 8085 8114 8100
f 8103 8115 8086
f 8086 8115 8101
f 8089 8116 8117
f 8088 8116 8089
f 8104 8116 8088
f 8090 8118 8102
f 8105 8118 8090
f 8091 8119 8103
f 8106 8119 8091
f 8092 8120 8104
f 8107 8120 8092
f 8093 8121 8105
f 8108 8121 8093
f 8094 8122 8106
f 8109 8122 8094
f 7653 8122 8109
f 8095 8123 8107
f 8110 8123 8095
f 8111 8124 8096
f 8096 8124 8108
f 8112 8125 8098
f 8098 8125 8110
f 8113 8126 8099
f 8099 8126 8111
f 8100 8127 8112
f 8114 8127 8100
f 8101 8128 8113
f 8115 8128 8101
f 8102 8129 8114
f 8118 8129 8102
f 8119 8130 8103
f 8103 8130 8115
f 8116 8131 8117
f 8104 8131 8116
f 8117 8131 8132
f 8120 8131 8104
f 8105 8133 8118
f 8121 8133 8105
f 8106 8134 8119
f 8122 8134 8106
f 7653 8134 8122
f 8107 8135 8120
f 8123 8135 8107
f 8108 8136 8121
f 8124 8136 8108
f 8125 8137 8110
f 8110 8137 8123
f 8126 8138 8111
f 8111 8138 8124
f 8112 8139 8125
f 8127 8139 8112
f 8128 8140 8113
f 8113 8140 8126
f 8129 8141 8114
f 8114 8141 8127
f 8115 8142 8128
f 8130 8142 8115
f 8118 8143 8129
f 8133 8143 8118
f 8119 8144 8130
f 8134 8144 8119
f 7653 8144 8134
f 8120 8145 8131
f 8135 8145 8120
f 8121 8146 8133
f 8136 8146 8121
f 8123 8147 8135
f 8137 8147 8123
f 8138 8148 8124
f 8124 8148 8136
f 8139 8149 8125
f 8125 8149 8137
f 8126 8150 8138
f 8140 8150 8126
f 8127 8151 8139
f 8141 8151 8127
f 8142 8152 8128
f 8128 8152 8140
f 8129 8153 8141
f 8143 8153 8129
f 8144 8154 8130
f 8130 8154 8142
f 7653 8154 8144
f 8155 8156 8157
f 8132 8156 8155
f 8131 8156 8132
f 8145 8156 8131
f 8146 8158 8133
f 8133 8158 8143
f 8147 8159 8135
f 8135 8159 8145
f 8148 8160 8136
f 8136 8160 8146
f 8137 8161 8147
f 8149 8161 8137
f 8150 8162 8138
f 8138 8162 8148
f 8139 8163 8149
f 8151 8163 8139
f 8140 8164 8150
f 8152 8164 8140
f 8141 8165 8151
f 8153 8165 8141
f 8154 8166 8142
f 8142 8166 8152
f 7653 8166 8154
f 8143 8167 8153
f 8158 8167 8143
f 8157 8168 8169
f 8145 8168 8156
f 8159 8168 8145
f 8156 8168 8157
f 8160 8170 8146
f 8146 8170 8158
f 8147 8171 8159
f 8161 8171 8147
f 8162 8172 8148
f 8148 8172 8160
f 8149 8173 8161
f 8163 8173 8149
f 8150 8174 8162
f 8164 8174 8150
f 8165 8175 8151
f 8151 8175 8163
f 8152 8176 8164
f 8166 8176 8152
f 7653 8176 8166
f 8153 8177 8165
f 8167 8177 8153
f 8158 8178 8167
f 8170 8178 8158
f 8159 8179 8168
f 8171 8179 8159
f 8172 8180 8160
f 8160 8180 8170
f 8161 8181 8171
f 8173 8181 8161
f 8162 8182 8172
f 8174 8182 8162
f 8163 8183 8173
f 8175 8183 8163
f 8176 8184 8164
f 8164 8184 8174
f 7653 8184 8176
f 8177 8185 8165
f 8165 8185 8175
f 8167 8186 8177
f 8178 8186 8167
f 8187 8188 8189
f 8169 8188 8187
f 8168 8188 8169
f 8179 8188 8168
f 8170 8190 8178
f 8180 8190 8170
f 8171 8191 8179
f 8181 8191 8171
f 8172 8192 8180
f 8182 8192 8172
f 8173 8193 8181
f 8183 8193 8173
f 8184 8194 8174
f 7653 8194 8184
f 8174 8194 8182
f 8175 8195 8183
f 8185 8195 8175
f 8177 8196 8185
f 8186 8196 8177
f 8178 8197 8186
f 8190 8197 8178
f 8189 8198 8199
f 8179 8198 8188
f 8191 8198 8179
f 8188 8198 8189
f 8180 8200 8190
f 8192 8200 8180
f 8181 8201 8191
f 8193 8201 8181
f 7653 8202 8194
f 8194 8202 8182
f 8182 8202 8192
f 8195 8203 8183
f 8183 8203 8193
f 8185 8204 8195
f 8196 8204 8185
f 8197 8205 8186
f 8186 8205 8196
f 8200 8206 8190
f 8190 8206 8197
f 8201 8207 8191
f 8191 8207 8198
f 8192 8208 8200
f 7653 8208 8202
f 8202 8208 8192
f 8193 8209 8201
f 8203 8209 8193
f 8195 8210 8203
f 8204 8210 8195
f 8196 8211 8204
f 8205 8211 8196
f 8197 8212 8205
f 8206 8212 8197
f 8199 8213 8214
f 8207 8213 8198
f 8198 8213 8199
f 8208 8215 8200
f 7653 8215 8208
f 8200 8215 8206
f 8209 8216 8201
f 8201 8216 8207
f 8210 8217 8203
f 8203 8217 8209
f 8204 8218 8210
f 8211 8218 8204
f 8212 8219 8205
f 8205 8219 8211
f 8206 8220 8212
f 7653 8220 8215
f 8215 8220 8206
f 8221 8222 8223
f 8214 8222 8221
f 8213 8222 8214
f 8207 8222 8213
f 8216 8222 8207
f 8209 8224 8216
f 8217 8224 8209
f 8210 8225 8217
f 8218 8225 8210
f 8211 8226 8218
f 8219 8226 8211
f 8212 8227 8219
f 8220 8227 8212
f 7653 8227 8220
f 8216 8228 8222
f 8224 8228 8216
f 8217 8229 8224
f 8225 8229 8217
f 8218 8230 8225
f 8226 8230 8218
f 8227 8231 8219
f 8219 8231 8226
f 7653 8231 8227
f 8223 8232 8233
f 8222 8232 8223
f 8228 8232 8222
f 8229 8234 8224
f 8224 8234 8228
f 8225 8235 8229
f 8230 8235 8225
f 8226 8236 8230
f 8231 8236 8226
f 7653 8236 8231
f 8233 8237 8238
f 8232 8237 8233
f 8228 8237 8232
f 8234 8237 8228
f 8235 8239 8229
f 8229 8239 8234
f 8230 8240 8235
f 8236 8240 8230
f 7653 8240 8236
f 8234 8241 8237
f 8239 8241 8234
f 8235 8242 8239
f 7653 8242 8240
f 8240 8242 8235
f 8243 8244 8245
f 8238 8244 8243
f 8241 8244 8237
f 8237 8244 8238
f 7653 8246 8242
f 8239 8246 8241
f 8242 8246 8239
f 8247 8248 7653
f 8245 8248 8247
f 8244 8248 8245
f 7653 8248 8246
f 8241 8248 8244
f 8246 8248 8241
f 1339 1241 7207
f 1241 8249 7207
f 7207 8249 7209
f 8249 8250 7209
f 7209 8250 7213
f 8250 8251 7213
f 7213 8251 7217
f 8251 8252 7217
f 7217 8252 7219
f 8252 8253 7219
f 7219 8253 7227
f 8253 8254 7227
f 7227 8254 7232
f 8254 8255 7232
f 7232 8255 7234
f 8255 8256 7234
f 7234 8256 7246
f 8256 8257 7246
f 7246 8257 7255
f 7255 8258 7273
f 8257 8258 7255
f 7273 8259 7274
f 8258 8259 7273
f 7274 8260 7285
f 8259 8260 7274
f 7285 8261 7306
f 8260 8261 7285
f 7306 8262 7307
f 8261 8262 7306
f 7307 8263 7321
f 8262 8263 7307
f 7321 8264 7347
f 8263 8264 7321
f 8264 8265 7347
f 7347 8265 7363
f 8265 8266 7363
f 7363 8266 7364
f 8266 8267 7364
f 7364 8267 7394
f 8267 8268 7394
f 7394 8268 7413
f 8268 8269 7413
f 7413 8269 7414
f 8269 8270 7414
f 7414 8270 7449
f 8270 8271 7449
f 7449 8271 7470
f 8271 8272 7470
f 7470 8272 7508
f 8272 8273 7508
f 7508 8273 7510
f 8273 8274 7510
f 7510 8274 7532
f 8274 8275 7532
f 7532 8275 7577
f 8275 8276 7577
f 7577 8276 7603
f 8276 8277 7603
f 7603 8277 7604
f 8277 8278 7604
f 7604 8278 7652
f 8278 8279 7652
f 7652 8279 7653
f 8279 8280 7653
f 7653 8280 8247
f 8280 8281 8247
f 8247 8281 8245
f 8281 8282 8245
f 8245 8282 8243
f 8282 8283 8243
f 8243 8283 8238
f 8238 8284 8233
f 8283 8284 8238
f 8233 8285 8223
f 8284 8285 8233
f 8223 8286 8221
f 8285 8286 8223
f 8221 8287 8214
f 8286 8287 8221
f 8214 8288 8199
f 8287 8288 8214
f 8199 8289 8189
f 8288 8289 8199
f 8189 8290 8187
f 8289 8290 8189
f 8290 8291 8187
f 8187 8291 8169
f 8291 8292 8169
f 8169 8292 8157
f 8157 8293 8155
f 8292 8293 8157
f 8155 8294 8132
f 8293 8294 8155
f 8132 8295 8117
f 8294 8295 8132
f 8117 8296 8089
f 8295 8296 8117
f 8089 8297 8087
f 8296 8297 8089
f 8087 8298 8071
f 8297 8298 8087
f 8071 8299 8038
f 8298 8299 8071
f 8038 8300 8036
f 8299 8300 8038
f 8036 8301 8017
f 8300 8301 8036
f 8017 8302 7980
f 8301 8302 8017
f 7980 8303 7958
f 8302 8303 7980
f 7958 8304 7957
f 8303 8304 7958
f 7957 8305 7916
f 8304 8305 7957
f 7916 8306 7891
f 8305 8306 7916
f 7891 8307 7890
f 8306 8307 7891
f 7890 8308 7844
f 8307 8308 7890
f 7844 8309 7817
f 8308 8309 7844
f 7817 8310 7208
f 8309 8310 7817
f 8310 381 7208
f 7208 381 1275
f 1243 8311 1241
f 1241 8311 8249
f 1243 8312 8311
f 1247 8312 1243
f 1247 8313 8312
f 1248 8313 1247
f 1248 8314 8313
f 1253 8314 1248
f 1253 8315 8314
f 1256 8315 1253
f 1256 8316 8315
f 1257 8316 1256
f 1257 8317 8316
f 1262 8317 1257
f 8311 8318 8249
f 8249 8318 8250
f 1262 8319 8317
f 1263 8319 1262
f 8311 8320 8318
f 8312 8320 8311
f 1263 8321 8319
f 1265 8321 1263
f 8313 8322 8312
f 8312 8322 8320
f 1265 8323 8321
f 1267 8323 1265
f 8314 8324 8313
f 8313 8324 8322
f 1267 8325 8323
f 1270 8325 1267
f 8314 8326 8324
f 8315 8326 8314
f 1270 8327 8325
f 1272 8327 1270
f 8316 8328 8315
f 8315 8328 8326
f 8329 8330 140
f 1272 8330 8327
f 1273 8330 1272
f 140 8330 1273
f 8317 8331 8316
f 8316 8331 8328
f 8318 8332 8250
f 8250 8332 8251
f 8319 8333 8317
f 8317 8333 8331
f 8320 8334 8318
f 8318 8334 8332
f 8321 8335 8319
f 8319 8335 8333
f 8322 8336 8320
f 8320 8336 8334
f 8321 8337 8335
f 8323 8337 8321
f 8324 8338 8322
f 8322 8338 8336
f 8323 8339 8337
f 8325 8339 8323
f 8326 8340 8324
f 8324 8340 8338
f 8327 8341 8325
f 8325 8341 8339
f 8326 8342 8340
f 8328 8342 8326
f 8343 8344 8329
f 8330 8344 8327
f 8329 8344 8330
f 8327 8344 8341
f 8328 8345 8342
f 8331 8345 8328
f 8332 8346 8251
f 8251 8346 8252
f 8331 8347 8345
f 8333 8347 8331
f 8334 8348 8332
f 8332 8348 8346
f 8333 8349 8347
f 8335 8349 8333
f 8334 8350 8348
f 8336 8350 8334
f 8337 8351 8335
f 8335 8351 8349
f 8338 8352 8336
f 8336 8352 8350
f 8339 8353 8337
f 8337 8353 8351
f 8340 8354 8338
f 8338 8354 8352
f 8339 8355 8353
f 8341 8355 8339
f 8342 8356 8340
f 8340 8356 8354
f 8357 8358 8343
f 8341 8358 8355
f 8343 8358 8344
f 8344 8358 8341
f 8342 8359 8356
f 8345 8359 8342
f 8252 8360 8253
f 8346 8360 8252
f 8345 8361 8359
f 8347 8361 8345
f 8346 8362 8360
f 8348 8362 8346
f 8347 8363 8361
f 8349 8363 8347
f 8348 8364 8362
f 8350 8364 8348
f 8351 8365 8349
f 8349 8365 8363
f 8352 8366 8350
f 8350 8366 8364
f 8353 8367 8351
f 8351 8367 8365
f 8352 8368 8366
f 8354 8368 8352
f 8355 8369 8353
f 8353 8369 8367
f 8356 8370 8354
f 8359 8370 8356
f 8354 8370 8368
f 8371 8372 8357
f 8357 8372 8358
f 8358 8372 8355
f 8355 8372 8369
f 8361 8373 8359
f 8359 8373 8370
f 8360 8374 8253
f 8253 8374 8254
f 8361 8375 8373
f 8362 8376 8360
f 8360 8376 8374
f 8361 8377 8375
f 8363 8377 8361
f 8364 8378 8362
f 8362 8378 8376
f 8365 8379 8363
f 8363 8379 8377
f 8364 8380 8378
f 8366 8380 8364
f 8367 8381 8365
f 8365 8381 8379
f 8368 8382 8366
f 8366 8382 8380
f 8367 8383 8381
f 8369 8383 8367
f 8368 8384 8382
f 8370 8384 8368
f 8385 8386 8371
f 8369 8386 8383
f 8371 8386 8372
f 8372 8386 8369
f 8370 8387 8384
f 8373 8387 8370
f 8374 8388 8254
f 8254 8388 8255
f 8255 8388 8256
f 8373 8389 8387
f 8375 8389 8373
f 8374 8390 8388
f 8376 8390 8374
f 8375 8391 8389
f 8377 8391 8375
f 8376 8392 8390
f 8378 8392 8376
f 8377 8393 8391
f 8379 8393 8377
f 8378 8394 8392
f 8380 8394 8378
f 8381 8395 8379
f 8379 8395 8393
f 8384 8396 8382
f 8382 8396 8380
f 8380 8396 8394
f 8383 8397 8381
f 8381 8397 8395
f 8384 8398 8396
f 8399 8400 8385
f 8386 8400 8383
f 8385 8400 8386
f 8383 8400 8397
f 8384 8401 8398
f 8387 8401 8384
f 8388 8402 8256
f 8389 8403 8387
f 8387 8403 8401
f 8390 8404 8388
f 8388 8404 8402
f 8391 8405 8389
f 8389 8405 8403
f 8392 8406 8390
f 8390 8406 8404
f 8393 8407 8391
f 8391 8407 8405
f 8394 8408 8392
f 8392 8408 8406
f 8393 8409 8407
f 8395 8409 8393
f 8394 8410 8408
f 8396 8410 8394
f 8397 8411 8395
f 8395 8411 8409
f 8398 8412 8396
f 8396 8412 8410
f 8413 8414 8399
f 8399 8414 8400
f 8400 8414 8397
f 8397 8414 8411
f 8401 8415 8398
f 8398 8415 8412
f 8402 8416 8256
f 8256 8416 8257
f 8403 8417 8401
f 8401 8417 8415
f 8404 8418 8402
f 8402 8418 8416
f 8403 8419 8417
f 8405 8419 8403
f 8407 8419 8405
f 8404 8420 8418
f 8406 8420 8404
f 8407 8421 8419
f 8409 8421 8407
f 8408 8422 8406
f 8406 8422 8420
f 8409 8423 8421
f 8411 8423 8409
f 8410 8424 8408
f 8408 8424 8422
f 8411 8425 8423
f 8410 8426 8424
f 8412 8426 8410
f 8427 8428 8413
f 8411 8428 8425
f 8413 8428 8414
f 8414 8428 8411
f 8412 8429 8426
f 8415 8429 8412
f 8257 8430 8258
f 8258 8430 8259
f 8416 8430 8257
f 8415 8431 8429
f 8417 8431 8415
f 8416 8432 8430
f 8418 8432 8416
f 8417 8433 8431
f 8419 8433 8417
f 8420 8434 8418
f 8418 8434 8432
f 8421 8435 8419
f 8419 8435 8433
f 8424 8436 8422
f 8420 8436 8434
f 8422 8436 8420
f 8423 8437 8421
f 8421 8437 8435
f 8424 8438 8436
f 8425 8439 8423
f 8423 8439 8437
f 8426 8440 8424
f 8424 8440 8438
f 8441 8442 8427
f 8427 8442 8428
f 8428 8442 8425
f 8425 8442 8439
f 8431 8443 8429
f 8429 8443 8426
f 8426 8443 8440
f 8430 8444 8259
f 8432 8444 8430
f 8431 8445 8443
f 8432 8446 8444
f 8431 8447 8445
f 8433 8447 8431
f 8434 8448 8432
f 8432 8448 8446
f 8435 8449 8433
f 8433 8449 8447
f 8436 8450 8434
f 8434 8450 8448
f 8437 8451 8435
f 8435 8451 8449
f 8436 8452 8450
f 8438 8452 8436
f 8440 8452 8438
f 8437 8453 8451
f 8439 8453 8437
f 8440 8454 8452
f 8455 8456 8441
f 8441 8456 8442
f 8442 8456 8439
f 8439 8456 8453
f 8440 8457 8454
f 8443 8457 8440
f 8444 8458 8259
f 8259 8458 8260
f 8445 8459 8443
f 8443 8459 8457
f 8446 8460 8444
f 8444 8460 8458
f 8445 8461 8459
f 8447 8461 8445
f 8449 8461 8447
f 8446 8462 8460
f 8448 8462 8446
f 8450 8462 8448
f 8449 8463 8461
f 8450 8464 8462
f 8449 8465 8463
f 8451 8465 8449
f 8450 8466 8464
f 8452 8466 8450
f 8451 8467 8465
f 8453 8467 8451
f 8454 8468 8452
f 8452 8468 8466
f 8455 8469 8456
f 8456 8469 8453
f 8470 8469 8455
f 8453 8469 8467
f 8457 8471 8454
f 8454 8471 8468
f 8459 8471 8457
f 8458 8472 8260
f 8260 8472 8261
f 8459 8473 8471
f 8460 8474 8458
f 8458 8474 8472
f 8459 8475 8473
f 8461 8475 8459
f 8460 8476 8474
f 8462 8476 8460
f 8463 8477 8461
f 8465 8477 8463
f 8461 8477 8475
f 8464 8478 8462
f 8462 8478 8476
f 8465 8479 8477
f 8466 8480 8464
f 8464 8480 8478
f 8467 8481 8465
f 8465 8481 8479
f 8468 8482 8466
f 8471 8482 8468
f 8466 8482 8480
f 8483 8484 8470
f 8470 8484 8469
f 8469 8484 8467
f 8467 8484 8481
f 8471 8485 8482
f 8472 8486 8261
f 8261 8486 8262
f 8473 8487 8471
f 8471 8487 8485
f 8472 8488 8486
f 8474 8488 8472
f 8475 8489 8473
f 8473 8489 8487
f 8474 8490 8488
f 8476 8490 8474
f 8477 8491 8475
f 8475 8491 8489
f 8478 8492 8476
f 8476 8492 8490
f 8479 8493 8477
f 8477 8493 8491
f 8480 8494 8478
f 8478 8494 8492
f 8479 8495 8493
f 8481 8495 8479
f 8480 8496 8494
f 8482 8496 8480
f 8497 8498 8483
f 8481 8498 8495
f 8483 8498 8484
f 8484 8498 8481
f 8482 8499 8496
f 8485 8499 8482
f 8486 8500 8262
f 8262 8500 8263
f 8485 8501 8499
f 8487 8501 8485
f 8486 8502 8500
f 8488 8502 8486
f 8487 8503 8501
f 8489 8503 8487
f 8488 8504 8502
f 8490 8504 8488
f 8491 8505 8489
f 8489 8505 8503
f 8492 8506 8490
f 8490 8506 8504
f 8491 8507 8505
f 8493 8507 8491
f 8494 8508 8492
f 8492 8508 8506
f 8493 8509 8507
f 8495 8509 8493
f 8494 8510 8508
f 8496 8510 8494
f 8511 8512 8497
f 8498 8512 8495
f 8497 8512 8498
f 8495 8512 8509
f 8496 8513 8510
f 8499 8513 8496
f 8500 8514 8263
f 8263 8514 8264
f 8264 8514 8265
f 8503 8515 8501
f 8501 8515 8499
f 8499 8515 8513
f 8500 8516 8514
f 8502 8516 8500
f 8503 8517 8515
f 8504 8518 8502
f 8502 8518 8516
f 8505 8519 8503
f 8503 8519 8517
f 8506 8520 8504
f 8504 8520 8518
f 8507 8521 8505
f 8505 8521 8519
f 8508 8522 8506
f 8506 8522 8520
f 8509 8523 8507
f 8507 8523 8521
f 8510 8524 8508
f 8508 8524 8522
f 8525 8526 8511
f 8511 8526 8512
f 8512 8526 8509
f 8509 8526 8523
f 8510 8527 8524
f 8513 8527 8510
f 8516 8528 8514
f 8514 8528 8265
f 8513 8529 8527
f 8515 8529 8513
f 8516 8530 8528
f 8517 8531 8515
f 8515 8531 8529
f 8516 8532 8530
f 8518 8532 8516
f 8520 8532 8518
f 8519 8533 8517
f 8517 8533 8531
f 8520 8534 8532
f 8519 8535 8533
f 8521 8535 8519
f 8520 8536 8534
f 8522 8536 8520
f 8521 8537 8535
f 8523 8537 8521
f 8522 8538 8536
f 8524 8538 8522
f 8539 8540 8525
f 8523 8540 8537
f 8525 8540 8526
f 8526 8540 8523
f 8529 8541 8527
f 8524 8541 8538
f 8527 8541 8524
f 8528 8542 8265
f 8265 8542 8266
f 8529 8543 8541
f 8530 8544 8528
f 8528 8544 8542
f 8531 8545 8529
f 8529 8545 8543
f 8534 8546 8532
f 8532 8546 8530
f 8530 8546 8544
f 8531 8547 8545
f 8533 8547 8531
f 8534 8548 8546
f 8535 8549 8533
f 8537 8549 8535
f 8533 8549 8547
f 8534 8550 8548
f 8536 8550 8534
f 8537 8551 8549
f 8538 8552 8536
f 8536 8552 8550
f 8553 8554 8539
f 8539 8554 8540
f 8540 8554 8537
f 8537 8554 8551
f 8541 8555 8538
f 8538 8555 8552
f 8542 8556 8266
f 8266 8556 8267
f 8267 8556 8268
f 8543 8557 8541
f 8541 8557 8555
f 8544 8558 8542
f 8542 8558 8556
f 8545 8559 8543
f 8543 8559 8557
f 8544 8560 8558
f 8546 8560 8544
f 8545 8561 8559
f 8547 8561 8545
f 8548 8562 8546
f 8546 8562 8560
f 8549 8563 8547
f 8547 8563 8561
f 8550 8564 8548
f 8548 8564 8562
f 8549 8565 8563
f 8551 8565 8549
f 8550 8566 8564
f 8552 8566 8550
f 8551 8567 8565
f 8568 8567 8553
f 8553 8567 8554
f 8554 8567 8551
f 8552 8569 8566
f 8555 8569 8552
f 8556 8570 8268
f 8558 8570 8556
f 8555 8571 8569
f 8557 8571 8555
f 8558 8572 8570
f 8557 8573 8571
f 8561 8573 8559
f 8559 8573 8557
f 8558 8574 8572
f 8560 8574 8558
f 8562 8574 8560
f 8561 8575 8573
f 8562 8576 8574
f 8563 8577 8561
f 8565 8577 8563
f 8561 8577 8575
f 8566 8578 8564
f 8564 8578 8562
f 8562 8578 8576
f 8565 8579 8577
f 8566 8580 8578
f 8567 8581 8565
f 8582 8581 8568
f 8565 8581 8579
f 8568 8581 8567
f 8566 8583 8580
f 8569 8583 8566
f 8570 8584 8268
f 8268 8584 8269
f 8269 8584 8270
f 8571 8585 8569
f 8569 8585 8583
f 8570 8586 8584
f 8572 8586 8570
f 8573 8587 8571
f 8571 8587 8585
f 8575 8587 8573
f 8572 8588 8586
f 8574 8588 8572
f 8575 8589 8587
f 8576 8590 8574
f 8574 8590 8588
f 8577 8591 8575
f 8575 8591 8589
f 8578 8592 8576
f 8576 8592 8590
f 8579 8593 8577
f 8581 8593 8579
f 8577 8593 8591
f 8578 8594 8592
f 8580 8594 8578
f 8582 8595 8581
f 8596 8595 8582
f 8581 8595 8593
f 8583 8597 8580
f 8580 8597 8594
f 8584 8598 8270
f 8583 8599 8597
f 8585 8599 8583
f 8586 8600 8584
f 8584 8600 8598
f 8587 8601 8585
f 8589 8601 8587
f 8585 8601 8599
f 8588 8602 8586
f 8590 8602 8588
f 8586 8602 8600
f 8589 8603 8601
f 8590 8604 8602
f 8589 8605 8603
f 8591 8605 8589
f 8594 8606 8592
f 8592 8606 8590
f 8590 8606 8604
f 8591 8607 8605
f 8593 8607 8591
f 8594 8608 8606
f 8609 8610 8596
f 8593 8610 8607
f 8596 8610 8595
f 8595 8610 8593
f 8594 8611 8608
f 8597 8611 8594
f 8598 8612 8270
f 8270 8612 8271
f 8601 8613 8599
f 8597 8613 8611
f 8599 8613 8597
f 8600 8614 8598
f 8598 8614 8612
f 8601 8615 8613
f 8600 8616 8614
f 8602 8616 8600
f 8603 8617 8601
f 8601 8617 8615
f 8602 8618 8616
f 8604 8618 8602
f 8605 8619 8603
f 8603 8619 8617
f 8608 8620 8606
f 8606 8620 8604
f 8604 8620 8618
f 8605 8621 8619
f 8607 8621 8605
f 8608 8622 8620
f 8607 8623 8621
f 8624 8623 8609
f 8610 8623 8607
f 8609 8623 8610
f 8608 8625 8622
f 8611 8625 8608
f 8271 8626 8272
f 8612 8626 8271
f 8614 8626 8612
f 8613 8627 8611
f 8611 8627 8625
f 8614 8628 8626
f 8615 8629 8613
f 8613 8629 8627
f 8618 8630 8616
f 8614 8630 8628
f 8616 8630 8614
f 8617 8631 8615
f 8615 8631 8629
f 8618 8632 8630
f 8619 8633 8617
f 8621 8633 8619
f 8617 8633 8631
f 8618 8634 8632
f 8620 8634 8618
f 8622 8634 8620
f 8621 8635 8633
f 8625 8636 8622
f 8622 8636 8634
f 8621 8637 8635
f 8624 8637 8623
f 8638 8637 8624
f 8623 8637 8621
f 8625 8639 8636
f 8272 8640 8273
f 8626 8640 8272
f 8627 8641 8625
f 8625 8641 8639
f 8626 8642 8640
f 8628 8642 8626
f 8627 8643 8641
f 8629 8643 8627
f 8631 8643 8629
f 8628 8644 8642
f 8630 8644 8628
f 8631 8645 8643
f 8633 8645 8631
f 8630 8646 8644
f 8632 8646 8630
f 8633 8647 8645
f 8632 8648 8646
f 8634 8648 8632
f 8635 8649 8633
f 8633 8649 8647
f 8636 8650 8634
f 8634 8650 8648
f 8638 8651 8637
f 8652 8651 8638
f 8635 8651 8649
f 8637 8651 8635
f 8639 8653 8636
f 8636 8653 8650
f 8273 8654 8274
f 8640 8654 8273
f 8639 8655 8653
f 8641 8655 8639
f 8642 8656 8640
f 8640 8656 8654
f 8643 8657 8641
f 8641 8657 8655
f 8644 8658 8642
f 8642 8658 8656
f 8646 8658 8644
f 8645 8659 8643
f 8643 8659 8657
f 8646 8660 8658
f 8647 8661 8645
f 8645 8661 8659
f 8650 8662 8648
f 8648 8662 8646
f 8646 8662 8660
f 8647 8663 8661
f 8649 8663 8647
f 8650 8664 8662
f 8652 8665 8651
f 8666 8665 8652
f 8651 8665 8649
f 8649 8665 8663
f 8650 8667 8664
f 8653 8667 8650
f 8274 8668 8275
f 8275 8668 8276
f 8654 8668 8274
f 8653 8669 8667
f 8655 8669 8653
f 8656 8670 8654
f 8654 8670 8668
f 8657 8671 8655
f 8655 8671 8669
f 8656 8672 8670
f 8658 8672 8656
f 8657 8673 8671
f 8659 8673 8657
f 8660 8674 8658
f 8658 8674 8672
f 8659 8675 8673
f 8661 8675 8659
f 8660 8676 8674
f 8662 8676 8660
f 8661 8677 8675
f 8663 8677 8661
f 8662 8678 8676
f 8664 8678 8662
f 8663 8679 8677
f 8680 8679 8666
f 8666 8679 8665
f 8665 8679 8663
f 8664 8681 8678
f 8667 8681 8664
f 8668 8682 8276
f 8671 8683 8669
f 8667 8683 8681
f 8669 8683 8667
f 8668 8684 8682
f 8670 8684 8668
f 8671 8685 8683
f 8673 8685 8671
f 8672 8686 8670
f 8670 8686 8684
f 8673 8687 8685
f 8672 8688 8686
f 8674 8688 8672
f 8675 8689 8673
f 8677 8689 8675
f 8673 8689 8687
f 8676 8690 8674
f 8674 8690 8688
f 8677 8691 8689
f 8676 8692 8690
f 8678 8692 8676
f 8679 8693 8677
f 8694 8693 8680
f 8677 8693 8691
f 8680 8693 8679
f 8681 8695 8678
f 8678 8695 8692
f 8682 8696 8276
f 8276 8696 8277
f 8683 8697 8681
f 8681 8697 8695
f 8684 8698 8682
f 8682 8698 8696
f 8685 8699 8683
f 8683 8699 8697
f 8688 8700 8686
f 8686 8700 8684
f 8684 8700 8698
f 8687 8701 8685
f 8689 8701 8687
f 8685 8701 8699
f 8688 8702 8700
f 8689 8703 8701
f 8688 8704 8702
f 8692 8704 8690
f 8690 8704 8688
f 8691 8705 8689
f 8689 8705 8703
f 8692 8706 8704
f 8694 8707 8693
f 8708 8707 8694
f 8693 8707 8691
f 8691 8707 8705
f 8695 8709 8692
f 8692 8709 8706
f 8277 8710 8278
f 8696 8710 8277
f 8697 8711 8695
f 8695 8711 8709
f 8696 8712 8710
f 8698 8712 8696
f 8699 8713 8697
f 8697 8713 8711
f 8698 8714 8712
f 8700 8714 8698
f 8699 8715 8713
f 8701 8715 8699
f 8700 8716 8714
f 8702 8716 8700
f 8701 8717 8715
f 8703 8717 8701
f 8702 8718 8716
f 8704 8718 8702
f 8703 8719 8717
f 8705 8719 8703
f 8709 8720 8706
f 8704 8720 8718
f 8706 8720 8704
f 8707 8721 8705
f 8705 8721 8719
f 8722 8721 8708
f 8708 8721 8707
f 8709 8723 8720
f 8278 8724 8279
f 8710 8724 8278
f 8709 8725 8723
f 8711 8725 8709
f 8712 8726 8710
f 8714 8726 8712
f 8710 8726 8724
f 8713 8727 8711
f 8711 8727 8725
f 8714 8728 8726
f 8716 8728 8714
f 8715 8729 8713
f 8713 8729 8727
f 8716 8730 8728
f 8717 8731 8715
f 8715 8731 8729
f 8718 8732 8716
f 8720 8732 8718
f 8716 8732 8730
f 8719 8733 8717
f 8717 8733 8731
f 8723 8734 8720
f 8720 8734 8732
f 8735 8736 8722
f 8722 8736 8721
f 8719 8736 8733
f 8721 8736 8719
f 8723 8737 8734
f 8724 8738 8279
f 8279 8738 8280
f 8723 8739 8737
f 8725 8739 8723
f 8727 8739 8725
f 8726 8740 8724
f 8724 8740 8738
f 8729 8741 8727
f 8727 8741 8739
f 8726 8742 8740
f 8728 8742 8726
f 8729 8743 8741
f 8728 8744 8742
f 8730 8744 8728
f 8731 8745 8729
f 8733 8745 8731
f 8729 8745 8743
f 8732 8746 8730
f 8730 8746 8744
f 8733 8747 8745
f 8734 8748 8732
f 8732 8748 8746
f 8749 8750 8735
f 8733 8750 8747
f 8735 8750 8736
f 8736 8750 8733
f 8737 8751 8734
f 8734 8751 8748
f 8280 8752 8281
f 8738 8752 8280
f 8740 8752 8738
f 8737 8753 8751
f 8739 8753 8737
f 8740 8754 8752
f 8739 8755 8753
f 8741 8755 8739
f 8740 8756 8754
f 8742 8756 8740
f 8741 8757 8755
f 8743 8757 8741
f 8746 8758 8744
f 8742 8758 8756
f 8744 8758 8742
f 8745 8759 8743
f 8743 8759 8757
f 8746 8760 8758
f 8745 8761 8759
f 8747 8761 8745
f 8751 8762 8748
f 8748 8762 8746
f 8746 8762 8760
f 8750 8763 8747
f 8764 8763 8749
f 8749 8763 8750
f 8747 8763 8761
f 8753 8765 8751
f 8751 8765 8762
f 8281 8766 8282
f 8752 8766 8281
f 8753 8767 8765
f 8752 8768 8766
f 8754 8768 8752
f 8755 8769 8753
f 8753 8769 8767
f 8754 8770 8768
f 8756 8770 8754
f 8757 8771 8755
f 8755 8771 8769
f 8758 8772 8756
f 8756 8772 8770
f 8757 8773 8771
f 8759 8773 8757
f 8761 8773 8759
f 8760 8774 8758
f 8758 8774 8772
f 8761 8775 8773
f 8762 8776 8760
f 8760 8776 8774
f 8764 8777 8763
f 8778 8777 8764
f 8763 8777 8761
f 8761 8777 8775
f 8762 8779 8776
f 8765 8779 8762
f 8282 8780 8283
f 8766 8780 8282
f 8768 8780 8766
f 8767 8781 8765
f 8765 8781 8779
f 8768 8782 8780
f 8767 8783 8781
f 8769 8783 8767
f 8768 8784 8782
f 8770 8784 8768
f 8769 8785 8783
f 8771 8785 8769
f 8770 8786 8784
f 8772 8786 8770
f 8774 8786 8772
f 8771 8787 8785
f 8773 8787 8771
f 8774 8788 8786
f 8773 8789 8787
f 8775 8789 8773
f 8776 8790 8774
f 8774 8790 8788
f 8775 8791 8789
f 8792 8791 8778
f 8778 8791 8777
f 8777 8791 8775
f 8776 8793 8790
f 8779 8793 8776
f 8781 8793 8779
f 8283 8794 8284
f 8782 8794 8780
f 8780 8794 8283
f 8781 8795 8793
f 8782 8796 8794
f 8781 8797 8795
f 8783 8797 8781
f 8784 8798 8782
f 8782 8798 8796
f 8785 8799 8783
f 8787 8799 8785
f 8783 8799 8797
f 8788 8800 8786
f 8784 8800 8798
f 8786 8800 8784
f 8787 8801 8799
f 8788 8802 8800
f 8789 8803 8787
f 8787 8803 8801
f 8790 8804 8788
f 8788 8804 8802
f 8791 8805 8789
f 8806 8805 8792
f 8789 8805 8803
f 8792 8805 8791
f 8793 8807 8790
f 8790 8807 8804
f 8284 8808 8285
f 8794 8808 8284
f 8795 8809 8793
f 8793 8809 8807
f 8794 8810 8808
f 8796 8810 8794
f 8797 8811 8795
f 8795 8811 8809
f 8798 8812 8796
f 8796 8812 8810
f 8799 8813 8797
f 8797 8813 8811
f 8800 8814 8798
f 8798 8814 8812
f 8801 8815 8799
f 8799 8815 8813
f 8802 8816 8800
f 8800 8816 8814
f 8801 8817 8815
f 8803 8817 8801
f 8807 8818 8804
f 8804 8818 8802
f 8802 8818 8816
f 8803 8819 8817
f 8806 8819 8805
f 8820 8819 8806
f 8805 8819 8803
f 8807 8821 8818
f 8808 8822 8285
f 8285 8822 8286
f 8286 8822 8287
f 8809 8823 8807
f 8807 8823 8821
f 8808 8824 8822
f 8810 8824 8808
f 8811 8825 8809
f 8809 8825 8823
f 8810 8826 8824
f 8812 8826 8810
f 8811 8827 8825
f 8813 8827 8811
f 8812 8828 8826
f 8814 8828 8812
f 8813 8829 8827
f 8815 8829 8813
f 8816 8830 8814
f 8814 8830 8828
f 8817 8831 8815
f 8815 8831 8829
f 8818 8832 8816
f 8816 8832 8830
f 8820 8833 8819
f 8834 8833 8820
f 8819 8833 8817
f 8817 8833 8831
f 8821 8835 8818
f 8818 8835 8832
f 8822 8836 8287
f 8824 8836 8822
f 8823 8837 8821
f 8821 8837 8835
f 8826 8838 8824
f 8824 8838 8836
f 8823 8839 8837
f 8825 8839 8823
f 8826 8840 8838
f 8825 8841 8839
f 8827 8841 8825
f 8828 8842 8826
f 8830 8842 8828
f 8826 8842 8840
f 8829 8843 8827
f 8827 8843 8841
f 8831 8843 8829
f 8830 8844 8842
f 8831 8845 8843
f 8832 8846 8830
f 8835 8846 8832
f 8830 8846 8844
f 8834 8847 8833
f 8848 8847 8834
f 8833 8847 8831
f 8831 8847 8845
f 8837 8849 8835
f 8835 8849 8846
f 8287 8850 8288
f 8288 8850 8289
f 8836 8850 8287
f 8837 8851 8849
f 8838 8852 8836
f 8836 8852 8850
f 8839 8853 8837
f 8837 8853 8851
f 8840 8854 8838
f 8838 8854 8852
f 8841 8855 8839
f 8839 8855 8853
f 8840 8856 8854
f 8842 8856 8840
f 8841 8857 8855
f 8843 8857 8841
f 8842 8858 8856
f 8844 8858 8842
f 8843 8859 8857
f 8845 8859 8843
f 8844 8860 8858
f 8846 8860 8844
f 8845 8861 8859
f 8862 8861 8848
f 8848 8861 8847
f 8847 8861 8845
f 8846 8863 8860
f 8849 8863 8846
f 8852 8864 8850
f 8850 8864 8289
f 8849 8865 8863
f 8851 8865 8849
f 8854 8866 8852
f 8852 8866 8864
f 8853 8867 8851
f 8851 8867 8865
f 8854 8868 8866
f 8855 8869 8853
f 8853 8869 8867
f 8858 8870 8856
f 8854 8870 8868
f 8856 8870 8854
f 8855 8871 8869
f 8857 8871 8855
f 8858 8872 8870
f 8859 8873 8857
f 8857 8873 8871
f 8860 8874 8858
f 8863 8874 8860
f 8858 8874 8872
f 8861 8875 8859
f 8862 8875 8861
f 8876 8875 8862
f 8859 8875 8873
f 8865 8877 8863
f 8863 8877 8874
f 8289 8878 8290
f 8864 8878 8289
f 8865 8879 8877
f 8864 8880 8878
f 8866 8880 8864
f 8867 8881 8865
f 8865 8881 8879
f 8868 8882 8866
f 8866 8882 8880
f 8869 8883 8867
f 8867 8883 8881
f 8868 8884 8882
f 8870 8884 8868
f 8872 8884 8870
f 8871 8885 8869
f 8869 8885 8883
f 8872 8886 8884
f 8873 8887 8871
f 8871 8887 8885
f 8877 8888 8874
f 8874 8888 8872
f 8872 8888 8886
f 8889 8890 8876
f 8876 8890 8875
f 8875 8890 8873
f 8873 8890 8887
f 8877 8891 8888
f 8290 8892 8291
f 8878 8892 8290
f 8879 8893 8877
f 8877 8893 8891
f 8880 8894 8878
f 8878 8894 8892
f 8881 8895 8879
f 8879 8895 8893
f 8880 8896 8894
f 8882 8896 8880
f 8881 8897 8895
f 8883 8897 8881
f 8882 8898 8896
f 8884 8898 8882
f 8883 8899 8897
f 8885 8899 8883
f 8887 8899 8885
f 8884 8900 8898
f 8886 8900 8884
f 8887 8901 8899
f 8886 8902 8900
f 8888 8902 8886
f 8890 8903 8887
f 8887 8903 8901
f 8904 8903 8889
f 8889 8903 8890
f 8891 8905 8888
f 8888 8905 8902
f 8291 8906 8292
f 8892 8906 8291
f 8893 8907 8891
f 8891 8907 8905
f 8892 8908 8906
f 8894 8908 8892
f 8895 8909 8893
f 8893 8909 8907
f 8894 8910 8908
f 8896 8910 8894
f 8897 8911 8895
f 8895 8911 8909
f 8896 8912 8910
f 8898 8912 8896
f 8899 8913 8897
f 8897 8913 8911
f 8900 8914 8898
f 8898 8914 8912
f 8901 8915 8899
f 8899 8915 8913
f 8900 8916 8914
f 8902 8916 8900
f 8904 8917 8903
f 8918 8917 8904
f 8903 8917 8901
f 8901 8917 8915
f 8905 8919 8902
f 8902 8919 8916
f 8906 8920 8292
f 8292 8920 8293
f 8908 8920 8906
f 8907 8921 8905
f 8905 8921 8919
f 8908 8922 8920
f 8909 8923 8907
f 8907 8923 8921
f 8910 8924 8908
f 8908 8924 8922
f 8909 8925 8923
f 8911 8925 8909
f 8912 8926 8910
f 8910 8926 8924
f 8913 8927 8911
f 8911 8927 8925
f 8912 8928 8926
f 8914 8928 8912
f 8913 8929 8927
f 8915 8929 8913
f 8916 8930 8914
f 8919 8930 8916
f 8914 8930 8928
f 8915 8931 8929
f 8918 8931 8917
f 8932 8931 8918
f 8917 8931 8915
f 8919 8933 8930
f 8921 8933 8919
f 8293 8934 8294
f 8294 8934 8295
f 8920 8934 8293
f 8921 8935 8933
f 8923 8935 8921
f 8922 8936 8920
f 8920 8936 8934
f 8923 8937 8935
f 8922 8938 8936
f 8924 8938 8922
f 8923 8939 8937
f 8925 8939 8923
f 8924 8940 8938
f 8926 8940 8924
f 8925 8941 8939
f 8927 8941 8925
f 8926 8942 8940
f 8928 8942 8926
f 8929 8943 8927
f 8927 8943 8941
f 8930 8944 8928
f 8928 8944 8942
f 8931 8945 8929
f 8932 8945 8931
f 8929 8945 8943
f 8946 8945 8932
f 8933 8947 8930
f 8930 8947 8944
f 8295 8948 8296
f 8934 8948 8295
f 8935 8949 8933
f 8933 8949 8947
f 8936 8950 8934
f 8934 8950 8948
f 8937 8951 8935
f 8935 8951 8949
f 8938 8952 8936
f 8936 8952 8950
f 8939 8953 8937
f 8937 8953 8951
f 8940 8954 8938
f 8942 8954 8940
f 8938 8954 8952
f 8941 8955 8939
f 8939 8955 8953
f 8942 8956 8954
f 8943 8957 8941
f 8941 8957 8955
f 8944 8958 8942
f 8947 8958 8944
f 8942 8958 8956
f 8959 8960 8946
f 8943 8960 8957
f 8945 8960 8943
f 8946 8960 8945
f 8949 8961 8947
f 8947 8961 8958
f 8948 8962 8296
f 8951 8963 8949
f 8949 8963 8961
f 8950 8964 8948
f 8948 8964 8962
f 8951 8965 8963
f 8950 8966 8964
f 8952 8966 8950
f 8953 8967 8951
f 8951 8967 8965
f 8955 8967 8953
f 8952 8968 8966
f 8954 8968 8952
f 8956 8968 8954
f 8955 8969 8967
f 8956 8970 8968
f 8958 8970 8956
f 8955 8971 8969
f 8957 8971 8955
f 8960 8971 8957
f 8958 8972 8970
f 8961 8972 8958
f 8960 8973 8971
f 8974 8973 8959
f 8959 8973 8960
f 8963 8975 8961
f 8961 8975 8972
f 8296 8976 8297
f 8962 8976 8296
f 8963 8977 8975
f 8965 8977 8963
f 8964 8978 8962
f 8962 8978 8976
f 8965 8979 8977
f 8966 8980 8964
f 8964 8980 8978
f 8967 8981 8965
f 8965 8981 8979
f 8968 8982 8966
f 8966 8982 8980
f 8969 8983 8967
f 8971 8983 8969
f 8967 8983 8981
f 8968 8984 8982
f 8970 8984 8968
f 8971 8985 8983
f 8972 8986 8970
f 8970 8986 8984
f 8974 8987 8973
f 8988 8987 8974
f 8973 8987 8971
f 8971 8987 8985
f 8975 8989 8972
f 8972 8989 8986
f 8297 8990 8298
f 8298 8990 8299
f 8976 8990 8297
f 8977 8991 8975
f 8975 8991 8989
f 8978 8992 8976
f 8976 8992 8990
f 8979 8993 8977
f 8977 8993 8991
f 8980 8994 8978
f 8978 8994 8992
f 8981 8995 8979
f 8979 8995 8993
f 8982 8996 8980
f 8980 8996 8994
f 8983 8997 8981
f 8981 8997 8995
f 8984 8998 8982
f 8982 8998 8996
f 8985 8999 8983
f 8983 8999 8997
f 8984 9000 8998
f 8986 9000 8984
f 8988 9001 8987
f 9002 9001 8988
f 8987 9001 8985
f 8985 9001 8999
f 8986 9003 9000
f 8989 9003 8986
f 8990 9004 8299
f 8991 9005 8989
f 8989 9005 9003
f 8992 9006 8990
f 8990 9006 9004
f 8991 9007 9005
f 8993 9007 8991
f 8992 9008 9006
f 8994 9008 8992
f 8993 9009 9007
f 8995 9009 8993
f 8994 9010 9008
f 8996 9010 8994
f 8995 9011 9009
f 8997 9011 8995
f 9000 9012 8998
f 8996 9012 9010
f 8998 9012 8996
f 8999 9013 8997
f 8997 9013 9011
f 9000 9014 9012
f 9001 9015 8999
f 9002 9015 9001
f 8999 9015 9013
f 9016 9015 9002
f 9003 9017 9000
f 9005 9017 9003
f 9000 9017 9014
f 8299 9018 8300
f 9004 9018 8299
f 9005 9019 9017
f 9007 9019 9005
f 9006 9020 9004
f 9004 9020 9018
f 9007 9021 9019
f 9008 9022 9006
f 9006 9022 9020
f 9009 9023 9007
f 9007 9023 9021
f 9008 9024 9022
f 9010 9024 9008
f 9011 9025 9009
f 9009 9025 9023
f 9013 9025 9011
f 9010 9026 9024
f 9012 9026 9010
f 9013 9027 9025
f 9015 9027 9013
f 9017 9028 9014
f 9012 9028 9026
f 9014 9028 9012
f 9016 9029 9015
f 9030 9029 9016
f 9015 9029 9027
f 9017 9031 9028
f 9018 9032 8300
f 8300 9032 8301
f 8301 9032 8302
f 9019 9033 9017
f 9017 9033 9031
f 9018 9034 9032
f 9020 9034 9018
f 9021 9035 9019
f 9019 9035 9033
f 9022 9036 9020
f 9020 9036 9034
f 9021 9037 9035
f 9023 9037 9021
f 9024 9038 9022
f 9022 9038 9036
f 9023 9039 9037
f 9025 9039 9023
f 9027 9039 9025
f 9026 9040 9024
f 9024 9040 9038
f 9027 9041 9039
f 9026 9042 9040
f 9028 9042 9026
f 9027 9043 9041
f 9044 9043 9030
f 9030 9043 9029
f 9029 9043 9027
f 9028 9045 9042
f 9031 9045 9028
f 8302 9046 8303
f 9032 9046 8302
f 9031 9047 9045
f 9033 9047 9031
f 9034 9048 9032
f 9032 9048 9046
f 9033 9049 9047
f 9035 9049 9033
f 9034 9050 9048
f 9036 9050 9034
f 9037 9051 9035
f 9035 9051 9049
f 9038 9052 9036
f 9040 9052 9038
f 9036 9052 9050
f 9039 9053 9037
f 9037 9053 9051
f 9040 9054 9052
f 9039 9055 9053
f 9041 9055 9039
f 9040 9056 9054
f 9042 9056 9040
f 9043 9057 9041
f 9044 9057 9043
f 9058 9057 9044
f 9041 9057 9055
f 9047 9059 9045
f 9042 9059 9056
f 9045 9059 9042
f 9046 9060 8303
f 9049 9061 9047
f 9047 9061 9059
f 9046 9062 9060
f 9048 9062 9046
f 9049 9063 9061
f 9050 9064 9048
f 9048 9064 9062
f 9051 9065 9049
f 9049 9065 9063
f 9052 9066 9050
f 9054 9066 9052
f 9050 9066 9064
f 9053 9067 9051
f 9055 9067 9053
f 9051 9067 9065
f 9056 9068 9054
f 9054 9068 9066
f 9055 9069 9067
f 9056 9070 9068
f 9071 9072 9058
f 9073 9072 9071
f 9058 9072 9057
f 9057 9072 9055
f 9055 9072 9069
f 9056 9074 9070
f 9061 9074 9059
f 9059 9074 9056
f 9060 9075 8303
f 8303 9075 8304
f 8304 9075 8305
f 9061 9076 9074
f 9062 9077 9060
f 9060 9077 9075
f 9061 9078 9076
f 9063 9078 9061
f 9062 9079 9077
f 9064 9079 9062
f 9063 9080 9078
f 9065 9080 9063
f 9064 9081 9079
f 9066 9081 9064
f 9065 9082 9080
f 9067 9082 9065
f 9066 9083 9081
f 9068 9083 9066
f 9067 9084 9082
f 9069 9084 9067
f 9070 9085 9068
f 9068 9085 9083
f 9074 9085 9070
f 9072 9086 9069
f 9069 9086 9084
f 9073 9086 9072
f 9074 9087 9085
f 8305 9088 8306
f 9075 9088 8305
f 9076 9089 9074
f 9074 9089 9087
f 9077 9090 9075
f 9075 9090 9088
f 9078 9091 9076
f 9076 9091 9089
f 9079 9092 9077
f 9077 9092 9090
f 9080 9093 9078
f 9078 9093 9091
f 9081 9094 9079
f 9083 9094 9081
f 9079 9094 9092
f 9084 9095 9082
f 9080 9095 9093
f 9082 9095 9080
f 9083 9096 9094
f 9084 9097 9095
f 9085 9098 9083
f 9083 9098 9096
f 9084 9099 9097
f 9086 9099 9084
f 9073 9099 9086
f 9100 9099 9073
f 9087 9101 9085
f 9089 9101 9087
f 9085 9101 9098
f 8306 9102 8307
f 9088 9102 8306
f 9091 9103 9089
f 9089 9103 9101
f 9090 9104 9088
f 9092 9104 9090
f 9088 9104 9102
f 9091 9105 9103
f 9092 9106 9104
f 9093 9107 9091
f 9091 9107 9105
f 9094 9108 9092
f 9092 9108 9106
f 9095 9109 9093
f 9093 9109 9107
f 9094 9110 9108
f 9096 9110 9094
f 9098 9110 9096
f 9095 9111 9109
f 9099 9111 9097
f 9097 9111 9095
f 9098 9112 9110
f 9101 9112 9098
f 9099 9113 9111
f 9114 9113 9100
f 9100 9113 9099
f 9101 9115 9112
f 9103 9115 9101
f 9102 9116 8307
f 9103 9117 9115
f 9105 9117 9103
f 9102 9118 9116
f 9104 9118 9102
f 9105 9119 9117
f 9104 9120 9118
f 9106 9120 9104
f 9107 9121 9105
f 9105 9121 9119
f 9108 9122 9106
f 9110 9122 9108
f 9106 9122 9120
f 9109 9123 9107
f 9107 9123 9121
f 9110 9124 9122
f 9111 9125 9109
f 9109 9125 9123
f 9112 9126 9110
f 9115 9126 9112
f 9110 9126 9124
f 9114 9127 9113
f 9111 9127 9125
f 9128 9127 9114
f 9113 9127 9111
f 9117 9129 9115
f 9115 9129 9126
f 9116 9130 8307
f 8307 9130 8308
f 8308 9130 8309
f 9117 9131 9129
f 9116 9132 9130
f 9118 9132 9116
f 9119 9133 9117
f 9121 9133 9119
f 9117 9133 9131
f 9118 9134 9132
f 9120 9134 9118
f 9121 9135 9133
f 9122 9136 9120
f 9120 9136 9134
f 9123 9137 9121
f 9125 9137 9123
f 9121 9137 9135
f 9124 9138 9122
f 9122 9138 9136
f 9125 9139 9137
f 9124 9140 9138
f 9126 9140 9124
f 9125 9141 9139
f 9127 9141 9125
f 9142 9141 9128
f 9128 9141 9127
f 9126 9143 9140
f 9129 9143 9126
f 9130 9144 8309
f 8309 9144 8310
f 9131 9145 9129
f 9129 9145 9143
f 9132 9146 9130
f 9130 9146 9144
f 9131 9147 9145
f 9133 9147 9131
f 9132 9148 9146
f 9134 9148 9132
f 9135 9149 9133
f 9133 9149 9147
f 9134 9150 9148
f 9136 9150 9134
f 9138 9150 9136
f 9135 9151 9149
f 9137 9151 9135
f 9138 9152 9150
f 9137 9153 9151
f 9139 9153 9137
f 9138 9154 9152
f 9140 9154 9138
f 9139 9155 9153
f 9156 9155 9142
f 9157 9155 9156
f 9141 9155 9139
f 9142 9155 9141
f 9145 9158 9143
f 9140 9158 9154
f 9143 9158 9140
f 9144 9159 8310
f 8310 9159 381
f 381 9159 379
f 9145 9160 9158
f 9146 9161 9144
f 9144 9161 9159
f 379 9161 384
f 9159 9161 379
f 384 9161 386
f 9147 9162 9145
f 9145 9162 9160
f 9148 9163 9146
f 9161 9163 386
f 9146 9163 9161
f 9147 9164 9162
f 9149 9164 9147
f 9152 9165 9150
f 386 9165 388
f 9148 9165 9163
f 9163 9165 386
f 9150 9165 9148
f 9151 9166 9149
f 9149 9166 9164
f 9154 9167 9152
f 9165 9167 388
f 388 9167 390
f 390 9167 392
f 9152 9167 9165
f 9153 9168 9151
f 9151 9168 9166
f 9158 9169 9154
f 9167 9169 392
f 9154 9169 9167
f 9153 9170 9168
f 9157 9170 9155
f 9155 9170 9153
f 9171 9170 9157
f 9160 9172 9158
f 392 9172 393
f 393 9172 398
f 9169 9172 392
f 9158 9172 9169
f 398 9173 401
f 9162 9173 9160
f 9172 9173 398
f 9160 9173 9172
f 401 9174 403
f 9173 9174 401
f 9162 9174 9173
f 9164 9175 9162
f 9174 9175 403
f 9162 9175 9174
f 403 9176 407
f 9175 9176 403
f 9166 9176 9164
f 9168 9176 9166
f 9164 9176 9175
f 407 9177 410
f 410 9177 413
f 9176 9177 407
f 9168 9177 9176
f 413 9178 353
f 353 9178 9171
f 9170 9178 9168
f 9171 9178 9170
f 9177 9178 413
f 9168 9178 9177
f 9179 9180 9181
f 9182 9180 9179
f 1 9180 9182
f 9180 9183 9181
f 9184 9183 9185
f 9181 9183 9184
f 9186 9187 9188
f 9185 9187 9186
f 9183 9187 9185
f 9189 9190 9191
f 9188 9190 9189
f 9187 9190 9188
f 1 9192 9180
f 9193 9194 9195
f 9191 9194 9193
f 9190 9194 9191
f 9180 9196 9183
f 9192 9196 9180
f 9197 9198 9199
f 9195 9198 9197
f 9194 9198 9195
f 9196 9200 9183
f 9183 9200 9187
f 9201 9202 9203
f 9199 9202 9201
f 9198 9202 9199
f 9200 9204 9187
f 9187 9204 9190
f 353 9205 1
f 1 9205 9192
f 9206 9207 9208
f 9203 9207 9206
f 9202 9207 9203
f 9190 9209 9194
f 9204 9209 9190
f 9192 9210 9196
f 9205 9210 9192
f 9211 9212 9213
f 9208 9212 9211
f 9207 9212 9208
f 9194 9214 9198
f 9209 9214 9194
f 9210 9215 9196
f 9196 9215 9200
f 9216 9217 9218
f 9213 9217 9216
f 9212 9217 9213
f 9214 9219 9198
f 9198 9219 9202
f 9200 9220 9204
f 9204 9220 9209
f 9215 9220 9200
f 353 9221 9205
f 9222 9223 9224
f 9218 9223 9222
f 9217 9223 9218
f 9202 9225 9207
f 9219 9225 9202
f 9220 9226 9209
f 9205 9227 9210
f 9221 9227 9205
f 9228 9229 9230
f 9224 9229 9228
f 9223 9229 9224
f 9207 9231 9212
f 9225 9231 9207
f 9226 9232 9209
f 9209 9232 9214
f 9214 9232 9219
f 9210 9233 9215
f 9215 9233 9220
f 9227 9233 9210
f 9234 9235 9236
f 9230 9235 9234
f 9229 9235 9230
f 9212 9237 9217
f 9231 9237 9212
f 9232 9238 9219
f 9233 9239 9220
f 9235 9240 9236
f 9241 9240 9242
f 9236 9240 9241
f 353 9243 9221
f 9223 9244 9229
f 9237 9244 9217
f 9217 9244 9223
f 9219 9245 9225
f 9238 9245 9219
f 9239 9246 9220
f 9220 9246 9226
f 9240 9247 9242
f 9248 9247 9249
f 9242 9247 9248
f 9243 9250 9221
f 9221 9250 9227
f 9244 9251 9229
f 9245 9252 9225
f 9225 9252 9231
f 9246 9253 9226
f 9226 9253 9232
f 9247 9254 9249
f 9249 9254 9255
f 9227 9256 9233
f 9233 9256 9239
f 9250 9256 9227
f 9251 9257 9229
f 9235 9257 9240
f 9229 9257 9235
f 9252 9258 9231
f 9231 9258 9237
f 9253 9259 9232
f 9238 9259 9245
f 9232 9259 9238
f 9254 9260 9255
f 9261 9260 9262
f 9255 9260 9261
f 9256 9263 9239
f 9257 9264 9240
f 9156 9265 9157
f 9157 9265 9171
f 9171 9265 353
f 353 9265 9243
f 9237 9266 9244
f 9258 9266 9237
f 9259 9267 9245
f 9268 9269 9270
f 9262 9269 9268
f 9260 9269 9262
f 9239 9271 9246
f 9263 9271 9239
f 9264 9272 9240
f 9240 9272 9247
f 9156 9273 9265
f 9265 9273 9243
f 9243 9273 9250
f 9128 9273 9142
f 9142 9273 9156
f 9244 9274 9251
f 9266 9274 9244
f 9251 9274 9257
f 9245 9275 9252
f 9267 9275 9245
f 9269 9276 9270
f 9277 9276 9278
f 9270 9276 9277
f 9271 9279 9246
f 9246 9279 9253
f 9272 9280 9247
f 9247 9280 9254
f 9250 9281 9256
f 9128 9281 9273
f 9100 9281 9114
f 9114 9281 9128
f 9273 9281 9250
f 9274 9282 9257
f 9275 9283 9252
f 9252 9283 9258
f 9276 9284 9278
f 9285 9284 9286
f 9278 9284 9285
f 9279 9287 9253
f 9253 9287 9259
f 9280 9288 9254
f 9254 9288 9260
f 9260 9288 9269
f 9256 9289 9263
f 9100 9289 9281
f 9071 9289 9073
f 9073 9289 9100
f 9281 9289 9256
f 9257 9290 9264
f 9282 9290 9257
f 9258 9291 9266
f 9266 9291 9274
f 9283 9291 9258
f 9284 9292 9286
f 9293 9292 9294
f 9286 9292 9293
f 9259 9295 9267
f 9287 9295 9259
f 9288 9296 9269
f 9269 9296 9276
f 9263 9297 9271
f 9044 9297 9058
f 9058 9297 9071
f 9071 9297 9289
f 9289 9297 9263
f 9290 9298 9264
f 9264 9298 9272
f 9291 9299 9274
f 9292 9300 9294
f 9301 9300 9302
f 9294 9300 9301
f 9295 9303 9267
f 9267 9303 9275
f 9275 9303 9283
f 9296 9304 9276
f 9016 9305 9030
f 9030 9305 9044
f 9297 9305 9271
f 9044 9305 9297
f 9271 9305 9279
f 9298 9306 9272
f 9272 9306 9280
f 9280 9306 9288
f 9274 9307 9282
f 9282 9307 9290
f 9299 9307 9274
f 9308 9309 9310
f 9302 9309 9308
f 9300 9309 9302
f 9303 9311 9283
f 9276 9312 9284
f 9304 9312 9276
f 9287 9313 9295
f 9016 9313 9305
f 8988 9313 9002
f 9279 9313 9287
f 9002 9313 9016
f 9305 9313 9279
f 9306 9314 9288
f 9307 9315 9290
f 9290 9315 9298
f 9309 9316 9310
f 9317 9316 9318
f 9310 9316 9317
f 9311 9319 9283
f 9283 9319 9291
f 9284 9320 9292
f 9312 9320 9284
f 8988 9321 9313
f 9313 9321 9295
f 8959 9321 8974
f 8974 9321 8988
f 9314 9322 9288
f 9288 9322 9296
f 9315 9323 9298
f 9316 9324 9318
f 9325 9324 9326
f 9318 9324 9325
f 9299 9327 9307
f 9319 9327 9291
f 9291 9327 9299
f 9292 9328 9300
f 9320 9328 9292
f 9295 9329 9303
f 8959 9329 9321
f 8932 9329 8946
f 8946 9329 8959
f 9321 9329 9295
f 9296 9330 9304
f 9322 9330 9296
f 9323 9331 9298
f 9298 9331 9306
f 9324 9332 9326
f 9333 9332 9334
f 9326 9332 9333
f 9327 9335 9307
f 9328 9336 9300
f 9300 9336 9309
f 9303 9337 9311
f 9329 9337 9303
f 8904 9337 8918
f 8918 9337 8932
f 8932 9337 9329
f 9304 9338 9312
f 9330 9338 9304
f 9312 9338 9320
f 9306 9339 9314
f 9331 9339 9306
f 9314 9339 9322
f 9332 9340 9334
f 9341 9340 9342
f 9334 9340 9341
f 9307 9343 9315
f 9335 9343 9307
f 9336 9344 9309
f 9309 9344 9316
f 9311 9345 9319
f 8876 9345 8889
f 8889 9345 8904
f 8904 9345 9337
f 9337 9345 9311
f 9319 9345 9327
f 9338 9346 9320
f 9339 9347 9322
f 9348 9349 9350
f 9342 9349 9348
f 9340 9349 9342
f 9315 9351 9323
f 9343 9351 9315
f 9316 9352 9324
f 9344 9352 9316
f 8876 9353 9345
f 8848 9353 8862
f 8862 9353 8876
f 9345 9353 9327
f 9320 9354 9328
f 9328 9354 9336
f 9346 9354 9320
f 9330 9355 9338
f 9322 9355 9330
f 9347 9355 9322
f 9349 9356 9350
f 9357 9356 9358
f 9350 9356 9357
f 9323 9359 9331
f 9351 9359 9323
f 9324 9360 9332
f 9352 9360 9324
f 9332 9360 9340
f 9353 9361 9327
f 8820 9361 8834
f 8834 9361 8848
f 9327 9361 9335
f 8848 9361 9353
f 9354 9362 9336
f 9355 9363 9338
f 9356 9364 9358
f 9365 9364 9366
f 9358 9364 9365
f 9359 9367 9331
f 9339 9367 9347
f 9331 9367 9339
f 9360 9368 9340
f 9340 9368 9349
f 9361 9369 9335
f 8792 9369 8806
f 8806 9369 8820
f 8820 9369 9361
f 9335 9369 9343
f 9343 9369 9351
f 9336 9370 9344
f 9362 9370 9336
f 9363 9371 9338
f 9338 9371 9346
f 9364 9372 9366
f 9373 9372 128
f 9374 9372 9373
f 9366 9372 9374
f 9367 9375 9347
f 9368 9376 9349
f 9369 9377 9351
f 8792 9377 9369
f 8764 9377 8778
f 8778 9377 8792
f 9344 9378 9352
f 9370 9378 9344
f 9346 9379 9354
f 9371 9379 9346
f 9354 9379 9362
f 9347 9380 9355
f 9375 9380 9347
f 9376 9381 9349
f 9349 9381 9356
f 9351 9382 9359
f 9377 9382 9351
f 8749 9382 8764
f 8764 9382 9377
f 9352 9383 9360
f 9378 9383 9352
f 9360 9383 9368
f 9379 9384 9362
f 9380 9385 9355
f 9355 9385 9363
f 9356 9386 9364
f 9381 9386 9356
f 8749 9387 9382
f 8722 9387 8735
f 8735 9387 8749
f 9382 9387 9359
f 9359 9387 9367
f 9383 9388 9368
f 9384 9389 9362
f 9362 9389 9370
f 9363 9390 9371
f 9385 9390 9363
f 9364 9391 9372
f 9372 9391 128
f 9386 9391 9364
f 8694 9392 8708
f 8708 9392 8722
f 9367 9392 9375
f 9387 9392 9367
f 9375 9392 9380
f 8722 9392 9387
f 9368 9393 9376
f 9388 9393 9368
f 9389 9394 9370
f 9370 9394 9378
f 9390 9395 9371
f 9371 9395 9379
f 9392 9396 9380
f 8666 9396 8680
f 8680 9396 8694
f 8694 9396 9392
f 9380 9396 9385
f 9376 9397 9381
f 9393 9397 9376
f 9394 9398 9378
f 9378 9398 9383
f 9395 9399 9379
f 9379 9399 9384
f 9396 9400 9385
f 8638 9400 8652
f 8652 9400 8666
f 8666 9400 9396
f 9397 9401 9381
f 9381 9401 9386
f 9398 9402 9383
f 9383 9402 9388
f 9399 9403 9384
f 9384 9403 9389
f 8609 9404 8624
f 8624 9404 8638
f 9400 9404 9385
f 8638 9404 9400
f 9390 9404 9395
f 9385 9404 9390
f 9401 9405 9386
f 9391 9405 128
f 9386 9405 9391
f 9402 9406 9388
f 9388 9406 9393
f 9403 9407 9389
f 9389 9407 9394
f 9394 9407 9398
f 8582 9408 8596
f 8596 9408 8609
f 9404 9408 9395
f 8609 9408 9404
f 9397 9409 9401
f 9406 9409 9393
f 9393 9409 9397
f 9407 9410 9398
f 8553 9411 8568
f 8568 9411 8582
f 8582 9411 9408
f 9399 9411 9403
f 9408 9411 9395
f 9395 9411 9399
f 9409 9412 9401
f 9398 9413 9402
f 9410 9413 9398
f 8525 9414 8539
f 8539 9414 8553
f 9411 9414 9403
f 8553 9414 9411
f 128 9415 140
f 9401 9415 9405
f 9405 9415 128
f 9412 9415 9401
f 9402 9416 9406
f 9413 9416 9402
f 9414 9417 9403
f 9403 9417 9407
f 8497 9417 8511
f 8511 9417 8525
f 8525 9417 9414
f 9416 9418 9406
f 9406 9418 9409
f 8470 9419 8483
f 8483 9419 8497
f 9407 9419 9410
f 9410 9419 9413
f 9417 9419 9407
f 8497 9419 9417
f 9409 9420 9412
f 9418 9420 9409
f 8441 9421 8455
f 8455 9421 8470
f 9419 9421 9413
f 8470 9421 9419
f 9415 9422 140
f 9412 9422 9415
f 9420 9422 9412
f 8413 9423 8427
f 8427 9423 8441
f 8441 9423 9421
f 9413 9423 9416
f 9421 9423 9413
f 8385 9424 8399
f 9423 9424 9416
f 8399 9424 8413
f 8413 9424 9423
f 9416 9424 9418
f 9418 9424 9420
f 8357 9425 8371
f 8371 9425 8385
f 8385 9425 9424
f 9424 9425 9420
f 9425 9426 9420
f 140 9426 8329
f 8329 9426 8343
f 8343 9426 8357
f 9422 9426 140
f 9420 9426 9422
f 8357 9426 9425
f 127 4989 128
f 128 4989 9373
f 4989 4990 9373
f 9373 4990 9374
f 4990 4992 9374
f 9374 4992 9366
f 4992 4994 9366
f 9366 4994 9365
f 4994 4995 9365
f 9365 4995 9358
f 4995 4997 9358
f 9358 4997 9357
f 4997 5000 9357
f 9357 5000 9350
f 5000 5001 9350
f 9350 5001 9348
f 5001 5005 9348
f 9348 5005 9342
f 9342 5006 9341
f 5005 5006 9342
f 9341 5008 9334
f 5006 5008 9341
f 9334 5010 9333
f 5008 5010 9334
f 9333 5011 9326
f 5010 5011 9333
f 9326 5014 9325
f 5011 5014 9326
f 9325 5017 9318
f 5014 5017 9325
f 9318 5016 9317
f 5017 5016 9318
f 9317 5015 9310
f 5016 5015 9317
f 5015 5013 9310
f 9310 5013 9308
f 5013 5012 9308
f 9308 5012 9302
f 5012 5009 9302
f 9302 5009 9301
f 5009 5007 9301
f 9301 5007 9294
f 5007 5004 9294
f 9294 5004 9293
f 5004 5003 9293
f 9293 5003 9286
f 5003 5002 9286
f 9286 5002 9285
f 5002 4999 9285
f 9285 4999 9278
f 4999 4998 9278
f 9278 4998 9277
f 4998 4996 9277
f 9277 4996 9270
f 4996 4993 9270
f 9270 4993 9268
f 4993 4991 9268
f 9268 4991 9262
f 4991 4988 9262
f 9262 4988 9261
f 4988 4987 9261
f 9261 4987 9255
f 4987 4986 9255
f 9255 4986 9249
f 4986 4984 9249
f 9249 4984 9248
f 4984 4982 9248
f 9248 4982 9242
f 4982 4980 9242
f 9242 4980 9241
f 4980 4978 9241
f 9241 4978 9236
f 9236 4976 9234
f 4978 4976 9236
f 9234 4973 9230
f 4976 4973 9234
f 9230 4971 9228
f 4973 4971 9230
f 9228 4969 9224
f 4971 4969 9228
f 9224 4968 9222
f 4969 4968 9224
f 9222 4966 9218
f 4968 4966 9222
f 4966 4964 9218
f 9218 4964 9216
f 4964 4962 9216
f 9216 4962 9213
f 9213 4960 9211
f 4962 4960 9213
f 9211 4958 9208
f 4960 4958 9211
f 9208 4956 9206
f 4958 4956 9208
f 9206 4954 9203
f 4956 4954 9206
f 9203 4952 9201
f 9201 4952 9199
f 4954 4952 9203
f 4952 4950 9199
f 9199 4948 9197
f 4950 4948 9199
f 9197 4946 9195
f 4948 4946 9197
f 9195 4944 9193
f 4946 4944 9195
f 9193 4942 9191
f 4944 4942 9193
f 9191 4940 9189
f 4942 4940 9191
f 9189 4938 9188
f 4940 4938 9189
f 9188 4936 9186
f 4938 4936 9188
f 9186 4934 9185
f 4936 4934 9186
f 9185 4932 9184
f 4934 4932 9185
f 9184 4930 9181
f 4932 4930 9184
f 9181 4928 9179
f 4930 4928 9181
f 9179 4926 9182
f 9182 4926 1
f 4928 4926 9179
f 4926 2 1
f 9427 9428 2632
f 9427 2632 2634
f 9429 9430 2428
f 2428 9430 2437
f 2437 9431 2444
f 9430 9431 2437
f 2444 9432 2453
f 9431 9432 2444
f 2453 9433 2460
f 9432 9433 2453
f 2460 9434 2468
f 9433 9434 2460
f 2468 9435 2477
f 9434 9435 2468
f 2477 9436 2490
f 9435 9436 2477
f 2490 9437 2498
f 9436 9437 2490
f 2498 9438 2506
f 9437 9438 2498
f 2506 9439 2515
f 9438 9439 2506
f 9439 9440 2515
f 2515 9440 2521
f 2521 9440 2530
f 9440 9441 2530
f 2530 9441 2538
f 9441 9442 2538
f 2538 9442 2547
f 9442 9443 2547
f 2547 9443 2556
f 9443 9444 2556
f 2556 9444 2563
f 9444 9445 2563
f 2563 9445 2572
f 9445 9446 2572
f 2572 9446 2580
f 9446 9447 2580
f 2580 9447 2587
f 9447 9448 2587
f 2587 9448 2595
f 9448 9449 2595
f 2595 9449 2596
f 9449 9450 2596
f 2596 9450 2605
f 9450 9451 2605
f 2605 9451 2612
f 9451 9452 2612
f 2612 9452 2621
f 2621 9453 2629
f 9452 9453 2621
f 9453 9454 2629
f 2629 9427 2634
f 9454 9427 2629
f 9455 9429 2428
f 9455 2428 2427
f 2435 9455 2427
f 9456 9455 2435
f 9457 2435 2442
f 9457 9456 2435
f 9458 2442 2451
f 9458 9457 2442
f 9459 2451 2458
f 9459 9458 2451
f 9460 2458 2466
f 9460 9459 2458
f 9461 2466 2475
f 9461 9460 2466
f 9462 2475 2482
f 9462 9461 2475
f 9463 2482 2491
f 9463 9462 2482
f 9464 2491 2499
f 9464 9463 2491
f 9465 2499 2507
f 9465 9464 2499
f 9466 2507 2516
f 9466 2516 2522
f 9466 9465 2507
f 9467 9466 2522
f 9467 2522 2531
f 9468 9467 2531
f 9468 2531 2539
f 9469 2539 2542
f 9469 9468 2539
f 9470 2542 2551
f 9470 9469 2542
f 9471 2551 2559
f 9471 9470 2551
f 9472 2559 2567
f 9472 9471 2559
f 9473 2567 2576
f 9473 9472 2567
f 9474 2576 2582
f 9474 9473 2576
f 9475 2582 2590
f 9475 9474 2582
f 9476 2590 2600
f 9476 9475 2590
f 9477 9476 2600
f 9477 2600 2607
f 9478 2607 2616
f 9478 9477 2607
f 9479 2616 2623
f 9479 9478 2616
f 9480 9479 2623
f 9428 2623 2632
f 9428 9480 2623
f 9430 9429 9455
f 9430 9455 9456
f 9431 9456 9457
f 9431 9430 9456
f 9432 9457 9458
f 9432 9431 9457
f 9433 9458 9459
f 9433 9432 9458
f 9434 9459 9460
f 9434 9433 9459
f 9435 9460 9461
f 9435 9461 9462
f 9435 9434 9460
f 9436 9435 9462
f 9437 9462 9463
f 9437 9436 9462
f 9438 9463 9464
f 9438 9437 9463
f 9439 9464 9465
f 9439 9438 9464
f 9440 9465 9466
f 9440 9439 9465
f 9441 9440 9466
f 9441 9466 9467
f 9442 9441 9467
f 9442 9467 9468
f 9443 9468 9469
f 9443 9442 9468
f 9444 9469 9470
f 9444 9443 9469
f 9445 9470 9471
f 9445 9444 9470
f 9446 9471 9472
f 9446 9445 9471
f 9447 9472 9473
f 9447 9446 9472
f 9448 9473 9474
f 9448 9474 9475
f 9448 9447 9473
f 9449 9475 9476
f 9449 9448 9475
f 9450 9449 9476
f 9451 9476 9477
f 9451 9450 9476
f 9452 9477 9478
f 9452 9451 9477
f 9453 9478 9479
f 9453 9452 9478
f 9454 9479 9480
f 9454 9453 9479
f 9427 9480 9428
f 9427 9454 9480
f 9481 9482 2422
f 9481 2422 2429
f 9483 2429 2438
f 9483 9481 2429
f 9484 2438 2445
f 9484 9483 2438
f 9485 2445 2454
f 9485 9484 2445
f 9486 2454 2461
f 9486 9485 2454
f 9487 2461 2469
f 9487 9486 2461
f 9488 2469 2478
f 9488 9487 2469
f 9489 2478 2484
f 9489 9488 2478
f 9490 2484 2493
f 9490 9489 2484
f 9491 2493 2500
f 9491 9490 2493
f 9492 9491 2500
f 9492 2500 2509
f 9492 2509 2517
f 9493 9492 2517
f 9493 2517 2524
f 9494 9493 2524
f 9494 2524 2533
f 9495 9494 2533
f 9495 2533 2540
f 9496 9495 2540
f 9496 2540 2548
f 9497 9496 2548
f 9497 2548 2557
f 9498 9497 2557
f 9498 2557 2564
f 9499 9498 2564
f 9499 2564 2573
f 9500 9499 2573
f 9500 2573 2581
f 9501 9500 2581
f 9501 2581 2588
f 9502 9501 2588
f 9502 2588 2597
f 9503 2597 2606
f 9503 9502 2597
f 9504 9503 2606
f 9504 2606 2613
f 9505 2613 2622
f 9505 9504 2613
f 9506 9505 2622
f 9506 2622 2630
f 9507 9506 2630
f 9482 9508 2423
f 9482 2423 2422
f 9508 2436 2423
f 9508 9509 2436
f 2436 9510 2443
f 9509 9510 2436
f 2443 9511 2452
f 9510 9511 2443
f 2452 9512 2459
f 9511 9512 2452
f 2459 9513 2467
f 9512 9513 2459
f 2467 9514 2476
f 9513 9514 2467
f 2476 9515 2483
f 9514 9515 2476
f 2483 9516 2492
f 9515 9516 2483
f 2492 9517 2494
f 9516 9517 2492
f 2494 9518 2508
f 9517 9518 2494
f 2508 9519 2510
f 2510 9519 2523
f 9518 9519 2508
f 9519 9520 2523
f 2523 9520 2532
f 9520 9521 2532
f 2532 9521 2534
f 2534 9522 2543
f 9521 9522 2534
f 2543 9523 2552
f 9522 9523 2543
f 2552 9524 2558
f 9523 9524 2552
f 2558 9525 2568
f 9524 9525 2558
f 2568 9526 2574
f 9525 9526 2568
f 2574 9527 2583
f 9526 9527 2574
f 2583 9528 2591
f 9527 9528 2583
f 2591 9529 2601
f 9528 9529 2591
f 9529 9530 2601
f 2601 9530 2608
f 2608 9531 2617
f 9530 9531 2608
f 2617 9532 2624
f 9531 9532 2617
f 9532 9533 2624
f 2624 9534 2631
f 9533 9534 2624
f 9534 9507 2630
f 9534 2630 2631
f 9509 9508 9482
f 9509 9482 9481
f 9510 9481 9483
f 9510 9509 9481
f 9511 9483 9484
f 9511 9510 9483
f 9512 9484 9485
f 9512 9511 9484
f 9513 9485 9486
f 9513 9512 9485
f 9514 9486 9487
f 9514 9513 9486
f 9515 9487 9488
f 9515 9514 9487
f 9516 9488 9489
f 9516 9515 9488
f 9517 9489 9490
f 9517 9490 9491
f 9517 9516 9489
f 9518 9517 9491
f 9519 9518 9491
f 9519 9491 9492
f 9520 9519 9492
f 9520 9492 9493
f 9521 9520 9493
f 9521 9493 9494
f 9522 9521 9494
f 9522 9494 9495
f 9523 9522 9495
f 9523 9495 9496
f 9524 9523 9496
f 9524 9496 9497
f 9525 9524 9497
f 9525 9497 9498
f 9525 9498 9499
f 9526 9525 9499
f 9526 9499 9500
f 9527 9526 9500
f 9528 9527 9500
f 9528 9500 9501
f 9529 9528 9501
f 9529 9501 9502
f 9529 9502 9503
f 9530 9529 9503
f 9530 9503 9504
f 9531 9530 9504
f 9532 9504 9505
f 9532 9531 9504
f 9533 9505 9506
f 9533 9532 9505
f 9534 9533 9506
f 9534 9506 9507
f 9535 9536 2418
f 9535 2418 2425
f 9537 2425 2432
f 9537 9535 2425
f 9538 2432 2440
f 9538 9537 2432
f 9539 2440 2448
f 9539 9538 2440
f 9540 2448 2456
f 9540 9539 2448
f 9541 2456 2464
f 9541 9540 2456
f 9542 2464 2472
f 9542 9541 2464
f 9543 2472 2480
f 9543 9542 2472
f 9544 2480 2488
f 9544 9543 2480
f 9545 2488 2496
f 9545 9544 2488
f 9546 9545 2496
f 9546 2496 2504
f 9546 2504 2513
f 9547 9546 2513
f 9547 2513 2519
f 9548 9547 2519
f 9548 2519 2528
f 9549 9548 2528
f 9549 2528 2536
f 9550 9549 2536
f 9550 2536 2545
f 9551 9550 2545
f 9551 2545 2554
f 9552 9551 2554
f 9552 2554 2561
f 9553 9552 2561
f 9553 2561 2570
f 9554 9553 2570
f 9554 2570 2578
f 9555 9554 2578
f 9555 2578 2585
f 9556 9555 2585
f 9556 2585 2593
f 9557 2593 2603
f 9557 9556 2593
f 9558 9557 2603
f 9558 2603 2610
f 9559 2610 2619
f 9559 9558 2610
f 9560 9559 2619
f 9560 2619 2626
f 9561 9560 2626
f 9536 9562 2421
f 9536 2421 2418
f 9562 2430 2421
f 9562 9563 2430
f 2430 9564 2434
f 9563 9564 2430
f 2434 9565 2446
f 9564 9565 2434
f 2446 9566 2450
f 9565 9566 2446
f 2450 9567 2462
f 9566 9567 2450
f 2462 9568 2470
f 9567 9568 2462
f 2470 9569 2474
f 9568 9569 2470
f 2474 9570 2485
f 9569 9570 2474
f 2485 9571 2486
f 9570 9571 2485
f 2486 9572 2501
f 9571 9572 2486
f 2501 9573 2502
f 2502 9573 2511
f 9572 9573 2501
f 9573 9574 2511
f 2511 9574 2525
f 9574 9575 2525
f 2525 9575 2526
f 2526 9576 2541
f 9575 9576 2526
f 2541 9577 2549
f 9576 9577 2541
f 2549 9578 2550
f 9577 9578 2549
f 2550 9579 2565
f 9578 9579 2550
f 2565 9580 2566
f 9579 9580 2565
f 2566 9581 2575
f 9580 9581 2566
f 2575 9582 2589
f 9581 9582 2575
f 2589 9583 2598
f 9582 9583 2589
f 9583 9584 2598
f 2598 9584 2599
f 2599 9585 2614
f 9584 9585 2599
f 2614 9586 2615
f 9585 9586 2614
f 9586 9587 2615
f 2615 9588 2627
f 9587 9588 2615
f 9588 9561 2626
f 9588 2626 2627
f 9563 9562 9536
f 9563 9536 9535
f 9564 9535 9537
f 9564 9563 9535
f 9565 9537 9538
f 9565 9564 9537
f 9566 9538 9539
f 9566 9565 9538
f 9567 9539 9540
f 9567 9566 9539
f 9568 9540 9541
f 9568 9567 9540
f 9569 9541 9542
f 9569 9568 9541
f 9570 9542 9543
f 9570 9569 9542
f 9571 9543 9544
f 9571 9570 9543
f 9572 9544 9545
f 9572 9571 9544
f 9573 9545 9546
f 9573 9572 9545
f 9574 9573 9546
f 9574 9546 9547
f 9575 9574 9547
f 9575 9547 9548
f 9576 9575 9548
f 9576 9548 9549
f 9576 9549 9550
f 9577 9576 9550
f 9578 9577 9550
f 9578 9550 9551
f 9579 9578 9551
f 9579 9551 9552
f 9579 9552 9553
f 9580 9579 9553
f 9581 9580 9553
f 9581 9553 9554
f 9582 9581 9554
f 9582 9554 9555
f 9583 9582 9555
f 9583 9555 9556
f 9583 9556 9557
f 9584 9583 9557
f 9585 9584 9557
f 9585 9557 9558
f 9585 9558 9559
f 9586 9585 9559
f 9586 9559 9560
f 9587 9586 9560
f 9588 9560 9561
f 9588 9587 9560
# Vertices: 9588, normals: 0, texture coordinates: 0, faces: 19172

