# File generated by ImageToStl.com - Free Image and 3D model conversion tools

o obj1
v 9.17684841 -9.93602562 -48.45050049
v 8.68398476 -10.36954975 -51.87950134
v 9.17684841 -9.93602562 -51.87950134
v 8.68398476 -10.36954975 -48.45050049
v 9.64809895 -9.47910023 -48.45050049
v 9.64809895 -9.47910023 -51.87950134
v 10.09662724 -8.99984837 -48.45050049
v 10.09662724 -8.99984837 -51.87950134
v 10.5213747 -8.49940109 -48.45050049
v 10.5213747 -8.49940109 -51.87950134
v 10.92134285 -7.9789362 -48.45050049
v 10.92134285 -7.9789362 -51.87950134
v 11.29558849 -7.43967915 -48.45050049
v 11.29558849 -7.43967915 -51.87950134
v 11.64323139 -6.88289976 -48.45050049
v 11.64323139 -6.88289976 -51.87950134
v 11.96345234 -6.30990982 -48.45050049
v 11.96345234 -6.30990982 -51.87950134
v 12.25549603 -5.72205925 -48.45050049
v 12.25549603 -5.72205925 -51.87950134
v 12.51867676 -5.12073183 -48.45050049
v 12.51867676 -5.12073183 -51.87950134
v 12.75237274 -4.50734377 -48.45050049
v 12.75237274 -4.50734377 -51.87950134
v 12.95603371 -3.88334036 -51.87950134
v 12.95603371 -3.88334036 -48.45050049
v 13.12918186 -3.25019073 -48.45050049
v 13.12918186 -3.25019073 -51.87950134
v 13.27140713 -2.60938621 -48.45050049
v 13.27140713 -2.60938621 -51.87950134
v 13.38237667 -1.9624362 -48.45050049
v 13.38237667 -1.9624362 -51.87950134
v 13.46182728 -1.31086421 -48.45050049
v 13.46182728 -1.31086421 -51.87950134
v 13.50957203 -0.65620482 -48.45050049
v 13.50957203 -0.65620482 -51.87950134
v 13.5255003 0 -48.45050049
v 13.5255003 0 -51.87950134
v 9.00588894 0.44750041 29.33699989
v 9.0170002 0 -48.45050049
v 9.00579071 0.44946036 -48.45050049
v 9.0170002 0 29.33699989
v 8.97258282 0.89389795 29.33699989
v 8.97219276 0.89780325 -48.45050049
v 8.9171629 1.33809245 29.33699989
v 8.91628742 1.34391415 -48.45050049
v 8.83976746 1.7789892 29.33699989
v 8.83821487 1.7866838 -48.45050049
v 8.74058628 2.21550179 29.33699989
v 8.73816967 2.22501135 -48.45050049
v 8.61986351 2.64655399 29.33699989
v 8.61639977 2.65780735 -48.45050049
v 8.47789669 3.07108378 29.33699989
v 8.47320843 3.08399558 -48.45050049
v 8.31503677 3.48804498 29.33699989
v 8.30895138 3.50251651 -48.45050049
v 8.13168335 3.89640975 29.33699989
v 8.12403584 3.91232967 -48.45050049
v 7.92829037 4.29517174 29.33699989
v 7.91892385 4.31241608 -48.45050049
v 7.70535755 4.68334866 29.33699989
v 7.69412374 4.70178127 -48.45050049
v 7.46343517 5.05998278 29.33699989
v 7.45019484 5.07945681 -48.45050049
v 7.2031188 5.42414713 29.33699989
v 7.18774366 5.44450426 -48.45050049
v 6.92505026 5.77494335 29.33699989
v 6.90742254 5.79601574 -48.45050049
v 6.62991476 6.11150694 29.33699989
v 6.60992861 6.13311768 -48.45050049
v 6.31843996 6.43300915 29.33699989
v 6.29600143 6.45497131 -48.45050049
v 5.99139309 6.738657 29.33699989
v 5.96642113 6.760777 -48.45050049
v 5.64958096 7.02769709 29.33699989
v 5.62200737 7.04977465 -48.45050049
v 5.2938447 7.2994175 29.33699989
v 5.26361656 7.32124519 -48.45050049
v 4.54414177 7.78826475 -27.49550056
v 4.89213943 7.57451391 -48.45050049
v 4.5085001 7.8089509 -48.45050049
v 4.54414177 7.78826475 -27.1779995
v 4.54414177 7.78826475 -26.36520004
v 4.54414177 7.78826475 -26.04770088
v 4.54414177 7.78826475 -25.23489952
v 4.54414177 7.78826475 -24.91740036
v 4.54414177 7.78826475 -24.10460091
v 4.54414177 7.78826475 -23.78709984
v 4.54414177 7.78826475 -22.97430038
v 4.54414177 7.78826475 -22.65679932
v 4.54414177 7.78826475 -21.84399986
v 4.54414177 7.78826475 -21.5265007
v 4.54414177 7.78826475 -20.71369934
v 4.54414177 7.78826475 -20.39620018
v 4.54414177 7.78826475 -19.58340073
v 4.54414177 7.78826475 -19.26589966
v 4.54414177 7.78826475 -18.4531002
v 4.54414177 7.78826475 -18.13559914
v 4.54414177 7.78826475 -17.32279968
v 4.54414177 7.78826475 -17.00530052
v 4.54414177 7.78826475 -16.19249916
v 4.54414177 7.78826475 -15.875
v 4.54414177 7.78826475 -15.06219959
v 4.54414177 7.78826475 -14.74470043
v 4.54414177 7.78826475 -13.93190002
v 4.54414177 7.78826475 -13.61439991
v 4.54414177 7.78826475 -12.80160046
v 4.54414177 7.78826475 -12.48410034
v 4.54414177 7.78826475 -11.67129993
v 4.54414177 7.78826475 -11.35379982
v 4.54414177 7.78826475 -10.54100037
v 4.54414177 7.78826475 -10.22350025
v 4.54414177 7.78826475 -9.41069984
v 4.92506218 7.55314827 29.33699989
v 4.54414177 7.78826475 -9.09319973
v 4.54414177 7.78826475 -8.28040028
v 4.54414177 7.78826475 -7.96290016
v 4.54414177 7.78826475 -7.15010023
v 4.54414177 7.78826475 -6.83260012
v 4.54414177 7.78826475 -6.01980019
v 4.54414177 7.78826475 -5.70230007
v 4.54414177 7.78826475 -4.88950014
v 4.54414177 7.78826475 -4.57200003
v 4.54414177 7.78826475 -3.7592001
v 4.54414177 7.78826475 -3.44169998
v 4.54414177 7.78826475 -2.62890005
v 4.54414177 7.78826475 -2.31139994
v 4.54414177 7.78826475 -1.49860001
v 4.54414177 7.78826475 -1.18110001
v 4.54414177 7.78826475 -0.36829999
v 4.54414177 7.78826475 -0.0508
v 4.54414177 7.78826475 0.76200002
v 4.54414177 7.78826475 1.07949996
v 4.54414177 7.78826475 1.89230001
v 4.54414177 7.78826475 2.2098
v 4.54414177 7.78826475 3.02259994
v 4.54414177 7.78826475 3.34010005
v 4.54414177 7.78826475 4.15290022
v 4.54414177 7.78826475 4.47039986
v 4.54414177 7.78826475 5.28319979
v 4.54414177 7.78826475 5.6006999
v 4.54414177 7.78826475 6.41349983
v 4.54414177 7.78826475 6.73099995
v 4.54414177 7.78826475 7.54379988
v 4.54414177 7.78826475 7.86129999
v 4.54414177 7.78826475 8.67409992
v 4.54414177 7.78826475 8.99160004
v 4.54414177 7.78826475 9.80440044
v 4.16509151 7.99739313 -27.49550056
v 4.11365128 8.02397442 -48.45050049
v 4.54414177 7.78826475 10.1218996
v 4.17362261 7.99294472 -26.36520004
v 4.54414177 7.78826475 10.93470001
v 4.54414177 7.78826475 11.25220013
v 4.17362261 7.99294472 -25.23489952
v 4.17362261 7.99294472 -26.04770088
v 4.54414177 7.78826475 12.06499958
v 4.54414177 7.78826475 12.38249969
v 4.17362261 7.99294472 -24.10460091
v 4.17362261 7.99294472 -24.91740036
v 4.54414177 7.78826475 13.1953001
v 4.54414177 7.78826475 13.51280022
v 4.17362261 7.99294472 -22.97430038
v 4.17362261 7.99294472 -23.78709984
v 4.17362261 7.99294472 -22.65679932
v 4.54414177 7.78826475 14.32559967
v 4.54414177 7.78826475 14.64309978
v 4.54414177 7.78826475 15.45590019
v 4.54414177 7.78826475 15.77340031
v 4.17362261 7.99294472 -20.71369934
v 4.54414177 7.78826475 16.58620071
v 4.54414177 7.78826475 16.90369987
v 4.17362261 7.99294472 -19.58340073
v 4.17362261 7.99294472 -20.39620018
v 4.54414177 7.78826475 17.71649933
v 4.54414177 7.78826475 18.0340004
v 4.17362261 7.99294472 -18.4531002
v 4.17362261 7.99294472 -19.26589966
v 4.54414177 7.78826475 18.84679985
v 4.54414177 7.78826475 19.16430092
v 4.17362261 7.99294472 -17.32279968
v 4.17362261 7.99294472 -18.13559914
v 4.17362261 7.99294472 -17.00530052
v 4.54414177 7.78826475 19.97710037
v 4.54414177 7.78826475 20.29459953
v 4.54414177 7.78826475 21.10740089
v 4.54414177 7.78826475 21.42490005
v 4.17362261 7.99294472 -15.06219959
v 4.54414177 7.78826475 22.23769951
v 4.54414177 7.78826475 22.55520058
v 4.17362261 7.99294472 -13.93190002
v 4.17362261 7.99294472 -14.74470043
v 4.54414177 7.78826475 23.36800003
v 4.54414177 7.78826475 23.68549919
v 4.17362261 7.99294472 -12.80160046
v 4.17362261 7.99294472 -13.61439991
v 4.17362261 7.99294472 -12.48410034
v 4.54414177 7.78826475 24.49830055
v 4.54414177 7.78826475 24.81579971
v 4.17362261 7.99294472 -11.67129993
v 4.17362261 7.99294472 -11.35379982
v 4.54414177 7.78826475 25.62859917
v 4.54414177 7.78826475 25.94610023
v 4.54414177 7.78826475 26.75889969
v 4.54414177 7.78826475 27.07640076
v 4.17362261 7.99294472 -9.41069984
v 4.54414177 7.78826475 27.88920021
v 4.54414177 7.78826475 28.20669937
v 4.17362261 7.99294472 -8.28040028
v 4.17362261 7.99294472 -9.09319973
v 4.54414177 7.78826475 29.01950073
v 4.54414177 7.78826475 29.33699989
v 4.17362261 7.99294472 -7.15010023
v 4.17362261 7.99294472 -7.96290016
v 4.17362261 7.99294472 -6.83260012
v 4.17362261 7.99294472 -6.01980019
v 4.17362261 7.99294472 -5.70230007
v 4.17362261 7.99294472 -3.7592001
v 4.17362261 7.99294472 -2.62890005
v 4.17362261 7.99294472 -3.44169998
v 4.17362261 7.99294472 -1.49860001
v 4.17362261 7.99294472 -2.31139994
v 4.17362261 7.99294472 -0.36829999
v 4.17362261 7.99294472 -1.18110001
v 4.17362261 7.99294472 -0.0508
v 4.17362261 7.99294472 1.89230001
v 4.17362261 7.99294472 3.02259994
v 4.17362261 7.99294472 2.2098
v 4.17362261 7.99294472 4.15290022
v 4.17362261 7.99294472 3.34010005
v 4.17362261 7.99294472 4.47039986
v 4.17362261 7.99294472 5.28319979
v 4.17362261 7.99294472 5.6006999
v 4.17362261 7.99294472 7.54379988
v 4.17362261 7.99294472 8.67409992
v 4.17362261 7.99294472 7.86129999
v 4.17362261 7.99294472 9.80440044
v 4.17362261 7.99294472 8.99160004
v 4.17362261 7.99294472 10.93470001
v 4.17362261 7.99294472 10.1218996
v 4.17362261 7.99294472 11.25220013
v 4.17362261 7.99294472 13.1953001
v 4.17362261 7.99294472 14.32559967
v 4.17362261 7.99294472 13.51280022
v 4.17362261 7.99294472 15.45590019
v 4.17362261 7.99294472 14.64309978
v 4.17362261 7.99294472 16.58620071
v 4.17362261 7.99294472 15.77340031
v 4.17362261 7.99294472 16.90369987
v 4.17362261 7.99294472 18.84679985
v 4.17362261 7.99294472 19.97710037
v 4.17362261 7.99294472 19.16430092
v 4.17362261 7.99294472 21.10740089
v 4.17362261 7.99294472 20.29459953
v 4.17362261 7.99294472 22.23769951
v 4.17362261 7.99294472 21.42490005
v 4.17362261 7.99294472 22.55520058
v 4.17362261 7.99294472 24.49830055
v 4.17362261 7.99294472 25.62859917
v 4.17362261 7.99294472 24.81579971
v 4.17362261 7.99294472 26.75889969
v 4.17362261 7.99294472 25.94610023
v 4.17362261 7.99294472 27.07640076
v 4.17362261 7.99294472 27.88920021
v 4.17362261 7.99294472 28.20669937
v 3.7764411 8.18808746 29.01950073
v 4.16509151 7.99739313 29.01950073
v 3.79390597 8.18000984 28.20669937
v 3.37908578 8.3599081 29.01950073
v 3.40582871 8.34904861 28.20669937
v 2.97394133 8.5124588 29.01950073
v 3.0102458 8.4996891 28.20669937
v 2.5619421 8.6453886 29.01950073
v 2.60802889 8.63159752 28.20669937
v 1.72119069 8.85120296 -27.49550056
v 2.00647116 8.79092503 -48.45050049
v 1.56578565 8.88001156 -48.45050049
v 2.14403749 8.75838947 29.01950073
v 2.20006466 8.74448395 28.20669937
v 1.29437649 8.92361355 -27.49550056
v 1.12120724 8.94702053 -48.45050049
v 1.72119069 8.85120296 29.01950073
v 1.78725219 8.83810043 28.20669937
v 0.86457884 8.97545528 -27.49550056
v 0.67384124 8.99178696 -48.45050049
v 1.29437649 8.92361355 29.01950073
v 1.37050104 8.91224003 28.20669937
v 0.43278819 9.00660801 -27.49550056
v 0.22480005 9.01419735 -48.45050049
v 0.86457884 8.97545528 29.01950073
v 0.95072955 8.9667387 28.20669937
v -0 9.0170002 -27.49550056
v -0.22480005 9.01419735 -48.45050049
v 0.43278819 9.00660801 29.01950073
v 0.52886295 9.00147724 28.20669937
v -0.43278819 9.00660801 -27.49550056
v -0.67384124 8.99178696 -48.45050049
v -0.43278819 9.00660801 -27.1779995
v -0.3174344 9.01141071 -25.23489952
v -0.3174344 9.01141071 -26.04770088
v -0.3174344 9.01141071 -24.91740036
v -0.3174344 9.01141071 -26.36520004
v -0.43278819 9.00660801 -21.84399986
v -0.3174344 9.01141071 -22.97430038
v -0.3174344 9.01141071 -23.78709984
v -0.3174344 9.01141071 -22.65679932
v -0.3174344 9.01141071 -24.10460091
v -0.43278819 9.00660801 -21.5265007
v -0.3174344 9.01141071 -19.26589966
v -0.3174344 9.01141071 -19.58340073
v -0.3174344 9.01141071 -20.39620018
v -0.3174344 9.01141071 -20.71369934
v -0.43278819 9.00660801 -16.19249916
v -0.3174344 9.01141071 -18.13559914
v -0.3174344 9.01141071 -18.4531002
v -0.3174344 9.01141071 -17.32279968
v -0.3174344 9.01141071 -17.00530052
v -0.43278819 9.00660801 -15.875
v -0.3174344 9.01141071 -14.74470043
v -0.3174344 9.01141071 -15.06219959
v -0.3174344 9.01141071 -13.93190002
v -0.3174344 9.01141071 -13.61439991
v -0.43278819 9.00660801 -10.54100037
v -0.3174344 9.01141071 -11.67129993
v -0.3174344 9.01141071 -12.48410034
v -0.3174344 9.01141071 -11.35379982
v -0.3174344 9.01141071 -12.80160046
v -0.43278819 9.00660801 -10.22350025
v -0.3174344 9.01141071 -7.96290016
v -0.3174344 9.01141071 -8.28040028
v -0.3174344 9.01141071 -9.09319973
v -0.3174344 9.01141071 -9.41069984
v -0 9.0170002 29.01950073
v 0.1058309 9.01637936 28.20669937
v -0.43278819 9.00660801 -4.88950014
v -0.3174344 9.01141071 -6.83260012
v -0.3174344 9.01141071 -7.15010023
v -0.3174344 9.01141071 -6.01980019
v -0.3174344 9.01141071 -5.70230007
v -0.43278819 9.00660801 -4.57200003
v -0.3174344 9.01141071 -3.44169998
v -0.3174344 9.01141071 -3.7592001
v -0.3174344 9.01141071 -1.49860001
v -0.3174344 9.01141071 -2.31139994
v -0.3174344 9.01141071 -2.62890005
v -0.43278819 9.00660801 0.76200002
v -0.3174344 9.01141071 -0.0508
v -0.3174344 9.01141071 -0.36829999
v -0.3174344 9.01141071 -1.18110001
v -0.43278819 9.00660801 1.07949996
v -0.3174344 9.01141071 3.34010005
v -0.3174344 9.01141071 3.02259994
v -0.3174344 9.01141071 2.2098
v -0.3174344 9.01141071 1.89230001
v -0.43278819 9.00660801 6.41349983
v -0.3174344 9.01141071 4.47039986
v -0.3174344 9.01141071 4.15290022
v -0.3174344 9.01141071 5.28319979
v -0.3174344 9.01141071 5.6006999
v -0.43278819 9.00660801 6.73099995
v -0.3174344 9.01141071 7.86129999
v -0.3174344 9.01141071 7.54379988
v -0.3174344 9.01141071 8.67409992
v -0.3174344 9.01141071 8.99160004
v -0.86457884 8.97545528 -27.49550056
v -1.12120724 8.94702053 -48.45050049
v -0.43278819 9.00660801 12.06499958
v -0.3174344 9.01141071 11.25220013
v -0.3174344 9.01141071 10.93470001
v -0.3174344 9.01141071 10.1218996
v -0.3174344 9.01141071 9.80440044
v -0.43278819 9.00660801 12.38249969
v -0.3174344 9.01141071 14.32559967
v -0.3174344 9.01141071 13.51280022
v -0.3174344 9.01141071 14.64309978
v -0.3174344 9.01141071 13.1953001
v -0.86457884 8.97545528 -21.84399986
v -0.86457884 8.97545528 -27.1779995
v -0.43278819 9.00660801 17.71649933
v -0.3174344 9.01141071 15.45590019
v -0.3174344 9.01141071 15.77340031
v -0.3174344 9.01141071 16.58620071
v -0.3174344 9.01141071 16.90369987
v -0.43278819 9.00660801 18.0340004
v -0.3174344 9.01141071 19.16430092
v -0.3174344 9.01141071 18.84679985
v -0.3174344 9.01141071 19.97710037
v -0.3174344 9.01141071 20.29459953
v -0.86457884 8.97545528 -16.19249916
v -0.86457884 8.97545528 -21.5265007
v -0.43278819 9.00660801 23.36800003
v -0.3174344 9.01141071 22.55520058
v -0.3174344 9.01141071 22.23769951
v -0.3174344 9.01141071 21.10740089
v -0.3174344 9.01141071 21.42490005
v -0.43278819 9.00660801 23.68549919
v -0.3174344 9.01141071 25.94610023
v -0.3174344 9.01141071 25.62859917
v -0.3174344 9.01141071 24.81579971
v -0.3174344 9.01141071 24.49830055
v -0.86457884 8.97545528 -10.54100037
v -0.86457884 8.97545528 -15.875
v -0.43278819 9.00660801 29.01950073
v -0.3174344 9.01141071 27.07640076
v -0.3174344 9.01141071 26.75889969
v -0.3174344 9.01141071 27.88920021
v -0.3174344 9.01141071 28.20669937
v -0.86457884 8.97545528 -4.88950014
v -0.86457884 8.97545528 -10.22350025
v -0.86457884 8.97545528 0.76200002
v -0.86457884 8.97545528 -4.57200003
v -0.86457884 8.97545528 6.41349983
v -0.86457884 8.97545528 1.07949996
v -1.29437649 8.92361355 -27.49550056
v -0.86457884 8.97545528 12.06499958
v -0.86457884 8.97545528 6.73099995
v -1.56578565 8.88001156 -48.45050049
v -1.29437649 8.92361355 -21.84399986
v -1.29437649 8.92361355 -27.1779995
v -0.86457884 8.97545528 17.71649933
v -0.86457884 8.97545528 12.38249969
v -1.29437649 8.92361355 -16.19249916
v -1.29437649 8.92361355 -21.5265007
v -0.86457884 8.97545528 23.36800003
v -0.86457884 8.97545528 18.0340004
v -1.29437649 8.92361355 -10.54100037
v -1.29437649 8.92361355 -15.875
v -0.86457884 8.97545528 29.01950073
v -0.86457884 8.97545528 23.68549919
v -1.29437649 8.92361355 -4.88950014
v -1.29437649 8.92361355 -10.22350025
v -1.29437649 8.92361355 -4.57200003
v -1.29437649 8.92361355 0.76200002
v -1.29437649 8.92361355 1.07949996
v -1.29437649 8.92361355 6.41349983
v -1.72119069 8.85120296 -27.49550056
v -1.29437649 8.92361355 12.06499958
v -1.29437649 8.92361355 6.73099995
v -2.00647116 8.79092503 -48.45050049
v -1.72119069 8.85120296 -21.84399986
v -1.72119069 8.85120296 -27.1779995
v -1.29437649 8.92361355 17.71649933
v -1.29437649 8.92361355 12.38249969
v -1.29437649 8.92361355 18.0340004
v -1.72119069 8.85120296 -16.19249916
v -1.72119069 8.85120296 -21.5265007
v -1.29437649 8.92361355 23.36800003
v -1.29437649 8.92361355 23.68549919
v -1.72119069 8.85120296 -10.54100037
v -1.72119069 8.85120296 -15.875
v -1.29437649 8.92361355 29.01950073
v -1.72119069 8.85120296 -4.88950014
v -1.72119069 8.85120296 -10.22350025
v -1.72119069 8.85120296 -4.57200003
v -1.72119069 8.85120296 0.76200002
v -1.72119069 8.85120296 1.07949996
v -1.72119069 8.85120296 6.41349983
v -2.14403749 8.75838947 -27.49550056
v -1.72119069 8.85120296 12.06499958
v -1.72119069 8.85120296 6.73099995
v -2.44216847 8.67998314 -48.45050049
v -2.14403749 8.75838947 -21.84399986
v -2.14403749 8.75838947 -27.1779995
v -1.72119069 8.85120296 17.71649933
v -1.72119069 8.85120296 12.38249969
v -2.14403749 8.75838947 -16.19249916
v -2.14403749 8.75838947 -21.5265007
v -1.72119069 8.85120296 23.36800003
v -1.72119069 8.85120296 18.0340004
v -1.72119069 8.85120296 23.68549919
v -2.14403749 8.75838947 -10.54100037
v -2.14403749 8.75838947 -15.875
v -1.72119069 8.85120296 29.01950073
v -2.14403749 8.75838947 -4.88950014
v -2.14403749 8.75838947 -10.22350025
v -2.14403749 8.75838947 0.76200002
v -2.14403749 8.75838947 -4.57200003
v -2.14403749 8.75838947 6.41349983
v -2.14403749 8.75838947 1.07949996
v -2.5619421 8.6453886 -27.49550056
v -2.14403749 8.75838947 12.06499958
v -2.14403749 8.75838947 6.73099995
v -2.5619421 8.6453886 -21.84399986
v -2.5619421 8.6453886 -27.1779995
v -2.87179422 8.54746056 -48.45050049
v -2.14403749 8.75838947 17.71649933
v -2.14403749 8.75838947 12.38249969
v -2.5619421 8.6453886 -16.19249916
v -2.5619421 8.6453886 -21.5265007
v -2.14403749 8.75838947 23.36800003
v -2.14403749 8.75838947 18.0340004
v -2.5619421 8.6453886 -10.54100037
v -2.5619421 8.6453886 -15.875
v -2.14403749 8.75838947 29.01950073
v -2.14403749 8.75838947 23.68549919
v -2.5619421 8.6453886 -4.88950014
v -2.5619421 8.6453886 -10.22350025
v -2.5619421 8.6453886 -4.57200003
v -2.5619421 8.6453886 0.76200002
v -2.5619421 8.6453886 1.07949996
v -2.5619421 8.6453886 6.41349983
v -2.97394133 8.5124588 -27.49550056
v -2.5619421 8.6453886 12.06499958
v -2.5619421 8.6453886 6.73099995
v -2.97394133 8.5124588 -21.84399986
v -2.97394133 8.5124588 -27.1779995
v -2.5619421 8.6453886 17.71649933
v -2.5619421 8.6453886 12.38249969
v -3.29428005 8.3936882 -48.45050049
v -2.97394133 8.5124588 -16.19249916
v -2.97394133 8.5124588 -21.5265007
v -2.5619421 8.6453886 23.36800003
v -2.5619421 8.6453886 18.0340004
v -2.5619421 8.6453886 23.68549919
v -2.97394133 8.5124588 -10.54100037
v -2.97394133 8.5124588 -15.875
v -2.5619421 8.6453886 29.01950073
v -2.97394133 8.5124588 -4.88950014
v -2.97394133 8.5124588 -10.22350025
v -2.97394133 8.5124588 0.76200002
v -2.97394133 8.5124588 -4.57200003
v -2.97394133 8.5124588 6.41349983
v -2.97394133 8.5124588 1.07949996
v -2.97394133 8.5124588 6.73099995
v -3.37908578 8.3599081 -27.49550056
v -2.97394133 8.5124588 12.06499958
v -3.37908578 8.3599081 -21.84399986
v -3.37908578 8.3599081 -27.1779995
v -2.97394133 8.5124588 17.71649933
v -2.97394133 8.5124588 12.38249969
v -3.70857573 8.2190485 -48.45050049
v -3.37908578 8.3599081 -16.19249916
v -3.37908578 8.3599081 -21.5265007
v -2.97394133 8.5124588 23.36800003
v -2.97394133 8.5124588 18.0340004
v -3.37908578 8.3599081 -10.54100037
v -3.37908578 8.3599081 -15.875
v -2.97394133 8.5124588 29.01950073
v -2.97394133 8.5124588 23.68549919
v -3.37908578 8.3599081 -4.88950014
v -3.37908578 8.3599081 -10.22350025
v -3.37908578 8.3599081 0.76200002
v -3.37908578 8.3599081 -4.57200003
v -3.37908578 8.3599081 1.07949996
v -3.37908578 8.3599081 6.41349983
v -3.7764411 8.18808746 -27.49550056
v -3.37908578 8.3599081 12.06499958
v -3.37908578 8.3599081 6.73099995
v -3.7764411 8.18808746 -21.84399986
v -3.7764411 8.18808746 -27.1779995
v -3.7764411 8.18808746 -21.5265007
v -3.37908578 8.3599081 17.71649933
v -3.37908578 8.3599081 12.38249969
v -3.7764411 8.18808746 -16.19249916
v -4.11365128 8.02397442 -48.45050049
v -3.37908578 8.3599081 23.36800003
v -3.37908578 8.3599081 18.0340004
v -3.7764411 8.18808746 -10.54100037
v -3.7764411 8.18808746 -15.875
v -3.37908578 8.3599081 29.01950073
v -3.37908578 8.3599081 23.68549919
v -3.7764411 8.18808746 -4.88950014
v -3.7764411 8.18808746 -10.22350025
v -3.7764411 8.18808746 -4.57200003
v -3.7764411 8.18808746 0.76200002
v -3.7764411 8.18808746 1.07949996
v -3.7764411 8.18808746 6.41349983
v -3.7764411 8.18808746 6.73099995
v -4.16509151 7.99739313 -27.49550056
v -3.7764411 8.18808746 12.06499958
v -3.7764411 8.18808746 12.38249969
v -4.16509151 7.99739313 -21.84399986
v -4.16509151 7.99739313 -27.1779995
v -3.7764411 8.18808746 17.71649933
v -3.7764411 8.18808746 18.0340004
v -4.16509151 7.99739313 -16.19249916
v -4.16509151 7.99739313 -21.5265007
v -4.5085001 7.8089509 -48.45050049
v -3.7764411 8.18808746 23.36800003
v -3.7764411 8.18808746 23.68549919
v -4.16509151 7.99739313 -10.54100037
v -4.16509151 7.99739313 -15.875
v -3.7764411 8.18808746 29.01950073
v -4.16509151 7.99739313 -4.88950014
v -4.16509151 7.99739313 -10.22350025
v -4.16509151 7.99739313 0.76200002
v -4.16509151 7.99739313 -4.57200003
v -4.16509151 7.99739313 6.41349983
v -4.16509151 7.99739313 1.07949996
v -4.54414177 7.78826475 -27.49550056
v -4.16509151 7.99739313 12.06499958
v -4.16509151 7.99739313 6.73099995
v -4.54414177 7.78826475 -21.84399986
v -4.54414177 7.78826475 -27.1779995
v -4.16509151 7.99739313 17.71649933
v -4.16509151 7.99739313 12.38249969
v -4.16509151 7.99739313 18.0340004
v -4.54414177 7.78826475 -16.19249916
v -4.54414177 7.78826475 -21.5265007
v -4.16509151 7.99739313 23.36800003
v -4.54414177 7.78826475 -10.54100037
v -4.54414177 7.78826475 -15.875
v -4.16509151 7.99739313 29.01950073
v -4.16509151 7.99739313 23.68549919
v -4.54414177 7.78826475 -4.88950014
v -4.54414177 7.78826475 -10.22350025
v -4.54414177 7.78826475 -4.57200003
v -4.82238388 7.6191144 -32.43579865
v -4.89213943 7.57451391 -48.45050049
v -4.82238388 7.6191144 -30.11560822
v -4.54414177 7.78826475 0.76200002
v -4.54414177 7.78826475 1.07949996
v -4.90236902 7.56789732 -32.43579865
v -4.54414177 7.78826475 6.41349983
v -4.98181057 7.51584005 -32.43579865
v -4.54414177 7.78826475 12.06499958
v -4.54414177 7.78826475 6.73099995
v -4.54414177 7.78826475 17.71649933
v -4.54414177 7.78826475 12.38249969
v -5.06069899 7.46294928 -32.43579865
v -5.06467152 7.46025562 -31.27044106
v -5.06185961 7.46216297 -31.36088562
v -5.06069899 7.46294928 -31.45951271
v -5.06941986 7.45702934 -31.18399429
v -5.07517672 7.45311165 -31.11477852
v -4.54414177 7.78826475 23.36800003
v -4.54414177 7.78826475 18.0340004
v -4.54414177 7.78826475 23.68549919
v -5.08124065 7.44897842 -31.06106186
v -5.0889678 7.44370174 -31.00642395
v -5.09554863 7.43919849 -30.9675808
v -5.26361656 7.32124519 -48.45050049
v -5.1028018 7.43422508 -30.93056488
v -5.06069899 7.46294928 -25.77644157
v -4.90236902 7.56789732 -30.11560822
v -4.98181057 7.51584005 -30.11560822
v -5.06069899 7.46294928 -30.11560822
v -5.10981321 7.4294076 -30.89919281
v -5.11624336 7.42498112 -30.87371254
v -5.12354994 7.41994095 -30.84769249
v -4.54414177 7.78826475 29.01950073
v -5.1313343 7.41455984 -30.82280922
v -5.1397357 7.40873814 -30.79847145
v -5.14875269 7.40247488 -30.77468109
v -5.15838289 7.39576721 -30.75143433
v -5.16862535 7.38861275 -30.72873497
v -5.17963076 7.38090181 -30.70625114
v -5.19147968 7.37257195 -30.68379593
v -5.20396852 7.36376238 -30.66179657
v -5.21691036 7.35459948 -30.64064598
v -5.23035669 7.34504318 -30.62022781
v -5.19462585 7.37035656 -25.77644157
v -5.12266159 7.42055464 -30.41923523
v -5.15573359 7.39761543 -30.37152481
v -5.18161154 7.37951183 -30.33728027
v -5.24434519 7.33506203 -30.60046005
v -5.25887346 7.32465267 -30.58133888
v -5.27393961 7.31381226 -30.56286812
v -5.28954077 7.30253744 -30.54504585
v -5.30567455 7.29082489 -30.52787209
v -5.32233715 7.27866983 -30.51134682
v -5.33952665 7.26606894 -30.49547195
v -5.35723972 7.25301886 -30.48024559
v -5.37547302 7.2395153 -30.46566772
v -5.39411879 7.22563362 -30.45182991
v -5.41288519 7.21158791 -30.43898964
v -5.43179131 7.19736052 -30.42712975
v -5.45087481 7.18291855 -30.41622162
v -5.62200737 7.04977465 -48.45050049
v -5.47017479 7.16823053 -30.40623474
v -5.48973036 7.15326357 -30.39713669
v -4.92506218 7.55314827 29.33699989
v -4.54414177 7.78826475 29.33699989
v -5.50957966 7.13798475 -30.38889885
v -5.52980375 7.12232733 -30.3815136
v -5.55040407 7.10628271 -30.37513733
v -5.57255793 7.08892488 -30.36959648
v -5.06069899 7.46294928 25.08705902
v -5.59029961 7.0749445 -30.36624146
v -5.60931015 7.05988169 -30.36380577
v -5.65691519 7.02180147 -30.077528
v -5.60734844 7.06143999 -28.62579918
v -5.62136412 7.05029106 -30.08059502
v -5.70202303 6.98521757 -30.3621788
v -5.66361761 7.01638985 -30.35983849
v -5.71746254 6.97258329 -30.36363411
v -5.68141603 7.00198555 -25.45079994
v -5.68141603 7.00198555 -28.62579918
v -5.70213413 6.98512363 -30.07490349
v -5.73008537 6.96221209 -30.36533928
v -5.74412012 6.95063829 -30.36781502
v -5.75752831 6.93953562 -30.37079811
v -5.77082348 6.92848349 -30.3743515
v -5.78400803 6.91748047 -30.378479
v -5.78408813 6.91741371 -30.08184052
v -5.76082611 6.9367981 -30.07896233
v -5.79710293 6.90650892 -30.38319588
v -5.80259085 6.90190029 -30.0851059
v -5.96642113 6.760777 -48.45050049
v -5.81008434 6.89558983 -30.38849449
v -5.82291508 6.88475657 -30.39436531
v -5.82785225 6.88058329 -30.09107208
v -5.83555937 6.87404203 -30.40079689
v -5.2938447 7.2994175 29.33699989
v -5.84797955 6.86347961 -30.40777206
v -5.86013937 6.85310221 -30.41528511
v -5.87200165 6.84294271 -30.42331886
v -5.88353062 6.83303404 -30.43186378
v -5.89485455 6.82326698 -30.44101715
v -5.90622091 6.81342888 -30.45093918
v -5.91743183 6.8036952 -30.46146584
v -5.92827177 6.79425287 -30.47242928
v -5.45735455 7.17799187 22.23769951
v -5.32685852 7.27536011 25.08705902
v -5.37225533 7.24190331 -25.45079994
v -5.93856859 6.78525543 -30.48369026
v -5.94844484 6.77659893 -30.49534607
v -5.95793676 6.76825523 -30.50742149
v -5.96704578 6.76022577 -30.51992035
v -5.97577381 6.7525115 -30.53283882
v -5.98412228 6.7451148 -30.54618073
v -5.99209166 6.73803663 -30.55994415
v -5.99968338 6.73127842 -30.5741291
v -5.53265858 7.12011099 22.23769951
v -5.52813721 7.12362194 -25.45079994
v -6.0068984 6.72484064 -30.58873558
v -6.01373768 6.7187252 -30.60376358
v -6.02020216 6.71293306 -30.6192131
v -6.02629328 6.70746517 -30.63508415
v -6.03201151 6.70232248 -30.65137863
v -6.08231401 6.65670681 -32.43579865
v -6.06578541 6.67177153 -30.82549095
v -6.06131458 6.6758337 -30.78885078
v -6.05710316 6.6796546 -30.76033783
v -6.05256701 6.68376541 -30.7339077
v -6.04770517 6.68816471 -30.70955658
v -6.04231405 6.69303608 -30.68648529
v -6.03709364 6.69774532 -30.6673851
v -6.0719142 6.66619396 -30.89829063
v -5.60734844 7.06143999 22.23769951
v -6.07966614 6.65912533 -31.05446243
v -6.08231401 6.65670681 -31.25598717
v -6.15209246 6.5922718 -32.43579865
v -5.68141603 7.00198555 22.23769951
v -5.85060978 6.86124325 -30.09781837
v -5.87338686 6.84175539 -30.10586739
v -6.29600143 6.45497131 -48.45050049
v -6.22118807 6.52710533 -32.43579865
v -6.2895937 6.46121502 -32.43579865
v -6.29284906 6.45804453 -31.31369781
v -6.29067469 6.46016264 -31.40758514
v -6.2895937 6.46121502 -31.53329086
v -6.29675484 6.45423651 -31.22548485
v -6.30241919 6.44870567 -31.13680267
v -6.3081131 6.44313574 -31.07002258
v -6.31416321 6.43720675 -31.01467133
v -6.31901598 6.43244314 -30.97766685
v -6.32433987 6.4272089 -30.9424839
v -6.32925272 6.42237091 -30.91433907
v -6.3347249 6.41697359 -30.88694954
v -6.34077454 6.41099596 -30.86019516
v -6.34739971 6.40443659 -30.83407402
v -6.35459852 6.39729357 -30.80858803
v -6.36236954 6.38956547 -30.78373528
v -6.3707099 6.38124943 -30.75951767
v -6.38003778 6.37192297 -30.73476982
v -6.39020061 6.36173105 -30.70989037
v -6.40074492 6.35112238 -30.68611717
v -6.41180134 6.3399601 -30.66308594
v -6.4233675 6.32824135 -30.64079475
v -6.43544006 6.31596375 -30.61924171
v -6.44801617 6.30312443 -30.59843063
v -6.60992861 6.13311768 -48.45050049
v -6.46109247 6.28971958 -30.5783596
v -6.47466612 6.2757473 -30.55903053
v -6.48873234 6.26120281 -30.54043961
v -5.99139309 6.738657 29.33699989
v -5.64958096 7.02769709 29.33699989
v -5.68141603 7.00198555 25.41270065
v -5.8961668 6.82213354 -30.11521149
v -5.91853523 6.80273676 -30.12565041
v -5.94032526 6.78371763 -30.13709641
v -5.9615407 6.76508093 -30.14954948
v -5.98217916 6.74683809 -30.16300774
v -6.00205183 6.72916794 -30.17727661
v -6.02130795 6.71194506 -30.19250107
v -6.04026604 6.69488621 -30.208992
v -6.05923939 6.67771721 -30.2270546
v -6.07777405 6.660851 -30.24648476
v -6.09530401 6.64481211 -30.26679802
v -6.11162329 6.629807 -30.28767586
v -6.12510395 6.61735535 -30.30668831
v -6.13649082 6.60679722 -30.32432175
v -6.14759731 6.59646368 -30.34309196
v -6.15667152 6.58799553 -30.35966492
v -6.50328827 6.24608326 -30.52258873
v -6.51832914 6.23038483 -30.50547981
v -6.53385115 6.2141037 -30.48910904
v -6.54985094 6.19723654 -30.47348022
v -6.56629276 6.17981148 -30.45862198
v -6.54683971 6.20041752 -27.03957176
v -6.44847488 6.30265522 -30.28934669
v -6.47154856 6.27896214 -30.26268578
v -6.49242878 6.25736952 -30.24063683
v -6.51345253 6.23548126 -30.22025871
v -6.53486776 6.21303368 -30.20100212
v -6.54892683 6.1982131 -27.21945
v -6.54933691 6.19778013 -26.83984756
v -6.42564058 6.32593298 -30.31818962
v -6.58305311 6.16195107 -30.44465446
v -6.56027794 6.18619776 -27.4720993
v -6.55421495 6.19262123 -27.37045097
v -6.55642176 6.19028473 -30.18310928
v -6.56816816 6.17781973 -27.57032776
v -6.57767057 6.16770124 -27.66295052
v -6.57811069 6.16723204 -30.1665802
v -6.60006475 6.14372253 -30.43163872
v -6.58617115 6.15862274 -27.73095894
v -6.59563828 6.14848328 -27.79541969
v -6.59993219 6.14387369 -30.15141296
v -6.61726618 6.12519073 -30.41962814
v -6.60486031 6.13857508 -27.84973717
v -6.61262226 6.13021326 -27.89031601
v -6.63459444 6.10641861 -30.40867996
v -6.62183571 6.12025976 -27.93388748
v -6.62188387 6.12020779 -30.13761139
v -6.6317029 6.10956621 -27.97616959
v -6.65198851 6.08747005 -30.39884949
v -6.64275408 6.09754944 -28.01943398
v -6.64353037 6.09670639 -30.12537766
v -6.66938591 6.06840801 -30.39019394
v -6.68688631 6.04911757 -30.3827076
v -6.6733489 6.0640502 -28.12327003
v -6.65831137 6.08055735 -28.07470322
v -6.66635704 6.07173586 -30.11400604
v -6.70498943 6.02904272 -30.37622452
v -6.69820833 6.03659153 -28.19462967
v -6.68541336 6.05074978 -28.15924072
v -6.6900773 6.04558945 -30.10369682
v -6.7248745 6.00685644 -30.37050438
v -6.74116755 5.98856783 -30.36693954
v -6.72594833 6.0056901 -28.26337814
v -6.71172333 6.02157211 -28.2293663
v -6.71335077 6.01973486 -30.09512711
v -6.74087238 5.9889431 -28.29659271
v -6.73618078 5.99417686 -30.08829689
v -6.75807333 5.96948338 -30.36435509
v -6.90742254 5.79601574 -48.45050049
v -6.75648642 5.97132874 -28.32893753
v -6.75651026 5.97125387 -30.08362961
v -6.77277899 5.9528451 -28.36034393
v -6.31843996 6.43300915 29.33699989
v -6.25440884 6.49527979 -30.63523483
v -6.28909349 6.46170187 -30.55248451
v -6.30396557 6.44719362 -30.52039337
v -6.32940054 6.422225 -30.47032547
v -6.35248804 6.3993907 -30.42878723
v -6.37869263 6.37327003 -30.3857975
v -6.40318775 6.34865952 -30.34907722
v -6.16464472 6.58053541 -30.37520218
v -6.17259312 6.57308006 -30.39167786
v -6.18237019 6.56388521 -30.41331482
v -6.19229698 6.55452108 -30.43693924
v -6.20185184 6.5454812 -30.46137619
v -6.21103525 6.53676748 -30.48662567
v -6.22008419 6.52815771 -30.5134182
v -6.22722578 6.52134562 -30.53625488
v -6.23537922 6.51355076 -30.56439018
v -6.78974009 5.9334898 -28.39073753
v -6.77564001 5.94954634 -30.08059311
v -6.80623007 5.91451788 -30.35983849
v -6.80420876 5.91685104 -30.07745743
v -6.80736017 5.91326046 -28.42004585
v -6.83085155 5.88606739 -30.36124611
v -6.84913683 5.86477757 -30.36288643
v -6.84453392 5.8701725 -28.47512627
v -6.8256278 5.89215565 -28.44820023
v -6.83866692 5.87698221 -30.07490349
v -6.86369944 5.84772778 -30.36505699
v -6.87559271 5.83373928 -30.36752701
v -6.88728571 5.81993008 -30.37059975
v -6.8987875 5.80629158 -30.37427139
v -6.90113688 5.80349874 -30.08036613
v -6.88421726 5.82356262 -28.52500725
v -6.88504457 5.82258081 -30.07839584
v -6.91018248 5.79272413 -30.37856865
v -6.90497494 5.7989316 -28.54782104
v -6.92151642 5.77917528 -30.38349915
v -6.93276215 5.76567888 -30.38905525
v -6.92709112 5.77249289 -28.57005692
v -6.9234786 5.77682877 -30.08453178
v -6.943892 5.75226927 -30.39522362
v -6.95487833 5.73898172 -30.40199661
v -6.94975805 5.7451849 -28.59099579
v -6.94391108 5.75225258 -30.08990288
v -6.9656949 5.72585011 -30.40936661
v -6.97631359 5.71290922 -30.41732025
v -6.97230387 5.71780252 -28.60993195
v -6.96233463 5.72993755 -30.09607124
v -6.98670912 5.7001915 -30.42585182
v -6.99687386 5.6877079 -30.43499184
v -7.00679731 5.6754756 -30.44473457
v -6.99494839 5.69007778 -28.6271019
v -6.98055553 5.70772886 -30.10336685
v -7.01646566 5.66351557 -30.45506096
v -7.02586412 5.65184927 -30.46595383
v -7.03497791 5.64049864 -30.47739792
v -7.04379368 5.62948465 -30.48937225
v -7.05229616 5.61882925 -30.50186157
v -7.04051828 5.63359499 -28.65614128
v -7.01768732 5.66200924 -28.64250374
v -7.03251457 5.64359379 -30.13148117
v -7.18774366 5.44450426 -48.45050049
v -7.06047153 5.60855389 -30.5148468
v -7.06830502 5.59868002 -30.52831268
v -7.0757823 5.58922911 -30.54223824
v -7.06343794 5.6048317 -28.6680088
v -7.04919386 5.6227417 -30.14314461
v -6.62991476 6.11150694 29.33699989
v -6.74244499 5.98712969 -25.77486229
v -6.75989819 5.96741819 -25.73921967
v -6.77859354 5.94617176 -25.70422173
v -6.55628252 6.19043207 -26.66723442
v -6.56807184 6.17792177 -26.50291061
v -6.57975531 6.16547728 -26.38919258
v -6.59345531 6.15082359 -26.28901291
v -6.60643005 6.13688612 -26.21286583
v -6.62114 6.12101412 -26.14037895
v -6.63765526 6.10310173 -26.07074165
v -6.65407181 6.08519793 -26.01046181
v -6.67011881 6.06760263 -25.95806885
v -6.68761492 6.048316 -25.9069767
v -6.70749664 6.02625895 -25.85515213
v -6.72496223 6.0067606 -25.81349373
v -7.08288956 5.58022261 -30.5566082
v -7.08961201 5.57168198 -30.57140541
v -7.09593487 5.56362915 -30.58661079
v -7.08690882 5.57511902 -28.67841911
v -7.08201218 5.58134365 -30.17026138
v -7.10184479 5.55608511 -30.60220718
v -7.10732651 5.54907179 -30.61817741
v -7.1124053 5.54256058 -30.63457489
v -7.11100769 5.54434538 -28.68748283
v -7.09784746 5.5611949 -30.18543816
v -7.12781048 5.52275085 -30.21848679
v -7.11311293 5.54166174 -30.2015152
v -7.15420485 5.48850107 -32.43579865
v -7.14242125 5.50382662 -30.81673241
v -7.13787031 5.50972748 -30.77089882
v -7.1333828 5.51553583 -30.73492813
v -7.12933588 5.52076626 -30.70827103
v -7.12622023 5.52478743 -30.69099426
v -7.1218214 5.53045607 -30.67046165
v -7.11710072 5.53653049 -30.65140343
v -7.14709806 5.49775219 -30.88233757
v -7.13524485 5.51312542 -28.69496346
v -7.15229797 5.49098539 -31.00755501
v -7.15420485 5.48850107 -31.17775726
v -7.15936327 5.48176861 -28.70067596
v -7.14194155 5.50446939 -30.23634529
v -7.15550852 5.48682547 -30.25508118
v -7.16851282 5.46982622 -30.27469063
v -7.17346668 5.46329975 -28.70316315
v -7.18095684 5.45347834 -30.2951622
v -7.2116189 5.41284084 -32.43579865
v -7.18725777 5.44514561 -28.70494461
v -7.19284248 5.43778944 -30.31649017
v -7.20417118 5.42276669 -30.33866692
v -7.22977686 5.38856316 -28.70721054
v -7.21494532 5.40841722 -30.36168289
v -7.2251668 5.39474916 -30.38553238
v -7.23483706 5.3817687 -30.41020775
v -7.24395514 5.36948776 -30.4356842
v -7.26823282 5.3365798 -32.43579865
v -7.25697041 5.3518877 -28.70617676
v -7.25246048 5.35799456 -30.46162796
v -7.26033211 5.34732342 -30.48790932
v -7.26757336 5.33747768 -30.51453018
v -7.27643156 5.32539415 -28.70444489
v -7.27418804 5.32845926 -30.54149055
v -7.28020573 5.3202343 -30.56894302
v -7.28565502 5.31276894 -30.59703636
v -7.29840612 5.29523945 -28.70064545
v -7.29003763 5.30675411 -30.6225853
v -7.29539108 5.29939175 -30.65790367
v -7.30088425 5.29182196 -30.70001221
v -7.30581856 5.28500748 -30.74463654
v -7.31023216 5.2789011 -30.79219818
v -7.32403994 5.259727 -32.43579865
v -7.45019484 5.07945681 -48.45050049
v -7.32425165 5.25943375 -28.69414711
v -7.31393719 5.27376699 -30.84109116
v -7.31740236 5.26895905 -30.90001297
v -7.32089758 5.26410246 -30.98538017
v -7.32310629 5.26102781 -31.0783329
v -7.32403994 5.259727 -31.17902946
v -6.92505026 5.77494335 29.33699989
v -6.79845667 5.92345142 -25.6701107
v -6.8190093 5.8997798 -25.63778496
v -6.84024286 5.87514782 -25.60724449
v -6.86214733 5.84954882 -25.5784893
v -6.88471222 5.82297373 -25.5515213
v -6.90571547 5.79804993 -25.5286293
v -6.92705774 5.77253485 -25.5070591
v -6.94744062 5.74798727 -25.48789787
v -6.9668169 5.7244873 -25.47118759
v -6.98588324 5.70120335 -25.45641327
v -7.00679207 5.67548084 -25.44184494
v -7.02821636 5.64892721 -25.42835045
v -7.04976702 5.62201452 -25.41611862
v -7.07110739 5.59515285 -25.40532875
v -7.34887791 5.22497272 -28.68617249
v -7.37197161 5.19233656 -28.67683792
v -7.3938756 5.16109419 -28.66605568
v -7.41673374 5.12818813 -28.65276146
v -7.43920374 5.095541 -28.63767433
v -7.46080303 5.06386328 -28.6210556
v -7.48176622 5.03283834 -28.6027832
v -7.50210285 5.00247383 -28.58286095
v -7.52182102 4.97277594 -28.56128693
v -7.54094744 4.94372272 -28.53806686
v -7.55952787 4.91525984 -28.51337624
v -7.57730246 4.88781595 -28.48760033
v -7.69412374 4.70178127 -48.45050049
v -7.2031188 5.42414713 29.33699989
v -7.09251404 5.56799603 -25.39596367
v -7.1142416 5.54020739 -25.38796616
v -7.13646221 5.51155186 -25.38129234
v -7.15906572 5.48215866 -25.37598419
v -7.18109846 5.45326567 -25.37236977
v -7.20187998 5.4257946 -25.37052345
v -7.22977686 5.38856316 -25.36939049
v -7.27341318 5.32951689 -25.37178612
v -7.28454256 5.3142972 -25.37335014
v -7.31195831 5.27650976 -25.37917137
v -7.33870935 5.23923969 -25.38678741
v -7.59396458 4.86189127 -28.46113205
v -7.6631403 4.75211191 -32.43579865
v -7.62546492 4.81233501 -28.40368462
v -7.60989904 4.83691216 -28.43334007
v -7.64057493 4.7883091 -28.37232399
v -7.65475178 4.76561403 -28.34036255
v -7.6631403 4.75211191 -29.17938995
v -7.66781807 4.74456072 -28.30841446
v -7.68054771 4.72392559 -28.2747879
v -7.71276951 4.67113209 -32.43579865
v -7.70955038 4.67644358 -28.18710327
v -7.69413471 4.70176363 -28.23579597
v -7.71276951 4.67113209 -29.17938995
v -7.72407389 4.65241623 -28.13615417
v -7.76154327 4.58963346 -32.43579865
v -7.75771952 4.59609318 -27.99323845
v -7.74860239 4.61144781 -28.03618813
v -7.76154327 4.58963346 -29.17938995
v -7.77095079 4.57368755 -27.92313194
v -7.80945587 4.50762558 -32.43579865
v -7.91892385 4.31241608 -48.45050049
v -7.80326843 4.51832867 -27.67831993
v -7.79226875 4.53727198 -27.77910805
v -7.80945587 4.50762558 -29.17938995
v -7.46343517 5.05998278 29.33699989
v -7.36361408 5.20417881 -25.39585304
v -7.38412714 5.17503309 -25.40506554
v -7.40352583 5.14724159 -25.41548538
v -7.42265224 5.11962175 -25.42717361
v -7.4409461 5.0929966 -25.43981743
v -7.45837879 5.06743288 -25.45338249
v -7.47691107 5.0400486 -25.46949005
v -7.49524498 5.012743 -25.48672104
v -7.51194334 4.98768425 -25.50377655
v -7.52667856 4.96542215 -25.52022362
v -7.54209137 4.94197798 -25.53925133
v -7.55761909 4.91819954 -25.55996895
v -7.57259607 4.89510775 -25.5815239
v -7.58702946 4.87270737 -25.60391426
v -7.81387234 4.49996519 -27.55138206
v -7.82156229 4.48658609 -27.41823769
v -7.82612991 4.47861385 -27.29683113
v -7.82972479 4.4723258 -27.03957176
v -8.04206371 4.07817316 -32.88355637
v -8.12403584 3.91232967 -48.45050049
v -7.70535755 4.68334866 29.33699989
v -7.60095549 4.85095406 -25.62721252
v -7.61447048 4.82970905 -25.65161896
v -7.62742519 4.80922461 -25.67678261
v -7.63963842 4.78980207 -25.70228577
v -7.65102053 4.77160072 -25.72787094
v -7.66198254 4.75397825 -25.75421715
v -7.67260504 4.73681545 -25.78146362
v -7.68289137 4.72011375 -25.80960846
v -7.69286346 4.70384264 -25.83872604
v -7.70577383 4.68266058 -25.87942696
v -7.71944475 4.6600914 -25.92651749
v -7.73060322 4.64155817 -25.96855354
v -7.74290037 4.62101555 -26.01905823
v -7.75244331 4.60498714 -26.06189156
v -7.76129246 4.59005737 -26.10516548
v -7.76941442 4.57629633 -26.14866447
v -7.77696562 4.56345224 -26.19325829
v -7.78329802 4.55264378 -26.2346077
v -7.79100275 4.5394454 -26.29137039
v -7.79885244 4.52594662 -26.35856056
v -7.8058424 4.51388025 -26.42927933
v -8.08682537 3.98867631 -32.88355637
v -8.13059139 3.89868855 -32.88355637
v -8.17335606 3.80822039 -32.88355637
v -8.30895138 3.50251651 -48.45050049
v -7.92829037 4.29517174 29.33699989
v -7.81177425 4.5036068 -26.5008049
v -7.81783867 4.4930706 -26.59090424
v -7.82310438 4.48389626 -26.69552612
v -7.82582235 4.47915077 -26.77125359
v -7.82762384 4.47600222 -26.84928322
v -8.13168335 3.89640975 29.33699989
v -8.73816967 2.22501135 -48.45050049
v -8.64371395 2.56758571 -29.17938995
v -8.61639977 2.65780735 -48.45050049
v -8.74086952 2.21438336 -31.29478455
v -8.7415638 2.21163893 -31.37233162
v -8.74202824 2.20980477 -31.40332413
v -8.74259472 2.20756221 -31.42912483
v -8.74378872 2.20282841 -31.46848679
v -8.74538326 2.19648767 -31.5087738
v -8.74737167 2.18855572 -31.54991341
v -8.74968815 2.17927957 -31.59063148
v -8.75230408 2.16875267 -31.63044167
v -8.75520802 2.15699816 -31.66922188
v -8.75839043 2.14403939 -31.70684814
v -8.76183891 2.12989974 -31.74319839
v -8.76555347 2.11456108 -31.77828026
v -8.7696209 2.09762383 -31.81343651
v -8.77399826 2.07923841 -31.8484726
v -8.77860451 2.0597086 -31.88269806
v -8.78510189 2.03181767 -31.92722893
v -8.79200745 2.00172305 -31.97068596
v -8.83821487 1.7866838 -48.45050049
v -8.79930019 1.96942019 -32.01306534
v -8.61986351 2.64655399 29.33699989
v -8.47789669 3.07108378 29.33699989
v -8.55345821 2.85388231 -29.17938995
v -8.5846014 2.75878596 -29.17938995
v -8.61468887 2.66334987 -29.17938995
v -8.80695534 1.93490386 -32.05437469
v -8.81494617 1.89816892 -32.09460449
v -8.82324409 1.85921001 -32.13376236
v -8.8317709 1.81827748 -32.17160416
v -8.84022427 1.77674341 -32.20684052
v -8.84860039 1.73455286 -32.2395134
v -8.8569479 1.69139695 -32.26991272
v -8.86531353 1.64696693 -32.29831314
v -8.87368679 1.60123932 -32.32474136
v -8.88201427 1.55438936 -32.34903336
v -8.91628742 1.34391415 -48.45050049
v -8.74058628 2.21550179 29.33699989
v -8.74163437 2.21136189 -31.20715523
v -8.74228859 2.20877433 -31.17369461
v -8.74413681 2.20144725 -31.11380386
v -8.74668026 2.19131947 -31.05436134
v -8.74884319 2.18266582 -31.01361656
v -8.75158501 2.17164612 -30.96955109
v -8.75442123 2.16018653 -30.92988014
v -8.75730324 2.14847064 -30.89392281
v -8.76045132 2.13559651 -30.85830116
v -8.76379871 2.12181997 -30.82361603
v -8.76731205 2.10725808 -30.79011345
v -8.77106857 2.09156728 -30.75690269
v -8.77507114 2.07470989 -30.7238884
v -8.77931786 2.05666327 -30.69103813
v -8.7838335 2.03728724 -30.65815544
v -8.78855324 2.01682997 -30.62559891
v -8.79339218 1.99563074 -30.59387016
v -8.89027596 1.50641525 -32.3711853
v -8.89845657 1.45731544 -32.39120102
v -8.9063797 1.40808666 -32.40873718
v -8.91308403 1.36500001 -32.4220314
v -8.91818619 1.33125818 -32.43124771
v -8.92392826 1.29220617 -32.44071198
v -8.93037319 1.24688828 -32.4502182
v -8.93677998 1.20010281 -32.45851517
v -8.94222927 1.15881371 -32.46458817
v -8.94728184 1.11913729 -32.4691925
v -8.97219276 0.89780325 -48.45050049
v -8.83976746 1.7789892 29.33699989
v -8.79834175 1.97369528 -30.56313896
v -8.80343151 1.95086694 -30.53329849
v -8.80865479 1.92714453 -30.50434875
v -8.8140049 1.9025265 -30.47629166
v -8.81947041 1.87702954 -30.44914246
v -8.82497215 1.8509903 -30.42321587
v -8.83088112 1.82258773 -30.39679909
v -8.83680725 1.79363358 -30.37143898
v -8.84273243 1.76418722 -30.34725189
v -8.8482933 1.73608446 -30.32562065
v -8.85381985 1.70767868 -30.30528259
v -8.8597393 1.67668867 -30.28455162
v -8.86787128 1.63313937 -30.2573967
v -8.87671089 1.58438969 -30.22969437
v -8.88546276 1.53454864 -30.20426559
v -8.95314693 1.07119119 -32.47297287
v -8.96572685 0.96022838 -32.47650528
v -8.97052002 0.91437054 -32.47589493
v -8.97409534 0.87858826 -32.47486115
v -8.97889614 0.82807243 -32.47158432
v -8.98439121 0.7661646 -32.46529388
v -8.98881054 0.71244085 -32.45812607
v -8.99174881 0.6743322 -32.45186615
v -9.00579071 0.44946036 -48.45050049
v -8.99451733 0.63624853 -32.44446564
v -8.9171629 1.33809245 29.33699989
v -8.89184093 1.49713063 -30.18701363
v -8.89832687 1.45808661 -30.17055511
v -8.90441227 1.42046881 -30.15612221
v -8.91019917 1.38370311 -30.14340973
v -8.91599369 1.34587276 -30.13168335
v -8.92185783 1.30642295 -30.1207962
v -8.92975044 1.2513392 -30.10748291
v -8.93749142 1.19480336 -30.09622955
v -8.94495106 1.13760436 -30.08771133
v -8.99712944 0.5980826 -32.43589401
v -8.99957657 0.5600124 -32.42618179
v -9.00185299 0.5222162 -32.41536713
v -9.00394821 0.48487204 -32.4034729
v -9.00585556 0.44815812 -32.39052963
v -9.00757313 0.41223028 -32.37658691
v -9.00912476 0.37683824 -32.36154938
v -9.01053429 0.34143335 -32.34514236
v -9.01181984 0.30559492 -32.32715607
v -9.01294518 0.27040112 -32.3080864
v -9.01390553 0.23621717 -32.28810501
v -9.0170002 0 -48.45050049
v -9.01471329 0.20304389 -32.26721573
v -8.97258282 0.89389795 29.33699989
v -8.95242786 1.07718372 -30.0811367
v -8.95594883 1.04751468 -30.07875633
v -8.9596796 1.01513946 -30.07702065
v -8.96820164 0.93682629 -30.07490349
v -8.97778702 0.84004068 -30.0785408
v -8.98129082 0.80169177 -30.08126068
v -8.98630428 0.7432555 -30.08790779
v -8.9897356 0.7006346 -30.09434319
v -8.99294758 0.65817904 -30.10201836
v -9.01538086 0.17088206 -32.24541473
v -9.01591778 0.13973227 -32.22270203
v -9.01633358 0.10959505 -32.19907761
v -9.016675 0.07635362 -32.17095184
v -9.01691914 0.037129 -32.13496399
v -9.0170002 1.8E-07 -32.09781647
v -9.00588894 0.44750041 29.33699989
v -8.99559307 0.62103313 -30.1098423
v -8.99805832 0.58427894 -30.11864853
v -9.00035286 0.5478161 -30.12847137
v -9.00248528 0.51154417 -30.13933945
v -9.00446415 0.47536263 -30.15128708
v -9.00687981 0.42708376 -30.16895294
v -9.00929737 0.37225056 -30.19141579
v -9.0113821 0.31746849 -30.21651459
v -9.01311874 0.26385182 -30.24396324
v -9.01437187 0.21751422 -30.27043724
v -9.0170002 0 29.33699989
v -9.01524258 0.17802088 -30.29552269
v -9.01590347 0.14064088 -30.32176018
v -9.01638508 0.10530698 -30.34915733
v -9.01669502 0.07407625 -30.37585831
v -9.01688385 0.04529948 -30.40271187
v -9.01697159 0.02230458 -30.42575645
v -9.0170002 0 -30.44957733
v -5.21384335 7.35677433 25.41270065
v -5.37225533 7.24190331 25.41270065
v -5.52813721 7.12362194 25.41270065
v -5.19462585 7.37035656 25.08705902
v -5.21384335 7.35677433 -25.45079994
v -5.45735455 7.17799187 25.08705902
v -5.53265858 7.12011099 -28.62579918
v -5.45735455 7.17799187 -28.62579918
v -5.51281309 7.13548756 -30.10341072
v -5.48012733 7.16062069 -30.11423302
v -5.57047033 7.09056759 -30.08863831
v -5.32685852 7.27536011 -25.77644157
v -5.28511429 7.3057456 -30.22615814
v -5.25603342 7.3266921 -30.25304985
v -5.23746395 7.33997679 -30.27195358
v -5.21237421 7.35781527 -30.29981232
v -5.45735455 7.17799187 -25.77644157
v -5.41489315 7.21007776 -30.14171219
v -5.3910737 7.2279048 -30.15407181
v -5.06069899 7.46294928 -30.5188427
v -5.32377911 7.27761412 -30.19256592
v -5.44466639 7.18762112 -30.12811661
v -5.54190731 7.11291456 -30.09525108
v -5.59885454 7.06817579 -30.0835228
v -6.86406708 5.84730864 -28.5007515
v -6.99827385 5.68599606 -30.1116581
v -7.0155673 5.66464806 -30.12100601
v -7.06568289 5.60200167 -30.15606499
v -7.73693991 4.63098907 -28.08621597
v -7.78228855 4.55436897 -27.85304832
v -8.47320843 3.08399558 -48.45050049
v -8.31503677 3.48804498 29.33699989
v 3.79390597 8.18000984 24.81579971
v 3.79390597 8.18000984 25.62859917
v 3.40582871 8.34904861 24.81579971
v 3.40582871 8.34904861 25.62859917
v 3.0102458 8.4996891 24.81579971
v 3.0102458 8.4996891 25.62859917
v 2.60802889 8.63159752 24.81579971
v 2.60802889 8.63159752 25.62859917
v 2.20006466 8.74448395 24.81579971
v 2.20006466 8.74448395 25.62859917
v 1.78725219 8.83810043 24.81579971
v 1.78725219 8.83810043 25.62859917
v 1.37050104 8.91224003 24.81579971
v 1.37050104 8.91224003 25.62859917
v 0.95072955 8.9667387 24.81579971
v 0.95072955 8.9667387 25.62859917
v 0.52886295 9.00147724 24.81579971
v 0.52886295 9.00147724 25.62859917
v 0.1058309 9.01637936 24.81579971
v 0.1058309 9.01637936 25.62859917
v 3.79390597 8.18000984 24.49830055
v 4.16509151 7.99739313 23.68549919
v 3.40582871 8.34904861 24.49830055
v 3.7764411 8.18808746 23.68549919
v 3.0102458 8.4996891 24.49830055
v 3.37908578 8.3599081 23.68549919
v 2.60802889 8.63159752 24.49830055
v 2.97394133 8.5124588 23.68549919
v 2.20006466 8.74448395 24.49830055
v 2.5619421 8.6453886 23.68549919
v 1.78725219 8.83810043 24.49830055
v 2.14403749 8.75838947 23.68549919
v 1.37050104 8.91224003 24.49830055
v 1.72119069 8.85120296 23.68549919
v 0.95072955 8.9667387 24.49830055
v 1.29437649 8.92361355 23.68549919
v 0.52886295 9.00147724 24.49830055
v 0.86457884 8.97545528 23.68549919
v 0.1058309 9.01637936 24.49830055
v 0.43278819 9.00660801 23.68549919
v -0 9.0170002 23.68549919
v 3.79390597 8.18000984 27.88920021
v 3.40582871 8.34904861 27.88920021
v 3.0102458 8.4996891 27.88920021
v 3.79390597 8.18000984 27.07640076
v 3.40582871 8.34904861 27.07640076
v 3.0102458 8.4996891 27.07640076
v 2.60802889 8.63159752 27.07640076
v 2.20006466 8.74448395 27.07640076
v 1.78725219 8.83810043 27.07640076
v 1.37050104 8.91224003 27.07640076
v 2.60802889 8.63159752 27.88920021
v 2.20006466 8.74448395 27.88920021
v 1.78725219 8.83810043 27.88920021
v 1.37050104 8.91224003 27.88920021
v 0.95072955 8.9667387 27.07640076
v 0.52886295 9.00147724 27.07640076
v 0.1058309 9.01637936 27.07640076
v 0.95072955 8.9667387 27.88920021
v 0.52886295 9.00147724 27.88920021
v 0.1058309 9.01637936 27.88920021
v 3.79390597 8.18000984 26.75889969
v 3.40582871 8.34904861 26.75889969
v 3.0102458 8.4996891 26.75889969
v 3.79390597 8.18000984 25.94610023
v 2.60802889 8.63159752 26.75889969
v 3.40582871 8.34904861 25.94610023
v 3.0102458 8.4996891 25.94610023
v 2.20006466 8.74448395 26.75889969
v 1.78725219 8.83810043 26.75889969
v 1.37050104 8.91224003 26.75889969
v 2.60802889 8.63159752 25.94610023
v 2.20006466 8.74448395 25.94610023
v 1.78725219 8.83810043 25.94610023
v 1.37050104 8.91224003 25.94610023
v 0.95072955 8.9667387 25.94610023
v 0.52886295 9.00147724 25.94610023
v 0.1058309 9.01637936 25.94610023
v 0.95072955 8.9667387 26.75889969
v 0.52886295 9.00147724 26.75889969
v 0.1058309 9.01637936 26.75889969
v 4.16509151 7.99739313 23.36800003
v 3.7764411 8.18808746 23.36800003
v 3.79390597 8.18000984 22.55520058
v 3.37908578 8.3599081 23.36800003
v 3.40582871 8.34904861 22.55520058
v 2.97394133 8.5124588 23.36800003
v 3.0102458 8.4996891 22.55520058
v 2.5619421 8.6453886 23.36800003
v 2.60802889 8.63159752 22.55520058
v 2.14403749 8.75838947 23.36800003
v 2.20006466 8.74448395 22.55520058
v 1.72119069 8.85120296 23.36800003
v 1.78725219 8.83810043 22.55520058
v 1.29437649 8.92361355 23.36800003
v 1.37050104 8.91224003 22.55520058
v 0.86457884 8.97545528 23.36800003
v 0.95072955 8.9667387 22.55520058
v 0.43278819 9.00660801 23.36800003
v 0.52886295 9.00147724 22.55520058
v -0 9.0170002 23.36800003
v 0.1058309 9.01637936 22.55520058
v 3.79390597 8.18000984 18.84679985
v 4.16509151 7.99739313 18.0340004
v 3.40582871 8.34904861 18.84679985
v 3.7764411 8.18808746 18.0340004
v 3.0102458 8.4996891 18.84679985
v 3.37908578 8.3599081 18.0340004
v 2.60802889 8.63159752 18.84679985
v 2.97394133 8.5124588 18.0340004
v 2.20006466 8.74448395 18.84679985
v 2.5619421 8.6453886 18.0340004
v 1.78725219 8.83810043 18.84679985
v 2.14403749 8.75838947 18.0340004
v 1.37050104 8.91224003 18.84679985
v 1.72119069 8.85120296 18.0340004
v 0.95072955 8.9667387 18.84679985
v 1.29437649 8.92361355 18.0340004
v 0.52886295 9.00147724 18.84679985
v 0.86457884 8.97545528 18.0340004
v 0.1058309 9.01637936 18.84679985
v 0.43278819 9.00660801 18.0340004
v -0 9.0170002 18.0340004
v 3.79390597 8.18000984 19.16430092
v 3.79390597 8.18000984 19.97710037
v 3.40582871 8.34904861 19.16430092
v 3.0102458 8.4996891 19.16430092
v 2.60802889 8.63159752 19.16430092
v 2.20006466 8.74448395 19.16430092
v 1.78725219 8.83810043 19.16430092
v 1.37050104 8.91224003 19.16430092
v 3.40582871 8.34904861 19.97710037
v 3.0102458 8.4996891 19.97710037
v 2.60802889 8.63159752 19.97710037
v 2.20006466 8.74448395 19.97710037
v 1.78725219 8.83810043 19.97710037
v 1.37050104 8.91224003 19.97710037
v 0.95072955 8.9667387 19.16430092
v 0.52886295 9.00147724 19.16430092
v 0.1058309 9.01637936 19.16430092
v 0.95072955 8.9667387 19.97710037
v 0.52886295 9.00147724 19.97710037
v 0.1058309 9.01637936 19.97710037
v 3.79390597 8.18000984 22.23769951
v 3.79390597 8.18000984 21.42490005
v 3.40582871 8.34904861 22.23769951
v 3.40582871 8.34904861 21.42490005
v 3.0102458 8.4996891 22.23769951
v 3.0102458 8.4996891 21.42490005
v 2.60802889 8.63159752 22.23769951
v 2.60802889 8.63159752 21.42490005
v 2.20006466 8.74448395 22.23769951
v 2.20006466 8.74448395 21.42490005
v 1.78725219 8.83810043 22.23769951
v 1.78725219 8.83810043 21.42490005
v 1.37050104 8.91224003 22.23769951
v 1.37050104 8.91224003 21.42490005
v 0.95072955 8.9667387 22.23769951
v 0.95072955 8.9667387 21.42490005
v 0.52886295 9.00147724 22.23769951
v 0.52886295 9.00147724 21.42490005
v 0.1058309 9.01637936 22.23769951
v 0.1058309 9.01637936 21.42490005
v 3.79390597 8.18000984 21.10740089
v 3.40582871 8.34904861 21.10740089
v 3.0102458 8.4996891 21.10740089
v 3.79390597 8.18000984 20.29459953
v 2.60802889 8.63159752 21.10740089
v 3.40582871 8.34904861 20.29459953
v 3.0102458 8.4996891 20.29459953
v 2.20006466 8.74448395 21.10740089
v 1.78725219 8.83810043 21.10740089
v 1.37050104 8.91224003 21.10740089
v 2.60802889 8.63159752 20.29459953
v 2.20006466 8.74448395 20.29459953
v 1.78725219 8.83810043 20.29459953
v 1.37050104 8.91224003 20.29459953
v 0.95072955 8.9667387 20.29459953
v 0.52886295 9.00147724 20.29459953
v 0.1058309 9.01637936 20.29459953
v 0.95072955 8.9667387 21.10740089
v 0.52886295 9.00147724 21.10740089
v 0.1058309 9.01637936 21.10740089
v 4.16509151 7.99739313 17.71649933
v 3.7764411 8.18808746 17.71649933
v 3.79390597 8.18000984 16.90369987
v 3.37908578 8.3599081 17.71649933
v 3.40582871 8.34904861 16.90369987
v 2.97394133 8.5124588 17.71649933
v 3.0102458 8.4996891 16.90369987
v 2.5619421 8.6453886 17.71649933
v 2.60802889 8.63159752 16.90369987
v 2.14403749 8.75838947 17.71649933
v 2.20006466 8.74448395 16.90369987
v 1.72119069 8.85120296 17.71649933
v 1.78725219 8.83810043 16.90369987
v 1.29437649 8.92361355 17.71649933
v 1.37050104 8.91224003 16.90369987
v 0.86457884 8.97545528 17.71649933
v 0.95072955 8.9667387 16.90369987
v 0.43278819 9.00660801 17.71649933
v 0.52886295 9.00147724 16.90369987
v -0 9.0170002 17.71649933
v 0.1058309 9.01637936 16.90369987
v 3.79390597 8.18000984 13.1953001
v 4.16509151 7.99739313 12.38249969
v 3.40582871 8.34904861 13.1953001
v 3.7764411 8.18808746 12.38249969
v 3.0102458 8.4996891 13.1953001
v 3.37908578 8.3599081 12.38249969
v 2.60802889 8.63159752 13.1953001
v 2.97394133 8.5124588 12.38249969
v 2.20006466 8.74448395 13.1953001
v 2.5619421 8.6453886 12.38249969
v 1.78725219 8.83810043 13.1953001
v 2.14403749 8.75838947 12.38249969
v 1.37050104 8.91224003 13.1953001
v 1.72119069 8.85120296 12.38249969
v 0.95072955 8.9667387 13.1953001
v 1.29437649 8.92361355 12.38249969
v 0.52886295 9.00147724 13.1953001
v 0.86457884 8.97545528 12.38249969
v 0.1058309 9.01637936 13.1953001
v 0.43278819 9.00660801 12.38249969
v -0 9.0170002 12.38249969
v 3.79390597 8.18000984 13.51280022
v 3.79390597 8.18000984 14.32559967
v 3.40582871 8.34904861 13.51280022
v 3.0102458 8.4996891 13.51280022
v 2.60802889 8.63159752 13.51280022
v 2.20006466 8.74448395 13.51280022
v 1.78725219 8.83810043 13.51280022
v 1.37050104 8.91224003 13.51280022
v 3.40582871 8.34904861 14.32559967
v 3.0102458 8.4996891 14.32559967
v 2.60802889 8.63159752 14.32559967
v 2.20006466 8.74448395 14.32559967
v 1.78725219 8.83810043 14.32559967
v 1.37050104 8.91224003 14.32559967
v 0.95072955 8.9667387 13.51280022
v 0.52886295 9.00147724 13.51280022
v 0.1058309 9.01637936 13.51280022
v 0.95072955 8.9667387 14.32559967
v 0.52886295 9.00147724 14.32559967
v 0.1058309 9.01637936 14.32559967
v 3.79390597 8.18000984 16.58620071
v 3.79390597 8.18000984 15.77340031
v 3.40582871 8.34904861 16.58620071
v 3.40582871 8.34904861 15.77340031
v 3.0102458 8.4996891 16.58620071
v 3.0102458 8.4996891 15.77340031
v 2.60802889 8.63159752 16.58620071
v 2.60802889 8.63159752 15.77340031
v 2.20006466 8.74448395 16.58620071
v 2.20006466 8.74448395 15.77340031
v 1.78725219 8.83810043 16.58620071
v 1.78725219 8.83810043 15.77340031
v 1.37050104 8.91224003 16.58620071
v 1.37050104 8.91224003 15.77340031
v 0.95072955 8.9667387 16.58620071
v 0.95072955 8.9667387 15.77340031
v 0.52886295 9.00147724 16.58620071
v 0.52886295 9.00147724 15.77340031
v 0.1058309 9.01637936 16.58620071
v 0.1058309 9.01637936 15.77340031
v 3.79390597 8.18000984 15.45590019
v 3.40582871 8.34904861 15.45590019
v 3.0102458 8.4996891 15.45590019
v 3.79390597 8.18000984 14.64309978
v 3.40582871 8.34904861 14.64309978
v 3.0102458 8.4996891 14.64309978
v 2.60802889 8.63159752 14.64309978
v 2.20006466 8.74448395 14.64309978
v 1.78725219 8.83810043 14.64309978
v 1.37050104 8.91224003 14.64309978
v 2.60802889 8.63159752 15.45590019
v 2.20006466 8.74448395 15.45590019
v 1.78725219 8.83810043 15.45590019
v 1.37050104 8.91224003 15.45590019
v 0.95072955 8.9667387 14.64309978
v 0.52886295 9.00147724 14.64309978
v 0.1058309 9.01637936 14.64309978
v 0.95072955 8.9667387 15.45590019
v 0.52886295 9.00147724 15.45590019
v 0.1058309 9.01637936 15.45590019
v 4.16509151 7.99739313 12.06499958
v 3.7764411 8.18808746 12.06499958
v 3.79390597 8.18000984 11.25220013
v 3.37908578 8.3599081 12.06499958
v 3.40582871 8.34904861 11.25220013
v 2.97394133 8.5124588 12.06499958
v 3.0102458 8.4996891 11.25220013
v 2.5619421 8.6453886 12.06499958
v 2.60802889 8.63159752 11.25220013
v 2.14403749 8.75838947 12.06499958
v 2.20006466 8.74448395 11.25220013
v 1.72119069 8.85120296 12.06499958
v 1.78725219 8.83810043 11.25220013
v 1.29437649 8.92361355 12.06499958
v 1.37050104 8.91224003 11.25220013
v 0.86457884 8.97545528 12.06499958
v 0.95072955 8.9667387 11.25220013
v 0.43278819 9.00660801 12.06499958
v 0.52886295 9.00147724 11.25220013
v -0 9.0170002 12.06499958
v 0.1058309 9.01637936 11.25220013
v 3.79390597 8.18000984 7.54379988
v 4.16509151 7.99739313 6.73099995
v 3.40582871 8.34904861 7.54379988
v 3.7764411 8.18808746 6.73099995
v 3.0102458 8.4996891 7.54379988
v 3.37908578 8.3599081 6.73099995
v 2.60802889 8.63159752 7.54379988
v 2.97394133 8.5124588 6.73099995
v 2.20006466 8.74448395 7.54379988
v 2.5619421 8.6453886 6.73099995
v 1.78725219 8.83810043 7.54379988
v 2.14403749 8.75838947 6.73099995
v 1.37050104 8.91224003 7.54379988
v 1.72119069 8.85120296 6.73099995
v 0.95072955 8.9667387 7.54379988
v 1.29437649 8.92361355 6.73099995
v 0.52886295 9.00147724 7.54379988
v 0.86457884 8.97545528 6.73099995
v 0.1058309 9.01637936 7.54379988
v 0.43278819 9.00660801 6.73099995
v -0 9.0170002 6.73099995
v 3.79390597 8.18000984 7.86129999
v 3.79390597 8.18000984 8.67409992
v 3.40582871 8.34904861 7.86129999
v 3.0102458 8.4996891 7.86129999
v 3.40582871 8.34904861 8.67409992
v 3.0102458 8.4996891 8.67409992
v 2.60802889 8.63159752 7.86129999
v 2.20006466 8.74448395 7.86129999
v 1.78725219 8.83810043 7.86129999
v 1.37050104 8.91224003 7.86129999
v 2.60802889 8.63159752 8.67409992
v 2.20006466 8.74448395 8.67409992
v 1.78725219 8.83810043 8.67409992
v 1.37050104 8.91224003 8.67409992
v 0.95072955 8.9667387 7.86129999
v 0.52886295 9.00147724 7.86129999
v 0.1058309 9.01637936 7.86129999
v 0.95072955 8.9667387 8.67409992
v 0.52886295 9.00147724 8.67409992
v 0.1058309 9.01637936 8.67409992
v 3.79390597 8.18000984 10.93470001
v 3.79390597 8.18000984 10.1218996
v 3.40582871 8.34904861 10.93470001
v 3.40582871 8.34904861 10.1218996
v 3.0102458 8.4996891 10.93470001
v 3.0102458 8.4996891 10.1218996
v 2.60802889 8.63159752 10.93470001
v 2.60802889 8.63159752 10.1218996
v 2.20006466 8.74448395 10.93470001
v 2.20006466 8.74448395 10.1218996
v 1.78725219 8.83810043 10.93470001
v 1.78725219 8.83810043 10.1218996
v 1.37050104 8.91224003 10.93470001
v 1.37050104 8.91224003 10.1218996
v 0.95072955 8.9667387 10.93470001
v 0.95072955 8.9667387 10.1218996
v 0.52886295 9.00147724 10.93470001
v 0.52886295 9.00147724 10.1218996
v 0.1058309 9.01637936 10.93470001
v 0.1058309 9.01637936 10.1218996
v 3.79390597 8.18000984 9.80440044
v 3.40582871 8.34904861 9.80440044
v 3.0102458 8.4996891 9.80440044
v 3.79390597 8.18000984 8.99160004
v 3.40582871 8.34904861 8.99160004
v 3.0102458 8.4996891 8.99160004
v 2.60802889 8.63159752 8.99160004
v 2.20006466 8.74448395 8.99160004
v 1.78725219 8.83810043 8.99160004
v 1.37050104 8.91224003 8.99160004
v 2.60802889 8.63159752 9.80440044
v 2.20006466 8.74448395 9.80440044
v 1.78725219 8.83810043 9.80440044
v 1.37050104 8.91224003 9.80440044
v 0.95072955 8.9667387 8.99160004
v 0.52886295 9.00147724 8.99160004
v 0.1058309 9.01637936 8.99160004
v 0.95072955 8.9667387 9.80440044
v 0.52886295 9.00147724 9.80440044
v 0.1058309 9.01637936 9.80440044
v 4.16509151 7.99739313 6.41349983
v 3.7764411 8.18808746 6.41349983
v 3.79390597 8.18000984 5.6006999
v 3.37908578 8.3599081 6.41349983
v 3.40582871 8.34904861 5.6006999
v 2.97394133 8.5124588 6.41349983
v 3.0102458 8.4996891 5.6006999
v 2.5619421 8.6453886 6.41349983
v 2.60802889 8.63159752 5.6006999
v 2.14403749 8.75838947 6.41349983
v 2.20006466 8.74448395 5.6006999
v 1.72119069 8.85120296 6.41349983
v 1.78725219 8.83810043 5.6006999
v 1.29437649 8.92361355 6.41349983
v 1.37050104 8.91224003 5.6006999
v 0.86457884 8.97545528 6.41349983
v 0.95072955 8.9667387 5.6006999
v 0.43278819 9.00660801 6.41349983
v 0.52886295 9.00147724 5.6006999
v -0 9.0170002 6.41349983
v 0.1058309 9.01637936 5.6006999
v 3.79390597 8.18000984 1.89230001
v 4.16509151 7.99739313 1.07949996
v 3.40582871 8.34904861 1.89230001
v 3.7764411 8.18808746 1.07949996
v 3.0102458 8.4996891 1.89230001
v 3.37908578 8.3599081 1.07949996
v 2.60802889 8.63159752 1.89230001
v 2.97394133 8.5124588 1.07949996
v 2.20006466 8.74448395 1.89230001
v 2.5619421 8.6453886 1.07949996
v 1.78725219 8.83810043 1.89230001
v 2.14403749 8.75838947 1.07949996
v 1.37050104 8.91224003 1.89230001
v 1.72119069 8.85120296 1.07949996
v 0.95072955 8.9667387 1.89230001
v 1.29437649 8.92361355 1.07949996
v 0.52886295 9.00147724 1.89230001
v 0.86457884 8.97545528 1.07949996
v 0.1058309 9.01637936 1.89230001
v 0.43278819 9.00660801 1.07949996
v -0 9.0170002 1.07949996
v 3.79390597 8.18000984 2.2098
v 3.79390597 8.18000984 3.02259994
v 3.40582871 8.34904861 2.2098
v 3.0102458 8.4996891 2.2098
v 2.60802889 8.63159752 2.2098
v 2.20006466 8.74448395 2.2098
v 1.78725219 8.83810043 2.2098
v 1.37050104 8.91224003 2.2098
v 3.40582871 8.34904861 3.02259994
v 3.0102458 8.4996891 3.02259994
v 2.60802889 8.63159752 3.02259994
v 2.20006466 8.74448395 3.02259994
v 1.78725219 8.83810043 3.02259994
v 1.37050104 8.91224003 3.02259994
v 0.95072955 8.9667387 2.2098
v 0.52886295 9.00147724 2.2098
v 0.1058309 9.01637936 2.2098
v 0.95072955 8.9667387 3.02259994
v 0.52886295 9.00147724 3.02259994
v 0.1058309 9.01637936 3.02259994
v 3.79390597 8.18000984 5.28319979
v 3.79390597 8.18000984 4.47039986
v 3.40582871 8.34904861 5.28319979
v 3.40582871 8.34904861 4.47039986
v 3.0102458 8.4996891 5.28319979
v 3.0102458 8.4996891 4.47039986
v 2.60802889 8.63159752 5.28319979
v 2.60802889 8.63159752 4.47039986
v 2.20006466 8.74448395 5.28319979
v 2.20006466 8.74448395 4.47039986
v 1.78725219 8.83810043 5.28319979
v 1.78725219 8.83810043 4.47039986
v 1.37050104 8.91224003 5.28319979
v 1.37050104 8.91224003 4.47039986
v 0.95072955 8.9667387 5.28319979
v 0.95072955 8.9667387 4.47039986
v 0.52886295 9.00147724 5.28319979
v 0.52886295 9.00147724 4.47039986
v 0.1058309 9.01637936 5.28319979
v 0.1058309 9.01637936 4.47039986
v 3.79390597 8.18000984 4.15290022
v 3.40582871 8.34904861 4.15290022
v 3.0102458 8.4996891 4.15290022
v 3.79390597 8.18000984 3.34010005
v 2.60802889 8.63159752 4.15290022
v 3.40582871 8.34904861 3.34010005
v 3.0102458 8.4996891 3.34010005
v 2.20006466 8.74448395 4.15290022
v 1.78725219 8.83810043 4.15290022
v 1.37050104 8.91224003 4.15290022
v 2.60802889 8.63159752 3.34010005
v 2.20006466 8.74448395 3.34010005
v 1.78725219 8.83810043 3.34010005
v 1.37050104 8.91224003 3.34010005
v 0.95072955 8.9667387 3.34010005
v 0.52886295 9.00147724 3.34010005
v 0.1058309 9.01637936 3.34010005
v 0.95072955 8.9667387 4.15290022
v 0.52886295 9.00147724 4.15290022
v 0.1058309 9.01637936 4.15290022
v 4.16509151 7.99739313 0.76200002
v 3.7764411 8.18808746 0.76200002
v 3.79390597 8.18000984 -0.0508
v 3.37908578 8.3599081 0.76200002
v 3.40582871 8.34904861 -0.0508
v 2.97394133 8.5124588 0.76200002
v 3.0102458 8.4996891 -0.0508
v 2.5619421 8.6453886 0.76200002
v 2.60802889 8.63159752 -0.0508
v 2.14403749 8.75838947 0.76200002
v 2.20006466 8.74448395 -0.0508
v 1.72119069 8.85120296 0.76200002
v 1.78725219 8.83810043 -0.0508
v 1.29437649 8.92361355 0.76200002
v 1.37050104 8.91224003 -0.0508
v 0.86457884 8.97545528 0.76200002
v 0.95072955 8.9667387 -0.0508
v 0.43278819 9.00660801 0.76200002
v 0.52886295 9.00147724 -0.0508
v -0 9.0170002 0.76200002
v 0.1058309 9.01637936 -0.0508
v 3.79390597 8.18000984 -3.7592001
v 4.16509151 7.99739313 -4.57200003
v 3.40582871 8.34904861 -3.7592001
v 3.7764411 8.18808746 -4.57200003
v 3.0102458 8.4996891 -3.7592001
v 3.37908578 8.3599081 -4.57200003
v 2.60802889 8.63159752 -3.7592001
v 2.97394133 8.5124588 -4.57200003
v 2.20006466 8.74448395 -3.7592001
v 2.5619421 8.6453886 -4.57200003
v 1.78725219 8.83810043 -3.7592001
v 2.14403749 8.75838947 -4.57200003
v 1.37050104 8.91224003 -3.7592001
v 1.72119069 8.85120296 -4.57200003
v 0.95072955 8.9667387 -3.7592001
v 1.29437649 8.92361355 -4.57200003
v 0.52886295 9.00147724 -3.7592001
v 0.86457884 8.97545528 -4.57200003
v 0.1058309 9.01637936 -3.7592001
v 0.43278819 9.00660801 -4.57200003
v -0 9.0170002 -4.57200003
v 3.79390597 8.18000984 -3.44169998
v 3.79390597 8.18000984 -2.62890005
v 3.40582871 8.34904861 -3.44169998
v 3.0102458 8.4996891 -3.44169998
v 2.60802889 8.63159752 -3.44169998
v 2.20006466 8.74448395 -3.44169998
v 1.78725219 8.83810043 -3.44169998
v 1.37050104 8.91224003 -3.44169998
v 3.40582871 8.34904861 -2.62890005
v 3.0102458 8.4996891 -2.62890005
v 2.60802889 8.63159752 -2.62890005
v 2.20006466 8.74448395 -2.62890005
v 1.78725219 8.83810043 -2.62890005
v 1.37050104 8.91224003 -2.62890005
v 0.95072955 8.9667387 -3.44169998
v 0.52886295 9.00147724 -3.44169998
v 0.1058309 9.01637936 -3.44169998
v 0.95072955 8.9667387 -2.62890005
v 0.52886295 9.00147724 -2.62890005
v 0.1058309 9.01637936 -2.62890005
v 3.79390597 8.18000984 -0.36829999
v 3.79390597 8.18000984 -1.18110001
v 3.40582871 8.34904861 -0.36829999
v 3.40582871 8.34904861 -1.18110001
v 3.0102458 8.4996891 -0.36829999
v 3.0102458 8.4996891 -1.18110001
v 2.60802889 8.63159752 -0.36829999
v 2.60802889 8.63159752 -1.18110001
v 2.20006466 8.74448395 -0.36829999
v 2.20006466 8.74448395 -1.18110001
v 1.78725219 8.83810043 -0.36829999
v 1.78725219 8.83810043 -1.18110001
v 1.37050104 8.91224003 -0.36829999
v 1.37050104 8.91224003 -1.18110001
v 0.95072955 8.9667387 -0.36829999
v 0.95072955 8.9667387 -1.18110001
v 0.52886295 9.00147724 -0.36829999
v 0.52886295 9.00147724 -1.18110001
v 0.1058309 9.01637936 -0.36829999
v 0.1058309 9.01637936 -1.18110001
v 3.79390597 8.18000984 -1.49860001
v 3.40582871 8.34904861 -1.49860001
v 3.0102458 8.4996891 -1.49860001
v 3.79390597 8.18000984 -2.31139994
v 3.40582871 8.34904861 -2.31139994
v 3.0102458 8.4996891 -2.31139994
v 2.60802889 8.63159752 -2.31139994
v 2.20006466 8.74448395 -2.31139994
v 1.78725219 8.83810043 -2.31139994
v 1.37050104 8.91224003 -2.31139994
v 2.60802889 8.63159752 -1.49860001
v 2.20006466 8.74448395 -1.49860001
v 1.78725219 8.83810043 -1.49860001
v 1.37050104 8.91224003 -1.49860001
v 0.95072955 8.9667387 -2.31139994
v 0.52886295 9.00147724 -2.31139994
v 0.1058309 9.01637936 -2.31139994
v 0.95072955 8.9667387 -1.49860001
v 0.52886295 9.00147724 -1.49860001
v 0.1058309 9.01637936 -1.49860001
v 4.16509151 7.99739313 -4.88950014
v 3.7764411 8.18808746 -4.88950014
v 3.79390597 8.18000984 -5.70230007
v 3.37908578 8.3599081 -4.88950014
v 3.40582871 8.34904861 -5.70230007
v 2.97394133 8.5124588 -4.88950014
v 3.0102458 8.4996891 -5.70230007
v 2.5619421 8.6453886 -4.88950014
v 2.60802889 8.63159752 -5.70230007
v 2.14403749 8.75838947 -4.88950014
v 2.20006466 8.74448395 -5.70230007
v 1.72119069 8.85120296 -4.88950014
v 1.78725219 8.83810043 -5.70230007
v 1.29437649 8.92361355 -4.88950014
v 1.37050104 8.91224003 -5.70230007
v 0.86457884 8.97545528 -4.88950014
v 0.95072955 8.9667387 -5.70230007
v 0.43278819 9.00660801 -4.88950014
v 0.52886295 9.00147724 -5.70230007
v -0 9.0170002 -4.88950014
v 0.1058309 9.01637936 -5.70230007
v 3.79390597 8.18000984 -9.41069984
v 4.16509151 7.99739313 -10.22350025
v 3.40582871 8.34904861 -9.41069984
v 3.7764411 8.18808746 -10.22350025
v 3.0102458 8.4996891 -9.41069984
v 3.37908578 8.3599081 -10.22350025
v 2.60802889 8.63159752 -9.41069984
v 2.97394133 8.5124588 -10.22350025
v 2.20006466 8.74448395 -9.41069984
v 2.5619421 8.6453886 -10.22350025
v 1.78725219 8.83810043 -9.41069984
v 2.14403749 8.75838947 -10.22350025
v 1.37050104 8.91224003 -9.41069984
v 1.72119069 8.85120296 -10.22350025
v 0.95072955 8.9667387 -9.41069984
v 1.29437649 8.92361355 -10.22350025
v 0.52886295 9.00147724 -9.41069984
v 0.86457884 8.97545528 -10.22350025
v 0.1058309 9.01637936 -9.41069984
v 0.43278819 9.00660801 -10.22350025
v -0 9.0170002 -10.22350025
v 3.79390597 8.18000984 -9.09319973
v 3.79390597 8.18000984 -8.28040028
v 3.40582871 8.34904861 -9.09319973
v 3.0102458 8.4996891 -9.09319973
v 2.60802889 8.63159752 -9.09319973
v 2.20006466 8.74448395 -9.09319973
v 1.78725219 8.83810043 -9.09319973
v 1.37050104 8.91224003 -9.09319973
v 3.40582871 8.34904861 -8.28040028
v 3.0102458 8.4996891 -8.28040028
v 2.60802889 8.63159752 -8.28040028
v 2.20006466 8.74448395 -8.28040028
v 1.78725219 8.83810043 -8.28040028
v 1.37050104 8.91224003 -8.28040028
v 0.95072955 8.9667387 -9.09319973
v 0.52886295 9.00147724 -9.09319973
v 0.1058309 9.01637936 -9.09319973
v 0.95072955 8.9667387 -8.28040028
v 0.52886295 9.00147724 -8.28040028
v 0.1058309 9.01637936 -8.28040028
v 3.79390597 8.18000984 -6.01980019
v 3.79390597 8.18000984 -6.83260012
v 3.40582871 8.34904861 -6.01980019
v 3.40582871 8.34904861 -6.83260012
v 3.0102458 8.4996891 -6.01980019
v 3.0102458 8.4996891 -6.83260012
v 2.60802889 8.63159752 -6.01980019
v 2.60802889 8.63159752 -6.83260012
v 2.20006466 8.74448395 -6.01980019
v 2.20006466 8.74448395 -6.83260012
v 1.78725219 8.83810043 -6.01980019
v 1.78725219 8.83810043 -6.83260012
v 1.37050104 8.91224003 -6.01980019
v 1.37050104 8.91224003 -6.83260012
v 0.95072955 8.9667387 -6.01980019
v 0.95072955 8.9667387 -6.83260012
v 0.52886295 9.00147724 -6.01980019
v 0.52886295 9.00147724 -6.83260012
v 0.1058309 9.01637936 -6.01980019
v 0.1058309 9.01637936 -6.83260012
v 3.79390597 8.18000984 -7.15010023
v 3.40582871 8.34904861 -7.15010023
v 3.0102458 8.4996891 -7.15010023
v 3.79390597 8.18000984 -7.96290016
v 3.40582871 8.34904861 -7.96290016
v 3.0102458 8.4996891 -7.96290016
v 2.60802889 8.63159752 -7.96290016
v 2.20006466 8.74448395 -7.96290016
v 1.78725219 8.83810043 -7.96290016
v 1.37050104 8.91224003 -7.96290016
v 2.60802889 8.63159752 -7.15010023
v 2.20006466 8.74448395 -7.15010023
v 1.78725219 8.83810043 -7.15010023
v 1.37050104 8.91224003 -7.15010023
v 0.95072955 8.9667387 -7.96290016
v 0.52886295 9.00147724 -7.96290016
v 0.1058309 9.01637936 -7.96290016
v 0.95072955 8.9667387 -7.15010023
v 0.52886295 9.00147724 -7.15010023
v 0.1058309 9.01637936 -7.15010023
v 4.16509151 7.99739313 -10.54100037
v 3.7764411 8.18808746 -10.54100037
v 3.79390597 8.18000984 -11.35379982
v 3.37908578 8.3599081 -10.54100037
v 3.40582871 8.34904861 -11.35379982
v 2.97394133 8.5124588 -10.54100037
v 3.0102458 8.4996891 -11.35379982
v 2.5619421 8.6453886 -10.54100037
v 2.60802889 8.63159752 -11.35379982
v 2.14403749 8.75838947 -10.54100037
v 2.20006466 8.74448395 -11.35379982
v 1.72119069 8.85120296 -10.54100037
v 1.78725219 8.83810043 -11.35379982
v 1.29437649 8.92361355 -10.54100037
v 1.37050104 8.91224003 -11.35379982
v 0.86457884 8.97545528 -10.54100037
v 0.95072955 8.9667387 -11.35379982
v 0.43278819 9.00660801 -10.54100037
v 0.52886295 9.00147724 -11.35379982
v -0 9.0170002 -10.54100037
v 0.1058309 9.01637936 -11.35379982
v 3.79390597 8.18000984 -15.06219959
v 4.16509151 7.99739313 -15.875
v 3.40582871 8.34904861 -15.06219959
v 3.7764411 8.18808746 -15.875
v 3.0102458 8.4996891 -15.06219959
v 3.37908578 8.3599081 -15.875
v 2.60802889 8.63159752 -15.06219959
v 2.97394133 8.5124588 -15.875
v 2.20006466 8.74448395 -15.06219959
v 2.5619421 8.6453886 -15.875
v 1.78725219 8.83810043 -15.06219959
v 2.14403749 8.75838947 -15.875
v 1.37050104 8.91224003 -15.06219959
v 1.72119069 8.85120296 -15.875
v 0.95072955 8.9667387 -15.06219959
v 1.29437649 8.92361355 -15.875
v 0.52886295 9.00147724 -15.06219959
v 0.86457884 8.97545528 -15.875
v 0.1058309 9.01637936 -15.06219959
v 0.43278819 9.00660801 -15.875
v -0 9.0170002 -15.875
v 3.79390597 8.18000984 -14.74470043
v 3.79390597 8.18000984 -13.93190002
v 3.40582871 8.34904861 -14.74470043
v 3.0102458 8.4996891 -14.74470043
v 2.60802889 8.63159752 -14.74470043
v 2.20006466 8.74448395 -14.74470043
v 1.78725219 8.83810043 -14.74470043
v 1.37050104 8.91224003 -14.74470043
v 3.40582871 8.34904861 -13.93190002
v 3.0102458 8.4996891 -13.93190002
v 2.60802889 8.63159752 -13.93190002
v 2.20006466 8.74448395 -13.93190002
v 1.78725219 8.83810043 -13.93190002
v 1.37050104 8.91224003 -13.93190002
v 0.95072955 8.9667387 -14.74470043
v 0.52886295 9.00147724 -14.74470043
v 0.1058309 9.01637936 -14.74470043
v 0.95072955 8.9667387 -13.93190002
v 0.52886295 9.00147724 -13.93190002
v 0.1058309 9.01637936 -13.93190002
v 3.79390597 8.18000984 -11.67129993
v 3.79390597 8.18000984 -12.48410034
v 3.40582871 8.34904861 -11.67129993
v 3.40582871 8.34904861 -12.48410034
v 3.0102458 8.4996891 -11.67129993
v 3.0102458 8.4996891 -12.48410034
v 2.60802889 8.63159752 -11.67129993
v 2.60802889 8.63159752 -12.48410034
v 2.20006466 8.74448395 -11.67129993
v 2.20006466 8.74448395 -12.48410034
v 1.78725219 8.83810043 -11.67129993
v 1.78725219 8.83810043 -12.48410034
v 1.37050104 8.91224003 -11.67129993
v 1.37050104 8.91224003 -12.48410034
v 0.95072955 8.9667387 -11.67129993
v 0.95072955 8.9667387 -12.48410034
v 0.52886295 9.00147724 -11.67129993
v 0.52886295 9.00147724 -12.48410034
v 0.1058309 9.01637936 -11.67129993
v 0.1058309 9.01637936 -12.48410034
v 3.79390597 8.18000984 -12.80160046
v 3.40582871 8.34904861 -12.80160046
v 3.0102458 8.4996891 -12.80160046
v 3.79390597 8.18000984 -13.61439991
v 3.40582871 8.34904861 -13.61439991
v 3.0102458 8.4996891 -13.61439991
v 2.60802889 8.63159752 -13.61439991
v 2.20006466 8.74448395 -13.61439991
v 1.78725219 8.83810043 -13.61439991
v 1.37050104 8.91224003 -13.61439991
v 2.60802889 8.63159752 -12.80160046
v 2.20006466 8.74448395 -12.80160046
v 1.78725219 8.83810043 -12.80160046
v 1.37050104 8.91224003 -12.80160046
v 0.95072955 8.9667387 -13.61439991
v 0.52886295 9.00147724 -13.61439991
v 0.1058309 9.01637936 -13.61439991
v 0.95072955 8.9667387 -12.80160046
v 0.52886295 9.00147724 -12.80160046
v 0.1058309 9.01637936 -12.80160046
v 4.16509151 7.99739313 -16.19249916
v 3.7764411 8.18808746 -16.19249916
v 3.79390597 8.18000984 -17.00530052
v 3.37908578 8.3599081 -16.19249916
v 3.40582871 8.34904861 -17.00530052
v 2.97394133 8.5124588 -16.19249916
v 3.0102458 8.4996891 -17.00530052
v 2.5619421 8.6453886 -16.19249916
v 2.60802889 8.63159752 -17.00530052
v 2.14403749 8.75838947 -16.19249916
v 2.20006466 8.74448395 -17.00530052
v 1.72119069 8.85120296 -16.19249916
v 1.78725219 8.83810043 -17.00530052
v 1.29437649 8.92361355 -16.19249916
v 1.37050104 8.91224003 -17.00530052
v 0.86457884 8.97545528 -16.19249916
v 0.95072955 8.9667387 -17.00530052
v 0.43278819 9.00660801 -16.19249916
v 0.52886295 9.00147724 -17.00530052
v -0 9.0170002 -16.19249916
v 0.1058309 9.01637936 -17.00530052
v 3.79390597 8.18000984 -20.71369934
v 4.16509151 7.99739313 -21.5265007
v 3.40582871 8.34904861 -20.71369934
v 3.7764411 8.18808746 -21.5265007
v 3.0102458 8.4996891 -20.71369934
v 3.37908578 8.3599081 -21.5265007
v 2.60802889 8.63159752 -20.71369934
v 2.97394133 8.5124588 -21.5265007
v 2.20006466 8.74448395 -20.71369934
v 2.5619421 8.6453886 -21.5265007
v 1.78725219 8.83810043 -20.71369934
v 2.14403749 8.75838947 -21.5265007
v 1.37050104 8.91224003 -20.71369934
v 1.72119069 8.85120296 -21.5265007
v 0.95072955 8.9667387 -20.71369934
v 1.29437649 8.92361355 -21.5265007
v 0.52886295 9.00147724 -20.71369934
v 0.86457884 8.97545528 -21.5265007
v 0.1058309 9.01637936 -20.71369934
v 0.43278819 9.00660801 -21.5265007
v -0 9.0170002 -21.5265007
v 3.79390597 8.18000984 -20.39620018
v 3.79390597 8.18000984 -19.58340073
v 3.40582871 8.34904861 -20.39620018
v 3.0102458 8.4996891 -20.39620018
v 3.40582871 8.34904861 -19.58340073
v 3.0102458 8.4996891 -19.58340073
v 2.60802889 8.63159752 -20.39620018
v 2.20006466 8.74448395 -20.39620018
v 1.78725219 8.83810043 -20.39620018
v 1.37050104 8.91224003 -20.39620018
v 2.60802889 8.63159752 -19.58340073
v 2.20006466 8.74448395 -19.58340073
v 1.78725219 8.83810043 -19.58340073
v 1.37050104 8.91224003 -19.58340073
v 0.95072955 8.9667387 -20.39620018
v 0.52886295 9.00147724 -20.39620018
v 0.1058309 9.01637936 -20.39620018
v 0.95072955 8.9667387 -19.58340073
v 0.52886295 9.00147724 -19.58340073
v 0.1058309 9.01637936 -19.58340073
v 3.79390597 8.18000984 -17.32279968
v 3.79390597 8.18000984 -18.13559914
v 3.40582871 8.34904861 -17.32279968
v 3.40582871 8.34904861 -18.13559914
v 3.0102458 8.4996891 -17.32279968
v 3.0102458 8.4996891 -18.13559914
v 2.60802889 8.63159752 -17.32279968
v 2.60802889 8.63159752 -18.13559914
v 2.20006466 8.74448395 -17.32279968
v 2.20006466 8.74448395 -18.13559914
v 1.78725219 8.83810043 -17.32279968
v 1.78725219 8.83810043 -18.13559914
v 1.37050104 8.91224003 -17.32279968
v 1.37050104 8.91224003 -18.13559914
v 0.95072955 8.9667387 -17.32279968
v 0.95072955 8.9667387 -18.13559914
v 0.52886295 9.00147724 -17.32279968
v 0.52886295 9.00147724 -18.13559914
v 0.1058309 9.01637936 -17.32279968
v 0.1058309 9.01637936 -18.13559914
v 3.79390597 8.18000984 -18.4531002
v 3.40582871 8.34904861 -18.4531002
v 3.0102458 8.4996891 -18.4531002
v 3.79390597 8.18000984 -19.26589966
v 3.40582871 8.34904861 -19.26589966
v 3.0102458 8.4996891 -19.26589966
v 2.60802889 8.63159752 -19.26589966
v 2.20006466 8.74448395 -19.26589966
v 1.78725219 8.83810043 -19.26589966
v 1.37050104 8.91224003 -19.26589966
v 2.60802889 8.63159752 -18.4531002
v 2.20006466 8.74448395 -18.4531002
v 1.78725219 8.83810043 -18.4531002
v 1.37050104 8.91224003 -18.4531002
v 0.95072955 8.9667387 -19.26589966
v 0.52886295 9.00147724 -19.26589966
v 0.1058309 9.01637936 -19.26589966
v 0.95072955 8.9667387 -18.4531002
v 0.52886295 9.00147724 -18.4531002
v 0.1058309 9.01637936 -18.4531002
v 4.16509151 7.99739313 -21.84399986
v 3.7764411 8.18808746 -21.84399986
v 3.79390597 8.18000984 -22.65679932
v 3.37908578 8.3599081 -21.84399986
v 3.40582871 8.34904861 -22.65679932
v 2.97394133 8.5124588 -21.84399986
v 3.0102458 8.4996891 -22.65679932
v 2.5619421 8.6453886 -21.84399986
v 2.60802889 8.63159752 -22.65679932
v 2.14403749 8.75838947 -21.84399986
v 2.20006466 8.74448395 -22.65679932
v 1.72119069 8.85120296 -21.84399986
v 1.78725219 8.83810043 -22.65679932
v 1.29437649 8.92361355 -21.84399986
v 1.37050104 8.91224003 -22.65679932
v 0.86457884 8.97545528 -21.84399986
v 0.95072955 8.9667387 -22.65679932
v 0.43278819 9.00660801 -21.84399986
v 0.52886295 9.00147724 -22.65679932
v -0 9.0170002 -21.84399986
v 0.1058309 9.01637936 -22.65679932
v 3.79390597 8.18000984 -26.36520004
v 4.16509151 7.99739313 -27.1779995
v 3.40582871 8.34904861 -26.36520004
v 3.7764411 8.18808746 -27.1779995
v 3.0102458 8.4996891 -26.36520004
v 3.37908578 8.3599081 -27.1779995
v 2.60802889 8.63159752 -26.36520004
v 2.97394133 8.5124588 -27.1779995
v 2.20006466 8.74448395 -26.36520004
v 2.5619421 8.6453886 -27.1779995
v 1.78725219 8.83810043 -26.36520004
v 2.14403749 8.75838947 -27.1779995
v 1.37050104 8.91224003 -26.36520004
v 1.72119069 8.85120296 -27.1779995
v 0.95072955 8.9667387 -26.36520004
v 1.29437649 8.92361355 -27.1779995
v 0.52886295 9.00147724 -26.36520004
v 0.86457884 8.97545528 -27.1779995
v 0.1058309 9.01637936 -26.36520004
v 0.43278819 9.00660801 -27.1779995
v -0 9.0170002 -27.1779995
v 3.79390597 8.18000984 -26.04770088
v 3.79390597 8.18000984 -25.23489952
v 3.40582871 8.34904861 -26.04770088
v 3.0102458 8.4996891 -26.04770088
v 3.40582871 8.34904861 -25.23489952
v 3.0102458 8.4996891 -25.23489952
v 2.60802889 8.63159752 -26.04770088
v 2.20006466 8.74448395 -26.04770088
v 1.78725219 8.83810043 -26.04770088
v 1.37050104 8.91224003 -26.04770088
v 2.60802889 8.63159752 -25.23489952
v 2.20006466 8.74448395 -25.23489952
v 1.78725219 8.83810043 -25.23489952
v 1.37050104 8.91224003 -25.23489952
v 0.95072955 8.9667387 -26.04770088
v 0.52886295 9.00147724 -26.04770088
v 0.1058309 9.01637936 -26.04770088
v 0.95072955 8.9667387 -25.23489952
v 0.52886295 9.00147724 -25.23489952
v 0.1058309 9.01637936 -25.23489952
v 3.79390597 8.18000984 -22.97430038
v 3.79390597 8.18000984 -23.78709984
v 3.40582871 8.34904861 -22.97430038
v 3.40582871 8.34904861 -23.78709984
v 3.0102458 8.4996891 -22.97430038
v 3.0102458 8.4996891 -23.78709984
v 2.60802889 8.63159752 -22.97430038
v 2.60802889 8.63159752 -23.78709984
v 2.20006466 8.74448395 -22.97430038
v 2.20006466 8.74448395 -23.78709984
v 1.78725219 8.83810043 -22.97430038
v 1.78725219 8.83810043 -23.78709984
v 1.37050104 8.91224003 -22.97430038
v 1.37050104 8.91224003 -23.78709984
v 0.95072955 8.9667387 -22.97430038
v 0.95072955 8.9667387 -23.78709984
v 0.52886295 9.00147724 -22.97430038
v 0.52886295 9.00147724 -23.78709984
v 0.1058309 9.01637936 -22.97430038
v 0.1058309 9.01637936 -23.78709984
v 3.79390597 8.18000984 -24.10460091
v 3.40582871 8.34904861 -24.10460091
v 3.0102458 8.4996891 -24.10460091
v 3.79390597 8.18000984 -24.91740036
v 3.40582871 8.34904861 -24.91740036
v 3.0102458 8.4996891 -24.91740036
v 2.60802889 8.63159752 -24.91740036
v 2.20006466 8.74448395 -24.91740036
v 1.78725219 8.83810043 -24.91740036
v 1.37050104 8.91224003 -24.91740036
v 2.60802889 8.63159752 -24.10460091
v 2.20006466 8.74448395 -24.10460091
v 1.78725219 8.83810043 -24.10460091
v 1.37050104 8.91224003 -24.10460091
v 0.95072955 8.9667387 -24.91740036
v 0.52886295 9.00147724 -24.91740036
v 0.1058309 9.01637936 -24.91740036
v 0.95072955 8.9667387 -24.10460091
v 0.52886295 9.00147724 -24.10460091
v 0.1058309 9.01637936 -24.10460091
v 3.7764411 8.18808746 -27.49550056
v 3.70857573 8.2190485 -48.45050049
v 3.37908578 8.3599081 -27.49550056
v 3.29428005 8.3936882 -48.45050049
v 2.97394133 8.5124588 -27.49550056
v 2.87179422 8.54746056 -48.45050049
v 2.5619421 8.6453886 -27.49550056
v 2.44216847 8.67998314 -48.45050049
v 2.14403749 8.75838947 -27.49550056
v -8.80754089 1.93222821 -31.35888481
v -8.80830002 1.92876792 -31.39305878
v -8.80923748 1.92448223 -31.42269135
v -8.81044388 1.91895056 -31.45272636
v -8.81191444 1.91218698 -31.48304558
v -8.81342888 1.90519524 -31.50996208
v -8.80684185 1.93541503 -31.21973419
v -8.80646801 1.93711364 -31.26934433
v -8.80877209 1.92660987 -31.12561989
v -8.80788708 1.93064976 -31.15566063
v -8.80731297 1.93327022 -31.18265724
v -8.80991554 1.92137265 -31.09524345
v -8.81130886 1.91497457 -31.06466293
v -8.81291389 1.90757668 -31.0344696
v -8.81512833 1.89731681 -31.53676224
v -8.81472015 1.89921188 -31.0048008
v -8.81672287 1.88989627 -30.97573853
v -8.81700325 1.88858497 -31.56337166
v -8.81891346 1.8796463 -30.94736862
v -8.81904316 1.87903345 -31.58971024
v -8.82128525 1.86847806 -30.91976929
v -8.82123947 1.86869574 -31.61570358
v -8.82383537 1.85640228 -30.89297485
v -8.8235817 1.85760474 -31.64127922
v -8.82656574 1.84338748 -30.86666107
v -8.82606411 1.84577441 -31.66646767
v -8.82947445 1.82942545 -30.84075737
v -8.82868385 1.83320248 -31.69130516
v -8.83255482 1.81451583 -30.81526184
v -8.83143806 1.81988847 -31.71578789
v -8.83580208 1.79865801 -30.79018021
v -8.83430386 1.80592716 -31.73978424
v -8.8392086 1.78185153 -30.76551056
v -8.83728123 1.79130459 -31.76331139
v -8.84276962 1.76409602 -30.74125481
v -8.84042645 1.77570975 -31.78680801
v -8.8437748 1.75895786 -31.81053543
v -8.84647942 1.74539101 -30.71741676
v -8.8471899 1.74170494 -31.83355904
v -8.85033131 1.7257359 -30.69399452
v -8.8506422 1.72407472 -31.85569382
v -8.85432053 1.70513034 -30.67098999
v -8.85413551 1.70604515 -31.87696075
v -8.85843945 1.68357384 -30.64840698
v -8.85767078 1.68759429 -31.89737892
v -8.86268425 1.66106582 -30.62624359
v -8.86124897 1.6687001 -31.91696739
v -8.86487293 1.64934039 -31.93574524
v -8.86704445 1.63762653 -30.6045208
v -8.86856079 1.62938941 -31.9538269
v -8.87131882 1.61431539 -30.58420944
v -8.87235546 1.60859323 -31.97144508
v -8.87549877 1.59117198 -30.56534767
v -8.87624073 1.58700526 -31.98857117
v -8.87983131 1.56680822 -30.54678154
v -8.88020039 1.56469488 -32.0051651
v -8.88421726 1.54173148 -32.02118683
v -8.88423634 1.54163611 -30.52884674
v -8.88827229 1.51818454 -32.03658676
v -8.89029312 1.50631082 -30.5057106
v -8.8923502 1.49412322 -32.05133438
v -8.89638901 1.46987319 -30.4841404
v -8.8977623 1.46155095 -32.06984711
v -8.90251732 1.43226421 -30.46412659
v -8.90377426 1.42446661 -32.08903122
v -8.90862083 1.39379621 -30.44585609
v -8.90970993 1.38686073 -32.10649109
v -8.91463661 1.35481203 -30.42953491
v -8.91556835 1.34867632 -32.1222496
v -8.92050648 1.31561923 -30.41534615
v -8.92135429 1.3098594 -32.13632965
v -8.92632008 1.27554619 -30.40281677
v -8.92705727 1.27040756 -32.14878082
v -8.9320879 1.23449337 -30.39177704
v -8.93127537 1.24040604 -32.15706253
v -8.93547821 1.20974207 -32.1644783
v -8.93774891 1.19283736 -30.38235664
v -8.93964767 1.17853189 -32.17101669
v -8.94324303 1.1509552 -30.37468529
v -8.94362259 1.14799547 -32.17648697
v -8.94712162 1.1204139 -30.37024307
v -8.94740391 1.11814523 -32.18086624
v -8.95090008 1.08981597 -30.36674118
v -8.95121193 1.08724248 -32.18441391
v -8.9546442 1.05860138 -30.36409187
v -8.95465755 1.05848384 -32.18689346
v -8.95823956 1.02775204 -32.18875885
v -8.96599674 0.9576987 -30.35983849
v -8.96619987 0.95580143 -32.19157028
v -8.97282696 0.89149755 -30.36209869
v -8.97527122 0.8664819 -32.18793106
v -8.97753143 0.84274769 -30.36491966
v -8.97823238 0.83524877 -32.18565369
v -8.98052025 0.81027585 -30.36803818
v -8.98213673 0.79214805 -32.18072891
v -8.98364258 0.77488792 -30.37267113
v -8.98598099 0.747284 -32.17352295
v -8.9866581 0.73909259 -30.37861824
v -8.98923588 0.70705271 -32.16530991
v -8.98955727 0.70295936 -30.38586617
v -8.99195957 0.67149478 -32.15666962
v -8.99228001 0.66721392 -30.39429665
v -8.99450684 0.63642114 -32.14683914
v -8.99481773 0.63207406 -30.40387344
v -8.99687862 0.6019364 -32.13586426
v -8.99717522 0.59757042 -30.41459084
v -8.99907684 0.5681451 -32.123806
v -8.99935913 0.56373388 -30.4264431
v -9.00110245 0.53515172 -32.11070251
v -9.00137424 0.53059512 -30.43942261
v -9.00295544 0.50306088 -32.09661484
v -9.00322723 0.49818492 -30.45352364
v -9.00464439 0.47188103 -32.08153152
v -9.00492668 0.46644774 -30.46878624
v -9.00620461 0.44109234 -32.06518173
v -9.00649452 0.43510124 -30.48537064
v -9.00764656 0.41060188 -32.04751205
v -9.00793457 0.40416598 -30.5032692
v -9.00897217 0.38041174 -32.02851868
v -9.00924969 0.3736935 -30.52245712
v -9.01018429 0.35052401 -32.00821304
v -9.01044369 0.34373525 -30.54290962
v -9.01128674 0.32094073 -31.98658943
v -9.01151848 0.31434277 -30.56460381
v -9.01228142 0.29166406 -31.96365166
v -9.01247692 0.28556758 -30.58751488
v -9.01316261 0.26304373 -31.93969727
v -9.0134182 0.25408787 -30.61459351
v -9.0139122 0.23594303 -31.91546249
v -9.01430225 0.22050552 -30.64605522
v -9.01454449 0.21040304 -31.89098167
v -9.014925 0.19344494 -30.67383575
v -9.01502514 0.18870045 -31.8686657
v -9.0153513 0.17242646 -30.69739914
v -9.01564217 0.15661786 -31.83308029
v -9.01626778 0.11487398 -30.76688957
v -9.01626778 0.11487398 -31.78451729
v -9.0170002 0 -30.69551277
v -9.0170002 0 -31.85987663
v 4.37738228 6.55121565 30.09900093
v 3.7141726 6.94872808 30.09900093
v 3.74518776 5.60506964 30.86100006
v 4.27304459 1.29621398 32.38499832
v 3.17957306 0.98076838 33.14699936
v 3.22450781 0.82106054 33.14699936
v 3.1267333 1.1380378 33.14699936
v 4.12541771 1.70880401 32.38499832
v 4.94161654 2.64134908 31.62299919
v 4.65892363 3.11299324 31.62299919
v 3.71277785 2.48079896 32.38499832
v 3.93806076 2.10493731 32.38499832
v 5.21098709 4.27654648 30.86100006
v 3.96208906 3.96208906 31.62299919
v 4.3313632 3.55465794 31.62299919
v 4.76671982 4.76671982 30.86100006
v 4.9984355 6.09061098 30.09900093
v 4.27654648 5.21098709 30.86100006
v 4.37951994 0.87114072 32.38499832
v 3.26142597 0.65931147 33.14699936
v 3.29023576 0.49592325 33.14699936
v 5.17671871 2.14426708 31.62299919
v 5.60506964 3.74518776 30.86100006
v 5.57135105 5.57135105 30.09900093
v 4.44381809 0.43767789 32.38499832
v 3.32326388 0.1658572 33.14699936
v 3.32739997 0 33.14699936
v 3.3108654 0.33130205 33.14699936
v 5.36196613 1.6265347 31.62299919
v 5.94517231 3.17776084 30.86100006
v 6.09061098 4.9984355 30.09900093
v 5.49557543 1.09313786 31.62299919
v 6.22801971 2.57973027 30.86100006
v 6.55121565 4.37738228 30.09900093
v 5.57625866 0.54921359 31.62299919
v 6.45088768 1.95685542 30.86100006
v 6.94872808 3.7141726 30.09900093
v 6.61163044 1.31513512 30.86100006
v 7.27932072 3.01519346 30.09900093
v 6.7086997 0.6607492 30.86100006
v 7.53980923 2.28717613 30.09900093
v 7.72768545 1.53713226 30.09900093
v 7.84114027 0.77228487 30.09900093
v -4.44381809 0.43767789 32.38499832
v -3.3108654 0.33130205 33.14699936
v -3.29023576 0.49592325 33.14699936
v -3.32326388 0.1658572 33.14699936
v -3.32739997 0 33.14699936
v -4.37951994 0.87114072 32.38499832
v -3.26142597 0.65931147 33.14699936
v -3.22450781 0.82106054 33.14699936
v -4.27304459 1.29621398 32.38499832
v -3.17957306 0.98076838 33.14699936
v -3.1267333 1.1380378 33.14699936
v -5.57625866 0.54921359 31.62299919
v -4.12541771 1.70880401 32.38499832
v -3.06611991 1.29247797 33.14699936
v -2.9978838 1.44370472 33.14699936
v -5.49557543 1.09313786 31.62299919
v -3.93806076 2.10493731 32.38499832
v -2.92219448 1.59134233 33.14699936
v -2.83924007 1.7350235 33.14699936
v -5.36196613 1.6265347 31.62299919
v -6.7086997 0.6607492 30.86100006
v -3.71277785 2.48079896 32.38499832
v -2.74922681 1.8743912 33.14699936
v -2.6523788 2.00909877 33.14699936
v -5.17671871 2.14426708 31.62299919
v -6.61163044 1.31513512 30.86100006
v -3.45173907 2.83276892 32.38499832
v -2.54893637 2.13881159 33.14699936
v -2.43915677 2.26320672 33.14699936
v -4.94161654 2.64134908 31.62299919
v -6.45088768 1.95685542 30.86100006
v -7.84114027 0.77228487 30.09900093
v -3.15745807 3.15745807 32.38499832
v -2.32331324 2.38197541 33.14699936
v -2.20169353 2.49482203 33.14699936
v -4.65892363 3.11299324 31.62299919
v -6.22801971 2.57973027 30.86100006
v -7.72768545 1.53713226 30.09900093
v -2.83276892 3.45173907 32.38499832
v -2.07459998 2.60146618 33.14699936
v -1.94234872 2.70164251 33.14699936
v -4.3313632 3.55465794 31.62299919
v -5.94517231 3.17776084 30.86100006
v -7.53980923 2.28717613 30.09900093
v -2.48079896 3.71277785 32.38499832
v -1.80526841 2.79510236 33.14699936
v -1.66369998 2.88161302 33.14699936
v -3.96208906 3.96208906 31.62299919
v -5.60506964 3.74518776 30.86100006
v -7.27932072 3.01519346 30.09900093
v -2.10493731 3.93806076 32.38499832
v -1.51799536 2.96095943 33.14699936
v -1.36851668 3.03294468 33.14699936
v -3.55465794 4.3313632 31.62299919
v -5.21098709 4.27654648 30.86100006
v -6.94872808 3.7141726 30.09900093
v -1.70880401 4.12541771 32.38499832
v -1.21563578 3.09738922 33.14699936
v -1.05973244 3.15413356 33.14699936
v -3.11299324 4.65892363 31.62299919
v -4.76671982 4.76671982 30.86100006
v -6.55121565 4.37738228 30.09900093
v -1.29621398 4.27304459 32.38499832
v -0.90119457 3.20303583 33.14699936
v -0.74041617 3.24397516 33.14699936
v -2.64134908 4.94161654 31.62299919
v -4.27654648 5.21098709 30.86100006
v -6.09061098 4.9984355 30.09900093
v -0.87114072 4.37951994 32.38499832
v -0.57779694 3.27684927 33.14699936
v -0.41374123 3.30157685 33.14699936
v -2.14426708 5.17671871 31.62299919
v -3.74518776 5.60506964 30.86100006
v -5.57135105 5.57135105 30.09900093
v -0.43767789 4.44381809 32.38499832
v -0.24865691 3.31809592 33.14699936
v -0.08295438 3.32636571 33.14699936
v -1.6265347 5.36196613 31.62299919
v -3.17776084 5.94517231 30.86100006
v -4.9984355 6.09061098 30.09900093
v 0 4.46532011 32.38499832
v 0.08295438 3.32636571 33.14699936
v -1.09313786 5.49557543 31.62299919
v -2.57973027 6.22801971 30.86100006
v -4.37738228 6.55121565 30.09900093
v 0.43767789 4.44381809 32.38499832
v 0.24865691 3.31809592 33.14699936
v 0.41374123 3.30157685 33.14699936
v -0.54921359 5.57625866 31.62299919
v -1.95685542 6.45088768 30.86100006
v -3.7141726 6.94872808 30.09900093
v -3.7764411 8.18808746 29.33699989
v -4.16509151 7.99739313 29.33699989
v 0.87114072 4.37951994 32.38499832
v 0.57779694 3.27684927 33.14699936
v 0.74041617 3.24397516 33.14699936
v 0 5.60324001 31.62299919
v -1.31513512 6.61163044 30.86100006
v -3.01519346 7.27932072 30.09900093
v -2.97394133 8.5124588 29.33699989
v -3.37908578 8.3599081 29.33699989
v 1.29621398 4.27304459 32.38499832
v 0.90119457 3.20303583 33.14699936
v 1.05973244 3.15413356 33.14699936
v 0.54921359 5.57625866 31.62299919
v -0.6607492 6.7086997 30.86100006
v -2.28717613 7.53980923 30.09900093
v -2.14403749 8.75838947 29.33699989
v -2.5619421 8.6453886 29.33699989
v 1.70880401 4.12541771 32.38499832
v 1.21563578 3.09738922 33.14699936
v 1.36851668 3.03294468 33.14699936
v 1.09313786 5.49557543 31.62299919
v 0 6.74115992 30.86100006
v -1.53713226 7.72768545 30.09900093
v -1.72119069 8.85120296 29.33699989
v -1.29437649 8.92361355 29.33699989
v 2.10493731 3.93806076 32.38499832
v 1.51799536 2.96095943 33.14699936
v 1.66369998 2.88161302 33.14699936
v 1.6265347 5.36196613 31.62299919
v 0.6607492 6.7086997 30.86100006
v -0.77228487 7.84114027 30.09900093
v -0.43278819 9.00660801 29.33699989
v -0.86457884 8.97545528 29.33699989
v 2.48079896 3.71277785 32.38499832
v 1.80526841 2.79510236 33.14699936
v 1.94234872 2.70164251 33.14699936
v 2.14426708 5.17671871 31.62299919
v 1.31513512 6.61163044 30.86100006
v 0 7.87907982 30.09900093
v 0.43278819 9.00660801 29.33699989
v -0 9.0170002 29.33699989
v 2.83276892 3.45173907 32.38499832
v 2.07459998 2.60146618 33.14699936
v 2.20169353 2.49482203 33.14699936
v 2.64134908 4.94161654 31.62299919
v 1.95685542 6.45088768 30.86100006
v 0.77228487 7.84114027 30.09900093
v 1.29437649 8.92361355 29.33699989
v 0.86457884 8.97545528 29.33699989
v 3.15745807 3.15745807 32.38499832
v 2.32331324 2.38197541 33.14699936
v 2.43915677 2.26320672 33.14699936
v 3.11299324 4.65892363 31.62299919
v 2.57973027 6.22801971 30.86100006
v 1.53713226 7.72768545 30.09900093
v 2.14403749 8.75838947 29.33699989
v 1.72119069 8.85120296 29.33699989
v 3.45173907 2.83276892 32.38499832
v 2.54893637 2.13881159 33.14699936
v 2.6523788 2.00909877 33.14699936
v 3.55465794 4.3313632 31.62299919
v 3.17776084 5.94517231 30.86100006
v 2.28717613 7.53980923 30.09900093
v 2.97394133 8.5124588 29.33699989
v 2.5619421 8.6453886 29.33699989
v 2.74922681 1.8743912 33.14699936
v 2.83924007 1.7350235 33.14699936
v 3.01519346 7.27932072 30.09900093
v 3.7764411 8.18808746 29.33699989
v 3.37908578 8.3599081 29.33699989
v 2.92219448 1.59134233 33.14699936
v 2.9978838 1.44370472 33.14699936
v 4.16509151 7.99739313 29.33699989
v 3.06611991 1.29247797 33.14699936
v -0.6377756 0.06281541 66.11815643
v -0.53074944 0.05310949 67.43699646
v -0.52744234 0.07949915 67.43699646
v -0.53273696 0.0265878 67.43699646
v -0.5334 0 67.43699646
v -0.62854755 0.12502588 66.11815643
v -0.52282399 0.10569115 67.43699646
v -0.51690584 0.13162039 67.43699646
v -0.61326623 0.18603228 66.11815643
v -0.50970256 0.15722241 67.43699646
v -0.50123203 0.18243355 67.43699646
v -0.59207886 0.2452471 66.11815643
v -0.4915154 0.20719112 67.43699646
v -0.48057678 0.23143359 67.43699646
v -0.56518942 0.30210003 66.11815643
v -0.46844339 0.25510067 67.43699646
v -0.45514536 0.27813354 67.43699646
v -0.53285688 0.35604361 66.11815643
v -0.44071576 0.30047491 67.43699646
v -0.42519048 0.32206929 67.43699646
v -0.49539268 0.40655825 66.11815643
v -0.40860811 0.3428629 67.43699646
v -0.39100987 0.36280414 67.43699646
v -0.74471968 0.07334848 64.79930878
v -0.45315754 0.45315754 66.11815643
v -0.37243953 0.38184339 67.43699646
v -0.35294321 0.39993331 67.43699646
v -0.73394424 0.1459906 64.79930878
v -0.40655825 0.49539268 66.11815643
v -0.33256945 0.4170289 67.43699646
v -0.31136888 0.43308774 67.43699646
v -0.71610051 0.21722673 64.79930878
v -0.35604361 0.53285688 66.11815643
v -0.28939417 0.44806984 67.43699646
v -0.2667 0.46193796 67.43699646
v -0.69136035 0.28637084 64.79930878
v -0.30210003 0.56518942 66.11815643
v -0.24334276 0.47465762 67.43699646
v -0.21938054 0.48619723 67.43699646
v -0.65996206 0.35275707 64.79930878
v -0.2452471 0.59207886 66.11815643
v -0.1948729 0.49652806 67.43699646
v -0.16988078 0.50562447 67.43699646
v -0.62220788 0.41574603 64.79930878
v -0.18603228 0.61326623 66.11815643
v -0.14446631 0.5134638 67.43699646
v -0.11869267 0.52002656 67.43699646
v -0.57846159 0.47473115 64.79930878
v -0.12502588 0.62854755 66.11815643
v -0.09262394 0.52529645 67.43699646
v -0.06632493 0.5292604 67.43699646
v -0.85166377 0.08388156 63.48046112
v -0.52914435 0.52914435 64.79930878
v -0.06281541 0.6377756 66.11815643
v -0.03986103 0.53190851 67.43699646
v -0.01329803 0.53323424 67.43699646
v -0.83934093 0.16695529 63.48046112
v -0.47473115 0.57846159 64.79930878
v 0 0.64086151 66.11815643
v 0.01329803 0.53323424 67.43699646
v -0.8189348 0.24842116 63.48046112
v -0.41574603 0.62220788 64.79930878
v 0.06281541 0.6377756 66.11815643
v 0.03986103 0.53190851 67.43699646
v 0.06632493 0.5292604 67.43699646
v -0.7906419 0.32749459 63.48046112
v -0.35275707 0.65996206 64.79930878
v 0.12502588 0.62854755 66.11815643
v 0.09262394 0.52529645 67.43699646
v 0.11869267 0.52002656 67.43699646
v -0.75473464 0.40341407 63.48046112
v -0.28637084 0.69136035 64.79930878
v 0.18603228 0.61326623 66.11815643
v 0.14446631 0.5134638 67.43699646
v 0.16988078 0.50562447 67.43699646
v -0.71155888 0.47544846 63.48046112
v -0.21722673 0.71610051 64.79930878
v 0.2452471 0.59207886 66.11815643
v 0.1948729 0.49652806 67.43699646
v 0.21938054 0.48619723 67.43699646
v -0.66153044 0.54290402 63.48046112
v -0.1459906 0.73394424 64.79930878
v 0.30210003 0.56518942 66.11815643
v 0.24334276 0.47465762 67.43699646
v 0.2667 0.46193796 67.43699646
v -0.95860785 0.09441464 62.16161728
v -0.60513109 0.60513109 63.48046112
v -0.07334848 0.74471968 64.79930878
v 0.35604361 0.53285688 66.11815643
v 0.28939417 0.44806984 67.43699646
v 0.31136888 0.43308774 67.43699646
v -0.94473767 0.18792 62.16161728
v -0.54290402 0.66153044 63.48046112
v 0 0.74832308 64.79930878
v 0.40655825 0.49539268 66.11815643
v 0.33256945 0.4170289 67.43699646
v 0.35294321 0.39993331 67.43699646
v -0.92176908 0.27961561 62.16161728
v -0.47544846 0.71155888 63.48046112
v 0.07334848 0.74471968 64.79930878
v 0.45315754 0.45315754 66.11815643
v 0.37243953 0.38184339 67.43699646
v 0.39100987 0.36280414 67.43699646
v -0.88992339 0.36861834 62.16161728
v -0.40341407 0.75473464 63.48046112
v 0.1459906 0.73394424 64.79930878
v 0.49539268 0.40655825 66.11815643
v 0.40860811 0.3428629 67.43699646
v 0.42519048 0.32206929 67.43699646
v -0.84950727 0.4540711 62.16161728
v -0.32749459 0.7906419 63.48046112
v 0.21722673 0.71610051 64.79930878
v 0.53285688 0.35604361 66.11815643
v 0.44071576 0.30047491 67.43699646
v 0.45514536 0.27813354 67.43699646
v -0.80090988 0.53515089 62.16161728
v -0.24842116 0.8189348 63.48046112
v 0.28637084 0.69136035 64.79930878
v 0.56518942 0.30210003 66.11815643
v 0.46844339 0.25510067 67.43699646
v 0.48057678 0.23143359 67.43699646
v -0.74459934 0.61107689 62.16161728
v -0.16695529 0.83934093 63.48046112
v 0.35275707 0.65996206 64.79930878
v 0.59207886 0.2452471 66.11815643
v 0.4915154 0.20719112 67.43699646
v 0.50123203 0.18243355 67.43699646
v -1.065552 0.10494771 60.84276962
v -0.68111789 0.68111789 62.16161728
v -0.08388156 0.85166377 63.48046112
v 0.41574603 0.62220788 64.79930878
v 0.61326623 0.18603228 66.11815643
v 0.50970256 0.15722241 67.43699646
v 0.51690584 0.13162039 67.43699646
v -1.0501343 0.2088847 60.84276962
v -0.61107689 0.74459934 62.16161728
v 0 0.8557846 63.48046112
v 0.47473115 0.57846159 64.79930878
v 0.62854755 0.12502588 66.11815643
v 0.52282399 0.10569115 67.43699646
v 0.52744234 0.07949915 67.43699646
v -1.02460337 0.31081003 60.84276962
v -0.53515089 0.80090988 62.16161728
v 0.08388156 0.85166377 63.48046112
v 0.52914435 0.52914435 64.79930878
v 0.6377756 0.06281541 66.11815643
v 0.53273696 0.0265878 67.43699646
v 0.5334 0 67.43699646
v 0.53074944 0.05310949 67.43699646
v -0.98920494 0.40974209 60.84276962
v -0.4540711 0.84950727 62.16161728
v 0.16695529 0.83934093 63.48046112
v 0.57846159 0.47473115 64.79930878
v -0.94427991 0.50472814 60.84276962
v -0.36861834 0.88992339 62.16161728
v 0.24842116 0.8189348 63.48046112
v 0.62220788 0.41574603 64.79930878
v -0.89026093 0.59485334 60.84276962
v -0.27961561 0.92176908 62.16161728
v 0.32749459 0.7906419 63.48046112
v 0.65996206 0.35275707 64.79930878
v -0.82766825 0.67924976 60.84276962
v -0.18792 0.94473767 62.16161728
v 0.40341407 0.75473464 63.48046112
v 0.69136035 0.28637084 64.79930878
v -1.17249608 0.11548078 59.52392197
v -0.75710469 0.75710469 60.84276962
v -0.09441464 0.95860785 62.16161728
v 0.47544846 0.71155888 63.48046112
v 0.71610051 0.21722673 64.79930878
v -1.15553105 0.22984941 59.52392197
v -0.67924976 0.82766825 60.84276962
v 0 0.96324617 62.16161728
v 0.54290402 0.66153044 63.48046112
v 0.73394424 0.1459906 64.79930878
v -1.12743771 0.34200448 59.52392197
v -0.59485334 0.89026093 60.84276962
v 0.09441464 0.95860785 62.16161728
v 0.60513109 0.60513109 63.48046112
v 0.74471968 0.07334848 64.79930878
v -1.08848643 0.45086583 59.52392197
v -0.50472814 0.94427991 60.84276962
v 0.18792 0.94473767 62.16161728
v 0.66153044 0.54290402 63.48046112
v -1.03905249 0.55538511 59.52392197
v -0.40974209 0.98920494 60.84276962
v 0.27961561 0.92176908 62.16161728
v 0.71155888 0.47544846 63.48046112
v -0.97961193 0.65455574 59.52392197
v -0.31081003 1.02460337 60.84276962
v 0.36861834 0.88992339 62.16161728
v 0.75473464 0.40341407 63.48046112
v -0.91073716 0.74742264 59.52392197
v -0.2088847 1.0501343 60.84276962
v 0.4540711 0.84950727 62.16161728
v 0.7906419 0.32749459 63.48046112
v -1.27944016 0.12601385 58.20507812
v -0.83309144 0.83309144 59.52392197
v -0.10494771 1.065552 60.84276962
v 0.53515089 0.80090988 62.16161728
v 0.8189348 0.24842116 63.48046112
v -1.26092768 0.25081411 58.20507812
v -0.74742264 0.91073716 59.52392197
v 0 1.07070768 60.84276962
v 0.61107689 0.74459934 62.16161728
v 0.83934093 0.16695529 63.48046112
v -1.23027194 0.37319893 58.20507812
v -0.65455574 0.97961193 59.52392197
v 0.10494771 1.065552 60.84276962
v 0.68111789 0.68111789 62.16161728
v 0.85166377 0.08388156 63.48046112
v -1.18776798 0.49198958 58.20507812
v -0.55538511 1.03905249 59.52392197
v 0.2088847 1.0501343 60.84276962
v 0.74459934 0.61107689 62.16161728
v -1.13382506 0.60604215 58.20507812
v -0.45086583 1.08848643 59.52392197
v 0.31081003 1.02460337 60.84276962
v 0.80090988 0.53515089 62.16161728
v -1.06896293 0.71425819 58.20507812
v -0.34200448 1.12743771 59.52392197
v 0.40974209 0.98920494 60.84276962
v 0.84950727 0.4540711 62.16161728
v -0.993806 0.81559551 58.20507812
v -0.22984941 1.15553105 59.52392197
v 0.50472814 0.94427991 60.84276962
v 0.88992339 0.36861834 62.16161728
v -1.38638413 0.13654692 56.88623047
v -0.90907824 0.90907824 58.20507812
v -0.11548078 1.17249608 59.52392197
v 0.59485334 0.89026093 60.84276962
v 0.92176908 0.27961561 62.16161728
v -1.36632442 0.27177882 56.88623047
v -0.81559551 0.993806 58.20507812
v 0 1.17816925 59.52392197
v 0.67924976 0.82766825 60.84276962
v 0.94473767 0.18792 62.16161728
v -1.33310628 0.40439335 56.88623047
v -0.71425819 1.06896293 58.20507812
v 0.11548078 1.17249608 59.52392197
v 0.75710469 0.75710469 60.84276962
v 0.95860785 0.09441464 62.16161728
v -1.28704941 0.53311336 56.88623047
v -0.60604215 1.13382506 58.20507812
v 0.22984941 1.15553105 59.52392197
v 0.82766825 0.67924976 60.84276962
v -1.22859776 0.65669918 56.88623047
v -0.49198958 1.18776798 58.20507812
v 0.34200448 1.12743771 59.52392197
v 0.89026093 0.59485334 60.84276962
v -1.15831387 0.77396059 56.88623047
v -0.37319893 1.23027194 58.20507812
v 0.45086583 1.08848643 59.52392197
v 0.94427991 0.50472814 60.84276962
v -1.07687497 0.88376838 56.88623047
v -0.25081411 1.26092768 58.20507812
v 0.55538511 1.03905249 59.52392197
v 0.98920494 0.40974209 60.84276962
v -1.49332821 0.14708 55.56738281
v -0.98506504 0.98506504 56.88623047
v -0.12601385 1.27944016 58.20507812
v 0.65455574 0.97961193 59.52392197
v 1.02460337 0.31081003 60.84276962
v -1.47172117 0.29274353 55.56738281
v -0.88376838 1.07687497 56.88623047
v 0 1.28563082 58.20507812
v 0.74742264 0.91073716 59.52392197
v 1.0501343 0.2088847 60.84276962
v -1.4359405 0.43558779 55.56738281
v -0.77396059 1.15831387 56.88623047
v 0.12601385 1.27944016 58.20507812
v 0.83309144 0.83309144 59.52392197
v 1.065552 0.10494771 60.84276962
v -1.38633096 0.57423711 55.56738281
v -0.65669918 1.22859776 56.88623047
v 0.25081411 1.26092768 58.20507812
v 0.91073716 0.74742264 59.52392197
v -1.32337034 0.70735621 55.56738281
v -0.53311336 1.28704941 56.88623047
v 0.37319893 1.23027194 58.20507812
v 0.97961193 0.65455574 59.52392197
v -1.24766493 0.83366305 55.56738281
v -0.40439335 1.33310628 56.88623047
v 0.49198958 1.18776798 58.20507812
v 1.03905249 0.55538511 59.52392197
v -1.15994382 0.95194131 55.56738281
v -0.27177882 1.36632442 56.88623047
v 0.60604215 1.13382506 58.20507812
v 1.08848643 0.45086583 59.52392197
v -1.6002723 0.15761307 54.24853897
v -1.06105185 1.06105185 55.56738281
v -0.13654692 1.38638413 56.88623047
v 0.71425819 1.06896293 58.20507812
v 1.12743771 0.34200448 59.52392197
v -1.5771178 0.31370825 54.24853897
v -0.95194131 1.15994382 55.56738281
v 0 1.39309227 56.88623047
v 0.81559551 0.993806 58.20507812
v 1.15553105 0.22984941 59.52392197
v -1.53877473 0.46678221 54.24853897
v -0.83366305 1.24766493 55.56738281
v 0.13654692 1.38638413 56.88623047
v 0.90907824 0.90907824 58.20507812
v 1.17249608 0.11548078 59.52392197
v -1.48561251 0.61536086 54.24853897
v -0.70735621 1.32337034 55.56738281
v 0.27177882 1.36632442 56.88623047
v 0.993806 0.81559551 58.20507812
v -1.41814291 0.75801319 54.24853897
v -0.57423711 1.38633096 55.56738281
v 0.40439335 1.33310628 56.88623047
v 1.06896293 0.71425819 58.20507812
v -1.33701599 0.8933655 54.24853897
v -0.43558779 1.4359405 55.56738281
v 0.53311336 1.28704941 56.88623047
v 1.13382506 0.60604215 58.20507812
v -1.24301267 1.02011418 54.24853897
v -0.29274353 1.47172117 55.56738281
v 0.65669918 1.22859776 56.88623047
v 1.18776798 0.49198958 58.20507812
v -1.70721638 0.16814615 52.92969131
v -1.13703859 1.13703859 54.24853897
v -0.14708 1.49332821 55.56738281
v 0.77396059 1.15831387 56.88623047
v 1.23027194 0.37319893 58.20507812
v -1.68251455 0.33467296 52.92969131
v -1.02011418 1.24301267 54.24853897
v 0 1.50055385 55.56738281
v 0.88376838 1.07687497 56.88623047
v 1.26092768 0.25081411 58.20507812
v -1.64160907 0.49797666 52.92969131
v -0.8933655 1.33701599 54.24853897
v 0.14708 1.49332821 55.56738281
v 0.98506504 0.98506504 56.88623047
v 1.27944016 0.12601385 58.20507812
v -1.58489406 0.6564846 52.92969131
v -0.75801319 1.41814291 54.24853897
v 0.29274353 1.47172117 55.56738281
v 1.07687497 0.88376838 56.88623047
v -1.51291561 0.80867022 52.92969131
v -0.61536086 1.48561251 54.24853897
v 0.43558779 1.4359405 55.56738281
v 1.15831387 0.77396059 56.88623047
v -1.42636693 0.9530679 52.92969131
v -0.46678221 1.53877473 54.24853897
v 0.57423711 1.38633096 55.56738281
v 1.22859776 0.65669918 56.88623047
v -1.32608163 1.088287 52.92969131
v -0.31370825 1.5771178 54.24853897
v 0.70735621 1.32337034 55.56738281
v 1.28704941 0.53311336 56.88623047
v -1.81416047 0.17867921 51.61084747
v -1.21302533 1.21302533 52.92969131
v -0.15761307 1.6002723 54.24853897
v 0.83366305 1.24766493 55.56738281
v 1.33310628 0.40439335 56.88623047
v -1.78791118 0.35563764 51.61084747
v -1.088287 1.32608163 52.92969131
v 0 1.60801542 54.24853897
v 0.95194131 1.15994382 55.56738281
v 1.36632442 0.27177882 56.88623047
v -1.7444433 0.52917111 51.61084747
v -0.9530679 1.42636693 52.92969131
v 0.15761307 1.6002723 54.24853897
v 1.06105185 1.06105185 55.56738281
v 1.38638413 0.13654692 56.88623047
v -1.68417549 0.69760835 51.61084747
v -0.80867022 1.51291561 52.92969131
v 0.31370825 1.5771178 54.24853897
v 1.15994382 0.95194131 55.56738281
v -1.60768819 0.85932726 51.61084747
v -0.6564846 1.58489406 52.92969131
v 0.46678221 1.53877473 54.24853897
v 1.24766493 0.83366305 55.56738281
v -1.51571798 1.0127703 51.61084747
v -0.49797666 1.64160907 52.92969131
v 0.61536086 1.48561251 54.24853897
v 1.32337034 0.70735621 55.56738281
v -1.40915048 1.15645993 51.61084747
v -0.33467296 1.68251455 52.92969131
v 0.75801319 1.41814291 54.24853897
v 1.38633096 0.57423711 55.56738281
v -1.92110455 0.18921229 50.29199982
v -1.28901219 1.28901219 51.61084747
v -0.16814615 1.70721638 52.92969131
v 0.8933655 1.33701599 54.24853897
v 1.4359405 0.43558779 55.56738281
v -1.89330792 0.37660235 50.29199982
v -1.15645993 1.40915048 51.61084747
v 0 1.71547687 52.92969131
v 1.02011418 1.24301267 54.24853897
v 1.47172117 0.29274353 55.56738281
v -1.84727764 0.56036556 50.29199982
v -1.0127703 1.51571798 51.61084747
v 0.16814615 1.70721638 52.92969131
v 1.13703859 1.13703859 54.24853897
v 1.49332821 0.14708 55.56738281
v -1.78345704 0.7387321 50.29199982
v -0.85932726 1.60768819 51.61084747
v 0.33467296 1.68251455 52.92969131
v 1.24301267 1.02011418 54.24853897
v -1.70246077 0.90998423 50.29199982
v -0.69760835 1.68417549 51.61084747
v 0.49797666 1.64160907 52.92969131
v 1.33701599 0.8933655 54.24853897
v -1.60506892 1.07247281 50.29199982
v -0.52917111 1.7444433 51.61084747
v 0.6564846 1.58489406 52.92969131
v 1.41814291 0.75801319 54.24853897
v -1.49221933 1.22463274 50.29199982
v -0.35563764 1.78791118 51.61084747
v 0.80867022 1.51291561 52.92969131
v 1.48561251 0.61536086 54.24853897
v -2.02804875 0.19974536 48.97315216
v -1.36499894 1.36499894 50.29199982
v -0.17867921 1.81416047 51.61084747
v 0.9530679 1.42636693 52.92969131
v 1.53877473 0.46678221 54.24853897
v -1.99870455 0.39756706 48.97315216
v -1.22463274 1.49221933 50.29199982
v 0 1.82293844 51.61084747
v 1.088287 1.32608163 52.92969131
v 1.5771178 0.31370825 54.24853897
v -1.95011187 0.59156001 48.97315216
v -1.07247281 1.60506892 50.29199982
v 0.17867921 1.81416047 51.61084747
v 1.21302533 1.21302533 52.92969131
v 1.6002723 0.15761307 54.24853897
v -1.88273859 0.77985585 48.97315216
v -0.90998423 1.70246077 50.29199982
v 0.35563764 1.78791118 51.61084747
v 1.32608163 1.088287 52.92969131
v -1.79723346 0.96064126 48.97315216
v -0.7387321 1.78345704 50.29199982
v 0.52917111 1.7444433 51.61084747
v 1.42636693 0.9530679 52.92969131
v -1.69441998 1.13217521 48.97315216
v -0.56036556 1.84727764 50.29199982
v 0.69760835 1.68417549 51.61084747
v 1.51291561 0.80867022 52.92969131
v -1.5752883 1.29280567 48.97315216
v -0.37660235 1.89330792 50.29199982
v 0.85932726 1.60768819 51.61084747
v 1.58489406 0.6564846 52.92969131
v -2.13499284 0.21027844 47.65430832
v -1.44098568 1.44098568 48.97315216
v -0.18921229 1.92110455 50.29199982
v 1.0127703 1.51571798 51.61084747
v 1.64160907 0.49797666 52.92969131
v -2.10410118 0.41853178 47.65430832
v -1.29280567 1.5752883 48.97315216
v 0 1.93040001 50.29199982
v 1.15645993 1.40915048 51.61084747
v 1.68251455 0.33467296 52.92969131
v -2.05294609 0.6227544 47.65430832
v -1.13217521 1.69441998 48.97315216
v 0.18921229 1.92110455 50.29199982
v 1.28901219 1.28901219 51.61084747
v 1.70721638 0.16814615 52.92969131
v -1.98202014 0.8209796 47.65430832
v -0.96064126 1.79723346 48.97315216
v 0.37660235 1.89330792 50.29199982
v 1.40915048 1.15645993 51.61084747
v -1.89200604 1.0112983 47.65430832
v -0.77985585 1.88273859 48.97315216
v 0.56036556 1.84727764 50.29199982
v 1.51571798 1.0127703 51.61084747
v -1.78377092 1.1918776 47.65430832
v -0.59156001 1.95011187 48.97315216
v 0.7387321 1.78345704 50.29199982
v 1.60768819 0.85932726 51.61084747
v -1.65835714 1.3609786 47.65430832
v -0.39756706 1.99870455 48.97315216
v 0.90998423 1.70246077 50.29199982
v 1.68417549 0.69760835 51.61084747
v -2.24193692 0.2208115 46.33546066
v -1.51697254 1.51697254 47.65430832
v -0.19974536 2.02804875 48.97315216
v 1.07247281 1.60506892 50.29199982
v 1.7444433 0.52917111 51.61084747
v -2.20949793 0.43949649 46.33546066
v -1.3609786 1.65835714 47.65430832
v 0 2.03786159 48.97315216
v 1.22463274 1.49221933 50.29199982
v 1.78791118 0.35563764 51.61084747
v -2.15578055 0.65394884 46.33546066
v -1.1918776 1.78377092 47.65430832
v 0.19974536 2.02804875 48.97315216
v 1.36499894 1.36499894 50.29199982
v 1.81416047 0.17867921 51.61084747
v -2.08130169 0.86210334 46.33546066
v -1.0112983 1.89200604 47.65430832
v 0.39756706 1.99870455 48.97315216
v 1.49221933 1.22463274 50.29199982
v -1.98677862 1.06195533 46.33546066
v -0.8209796 1.98202014 47.65430832
v 0.59156001 1.95011187 48.97315216
v 1.60506892 1.07247281 50.29199982
v -1.87312198 1.25158012 46.33546066
v -0.6227544 2.05294609 47.65430832
v 0.77985585 1.88273859 48.97315216
v 1.70246077 0.90998423 50.29199982
v -1.74142611 1.42915142 46.33546066
v -0.41853178 2.10410118 47.65430832
v 0.96064126 1.79723346 48.97315216
v 1.78345704 0.7387321 50.29199982
v -2.34888101 0.23134458 45.01661682
v -1.59295928 1.59295928 46.33546066
v -0.21027844 2.13499284 47.65430832
v 1.13217521 1.69441998 48.97315216
v 1.84727764 0.56036556 50.29199982
v -2.31489468 0.46046117 45.01661682
v -1.42915142 1.74142611 46.33546066
v 0 2.14532304 47.65430832
v 1.29280567 1.5752883 48.97315216
v 1.89330792 0.37660235 50.29199982
v -2.25861478 0.68514329 45.01661682
v -1.25158012 1.87312198 46.33546066
v 0.21027844 2.13499284 47.65430832
v 1.44098568 1.44098568 48.97315216
v 1.92110455 0.18921229 50.29199982
v -2.180583 0.90322709 45.01661682
v -1.06195533 1.98677862 46.33546066
v 0.41853178 2.10410118 47.65430832
v 1.5752883 1.29280567 48.97315216
v -2.08155131 1.11261237 45.01661682
v -0.86210334 2.08130169 46.33546066
v 0.6227544 2.05294609 47.65430832
v 1.69441998 1.13217521 48.97315216
v -1.96247292 1.31128252 45.01661682
v -0.65394884 2.15578055 46.33546066
v 0.8209796 1.98202014 47.65430832
v 1.79723346 0.96064126 48.97315216
v -1.82449496 1.49732435 45.01661682
v -0.43949649 2.20949793 46.33546066
v 1.0112983 1.89200604 47.65430832
v 1.88273859 0.77985585 48.97315216
v -2.45582509 0.24187765 43.69776917
v -1.66894603 1.66894603 45.01661682
v -0.2208115 2.24193692 46.33546066
v 1.1918776 1.78377092 47.65430832
v 1.95011187 0.59156001 48.97315216
v -2.42029142 0.48142588 43.69776917
v -1.49732435 1.82449496 45.01661682
v 0 2.25278473 46.33546066
v 1.3609786 1.65835714 47.65430832
v 1.99870455 0.39756706 48.97315216
v -2.361449 0.71633774 43.69776917
v -1.31128252 1.96247292 45.01661682
v 0.2208115 2.24193692 46.33546066
v 1.51697254 1.51697254 47.65430832
v 2.02804875 0.19974536 48.97315216
v -2.27986455 0.94435084 43.69776917
v -1.11261237 2.08155131 45.01661682
v 0.43949649 2.20949793 46.33546066
v 1.65835714 1.3609786 47.65430832
v -2.17632389 1.1632694 43.69776917
v -0.90322709 2.180583 45.01661682
v 0.65394884 2.15578055 46.33546066
v 1.78377092 1.1918776 47.65430832
v -2.05182385 1.37098491 43.69776917
v -0.68514329 2.25861478 45.01661682
v 0.86210334 2.08130169 46.33546066
v 1.89200604 1.0112983 47.65430832
v -1.90756381 1.56549716 43.69776917
v -0.46046117 2.31489468 45.01661682
v 1.06195533 1.98677862 46.33546066
v 1.98202014 0.8209796 47.65430832
v -2.56276917 0.25241071 42.37892151
v -1.74493289 1.74493289 43.69776917
v -0.23134458 2.34888101 45.01661682
v 1.25158012 1.87312198 46.33546066
v 2.05294609 0.6227544 47.65430832
v -2.52568817 0.50239062 42.37892151
v -1.56549716 1.90756381 43.69776917
v 0 2.36024618 45.01661682
v 1.42915142 1.74142611 46.33546066
v 2.10410118 0.41853178 47.65430832
v -2.46428323 0.74753219 42.37892151
v -1.37098491 2.05182385 43.69776917
v 0.23134458 2.34888101 45.01661682
v 1.59295928 1.59295928 46.33546066
v 2.13499284 0.21027844 47.65430832
v -2.3791461 0.98547459 42.37892151
v -1.1632694 2.17632389 43.69776917
v 0.46046117 2.31489468 45.01661682
v 1.74142611 1.42915142 46.33546066
v -2.27109647 1.21392632 42.37892151
v -0.94435084 2.27986455 43.69776917
v 0.68514329 2.25861478 45.01661682
v 1.87312198 1.25158012 46.33546066
v -2.14117503 1.43068743 42.37892151
v -0.71633774 2.361449 43.69776917
v 0.90322709 2.180583 45.01661682
v 1.98677862 1.06195533 46.33546066
v -1.99063277 1.63367009 42.37892151
v -0.48142588 2.42029142 43.69776917
v 1.11261237 2.08155131 45.01661682
v 2.08130169 0.86210334 46.33546066
v -2.66971326 0.2629438 41.06007767
v -1.82091963 1.82091963 42.37892151
v -0.24187765 2.45582509 43.69776917
v 1.31128252 1.96247292 45.01661682
v 2.15578055 0.65394884 46.33546066
v -2.63108468 0.52335531 41.06007767
v -1.63367009 1.99063277 42.37892151
v 0 2.46770763 43.69776917
v 1.49732435 1.82449496 45.01661682
v 2.20949793 0.43949649 46.33546066
v -2.56711769 0.77872658 41.06007767
v -1.43068743 2.14117503 42.37892151
v 0.24187765 2.45582509 43.69776917
v 1.66894603 1.66894603 45.01661682
v 2.24193692 0.2208115 46.33546066
v -2.47842765 1.02659833 41.06007767
v -1.21392632 2.27109647 42.37892151
v 0.48142588 2.42029142 43.69776917
v 1.82449496 1.49732435 45.01661682
v -2.36586905 1.26458335 41.06007767
v -0.98547459 2.3791461 42.37892151
v 0.71633774 2.361449 43.69776917
v 1.96247292 1.31128252 45.01661682
v -2.23052597 1.49038982 41.06007767
v -0.74753219 2.46428323 42.37892151
v 0.94435084 2.27986455 43.69776917
v 2.08155131 1.11261237 45.01661682
v -2.07370162 1.7018429 41.06007767
v -0.50239062 2.52568817 42.37892151
v 1.1632694 2.17632389 43.69776917
v 2.180583 0.90322709 45.01661682
v -2.77665734 0.27347687 39.74123001
v -1.89690638 1.89690638 41.06007767
v -0.25241071 2.56276917 42.37892151
v 1.37098491 2.05182385 43.69776917
v 2.25861478 0.68514329 45.01661682
v -2.73648143 0.54431999 39.74123001
v -1.7018429 2.07370162 41.06007767
v 0 2.57516932 42.37892151
v 1.56549716 1.90756381 43.69776917
v 2.31489468 0.46046117 45.01661682
v -2.66995192 0.80992103 39.74123001
v -1.49038982 2.23052597 41.06007767
v 0.25241071 2.56276917 42.37892151
v 1.74493289 1.74493289 43.69776917
v 2.34888101 0.23134458 45.01661682
v -2.5777092 1.06772208 39.74123001
v -1.26458335 2.36586905 41.06007767
v 0.50239062 2.52568817 42.37892151
v 1.90756381 1.56549716 43.69776917
v -2.46064162 1.31524038 39.74123001
v -1.02659833 2.47842765 41.06007767
v 0.74753219 2.46428323 42.37892151
v 2.05182385 1.37098491 43.69776917
v -2.31987691 1.55009222 39.74123001
v -0.77872658 2.56711769 41.06007767
v 0.98547459 2.3791461 42.37892151
v 2.17632389 1.1632694 43.69776917
v -2.15677047 1.77001584 39.74123001
v -0.52335531 2.63108468 41.06007767
v 1.21392632 2.27109647 42.37892151
v 2.27986455 0.94435084 43.69776917
v -2.88360143 0.28400993 38.42238617
v -1.97289324 1.97289324 39.74123001
v -0.2629438 2.66971326 41.06007767
v 1.43068743 2.14117503 42.37892151
v 2.361449 0.71633774 43.69776917
v -2.84187818 0.56528473 38.42238617
v -1.77001584 2.15677047 39.74123001
v 0 2.68263078 41.06007767
v 1.63367009 1.99063277 42.37892151
v 2.42029142 0.48142588 43.69776917
v -2.77278614 0.84111547 38.42238617
v -1.55009222 2.31987691 39.74123001
v 0.2629438 2.66971326 41.06007767
v 1.82091963 1.82091963 42.37892151
v 2.45582509 0.24187765 43.69776917
v -2.67699075 1.10884583 38.42238617
v -1.31524038 2.46064162 39.74123001
v 0.52335531 2.63108468 41.06007767
v 1.99063277 1.63367009 42.37892151
v -2.55541444 1.36589742 38.42238617
v -1.06772208 2.5777092 39.74123001
v 0.77872658 2.56711769 41.06007767
v 2.14117503 1.43068743 42.37892151
v -2.40922809 1.60979462 38.42238617
v -0.80992103 2.66995192 39.74123001
v 1.02659833 2.47842765 41.06007767
v 2.27109647 1.21392632 42.37892151
v -2.23983932 1.83818865 38.42238617
v -0.54431999 2.73648143 39.74123001
v 1.26458335 2.36586905 41.06007767
v 2.3791461 0.98547459 42.37892151
v -2.99054551 0.29454303 37.10353851
v -2.04887986 2.04887986 38.42238617
v -0.27347687 2.77665734 39.74123001
v 1.49038982 2.23052597 41.06007767
v 2.46428323 0.74753219 42.37892151
v -2.94727492 0.58624941 37.10353851
v -1.83818865 2.23983932 38.42238617
v 0 2.79009223 39.74123001
v 1.7018429 2.07370162 41.06007767
v 2.52568817 0.50239062 42.37892151
v -2.87562037 0.87230992 37.10353851
v -1.60979462 2.40922809 38.42238617
v 0.27347687 2.77665734 39.74123001
v 1.89690638 1.89690638 41.06007767
v 2.56276917 0.25241071 42.37892151
v -2.7762723 1.14996958 37.10353851
v -1.36589742 2.55541444 38.42238617
v 0.54431999 2.73648143 39.74123001
v 2.07370162 1.7018429 41.06007767
v -2.65018702 1.41655445 37.10353851
v -1.10884583 2.67699075 38.42238617
v 0.80992103 2.66995192 39.74123001
v 2.23052597 1.49038982 41.06007767
v -2.49857903 1.66949713 37.10353851
v -0.84111547 2.77278614 38.42238617
v 1.06772208 2.5777092 39.74123001
v 2.36586905 1.26458335 41.06007767
v -2.3229084 1.90636158 37.10353851
v -0.56528473 2.84187818 38.42238617
v 1.31524038 2.46064162 39.74123001
v 2.47842765 1.02659833 41.06007767
v -3.0974896 0.30507609 35.78469086
v -2.12486672 2.12486672 37.10353851
v -0.28400993 2.88360143 38.42238617
v 1.55009222 2.31987691 39.74123001
v 2.56711769 0.77872658 41.06007767
v -3.05267167 0.60721415 35.78469086
v -1.90636158 2.3229084 37.10353851
v 0 2.89755392 38.42238617
v 1.77001584 2.15677047 39.74123001
v 2.63108468 0.52335531 41.06007767
v -2.97845483 0.90350437 35.78469086
v -1.66949713 2.49857903 37.10353851
v 0.28400993 2.88360143 38.42238617
v 1.97289324 1.97289324 39.74123001
v 2.66971326 0.2629438 41.06007767
v -2.87555361 1.19109333 35.78469086
v -1.41655445 2.65018702 37.10353851
v 0.56528473 2.84187818 38.42238617
v 2.15677047 1.77001584 39.74123001
v -2.74495959 1.46721148 35.78469086
v -1.14996958 2.7762723 37.10353851
v 0.84111547 2.77278614 38.42238617
v 2.31987691 1.55009222 39.74123001
v -2.58792996 1.72919953 35.78469086
v -0.87230992 2.87562037 37.10353851
v 1.10884583 2.67699075 38.42238617
v 2.46064162 1.31524038 39.74123001
v -2.40597725 1.97453451 35.78469086
v -0.58624941 2.94727492 37.10353851
v 1.36589742 2.55541444 38.42238617
v 2.5777092 1.06772208 39.74123001
v -3.20443368 0.31560916 34.46584702
v -2.20085359 2.20085359 35.78469086
v -0.29454303 2.99054551 37.10353851
v 1.60979462 2.40922809 38.42238617
v 2.66995192 0.80992103 39.74123001
v -3.15806818 0.62817883 34.46584702
v -1.97453451 2.40597725 35.78469086
v 0 3.00501537 37.10353851
v 1.83818865 2.23983932 38.42238617
v 2.73648143 0.54431999 39.74123001
v -3.08128905 0.93469882 34.46584702
v -1.72919953 2.58792996 35.78469086
v 0.29454303 2.99054551 37.10353851
v 2.04887986 2.04887986 38.42238617
v 2.77665734 0.27347687 39.74123001
v -2.97483516 1.23221707 34.46584702
v -1.46721148 2.74495959 35.78469086
v 0.58624941 2.94727492 37.10353851
v 2.23983932 1.83818865 38.42238617
v -2.83973217 1.51786852 34.46584702
v -1.19109333 2.87555361 35.78469086
v 0.87230992 2.87562037 37.10353851
v 2.40922809 1.60979462 38.42238617
v -2.6772809 1.78890193 34.46584702
v -0.90350437 2.97845483 35.78469086
v 1.14996958 2.7762723 37.10353851
v 2.55541444 1.36589742 38.42238617
v -2.4890461 2.04270744 34.46584702
v -0.60721415 3.05267167 35.78469086
v 1.41655445 2.65018702 37.10353851
v 2.67699075 1.10884583 38.42238617
v -2.27684021 2.27684021 34.46584702
v -0.30507609 3.0974896 35.78469086
v 1.66949713 2.49857903 37.10353851
v 2.77278614 0.84111547 38.42238617
v -2.04270744 2.4890461 34.46584702
v 0 3.11247683 35.78469086
v 1.90636158 2.3229084 37.10353851
v 2.84187818 0.56528473 38.42238617
v -1.78890193 2.6772809 34.46584702
v 0.30507609 3.0974896 35.78469086
v 2.12486672 2.12486672 37.10353851
v 2.88360143 0.28400993 38.42238617
v -1.51786852 2.83973217 34.46584702
v 0.60721415 3.05267167 35.78469086
v 2.3229084 1.90636158 37.10353851
v -1.23221707 2.97483516 34.46584702
v 0.90350437 2.97845483 35.78469086
v 2.49857903 1.66949713 37.10353851
v -0.93469882 3.08128905 34.46584702
v 1.19109333 2.87555361 35.78469086
v 2.65018702 1.41655445 37.10353851
v -0.62817883 3.15806818 34.46584702
v 1.46721148 2.74495959 35.78469086
v 2.7762723 1.14996958 37.10353851
v -0.31560916 3.20443368 34.46584702
v 1.72919953 2.58792996 35.78469086
v 2.87562037 0.87230992 37.10353851
v 0 3.21993852 34.46584702
v 1.97453451 2.40597725 35.78469086
v 2.94727492 0.58624941 37.10353851
v 0.31560916 3.20443368 34.46584702
v 2.20085359 2.20085359 35.78469086
v 2.99054551 0.29454303 37.10353851
v 0.62817883 3.15806818 34.46584702
v 2.40597725 1.97453451 35.78469086
v 0.93469882 3.08128905 34.46584702
v 2.58792996 1.72919953 35.78469086
v 1.23221707 2.97483516 34.46584702
v 2.74495959 1.46721148 35.78469086
v 1.51786852 2.83973217 34.46584702
v 2.87555361 1.19109333 35.78469086
v 1.78890193 2.6772809 34.46584702
v 2.97845483 0.90350437 35.78469086
v 2.04270744 2.4890461 34.46584702
v 3.05267167 0.60721415 35.78469086
v 2.27684021 2.27684021 34.46584702
v 3.0974896 0.30507609 35.78469086
v 2.4890461 2.04270744 34.46584702
v 2.6772809 1.78890193 34.46584702
v 2.83973217 1.51786852 34.46584702
v 2.97483516 1.23221707 34.46584702
v 3.08128905 0.93469882 34.46584702
v 3.15806818 0.62817883 34.46584702
v 3.20443368 0.31560916 34.46584702
v 0.35383293 -0.03540633 67.43699646
v 0.4586539 -0.04517347 66.1450119
v 0.35162824 -0.05299943 67.43699646
v 0.35515797 -0.0177252 67.43699646
v 0.3556 0 67.43699646
v 0.34854934 -0.07046077 67.43699646
v 0.45201758 -0.08991189 66.1450119
v 0.3446039 -0.08774693 67.43699646
v 0.3398017 -0.10481494 67.43699646
v 0.44102809 -0.13378441 66.1450119
v 0.3341547 -0.12162236 67.43699646
v 0.32767695 -0.13812742 67.43699646
v 0.42579126 -0.17636852 66.1450119
v 0.32038453 -0.15428905 67.43699646
v 0.31229559 -0.17006712 67.43699646
v 0.40645382 -0.21725409 66.1450119
v 0.30343023 -0.18542236 67.43699646
v 0.29381052 -0.20031661 67.43699646
v 0.38320202 -0.2560474 66.1450119
v 0.28346032 -0.21471284 67.43699646
v 0.27240542 -0.22857527 67.43699646
v 0.35625976 -0.29237482 66.1450119
v 0.26067325 -0.24186942 67.43699646
v 0.24829301 -0.25456226 67.43699646
v 0.32588652 -0.32588652 66.1450119
v 0.23529549 -0.26662219 67.43699646
v 0.56342012 -0.05549204 64.85301971
v 0.22171298 -0.27801928 67.43699646
v 0.29237482 -0.35625976 66.1450119
v 0.20757926 -0.28872517 67.43699646
v 0.55526793 -0.11044966 64.85301971
v 0.19292945 -0.29871321 67.43699646
v 0.2560474 -0.38320202 66.1450119
v 0.1778 -0.30795863 67.43699646
v 0.54176819 -0.16434358 64.85301971
v 0.16222851 -0.31643841 67.43699646
v 0.21725409 -0.40645382 66.1450119
v 0.14625369 -0.32413149 67.43699646
v 0.52305096 -0.21665479 64.85301971
v 0.12991527 -0.33101872 67.43699646
v 0.17636852 -0.42579126 66.1450119
v 0.11325385 -0.33708295 67.43699646
v 0.49929643 -0.2668795 64.85301971
v 0.09631087 -0.34230918 67.43699646
v 0.13378441 -0.44102809 66.1450119
v 0.07912844 -0.34668437 67.43699646
v 0.4707334 -0.31453401 64.85301971
v 0.08991189 -0.45201758 66.1450119
v 0.06174929 -0.35019764 67.43699646
v 0.04421662 -0.35284027 67.43699646
v 0.43763697 -0.35915938 64.85301971
v 0.04517347 -0.4586539 66.1450119
v 0.02657402 -0.35460567 67.43699646
v 0.00886535 -0.35548946 67.43699646
v 0.40032586 -0.40032586 64.85301971
v 0.66818631 -0.06581061 63.56103516
v 0 -0.46087313 66.1450119
v -0.00886535 -0.35548946 67.43699646
v 0.35915938 -0.43763697 64.85301971
v 0.65851825 -0.13098742 63.56103516
v -0.04517347 -0.4586539 66.1450119
v -0.02657402 -0.35460567 67.43699646
v -0.04421662 -0.35284027 67.43699646
v 0.31453401 -0.4707334 64.85301971
v 0.64250833 -0.19490276 63.56103516
v -0.08991189 -0.45201758 66.1450119
v -0.06174929 -0.35019764 67.43699646
v -0.07912844 -0.34668437 67.43699646
v 0.2668795 -0.49929643 64.85301971
v 0.62031066 -0.25694108 63.56103516
v -0.13378441 -0.44102809 66.1450119
v -0.09631087 -0.34230918 67.43699646
v -0.11325385 -0.33708295 67.43699646
v 0.21665479 -0.52305096 64.85301971
v 0.59213907 -0.31650493 63.56103516
v -0.17636852 -0.42579126 66.1450119
v -0.12991527 -0.33101872 67.43699646
v -0.14625369 -0.32413149 67.43699646
v 0.16434358 -0.54176819 64.85301971
v 0.55826485 -0.37302062 63.56103516
v -0.16222851 -0.31643841 67.43699646
v -0.21725409 -0.40645382 66.1450119
v -0.1778 -0.30795863 67.43699646
v 0.11044966 -0.55526793 64.85301971
v 0.51901424 -0.42594397 63.56103516
v -0.2560474 -0.38320202 66.1450119
v -0.19292945 -0.29871321 67.43699646
v -0.20757926 -0.28872517 67.43699646
v 0.05549204 -0.56342012 64.85301971
v 0.47476521 -0.47476521 63.56103516
v -0.29237482 -0.35625976 66.1450119
v -0.22171298 -0.27801928 67.43699646
v -0.23529549 -0.26662219 67.43699646
v 0.77295256 -0.07612918 62.26904678
v 0 -0.56614625 64.85301971
v 0.42594397 -0.51901424 63.56103516
v -0.24829301 -0.25456226 67.43699646
v -0.32588652 -0.32588652 66.1450119
v -0.26067325 -0.24186942 67.43699646
v 0.76176858 -0.1515252 62.26904678
v -0.05549204 -0.56342012 64.85301971
v 0.37302062 -0.55826485 63.56103516
v -0.35625976 -0.29237482 66.1450119
v -0.27240542 -0.22857527 67.43699646
v -0.28346032 -0.21471284 67.43699646
v 0.7432484 -0.22546194 62.26904678
v -0.11044966 -0.55526793 64.85301971
v 0.31650493 -0.59213907 63.56103516
v -0.38320202 -0.2560474 66.1450119
v -0.29381052 -0.20031661 67.43699646
v -0.30343023 -0.18542236 67.43699646
v 0.71757036 -0.29722735 62.26904678
v -0.16434358 -0.54176819 64.85301971
v 0.25694108 -0.62031066 63.56103516
v -0.40645382 -0.21725409 66.1450119
v -0.31229559 -0.17006712 67.43699646
v -0.32038453 -0.15428905 67.43699646
v 0.68498164 -0.36613032 62.26904678
v -0.21665479 -0.52305096 64.85301971
v 0.19490276 -0.64250833 63.56103516
v -0.42579126 -0.17636852 66.1450119
v -0.32767695 -0.13812742 67.43699646
v -0.3341547 -0.12162236 67.43699646
v 0.64579624 -0.43150726 62.26904678
v -0.2668795 -0.49929643 64.85301971
v 0.13098742 -0.65851825 63.56103516
v -0.44102809 -0.13378441 66.1450119
v -0.3398017 -0.10481494 67.43699646
v -0.3446039 -0.08774693 67.43699646
v 0.60039145 -0.49272853 62.26904678
v -0.31453401 -0.4707334 64.85301971
v 0.06581061 -0.66818631 63.56103516
v -0.45201758 -0.08991189 66.1450119
v -0.34854934 -0.07046077 67.43699646
v -0.35162824 -0.05299943 67.43699646
v 0.54920453 -0.54920453 62.26904678
v -0.35915938 -0.43763697 64.85301971
v 0.87771875 -0.08644775 60.97705841
v 0 -0.67141938 63.56103516
v -0.35515797 -0.0177252 67.43699646
v -0.4586539 -0.04517347 66.1450119
v -0.3556 0 67.43699646
v -0.35383293 -0.03540633 67.43699646
v 0.49272853 -0.60039145 62.26904678
v -0.40032586 -0.40032586 64.85301971
v 0.86501896 -0.17206296 60.97705841
v -0.06581061 -0.66818631 63.56103516
v 0.43150726 -0.64579624 62.26904678
v -0.43763697 -0.35915938 64.85301971
v 0.84398854 -0.25602111 60.97705841
v -0.13098742 -0.65851825 63.56103516
v 0.36613032 -0.68498164 62.26904678
v -0.4707334 -0.31453401 64.85301971
v 0.81483001 -0.33751366 60.97705841
v -0.19490276 -0.64250833 63.56103516
v 0.29722735 -0.71757036 62.26904678
v -0.49929643 -0.2668795 64.85301971
v 0.77782428 -0.41575575 60.97705841
v -0.25694108 -0.62031066 63.56103516
v 0.22546194 -0.7432484 62.26904678
v -0.52305096 -0.21665479 64.85301971
v 0.73332763 -0.48999387 60.97705841
v -0.31650493 -0.59213907 63.56103516
v 0.1515252 -0.76176858 62.26904678
v -0.54176819 -0.16434358 64.85301971
v 0.68176866 -0.55951309 60.97705841
v -0.37302062 -0.55826485 63.56103516
v 0.07612918 -0.77295256 62.26904678
v -0.55526793 -0.11044966 64.85301971
v 0.62364388 -0.62364388 60.97705841
v -0.42594397 -0.51901424 63.56103516
v 0.982485 -0.09676632 59.68507004
v 0 -0.77669251 62.26904678
v -0.56342012 -0.05549204 64.85301971
v 0.55951309 -0.68176866 60.97705841
v -0.47476521 -0.47476521 63.56103516
v 0.96826929 -0.19260074 59.68507004
v -0.07612918 -0.77295256 62.26904678
v 0.48999387 -0.73332763 60.97705841
v -0.51901424 -0.42594397 63.56103516
v 0.94472861 -0.28658029 59.68507004
v -0.1515252 -0.76176858 62.26904678
v 0.41575575 -0.77782428 60.97705841
v -0.55826485 -0.37302062 63.56103516
v 0.91208971 -0.37779993 59.68507004
v -0.22546194 -0.7432484 62.26904678
v 0.33751366 -0.81483001 60.97705841
v -0.59213907 -0.31650493 63.56103516
v 0.87066692 -0.46538115 59.68507004
v -0.29722735 -0.71757036 62.26904678
v 0.25602111 -0.84398854 60.97705841
v -0.62031066 -0.25694108 63.56103516
v 0.82085907 -0.54848051 59.68507004
v -0.36613032 -0.68498164 62.26904678
v 0.17206296 -0.86501896 60.97705841
v -0.64250833 -0.19490276 63.56103516
v 0.76314592 -0.62629765 59.68507004
v -0.43150726 -0.64579624 62.26904678
v 0.08644775 -0.87771875 60.97705841
v -0.65851825 -0.13098742 63.56103516
v 0.69808322 -0.69808322 59.68507004
v -0.49272853 -0.60039145 62.26904678
v 1.08725119 -0.10708489 58.39308167
v 0 -0.8819657 60.97705841
v -0.66818631 -0.06581061 63.56103516
v 0.62629765 -0.76314592 59.68507004
v -0.54920453 -0.54920453 62.26904678
v 1.07151961 -0.21313851 58.39308167
v -0.08644775 -0.87771875 60.97705841
v 0.54848051 -0.82085907 59.68507004
v -0.60039145 -0.49272853 62.26904678
v 1.04546869 -0.31713948 58.39308167
v -0.17206296 -0.86501896 60.97705841
v 0.46538115 -0.87066692 59.68507004
v -0.64579624 -0.43150726 62.26904678
v 1.00934947 -0.41808623 58.39308167
v -0.25602111 -0.84398854 60.97705841
v 0.37779993 -0.91208971 59.68507004
v -0.68498164 -0.36613032 62.26904678
v 0.9635095 -0.51500654 58.39308167
v -0.33751366 -0.81483001 60.97705841
v 0.28658029 -0.94472861 59.68507004
v -0.71757036 -0.29722735 62.26904678
v 0.90839046 -0.60696709 58.39308167
v -0.41575575 -0.77782428 60.97705841
v 0.19260074 -0.96826929 59.68507004
v -0.7432484 -0.22546194 62.26904678
v 0.84452313 -0.69308221 58.39308167
v -0.48999387 -0.73332763 60.97705841
v 0.09676632 -0.982485 59.68507004
v -0.76176858 -0.1515252 62.26904678
v 0.77252257 -0.77252257 58.39308167
v -0.55951309 -0.68176866 60.97705841
v 1.19201744 -0.11740347 57.10109329
v 0 -0.98723882 59.68507004
v -0.77295256 -0.07612918 62.26904678
v 0.69308221 -0.84452313 58.39308167
v -0.62364388 -0.62364388 60.97705841
v 1.17477 -0.23367627 57.10109329
v -0.09676632 -0.982485 59.68507004
v 0.60696709 -0.90839046 58.39308167
v -0.68176866 -0.55951309 60.97705841
v 1.14620888 -0.34769866 57.10109329
v -0.19260074 -0.96826929 59.68507004
v 0.51500654 -0.9635095 58.39308167
v -0.73332763 -0.48999387 60.97705841
v 1.10660911 -0.4583725 57.10109329
v -0.28658029 -0.94472861 59.68507004
v 0.41808623 -1.00934947 58.39308167
v -0.77782428 -0.41575575 60.97705841
v 1.05635214 -0.564632 57.10109329
v -0.37779993 -0.91208971 59.68507004
v 0.31713948 -1.04546869 58.39308167
v -0.81483001 -0.33751366 60.97705841
v 0.99592191 -0.66545373 57.10109329
v -0.46538115 -0.87066692 59.68507004
v 0.21313851 -1.07151961 58.39308167
v -0.84398854 -0.25602111 60.97705841
v 0.9259004 -0.75986677 57.10109329
v -0.54848051 -0.82085907 59.68507004
v 0.10708489 -1.08725119 58.39308167
v -0.86501896 -0.17206296 60.97705841
v 0.84696192 -0.84696192 57.10109329
v -0.62629765 -0.76314592 59.68507004
v 1.29678357 -0.12772204 55.80910492
v 0 -1.09251189 58.39308167
v -0.87771875 -0.08644775 60.97705841
v 0.75986677 -0.9259004 57.10109329
v -0.69808322 -0.69808322 59.68507004
v 1.27802026 -0.25421405 55.80910492
v -0.10708489 -1.08725119 58.39308167
v 0.66545373 -0.99592191 57.10109329
v -0.76314592 -0.62629765 59.68507004
v 1.24694896 -0.37825784 55.80910492
v -0.21313851 -1.07151961 58.39308167
v 0.564632 -1.05635214 57.10109329
v -0.82085907 -0.54848051 59.68507004
v 1.20386875 -0.49865878 55.80910492
v -0.31713948 -1.04546869 58.39308167
v 0.4583725 -1.10660911 57.10109329
v -0.87066692 -0.46538115 59.68507004
v 1.14919472 -0.6142574 55.80910492
v -0.41808623 -1.00934947 58.39308167
v 0.34769866 -1.14620888 57.10109329
v -0.91208971 -0.37779993 59.68507004
v 1.0834533 -0.72394037 55.80910492
v -0.51500654 -0.9635095 58.39308167
v 0.23367627 -1.17477 57.10109329
v -0.94472861 -0.28658029 59.68507004
v 1.00727761 -0.82665139 55.80910492
v -0.60696709 -0.90839046 58.39308167
v 0.11740347 -1.19201744 57.10109329
v -0.96826929 -0.19260074 59.68507004
v 0.92140126 -0.92140126 55.80910492
v -0.69308221 -0.84452313 58.39308167
v 1.40154982 -0.13804062 54.51711655
v 0 -1.19778502 57.10109329
v -0.982485 -0.09676632 59.68507004
v 0.82665139 -1.00727761 55.80910492
v -0.77252257 -0.77252257 58.39308167
v 1.38127065 -0.27475181 54.51711655
v -0.11740347 -1.19201744 57.10109329
v 0.72394037 -1.0834533 55.80910492
v -0.84452313 -0.69308221 58.39308167
v 1.34768903 -0.40881699 54.51711655
v -0.23367627 -1.17477 57.10109329
v 0.6142574 -1.14919472 55.80910492
v -0.90839046 -0.60696709 58.39308167
v 1.30112851 -0.53894508 54.51711655
v -0.34769866 -1.14620888 57.10109329
v 0.49865878 -1.20386875 55.80910492
v -0.9635095 -0.51500654 58.39308167
v 1.2420373 -0.66388279 54.51711655
v -0.4583725 -1.10660911 57.10109329
v 0.37825784 -1.24694896 55.80910492
v -1.00934947 -0.41808623 58.39308167
v 1.17098475 -0.78242695 54.51711655
v -0.564632 -1.05635214 57.10109329
v 0.25421405 -1.27802026 55.80910492
v -1.04546869 -0.31713948 58.39308167
v 1.08865488 -0.89343596 54.51711655
v -0.66545373 -0.99592191 57.10109329
v 0.12772204 -1.29678357 55.80910492
v -1.07151961 -0.21313851 58.39308167
v 0.99584061 -0.99584061 54.51711655
v -0.75986677 -0.9259004 57.10109329
v 1.50631607 -0.14835918 53.22512817
v 0 -1.30305815 55.80910492
v -1.08725119 -0.10708489 58.39308167
v 0.89343596 -1.08865488 54.51711655
v -0.84696192 -0.84696192 57.10109329
v 1.48452103 -0.29528958 53.22512817
v -0.12772204 -1.29678357 55.80910492
v 0.78242695 -1.17098475 54.51711655
v -0.9259004 -0.75986677 57.10109329
v 1.44842923 -0.43937618 53.22512817
v -0.25421405 -1.27802026 55.80910492
v 0.66388279 -1.2420373 54.51711655
v -0.99592191 -0.66545373 57.10109329
v 1.39838815 -0.57923138 53.22512817
v -0.37825784 -1.24694896 55.80910492
v 0.53894508 -1.30112851 54.51711655
v -1.05635214 -0.564632 57.10109329
v 1.33487999 -0.71350819 53.22512817
v -0.49865878 -1.20386875 55.80910492
v 0.40881699 -1.34768903 54.51711655
v -1.10660911 -0.4583725 57.10109329
v 1.25851607 -0.84091359 53.22512817
v -0.6142574 -1.14919472 55.80910492
v 0.27475181 -1.38127065 54.51711655
v -1.14620888 -0.34769866 57.10109329
v 1.17003202 -0.96022052 53.22512817
v -0.72394037 -1.0834533 55.80910492
v 0.13804062 -1.40154982 54.51711655
v -1.17477 -0.23367627 57.10109329
v 1.07027996 -1.07027996 53.22512817
v -0.82665139 -1.00727761 55.80910492
v 1.61108232 -0.15867776 51.9331398
v 0 -1.40833139 54.51711655
v -1.19201744 -0.11740347 57.10109329
v 0.96022052 -1.17003202 53.22512817
v -0.92140126 -0.92140126 55.80910492
v 1.5877713 -0.31582734 51.9331398
v -0.13804062 -1.40154982 54.51711655
v 0.84091359 -1.25851607 53.22512817
v -1.00727761 -0.82665139 55.80910492
v 1.5491693 -0.46993536 51.9331398
v -0.27475181 -1.38127065 54.51711655
v 0.71350819 -1.33487999 53.22512817
v -1.0834533 -0.72394037 55.80910492
v 1.49564791 -0.61951762 51.9331398
v -0.40881699 -1.34768903 54.51711655
v 0.57923138 -1.39838815 53.22512817
v -1.14919472 -0.6142574 55.80910492
v 1.42772257 -0.76313365 51.9331398
v -0.53894508 -1.30112851 54.51711655
v 0.43937618 -1.44842923 53.22512817
v -1.20386875 -0.49865878 55.80910492
v 1.34604752 -0.89940023 51.9331398
v -0.66388279 -1.2420373 54.51711655
v 0.29528958 -1.48452103 53.22512817
v -1.24694896 -0.37825784 55.80910492
v 1.25140929 -1.02700508 51.9331398
v -0.78242695 -1.17098475 54.51711655
v 0.14835918 -1.50631607 53.22512817
v -1.27802026 -0.25421405 55.80910492
v 1.14471936 -1.14471936 51.9331398
v -0.89343596 -1.08865488 54.51711655
v 3.19797468 0 32.55331039
v 1.71584845 -0.16899632 50.64115143
v 0 -1.51360452 53.22512817
v -1.29678357 -0.12772204 55.80910492
v 1.02700508 -1.25140929 51.9331398
v -0.99584061 -0.99584061 54.51711655
v 1.69102168 -0.33636513 50.64115143
v -0.14835918 -1.50631607 53.22512817
v 0.89940023 -1.34604752 51.9331398
v -1.08865488 -0.89343596 54.51711655
v 1.64990938 -0.50049454 50.64115143
v -0.29528958 -1.48452103 53.22512817
v 0.76313365 -1.42772257 51.9331398
v -1.17098475 -0.78242695 54.51711655
v 1.59290755 -0.65980393 50.64115143
v -0.43937618 -1.44842923 53.22512817
v 0.61951762 -1.49564791 51.9331398
v -1.2420373 -0.66388279 54.51711655
v 1.52056515 -0.81275904 50.64115143
v -0.57923138 -1.39838815 53.22512817
v 0.46993536 -1.5491693 51.9331398
v -1.30112851 -0.53894508 54.51711655
v 1.43357897 -0.95788682 50.64115143
v -0.71350819 -1.33487999 53.22512817
v 0.31582734 -1.5877713 51.9331398
v -1.34768903 -0.40881699 54.51711655
v 1.33278656 -1.0937897 50.64115143
v -0.84091359 -1.25851607 53.22512817
v 0.15867776 -1.61108232 51.9331398
v -1.38127065 -0.27475181 54.51711655
v 1.21915865 -1.21915865 50.64115143
v -0.96022052 -1.17003202 53.22512817
v 1.8206147 -0.1793149 49.34916306
v 0 -1.61887765 51.9331398
v -1.40154982 -0.13804062 54.51711655
v 1.0937897 -1.33278656 50.64115143
v -1.07027996 -1.07027996 53.22512817
v 1.79427195 -0.3569029 49.34916306
v -0.15867776 -1.61108232 51.9331398
v 0.95788682 -1.43357897 50.64115143
v -1.17003202 -0.96022052 53.22512817
v 1.75064945 -0.53105372 49.34916306
v -0.31582734 -1.5877713 51.9331398
v 0.81275904 -1.52056515 50.64115143
v -1.25851607 -0.84091359 53.22512817
v 1.69016731 -0.70009023 49.34916306
v -0.46993536 -1.5491693 51.9331398
v 0.65980393 -1.59290755 50.64115143
v -1.33487999 -0.71350819 53.22512817
v 1.61340785 -0.86238444 49.34916306
v -0.61951762 -1.49564791 51.9331398
v 0.50049454 -1.64990938 50.64115143
v -1.39838815 -0.57923138 53.22512817
v 1.52111042 -1.0163734 49.34916306
v -0.76313365 -1.42772257 51.9331398
v 0.33636513 -1.69102168 50.64115143
v -1.44842923 -0.43937618 53.22512817
v 1.41416383 -1.1605742 49.34916306
v -0.89940023 -1.34604752 51.9331398
v 0.16899632 -1.71584845 50.64115143
v -1.48452103 -0.29528958 53.22512817
v 1.29359806 -1.29359806 49.34916306
v -1.02700508 -1.25140929 51.9331398
v 1.92538095 -0.18963347 48.05717468
v 0 -1.72415078 50.64115143
v -1.50631607 -0.14835918 53.22512817
v 1.1605742 -1.41416383 49.34916306
v -1.14471936 -1.14471936 51.9331398
v 1.89752233 -0.37744066 48.05717468
v -0.16899632 -1.71584845 50.64115143
v 1.0163734 -1.52111042 49.34916306
v -1.25140929 -1.02700508 51.9331398
v 1.85138965 -0.5616129 48.05717468
v -0.33636513 -1.69102168 50.64115143
v 0.86238444 -1.61340785 49.34916306
v -1.34604752 -0.89940023 51.9331398
v 1.78742695 -0.74037647 48.05717468
v -0.50049454 -1.64990938 50.64115143
v 0.70009023 -1.69016731 49.34916306
v -1.42772257 -0.76313365 51.9331398
v 1.70625043 -0.91200984 48.05717468
v -0.65980393 -1.59290755 50.64115143
v 0.53105372 -1.75064945 49.34916306
v -1.49564791 -0.61951762 51.9331398
v 1.60864174 -1.0748601 48.05717468
v -0.81275904 -1.52056515 50.64115143
v 0.3569029 -1.79427195 49.34916306
v -1.5491693 -0.46993536 51.9331398
v 1.49554098 -1.22735882 48.05717468
v -0.95788682 -1.43357897 50.64115143
v 0.1793149 -1.8206147 49.34916306
v -1.5877713 -0.31582734 51.9331398
v 1.36803734 -1.36803734 48.05717468
v -1.0937897 -1.33278656 50.64115143
v 2.03014708 -0.19995204 46.76518631
v 0 -1.8294239 49.34916306
v -1.61108232 -0.15867776 51.9331398
v 1.22735882 -1.49554098 48.05717468
v -1.21915865 -1.21915865 50.64115143
v 2.00077271 -0.39797843 46.76518631
v -0.1793149 -1.8206147 49.34916306
v 1.0748601 -1.60864174 48.05717468
v -1.33278656 -1.0937897 50.64115143
v 1.95212972 -0.59217209 46.76518631
v -0.3569029 -1.79427195 49.34916306
v 0.91200984 -1.70625043 48.05717468
v -1.43357897 -0.95788682 50.64115143
v 1.88468671 -0.78066278 46.76518631
v -0.53105372 -1.75064945 49.34916306
v 0.74037647 -1.78742695 48.05717468
v -1.52056515 -0.81275904 50.64115143
v 1.79909301 -0.96163529 46.76518631
v -0.70009023 -1.69016731 49.34916306
v 0.5616129 -1.85138965 48.05717468
v -1.59290755 -0.65980393 50.64115143
v 1.69617319 -1.13334668 46.76518631
v -0.86238444 -1.61340785 49.34916306
v 0.37744066 -1.89752233 48.05717468
v -1.64990938 -0.50049454 50.64115143
v 1.57691824 -1.29414332 46.76518631
v -1.0163734 -1.52111042 49.34916306
v 0.18963347 -1.92538095 48.05717468
v -1.69102168 -0.33636513 50.64115143
v 1.44247675 -1.44247675 46.76518631
v -1.1605742 -1.41416383 49.34916306
v 2.13491344 -0.21027061 45.47319794
v 0 -1.93469703 48.05717468
v -1.71584845 -0.16899632 50.64115143
v 1.29414332 -1.57691824 46.76518631
v -1.29359806 -1.29359806 49.34916306
v 2.10402298 -0.41851619 45.47319794
v -0.18963347 -1.92538095 48.05717468
v 1.13334668 -1.69617319 46.76518631
v -1.41416383 -1.1605742 49.34916306
v 2.0528698 -0.62273127 45.47319794
v -0.37744066 -1.89752233 48.05717468
v 0.96163529 -1.79909301 46.76518631
v -1.52111042 -1.0163734 49.34916306
v 1.98194635 -0.82094908 45.47319794
v -0.5616129 -1.85138965 48.05717468
v 0.78066278 -1.88468671 46.76518631
v -1.61340785 -0.86238444 49.34916306
v 1.89193571 -1.01126063 45.47319794
v -0.74037647 -1.78742695 48.05717468
v 0.59217209 -1.95212972 46.76518631
v -1.69016731 -0.70009023 49.34916306
v 1.78370464 -1.19183326 45.47319794
v -0.91200984 -1.70625043 48.05717468
v 0.39797843 -2.00077271 46.76518631
v -1.75064945 -0.53105372 49.34916306
v 1.65829551 -1.36092794 45.47319794
v -1.0748601 -1.60864174 48.05717468
v 0.19995204 -2.03014708 46.76518631
v -1.79427195 -0.3569029 49.34916306
v 1.51691604 -1.51691604 45.47319794
v -1.22735882 -1.49554098 48.05717468
v 2.23967957 -0.22058918 44.18120956
v 0 -2.03997016 46.76518631
v -1.8206147 -0.1793149 49.34916306
v -3.19797468 0 32.55331039
v 1.36092794 -1.65829551 45.47319794
v -1.36803734 -1.36803734 48.05717468
v 2.20727324 -0.43905398 44.18120956
v -0.19995204 -2.03014708 46.76518631
v 1.19183326 -1.78370464 45.47319794
v -1.49554098 -1.22735882 48.05717468
v 2.15360999 -0.65329045 44.18120956
v -0.39797843 -2.00077271 46.76518631
v 1.01126063 -1.89193571 45.47319794
v -1.60864174 -1.0748601 48.05717468
v 2.07920599 -0.86123532 44.18120956
v -0.59217209 -1.95212972 46.76518631
v 0.82094908 -1.98194635 45.47319794
v -1.70625043 -0.91200984 48.05717468
v 1.98477829 -1.06088614 44.18120956
v -0.78066278 -1.88468671 46.76518631
v 0.62273127 -2.0528698 45.47319794
v -1.78742695 -0.74037647 48.05717468
v 1.87123597 -1.25031996 44.18120956
v -0.96163529 -1.79909301 46.76518631
v 0.41851619 -2.10402298 45.47319794
v -1.85138965 -0.5616129 48.05717468
v 1.73967266 -1.42771244 44.18120956
v -1.13334668 -1.69617319 46.76518631
v 0.21027061 -2.13491344 45.47319794
v -1.89752233 -0.37744066 48.05717468
v 1.59135544 -1.59135544 44.18120956
v -1.29414332 -1.57691824 46.76518631
v 2.34444571 -0.23090775 42.88922119
v 0 -2.14524317 45.47319794
v -1.92538095 -0.18963347 48.05717468
v 1.42771244 -1.73967266 44.18120956
v -1.44247675 -1.44247675 46.76518631
v 2.31052375 -0.45959175 42.88922119
v -0.21027061 -2.13491344 45.47319794
v 1.25031996 -1.87123597 44.18120956
v -1.57691824 -1.29414332 46.76518631
v 2.25434995 -0.68384963 42.88922119
v -0.41851619 -2.10402298 45.47319794
v 1.06088614 -1.98477829 44.18120956
v -1.69617319 -1.13334668 46.76518631
v 2.17646575 -0.90152162 42.88922119
v -0.62273127 -2.0528698 45.47319794
v 0.86123532 -2.07920599 44.18120956
v -1.79909301 -0.96163529 46.76518631
v 2.07762098 -1.11051154 42.88922119
v -0.82094908 -1.98194635 45.47319794
v 0.65329045 -2.15360999 44.18120956
v -1.88468671 -0.78066278 46.76518631
v 1.95876741 -1.30880654 42.88922119
v -1.01126063 -1.89193571 45.47319794
v 0.43905398 -2.20727324 44.18120956
v -1.95212972 -0.59217209 46.76518631
v 1.82104993 -1.49449706 42.88922119
v -1.19183326 -1.78370464 45.47319794
v 0.22058918 -2.23967957 44.18120956
v -2.00077271 -0.39797843 46.76518631
v 1.66579473 -1.66579473 42.88922119
v -1.36092794 -1.65829551 45.47319794
v 2.44921207 -0.24122633 41.597229
v 0 -2.25051641 44.18120956
v -2.03014708 -0.19995204 46.76518631
v 1.49449706 -1.82104993 42.88922119
v -1.51691604 -1.51691604 45.47319794
v 2.41377401 -0.48012951 41.597229
v -0.22058918 -2.23967957 44.18120956
v 1.30880654 -1.95876741 42.88922119
v -1.65829551 -1.36092794 45.47319794
v 2.35509014 -0.71440876 41.597229
v -0.43905398 -2.20727324 44.18120956
v 1.11051154 -2.07762098 42.88922119
v -1.78370464 -1.19183326 45.47319794
v 2.27372551 -0.94180793 41.597229
v -0.65329045 -2.15360999 44.18120956
v 0.90152162 -2.17646575 42.88922119
v -1.89193571 -1.01126063 45.47319794
v 2.17046356 -1.16013694 41.597229
v -0.86123532 -2.07920599 44.18120956
v 0.68384963 -2.25434995 42.88922119
v -1.98194635 -0.82094908 45.47319794
v 2.04629874 -1.36729312 41.597229
v -1.06088614 -1.98477829 44.18120956
v 0.45959175 -2.31052375 42.88922119
v -2.0528698 -0.62273127 45.47319794
v 1.9024272 -1.56128168 41.597229
v -1.25031996 -1.87123597 44.18120956
v 0.23090775 -2.34444571 42.88922119
v -2.10402298 -0.41851619 45.47319794
v 1.74023414 -1.74023414 41.597229
v -1.42771244 -1.73967266 44.18120956
v 2.5539782 -0.25154489 40.30524063
v 0 -2.35578942 42.88922119
v -2.13491344 -0.21027061 45.47319794
v 1.56128168 -1.9024272 41.597229
v -1.59135544 -1.59135544 44.18120956
v 2.51702428 -0.50066727 40.30524063
v -0.23090775 -2.34444571 42.88922119
v 1.36729312 -2.04629874 41.597229
v -1.73967266 -1.42771244 44.18120956
v 2.45583034 -0.74496794 40.30524063
v -0.45959175 -2.31052375 42.88922119
v 1.16013694 -2.17046356 41.597229
v -1.87123597 -1.25031996 44.18120956
v 2.37098503 -0.98209417 40.30524063
v -0.68384963 -2.25434995 42.88922119
v 0.94180793 -2.27372551 41.597229
v -1.98477829 -1.06088614 44.18120956
v 2.26330614 -1.20976233 40.30524063
v -0.90152162 -2.17646575 42.88922119
v 0.71440876 -2.35509014 41.597229
v -2.07920599 -0.86123532 44.18120956
v 2.13383031 -1.42577982 40.30524063
v -1.11051154 -2.07762098 42.88922119
v 0.48012951 -2.41377401 41.597229
v -2.15360999 -0.65329045 44.18120956
v 1.98380435 -1.62806618 40.30524063
v -1.30880654 -1.95876741 42.88922119
v 0.24122633 -2.44921207 41.597229
v -2.20727324 -0.43905398 44.18120956
v 1.81467342 -1.81467342 40.30524063
v -1.49449706 -1.82104993 42.88922119
v 2.65874434 -0.26186347 39.01325226
v 0 -2.46106267 41.597229
v -2.23967957 -0.22058918 44.18120956
v 1.62806618 -1.98380435 40.30524063
v -1.66579473 -1.66579473 42.88922119
v 2.62027478 -0.52120507 39.01325226
v -0.24122633 -2.44921207 41.597229
v 1.42577982 -2.13383031 40.30524063
v -1.82104993 -1.49449706 42.88922119
v 2.55657029 -0.77552712 39.01325226
v -0.48012951 -2.41377401 41.597229
v 1.20976233 -2.26330614 40.30524063
v -1.95876741 -1.30880654 42.88922119
v 2.46824479 -1.02238047 39.01325226
v -0.71440876 -2.35509014 41.597229
v 0.98209417 -2.37098503 40.30524063
v -2.07762098 -1.11051154 42.88922119
v 2.35614872 -1.25938773 39.01325226
v -0.94180793 -2.27372551 41.597229
v 0.74496794 -2.45583034 40.30524063
v -2.17646575 -0.90152162 42.88922119
v 2.22136164 -1.4842664 39.01325226
v -1.16013694 -2.17046356 41.597229
v 0.50066727 -2.51702428 40.30524063
v -2.25434995 -0.68384963 42.88922119
v 2.06518173 -1.6948508 39.01325226
v -1.36729312 -2.04629874 41.597229
v 0.25154489 -2.5539782 40.30524063
v -2.31052375 -0.45959175 42.88922119
v 1.88911283 -1.88911283 39.01325226
v -1.56128168 -1.9024272 41.597229
v 2.7635107 -0.27218205 37.72126389
v 0 -2.56633592 40.30524063
v -2.34444571 -0.23090775 42.88922119
v 1.6948508 -2.06518173 39.01325226
v -1.74023414 -1.74023414 41.597229
v 2.72352505 -0.5417428 37.72126389
v -0.25154489 -2.5539782 40.30524063
v 1.4842664 -2.22136164 39.01325226
v -1.9024272 -1.56128168 41.597229
v 2.65731049 -0.8060863 37.72126389
v -0.50066727 -2.51702428 40.30524063
v 1.25938773 -2.35614872 39.01325226
v -2.04629874 -1.36729312 41.597229
v 2.56550455 -1.06266677 37.72126389
v -0.74496794 -2.45583034 40.30524063
v 1.02238047 -2.46824479 39.01325226
v -2.17046356 -1.16013694 41.597229
v 2.4489913 -1.30901313 37.72126389
v -0.98209417 -2.37098503 40.30524063
v 0.77552712 -2.55657029 39.01325226
v -2.27372551 -0.94180793 41.597229
v 2.30889297 -1.54275298 37.72126389
v -1.20976233 -2.26330614 40.30524063
v 0.52120507 -2.62027478 39.01325226
v -2.35509014 -0.71440876 41.597229
v 2.14655876 -1.7616353 37.72126389
v -1.42577982 -2.13383031 40.30524063
v 0.26186347 -2.65874434 39.01325226
v -2.41377401 -0.48012951 41.597229
v 1.96355212 -1.96355212 37.72126389
v -1.62806618 -1.98380435 40.30524063
v 2.86827683 -0.28250062 36.42927551
v 0 -2.67160892 39.01325226
v -2.44921207 -0.24122633 41.597229
v 1.7616353 -2.14655876 37.72126389
v -1.81467342 -1.81467342 40.30524063
v 2.82677531 -0.5622806 36.42927551
v -0.26186347 -2.65874434 39.01325226
v 1.54275298 -2.30889297 37.72126389
v -1.98380435 -1.62806618 40.30524063
v 2.75805068 -0.83664548 36.42927551
v -0.52120507 -2.62027478 39.01325226
v 1.30901313 -2.4489913 37.72126389
v -2.13383031 -1.42577982 40.30524063
v 2.66276431 -1.10295308 36.42927551
v -0.77552712 -2.55657029 39.01325226
v 1.06266677 -2.56550455 37.72126389
v -2.26330614 -1.20976233 40.30524063
v 2.54183388 -1.35863853 36.42927551
v -1.02238047 -2.46824479 39.01325226
v 0.8060863 -2.65731049 37.72126389
v -2.37098503 -0.98209417 40.30524063
v 2.39642453 -1.60123968 36.42927551
v -1.25938773 -2.35614872 39.01325226
v 0.5417428 -2.72352505 37.72126389
v -2.45583034 -0.74496794 40.30524063
v 2.22793603 -1.82841992 36.42927551
v -1.4842664 -2.22136164 39.01325226
v 0.27218205 -2.7635107 37.72126389
v -2.51702428 -0.50066727 40.30524063
v 2.03799152 -2.03799152 36.42927551
v -1.6948508 -2.06518173 39.01325226
v 2.97304296 -0.29281917 35.13728714
v 0 -2.77688217 37.72126389
v -2.5539782 -0.25154489 40.30524063
v 1.82841992 -2.22793603 36.42927551
v -1.88911283 -1.88911283 39.01325226
v 2.93002582 -0.58281833 35.13728714
v -0.27218205 -2.7635107 37.72126389
v 1.60123968 -2.39642453 36.42927551
v -2.06518173 -1.6948508 39.01325226
v 2.85879064 -0.86720467 35.13728714
v -0.5417428 -2.72352505 37.72126389
v 1.35863853 -2.54183388 36.42927551
v -2.22136164 -1.4842664 39.01325226
v 2.76002383 -1.14323938 35.13728714
v -0.8060863 -2.65731049 37.72126389
v 1.10295308 -2.66276431 36.42927551
v -2.35614872 -1.25938773 39.01325226
v 2.63467669 -1.40826392 35.13728714
v -1.06266677 -2.56550455 37.72126389
v 0.83664548 -2.75805068 36.42927551
v -2.46824479 -1.02238047 39.01325226
v 2.48395586 -1.65972626 35.13728714
v -1.30901313 -2.4489913 37.72126389
v 0.5622806 -2.82677531 36.42927551
v -2.55657029 -0.77552712 39.01325226
v 2.3093133 -1.89520442 35.13728714
v -1.54275298 -2.30889297 37.72126389
v 0.28250062 -2.86827683 36.42927551
v -2.62027478 -0.52120507 39.01325226
v 2.11243081 -2.11243081 35.13728714
v -1.7616353 -2.14655876 37.72126389
v 3.07780933 -0.30313775 33.84529877
v 3.16225576 -0.47663337 32.55331039
v 3.18208313 -0.31841543 32.55331039
v 3.19399929 -0.15940587 32.55331039
v 0 -2.88215518 36.42927551
v -2.65874434 -0.26186347 39.01325226
v 1.89520442 -2.3093133 35.13728714
v -1.96355212 -1.96355212 37.72126389
v 3.03327608 -0.60335612 33.84529877
v 3.09908462 -0.78912389 32.55331039
v 3.13456678 -0.63366634 32.55331039
v -0.28250062 -2.86827683 36.42927551
v 1.65972626 -2.48395586 35.13728714
v -2.14655876 -1.7616353 37.72126389
v 2.95953083 -0.89776385 33.84529877
v 3.00511312 -1.0937717 32.55331039
v 3.05589747 -0.94261956 32.55331039
v -0.5622806 -2.82677531 36.42927551
v 1.40826392 -2.63467669 35.13728714
v -2.30889297 -1.54275298 37.72126389
v 2.85728359 -1.18352556 33.84529877
v 2.88127565 -1.38754916 32.55331039
v 2.94685745 -1.24220467 32.55331039
v -0.83664548 -2.75805068 36.42927551
v 1.14323938 -2.76002383 35.13728714
v -2.4489913 -1.30901313 37.72126389
v 2.72751927 -1.45788944 33.84529877
v 2.72880268 -1.6675365 32.55331039
v 2.80853033 -1.5294441 32.55331039
v -1.10295308 -2.66276431 36.42927551
v 0.86720467 -2.85879064 35.13728714
v -2.56550455 -1.06266677 37.72126389
v 2.57148719 -1.71821284 33.84529877
v 2.54920959 -1.93095112 32.55331039
v 2.64229059 -1.80148327 32.55331039
v -1.35863853 -2.54183388 36.42927551
v 0.58281833 -2.93002582 35.13728714
v -2.65731049 -0.8060863 37.72126389
v 2.39069057 -1.96198905 33.84529877
v 2.3442812 -2.17517519 32.55331039
v 2.44979072 -2.05561852 32.55331039
v -1.60123968 -2.39642453 36.42927551
v 0.29281917 -2.97304296 35.13728714
v -2.72352505 -0.5417428 37.72126389
v 2.1868701 -2.1868701 33.84529877
v 2.11605453 -2.39778113 32.55331039
v 2.23294353 -2.28932405 32.55331039
v -1.82841992 -2.22793603 36.42927551
v 0 -2.98742843 35.13728714
v -2.7635107 -0.27218205 37.72126389
v 1.96198905 -2.39069057 33.84529877
v 1.86679745 -2.59655714 32.55331039
v 1.99390459 -2.50027728 32.55331039
v -2.03799152 -2.03799152 36.42927551
v -0.29281917 -2.97304296 35.13728714
v 1.71821284 -2.57148719 33.84529877
v 1.59898734 -2.7695272 32.55331039
v 1.73504913 -2.68638158 32.55331039
v -2.22793603 -1.82841992 36.42927551
v -0.58281833 -2.93002582 35.13728714
v 1.45788944 -2.72751927 33.84529877
v 1.31528568 -2.91497254 32.55331039
v 1.45895004 -2.84578753 32.55331039
v -2.39642453 -1.60123968 36.42927551
v -0.86720467 -2.85879064 35.13728714
v 1.18352556 -2.85728359 33.84529877
v 1.01851225 -3.03144765 32.55331039
v 1.16835129 -2.97691059 32.55331039
v -2.54183388 -1.35863853 36.42927551
v -1.14323938 -2.76002383 35.13728714
v 0.89776385 -2.95953083 33.84529877
v 0.71161628 -3.11779475 32.55331039
v 0.86614096 -3.07844782 32.55331039
v -2.66276431 -1.10295308 36.42927551
v -1.40826392 -2.63467669 35.13728714
v 0.60335612 -3.03327608 33.84529877
v 0.39764801 -3.17315578 32.55331039
v 0.55532247 -3.14939022 32.55331039
v -2.75805068 -0.83664548 36.42927551
v -1.65972626 -2.48395586 35.13728714
v 0.07972772 -3.19698071 32.55331039
v 0.30313775 -3.07780933 33.84529877
v 0.23898494 -3.18903232 32.55331039
v -2.82677531 -0.5622806 36.42927551
v -1.89520442 -2.3093133 35.13728714
v 0 -3.09270144 33.84529877
v -0.07972772 -3.19698071 32.55331039
v -2.86827683 -0.28250062 36.42927551
v -2.11243081 -2.11243081 35.13728714
v -0.39764801 -3.17315578 32.55331039
v -0.30313775 -3.07780933 33.84529877
v -0.23898494 -3.18903232 32.55331039
v -2.3093133 -1.89520442 35.13728714
v -0.60335612 -3.03327608 33.84529877
v -0.71161628 -3.11779475 32.55331039
v -0.55532247 -3.14939022 32.55331039
v -2.48395586 -1.65972626 35.13728714
v -0.89776385 -2.95953083 33.84529877
v -1.01851225 -3.03144765 32.55331039
v -0.86614096 -3.07844782 32.55331039
v -2.63467669 -1.40826392 35.13728714
v -1.31528568 -2.91497254 32.55331039
v -1.18352556 -2.85728359 33.84529877
v -1.16835129 -2.97691059 32.55331039
v -2.76002383 -1.14323938 35.13728714
v -1.59898734 -2.7695272 32.55331039
v -1.45788944 -2.72751927 33.84529877
v -1.45895004 -2.84578753 32.55331039
v -2.85879064 -0.86720467 35.13728714
v -1.71821284 -2.57148719 33.84529877
v -1.86679745 -2.59655714 32.55331039
v -1.73504913 -2.68638158 32.55331039
v -2.93002582 -0.58281833 35.13728714
v -2.11605453 -2.39778113 32.55331039
v -1.96198905 -2.39069057 33.84529877
v -1.99390459 -2.50027728 32.55331039
v -2.97304296 -0.29281917 35.13728714
v -2.1868701 -2.1868701 33.84529877
v -2.3442812 -2.17517519 32.55331039
v -2.23294353 -2.28932405 32.55331039
v -2.39069057 -1.96198905 33.84529877
v -2.54920959 -1.93095112 32.55331039
v -2.44979072 -2.05561852 32.55331039
v -2.57148719 -1.71821284 33.84529877
v -2.72880268 -1.6675365 32.55331039
v -2.64229059 -1.80148327 32.55331039
v -2.88127565 -1.38754916 32.55331039
v -2.72751927 -1.45788944 33.84529877
v -2.80853033 -1.5294441 32.55331039
v -3.00511312 -1.0937717 32.55331039
v -2.85728359 -1.18352556 33.84529877
v -2.94685745 -1.24220467 32.55331039
v -3.09908462 -0.78912389 32.55331039
v -2.95953083 -0.89776385 33.84529877
v -3.05589747 -0.94261956 32.55331039
v -3.16225576 -0.47663337 32.55331039
v -3.03327608 -0.60335612 33.84529877
v -3.13456678 -0.63366634 32.55331039
v -3.07780933 -0.30313775 33.84529877
v -3.19399929 -0.15940587 32.55331039
v -3.18208313 -0.31841543 32.55331039
v 4.37754965 -0.43115103 31.74923325
v 4.31421041 -0.85814983 31.74923325
v 4.20932293 -1.2768842 31.74923325
v 5.57252407 -0.54884571 30.9451561
v 8.0010004 0 29.33699989
v 4.06389761 -1.68332148 31.74923325
v 5.49189472 -1.0924058 30.9451561
v 3.87933445 -2.07354736 31.74923325
v 5.35837507 -1.62544537 30.9451561
v 3.6574111 -2.44380403 31.74923325
v 6.76749849 -0.66654044 30.14107704
v 7.9116354 -1.19248712 29.33699989
v 7.96124125 -0.79664236 29.33699989
v 7.99105406 -0.39881694 29.33699989
v 5.17325163 -2.14283109 30.9451561
v 3.40026498 -2.79052544 31.74923325
v 6.66957903 -1.32666171 30.14107704
v 7.75358725 -1.97430599 29.33699989
v 7.84236002 -1.58536732 29.33699989
v 4.93830681 -2.63958001 30.9451561
v 3.11037254 -3.11037254 31.74923325
v 6.50742722 -1.97400653 30.14107704
v 7.51848078 -2.73650312 29.33699989
v 7.64553785 -2.35833621 29.33699989
v 4.65580368 -3.11090851 30.9451561
v 2.79052544 -3.40026498 31.74923325
v 6.28260612 -2.6023407 30.14107704
v 7.20865202 -3.47150373 29.33699989
v 7.37273121 -3.10786676 29.33699989
v 4.32846212 -3.55227709 30.9451561
v 2.44380403 -3.6574111 31.74923325
v 5.99727964 -3.20561266 30.14107704
v 6.82718039 -4.17200327 29.33699989
v 7.02665091 -3.82651019 29.33699989
v 3.95943546 -3.95943546 30.9451561
v 2.07354736 -3.87933445 31.74923325
v 5.65419579 -3.77801299 30.14107704
v 6.37785721 -4.83103895 29.33699989
v 6.61073637 -4.50712395 29.33699989
v 3.55227709 -4.32846212 30.9451561
v 1.68332148 -4.06389761 31.74923325
v 5.25665951 -4.31402874 30.14107704
v 5.86514807 -5.4420619 29.33699989
v 6.12912178 -5.14294386 29.33699989
v 3.11090851 -4.65580368 30.9451561
v 1.2768842 -4.20932293 31.74923325
v 5.29414845 -5.9989996 29.33699989
v 4.80849838 -4.80849838 30.14107704
v 5.58659267 -5.72765064 29.33699989
v 2.63958001 -4.93830681 30.9451561
v 0.85814983 -4.31421041 31.74923325
v 4.31402874 -5.25665951 30.14107704
v 4.67053318 -6.49631596 29.33699989
v 4.98854208 -6.25543356 29.33699989
v 2.14283109 -5.17325163 30.9451561
v 0.43115103 -4.37754965 31.74923325
v 3.77801299 -5.65419579 30.14107704
v 4.0005002 -6.92906904 29.33699989
v 4.34091282 -6.7210474 29.33699989
v 1.62544537 -5.35837507 30.9451561
v 0 -4.39873075 31.74923325
v 3.20561266 -5.99727964 30.14107704
v 3.29070807 -7.29295826 29.33699989
v 3.65014148 -7.11986446 29.33699989
v 1.0924058 -5.49189472 30.9451561
v -0.43115103 -4.37754965 31.74923325
v 2.6023407 -6.28260612 30.14107704
v 2.54821157 -7.5843668 29.33699989
v 2.92309356 -7.4479208 29.33699989
v 0.54884571 -5.57252407 30.9451561
v -0.85814983 -4.31421041 31.74923325
v 1.97400653 -6.50742722 30.14107704
v 1.78039002 -7.80039835 29.33699989
v 2.16699457 -7.70195675 29.33699989
v 0 -5.5994873 30.9451561
v -1.2768842 -4.20932293 31.74923325
v 0.994874 -7.93890572 29.33699989
v 1.32666171 -6.66957903 30.14107704
v 1.38935912 -7.87944698 29.33699989
v -0.54884571 -5.57252407 30.9451561
v -1.68332148 -4.06389761 31.74923325
v 0.66654044 -6.76749849 30.14107704
v 0.19947046 -7.99851322 29.33699989
v 0.59791547 -7.97862768 29.33699989
v -1.0924058 -5.49189472 30.9451561
v -2.07354736 -3.87933445 31.74923325
v 0 -6.80024385 30.14107704
v -0.19947046 -7.99851322 29.33699989
v -1.62544537 -5.35837507 30.9451561
v -2.44380403 -3.6574111 31.74923325
v -0.66654044 -6.76749849 30.14107704
v -0.994874 -7.93890572 29.33699989
v -0.59791547 -7.97862768 29.33699989
v -2.14283109 -5.17325163 30.9451561
v -2.79052544 -3.40026498 31.74923325
v -1.32666171 -6.66957903 30.14107704
v -1.78039002 -7.80039835 29.33699989
v -1.38935912 -7.87944698 29.33699989
v -2.63958001 -4.93830681 30.9451561
v -3.11037254 -3.11037254 31.74923325
v -1.97400653 -6.50742722 30.14107704
v -2.54821157 -7.5843668 29.33699989
v -2.16699457 -7.70195675 29.33699989
v -3.11090851 -4.65580368 30.9451561
v -3.40026498 -2.79052544 31.74923325
v -2.6023407 -6.28260612 30.14107704
v -3.29070807 -7.29295826 29.33699989
v -2.92309356 -7.4479208 29.33699989
v -3.55227709 -4.32846212 30.9451561
v -3.6574111 -2.44380403 31.74923325
v -4.0005002 -6.92906904 29.33699989
v -3.20561266 -5.99727964 30.14107704
v -3.65014148 -7.11986446 29.33699989
v -3.95943546 -3.95943546 30.9451561
v -3.87933445 -2.07354736 31.74923325
v -3.77801299 -5.65419579 30.14107704
v -4.67053318 -6.49631596 29.33699989
v -4.34091282 -6.7210474 29.33699989
v -4.32846212 -3.55227709 30.9451561
v -4.06389761 -1.68332148 31.74923325
v -5.29414845 -5.9989996 29.33699989
v -4.31402874 -5.25665951 30.14107704
v -4.98854208 -6.25543356 29.33699989
v -4.65580368 -3.11090851 30.9451561
v -4.20932293 -1.2768842 31.74923325
v -5.86514807 -5.4420619 29.33699989
v -4.80849838 -4.80849838 30.14107704
v -5.58659267 -5.72765064 29.33699989
v -4.93830681 -2.63958001 30.9451561
v -4.31421041 -0.85814983 31.74923325
v -6.37785721 -4.83103895 29.33699989
v -5.25665951 -4.31402874 30.14107704
v -6.12912178 -5.14294386 29.33699989
v -5.17325163 -2.14283109 30.9451561
v -4.37754965 -0.43115103 31.74923325
v -6.82718039 -4.17200327 29.33699989
v -5.65419579 -3.77801299 30.14107704
v -6.61073637 -4.50712395 29.33699989
v -5.35837507 -1.62544537 30.9451561
v -7.20865202 -3.47150373 29.33699989
v -5.99727964 -3.20561266 30.14107704
v -7.02665091 -3.82651019 29.33699989
v -5.49189472 -1.0924058 30.9451561
v -6.28260612 -2.6023407 30.14107704
v -7.51848078 -2.73650312 29.33699989
v -7.37273121 -3.10786676 29.33699989
v -5.57252407 -0.54884571 30.9451561
v -8.0010004 0 29.33699989
v -6.50742722 -1.97400653 30.14107704
v -7.75358725 -1.97430599 29.33699989
v -7.64553785 -2.35833621 29.33699989
v -7.9116354 -1.19248712 29.33699989
v -6.66957903 -1.32666171 30.14107704
v -7.84236002 -1.58536732 29.33699989
v -6.76749849 -0.66654044 30.14107704
v -7.99105406 -0.39881694 29.33699989
v -7.96124125 -0.79664236 29.33699989
v -8.0010004 0 -51.87950134
v -7.99105406 -0.39881694 -51.87950134
v -7.96124125 -0.79664236 -51.87950134
v -7.9116354 -1.19248712 -51.87950134
v -7.84236002 -1.58536732 -51.87950134
v -7.75358725 -1.97430599 -51.87950134
v -7.64553785 -2.35833621 -51.87950134
v -7.51848078 -2.73650312 -51.87950134
v -7.37273121 -3.10786676 -51.87950134
v -7.20865202 -3.47150373 -51.87950134
v -7.02665091 -3.82651019 -51.87950134
v -6.82718039 -4.17200327 -51.87950134
v -6.61073637 -4.50712395 -51.87950134
v -6.37785721 -4.83103895 -51.87950134
v -6.12912178 -5.14294386 -51.87950134
v -5.86514807 -5.4420619 -51.87950134
v -5.58659267 -5.72765064 -51.87950134
v -5.29414845 -5.9989996 -51.87950134
v -4.98854208 -6.25543356 -51.87950134
v -4.67053318 -6.49631596 -51.87950134
v -4.34091282 -6.7210474 -51.87950134
v -4.0005002 -6.92906904 -51.87950134
v -3.65014148 -7.11986446 -51.87950134
v -3.29070807 -7.29295826 -51.87950134
v -2.92309356 -7.4479208 -51.87950134
v -2.54821157 -7.5843668 -51.87950134
v -2.16699457 -7.70195675 -51.87950134
v -1.78039002 -7.80039835 -51.87950134
v -1.38935912 -7.87944698 -51.87950134
v -0.994874 -7.93890572 -51.87950134
v -0.59791547 -7.97862768 -51.87950134
v -0.19947046 -7.99851322 -51.87950134
v 0.19947046 -7.99851322 -51.87950134
v 0.59791547 -7.97862768 -51.87950134
v 0.994874 -7.93890572 -51.87950134
v 1.38935912 -7.87944698 -51.87950134
v 1.78039002 -7.80039835 -51.87950134
v 2.16699457 -7.70195675 -51.87950134
v 2.54821157 -7.5843668 -51.87950134
v 2.92309356 -7.4479208 -51.87950134
v 3.29070807 -7.29295826 -51.87950134
v 3.65014148 -7.11986446 -51.87950134
v 4.0005002 -6.92906904 -51.87950134
v 4.34091282 -6.7210474 -51.87950134
v 4.67053318 -6.49631596 -51.87950134
v 4.98854208 -6.25543356 -51.87950134
v 5.29414845 -5.9989996 -51.87950134
v 5.58659267 -5.72765064 -51.87950134
v 5.86514807 -5.4420619 -51.87950134
v 6.12912178 -5.14294386 -51.87950134
v 6.37785721 -4.83103895 -51.87950134
v 6.61073637 -4.50712395 -51.87950134
v 6.82718039 -4.17200327 -51.87950134
v 7.02665091 -3.82651019 -51.87950134
v 7.20865202 -3.47150373 -51.87950134
v 7.37273121 -3.10786676 -51.87950134
v 7.51848078 -2.73650312 -51.87950134
v 7.64553785 -2.35833621 -51.87950134
v 7.75358725 -1.97430599 -51.87950134
v 7.84236002 -1.58536732 -51.87950134
v 7.9116354 -1.19248712 -51.87950134
v 7.96124125 -0.79664236 -51.87950134
v 7.99105406 -0.39881694 -51.87950134
v 8.0010004 0 -51.87950134
v 7.99105406 0.39881694 -51.87950134
v 7.99105406 0.39881694 29.33699989
v 7.96124125 0.79664236 -51.87950134
v 7.96124125 0.79664236 29.33699989
v 7.9116354 1.19248712 -51.87950134
v 7.9116354 1.19248712 29.33699989
v 7.84236002 1.58536732 -51.87950134
v 7.84236002 1.58536732 29.33699989
v 7.75358725 1.97430599 -51.87950134
v 7.75358725 1.97430599 29.33699989
v 7.64553785 2.35833621 -51.87950134
v 7.64553785 2.35833621 29.33699989
v 7.51848078 2.73650312 -51.87950134
v 7.51848078 2.73650312 29.33699989
v 7.37273121 3.10786676 -51.87950134
v 7.37273121 3.10786676 29.33699989
v 7.20865202 3.47150373 -51.87950134
v 7.20865202 3.47150373 29.33699989
v 7.02665091 3.82651019 -51.87950134
v 7.02665091 3.82651019 29.33699989
v 6.82718039 4.17200327 -51.87950134
v 6.82718039 4.17200327 29.33699989
v 6.61073637 4.50712395 -51.87950134
v 6.61073637 4.50712395 29.33699989
v 6.37785721 4.83103895 -51.87950134
v 6.37785721 4.83103895 29.33699989
v 6.12912178 5.14294386 -51.87950134
v 6.12912178 5.14294386 29.33699989
v 5.86514807 5.4420619 -51.87950134
v 5.86514807 5.4420619 29.33699989
v 5.58659267 5.72765064 -51.87950134
v 5.58659267 5.72765064 29.33699989
v 5.29414845 5.9989996 -51.87950134
v 5.29414845 5.9989996 29.33699989
v 4.98854208 6.25543356 29.33699989
v 4.98854208 6.25543356 -51.87950134
v 4.67053318 6.49631596 29.33699989
v 4.67053318 6.49631596 -51.87950134
v 4.34091282 6.7210474 29.33699989
v 4.34091282 6.7210474 -51.87950134
v 4.0005002 6.92906904 -51.87950134
v 4.0005002 6.92906904 29.33699989
v 3.65014148 7.11986446 -51.87950134
v 3.65014148 7.11986446 29.33699989
v 3.29070807 7.29295826 29.33699989
v 3.29070807 7.29295826 -51.87950134
v 2.92309356 7.4479208 29.33699989
v 2.92309356 7.4479208 -51.87950134
v 2.54821157 7.5843668 29.33699989
v 2.54821157 7.5843668 -51.87950134
v 2.16699457 7.70195675 29.33699989
v 2.16699457 7.70195675 -51.87950134
v 1.78039002 7.80039835 29.33699989
v 1.78039002 7.80039835 -51.87950134
v 1.38935912 7.87944698 -51.87950134
v 1.38935912 7.87944698 29.33699989
v 0.994874 7.93890572 29.33699989
v 0.994874 7.93890572 -51.87950134
v 0.59791547 7.97862768 29.33699989
v 0.59791547 7.97862768 -51.87950134
v 0.19947046 7.99851322 29.33699989
v 0.19947046 7.99851322 -51.87950134
v -0.19947046 7.99851322 29.33699989
v -0.19947046 7.99851322 -51.87950134
v -0.59791547 7.97862768 -51.87950134
v -0.59791547 7.97862768 29.33699989
v -0.994874 7.93890572 29.33699989
v -0.994874 7.93890572 -51.87950134
v -1.38935912 7.87944698 -51.87950134
v -1.38935912 7.87944698 29.33699989
v -1.78039002 7.80039835 29.33699989
v -1.78039002 7.80039835 -51.87950134
v -2.16699457 7.70195675 29.33699989
v -2.16699457 7.70195675 -51.87950134
v -2.54821157 7.5843668 29.33699989
v -2.54821157 7.5843668 -51.87950134
v -2.92309356 7.4479208 29.33699989
v -2.92309356 7.4479208 -51.87950134
v -3.29070807 7.29295826 29.33699989
v -3.29070807 7.29295826 -51.87950134
v -3.65014148 7.11986446 29.33699989
v -3.65014148 7.11986446 -51.87950134
v -4.0005002 6.92906904 29.33699989
v -4.0005002 6.92906904 -51.87950134
v -4.34091282 6.7210474 29.33699989
v -4.34091282 6.7210474 -51.87950134
v -4.67053318 6.49631596 29.33699989
v -4.67053318 6.49631596 -51.87950134
v -4.98854208 6.25543356 29.33699989
v -4.98854208 6.25543356 -51.87950134
v -5.29414845 5.9989996 29.33699989
v -5.29414845 5.9989996 -51.87950134
v -5.58659267 5.72765064 29.33699989
v -5.58659267 5.72765064 -51.87950134
v -5.86514807 5.4420619 -51.87950134
v -5.86514807 5.4420619 29.33699989
v -6.12912178 5.14294386 29.33699989
v -6.12912178 5.14294386 -51.87950134
v -6.37785721 4.83103895 -51.87950134
v -6.37785721 4.83103895 29.33699989
v -6.61073637 4.50712395 29.33699989
v -6.61073637 4.50712395 -51.87950134
v -6.82718039 4.17200327 -51.87950134
v -6.82718039 4.17200327 29.33699989
v -7.02665091 3.82651019 29.33699989
v -7.02665091 3.82651019 -51.87950134
v -7.20865202 3.47150373 -51.87950134
v -7.20865202 3.47150373 29.33699989
v -7.37273121 3.10786676 29.33699989
v -7.37273121 3.10786676 -51.87950134
v -7.51848078 2.73650312 -51.87950134
v -7.51848078 2.73650312 29.33699989
v -7.64553785 2.35833621 -51.87950134
v -7.64553785 2.35833621 29.33699989
v -7.75358725 1.97430599 29.33699989
v -7.75358725 1.97430599 -51.87950134
v -7.84236002 1.58536732 -51.87950134
v -7.84236002 1.58536732 29.33699989
v -7.9116354 1.19248712 -51.87950134
v -7.9116354 1.19248712 29.33699989
v -7.96124125 0.79664236 -51.87950134
v -7.96124125 0.79664236 29.33699989
v -7.99105406 0.39881694 -51.87950134
v -7.99105406 0.39881694 29.33699989
v -3.18208313 0.31841543 32.55331039
v -4.37754965 0.43115103 31.74923325
v -3.16225576 0.47663337 32.55331039
v -3.19399929 0.15940587 32.55331039
v -3.13456678 0.63366634 32.55331039
v -4.31421041 0.85814983 31.74923325
v -3.09908462 0.78912389 32.55331039
v -3.05589747 0.94261956 32.55331039
v -4.20932293 1.2768842 31.74923325
v -3.00511312 1.0937717 32.55331039
v -5.57252407 0.54884571 30.9451561
v -4.06389761 1.68332148 31.74923325
v -2.94685745 1.24220467 32.55331039
v -2.88127565 1.38754916 32.55331039
v -5.49189472 1.0924058 30.9451561
v -3.87933445 2.07354736 31.74923325
v -2.80853033 1.5294441 32.55331039
v -2.72880268 1.6675365 32.55331039
v -5.35837507 1.62544537 30.9451561
v -2.64229059 1.80148327 32.55331039
v -3.6574111 2.44380403 31.74923325
v -2.54920959 1.93095112 32.55331039
v -6.76749849 0.66654044 30.14107704
v -5.17325163 2.14283109 30.9451561
v -2.44979072 2.05561852 32.55331039
v -3.40026498 2.79052544 31.74923325
v -2.3442812 2.17517519 32.55331039
v -6.66957903 1.32666171 30.14107704
v -4.93830681 2.63958001 30.9451561
v -3.11037254 3.11037254 31.74923325
v -2.23294353 2.28932405 32.55331039
v -2.11605453 2.39778113 32.55331039
v -6.50742722 1.97400653 30.14107704
v -4.65580368 3.11090851 30.9451561
v -1.99390459 2.50027728 32.55331039
v -2.79052544 3.40026498 31.74923325
v -1.86679745 2.59655714 32.55331039
v -6.28260612 2.6023407 30.14107704
v -4.32846212 3.55227709 30.9451561
v -1.73504913 2.68638158 32.55331039
v -2.44380403 3.6574111 31.74923325
v -1.59898734 2.7695272 32.55331039
v -5.99727964 3.20561266 30.14107704
v -3.95943546 3.95943546 30.9451561
v -1.45895004 2.84578753 32.55331039
v -2.07354736 3.87933445 31.74923325
v -1.31528568 2.91497254 32.55331039
v -5.65419579 3.77801299 30.14107704
v -3.55227709 4.32846212 30.9451561
v -1.16835129 2.97691059 32.55331039
v -1.68332148 4.06389761 31.74923325
v -1.01851225 3.03144765 32.55331039
v -5.25665951 4.31402874 30.14107704
v -3.11090851 4.65580368 30.9451561
v -0.86614096 3.07844782 32.55331039
v -1.2768842 4.20932293 31.74923325
v -0.71161628 3.11779475 32.55331039
v -4.80849838 4.80849838 30.14107704
v -2.63958001 4.93830681 30.9451561
v -0.85814983 4.31421041 31.74923325
v -0.55532247 3.14939022 32.55331039
v -0.39764801 3.17315578 32.55331039
v -4.31402874 5.25665951 30.14107704
v -2.14283109 5.17325163 30.9451561
v -0.43115103 4.37754965 31.74923325
v -0.23898494 3.18903232 32.55331039
v -0.07972772 3.19698071 32.55331039
v -3.77801299 5.65419579 30.14107704
v -1.62544537 5.35837507 30.9451561
v 0 4.39873075 31.74923325
v 0.07972772 3.19698071 32.55331039
v -3.20561266 5.99727964 30.14107704
v -1.0924058 5.49189472 30.9451561
v 0.43115103 4.37754965 31.74923325
v 0.23898494 3.18903232 32.55331039
v 0.39764801 3.17315578 32.55331039
v -2.6023407 6.28260612 30.14107704
v -0.54884571 5.57252407 30.9451561
v 0.85814983 4.31421041 31.74923325
v 0.55532247 3.14939022 32.55331039
v 0.71161628 3.11779475 32.55331039
v -1.97400653 6.50742722 30.14107704
v 0 5.5994873 30.9451561
v 1.2768842 4.20932293 31.74923325
v 0.86614096 3.07844782 32.55331039
v 1.01851225 3.03144765 32.55331039
v -1.32666171 6.66957903 30.14107704
v 0.54884571 5.57252407 30.9451561
v 1.16835129 2.97691059 32.55331039
v 1.68332148 4.06389761 31.74923325
v 1.31528568 2.91497254 32.55331039
v -0.66654044 6.76749849 30.14107704
v 1.0924058 5.49189472 30.9451561
v 2.07354736 3.87933445 31.74923325
v 1.45895004 2.84578753 32.55331039
v 1.59898734 2.7695272 32.55331039
v 0 6.80024385 30.14107704
v 1.62544537 5.35837507 30.9451561
v 2.44380403 3.6574111 31.74923325
v 1.73504913 2.68638158 32.55331039
v 1.86679745 2.59655714 32.55331039
v 0.66654044 6.76749849 30.14107704
v 2.14283109 5.17325163 30.9451561
v 2.79052544 3.40026498 31.74923325
v 1.99390459 2.50027728 32.55331039
v 2.11605453 2.39778113 32.55331039
v 1.32666171 6.66957903 30.14107704
v 2.63958001 4.93830681 30.9451561
v 3.11037254 3.11037254 31.74923325
v 2.23294353 2.28932405 32.55331039
v 2.3442812 2.17517519 32.55331039
v 1.97400653 6.50742722 30.14107704
v 3.11090851 4.65580368 30.9451561
v 3.40026498 2.79052544 31.74923325
v 2.44979072 2.05561852 32.55331039
v 2.54920959 1.93095112 32.55331039
v 2.6023407 6.28260612 30.14107704
v 3.55227709 4.32846212 30.9451561
v 3.6574111 2.44380403 31.74923325
v 2.64229059 1.80148327 32.55331039
v 2.72880268 1.6675365 32.55331039
v 3.20561266 5.99727964 30.14107704
v 3.95943546 3.95943546 30.9451561
v 3.87933445 2.07354736 31.74923325
v 2.80853033 1.5294441 32.55331039
v 2.88127565 1.38754916 32.55331039
v 3.77801299 5.65419579 30.14107704
v 4.32846212 3.55227709 30.9451561
v 4.06389761 1.68332148 31.74923325
v 2.94685745 1.24220467 32.55331039
v 3.00511312 1.0937717 32.55331039
v 4.31402874 5.25665951 30.14107704
v 4.65580368 3.11090851 30.9451561
v 3.05589747 0.94261956 32.55331039
v 4.20932293 1.2768842 31.74923325
v 3.09908462 0.78912389 32.55331039
v 4.80849838 4.80849838 30.14107704
v 4.93830681 2.63958001 30.9451561
v 3.13456678 0.63366634 32.55331039
v 4.31421041 0.85814983 31.74923325
v 3.16225576 0.47663337 32.55331039
v 5.25665951 4.31402874 30.14107704
v 5.17325163 2.14283109 30.9451561
v 3.19399929 0.15940587 32.55331039
v 4.37754965 0.43115103 31.74923325
v 3.18208313 0.31841543 32.55331039
v 5.65419579 3.77801299 30.14107704
v 5.35837507 1.62544537 30.9451561
v 5.99727964 3.20561266 30.14107704
v 5.49189472 1.0924058 30.9451561
v 6.28260612 2.6023407 30.14107704
v 5.57252407 0.54884571 30.9451561
v 6.50742722 1.97400653 30.14107704
v 6.66957903 1.32666171 30.14107704
v 6.76749849 0.66654044 30.14107704
v -0.35383293 0.03540633 67.43699646
v -0.4586539 0.04517347 66.1450119
v -0.35162824 0.05299943 67.43699646
v -0.35515797 0.0177252 67.43699646
v -0.34854934 0.07046077 67.43699646
v -0.45201758 0.08991189 66.1450119
v -0.3446039 0.08774693 67.43699646
v -0.3398017 0.10481494 67.43699646
v -0.44102809 0.13378441 66.1450119
v -0.3341547 0.12162236 67.43699646
v -0.32767695 0.13812742 67.43699646
v -0.42579126 0.17636852 66.1450119
v -0.32038453 0.15428905 67.43699646
v -0.31229559 0.17006712 67.43699646
v -0.40645382 0.21725409 66.1450119
v -0.30343023 0.18542236 67.43699646
v -0.29381052 0.20031661 67.43699646
v -0.38320202 0.2560474 66.1450119
v -0.28346032 0.21471284 67.43699646
v -0.27240542 0.22857527 67.43699646
v -0.35625976 0.29237482 66.1450119
v -0.26067325 0.24186942 67.43699646
v -0.24829301 0.25456226 67.43699646
v -0.32588652 0.32588652 66.1450119
v -0.23529549 0.26662219 67.43699646
v -0.56342012 0.05549204 64.85301971
v -0.22171298 0.27801928 67.43699646
v -0.29237482 0.35625976 66.1450119
v -0.20757926 0.28872517 67.43699646
v -0.55526793 0.11044966 64.85301971
v -0.19292945 0.29871321 67.43699646
v -0.2560474 0.38320202 66.1450119
v -0.1778 0.30795863 67.43699646
v -0.54176819 0.16434358 64.85301971
v -0.16222851 0.31643841 67.43699646
v -0.21725409 0.40645382 66.1450119
v -0.14625369 0.32413149 67.43699646
v -0.52305096 0.21665479 64.85301971
v -0.12991527 0.33101872 67.43699646
v -0.17636852 0.42579126 66.1450119
v -0.11325385 0.33708295 67.43699646
v -0.49929643 0.2668795 64.85301971
v -0.09631087 0.34230918 67.43699646
v -0.13378441 0.44102809 66.1450119
v -0.07912844 0.34668437 67.43699646
v -0.4707334 0.31453401 64.85301971
v -0.08991189 0.45201758 66.1450119
v -0.06174929 0.35019764 67.43699646
v -0.04421662 0.35284027 67.43699646
v -0.43763697 0.35915938 64.85301971
v -0.04517347 0.4586539 66.1450119
v -0.02657402 0.35460567 67.43699646
v -0.00886535 0.35548946 67.43699646
v -0.40032586 0.40032586 64.85301971
v -0.66818631 0.06581061 63.56103516
v 0 0.46087313 66.1450119
v 0.00886535 0.35548946 67.43699646
v -0.35915938 0.43763697 64.85301971
v -0.65851825 0.13098742 63.56103516
v 0.04517347 0.4586539 66.1450119
v 0.02657402 0.35460567 67.43699646
v 0.04421662 0.35284027 67.43699646
v -0.31453401 0.4707334 64.85301971
v -0.64250833 0.19490276 63.56103516
v 0.08991189 0.45201758 66.1450119
v 0.06174929 0.35019764 67.43699646
v 0.07912844 0.34668437 67.43699646
v -0.2668795 0.49929643 64.85301971
v -0.62031066 0.25694108 63.56103516
v 0.09631087 0.34230918 67.43699646
v 0.13378441 0.44102809 66.1450119
v 0.11325385 0.33708295 67.43699646
v -0.21665479 0.52305096 64.85301971
v -0.59213907 0.31650493 63.56103516
v 0.17636852 0.42579126 66.1450119
v 0.12991527 0.33101872 67.43699646
v 0.14625369 0.32413149 67.43699646
v -0.16434358 0.54176819 64.85301971
v -0.55826485 0.37302062 63.56103516
v 0.21725409 0.40645382 66.1450119
v 0.16222851 0.31643841 67.43699646
v 0.1778 0.30795863 67.43699646
v -0.11044966 0.55526793 64.85301971
v -0.51901424 0.42594397 63.56103516
v 0.2560474 0.38320202 66.1450119
v 0.19292945 0.29871321 67.43699646
v 0.20757926 0.28872517 67.43699646
v -0.05549204 0.56342012 64.85301971
v -0.47476521 0.47476521 63.56103516
v 0.29237482 0.35625976 66.1450119
v 0.22171298 0.27801928 67.43699646
v 0.23529549 0.26662219 67.43699646
v -0.77295256 0.07612918 62.26904678
v 0 0.56614625 64.85301971
v -0.42594397 0.51901424 63.56103516
v 0.24829301 0.25456226 67.43699646
v 0.32588652 0.32588652 66.1450119
v 0.26067325 0.24186942 67.43699646
v -0.76176858 0.1515252 62.26904678
v 0.05549204 0.56342012 64.85301971
v -0.37302062 0.55826485 63.56103516
v 0.27240542 0.22857527 67.43699646
v 0.35625976 0.29237482 66.1450119
v 0.28346032 0.21471284 67.43699646
v -0.7432484 0.22546194 62.26904678
v 0.11044966 0.55526793 64.85301971
v -0.31650493 0.59213907 63.56103516
v 0.38320202 0.2560474 66.1450119
v 0.29381052 0.20031661 67.43699646
v 0.30343023 0.18542236 67.43699646
v -0.71757036 0.29722735 62.26904678
v 0.16434358 0.54176819 64.85301971
v -0.25694108 0.62031066 63.56103516
v 0.40645382 0.21725409 66.1450119
v 0.31229559 0.17006712 67.43699646
v 0.32038453 0.15428905 67.43699646
v -0.68498164 0.36613032 62.26904678
v 0.21665479 0.52305096 64.85301971
v -0.19490276 0.64250833 63.56103516
v 0.42579126 0.17636852 66.1450119
v 0.32767695 0.13812742 67.43699646
v 0.3341547 0.12162236 67.43699646
v -0.64579624 0.43150726 62.26904678
v 0.2668795 0.49929643 64.85301971
v -0.13098742 0.65851825 63.56103516
v 0.44102809 0.13378441 66.1450119
v 0.3398017 0.10481494 67.43699646
v 0.3446039 0.08774693 67.43699646
v -0.60039145 0.49272853 62.26904678
v 0.31453401 0.4707334 64.85301971
v -0.06581061 0.66818631 63.56103516
v 0.45201758 0.08991189 66.1450119
v 0.34854934 0.07046077 67.43699646
v 0.35162824 0.05299943 67.43699646
v -0.54920453 0.54920453 62.26904678
v 0.35915938 0.43763697 64.85301971
v -0.87771875 0.08644775 60.97705841
v 0 0.67141938 63.56103516
v 0.35515797 0.0177252 67.43699646
v 0.4586539 0.04517347 66.1450119
v 0.35383293 0.03540633 67.43699646
v -0.49272853 0.60039145 62.26904678
v 0.40032586 0.40032586 64.85301971
v -0.86501896 0.17206296 60.97705841
v 0.06581061 0.66818631 63.56103516
v -0.43150726 0.64579624 62.26904678
v 0.43763697 0.35915938 64.85301971
v -0.84398854 0.25602111 60.97705841
v 0.13098742 0.65851825 63.56103516
v -0.36613032 0.68498164 62.26904678
v 0.4707334 0.31453401 64.85301971
v -0.81483001 0.33751366 60.97705841
v 0.19490276 0.64250833 63.56103516
v -0.29722735 0.71757036 62.26904678
v 0.49929643 0.2668795 64.85301971
v -0.77782428 0.41575575 60.97705841
v 0.25694108 0.62031066 63.56103516
v -0.22546194 0.7432484 62.26904678
v 0.52305096 0.21665479 64.85301971
v -0.73332763 0.48999387 60.97705841
v 0.31650493 0.59213907 63.56103516
v -0.1515252 0.76176858 62.26904678
v 0.54176819 0.16434358 64.85301971
v -0.68176866 0.55951309 60.97705841
v 0.37302062 0.55826485 63.56103516
v -0.07612918 0.77295256 62.26904678
v 0.55526793 0.11044966 64.85301971
v -0.62364388 0.62364388 60.97705841
v 0.42594397 0.51901424 63.56103516
v -0.982485 0.09676632 59.68507004
v 0 0.77669251 62.26904678
v 0.56342012 0.05549204 64.85301971
v -0.55951309 0.68176866 60.97705841
v 0.47476521 0.47476521 63.56103516
v -0.96826929 0.19260074 59.68507004
v 0.07612918 0.77295256 62.26904678
v -0.48999387 0.73332763 60.97705841
v 0.51901424 0.42594397 63.56103516
v -0.94472861 0.28658029 59.68507004
v 0.1515252 0.76176858 62.26904678
v -0.41575575 0.77782428 60.97705841
v 0.55826485 0.37302062 63.56103516
v -0.91208971 0.37779993 59.68507004
v 0.22546194 0.7432484 62.26904678
v -0.33751366 0.81483001 60.97705841
v 0.59213907 0.31650493 63.56103516
v -0.87066692 0.46538115 59.68507004
v 0.29722735 0.71757036 62.26904678
v -0.25602111 0.84398854 60.97705841
v 0.62031066 0.25694108 63.56103516
v -0.82085907 0.54848051 59.68507004
v 0.36613032 0.68498164 62.26904678
v -0.17206296 0.86501896 60.97705841
v 0.64250833 0.19490276 63.56103516
v -0.76314592 0.62629765 59.68507004
v 0.43150726 0.64579624 62.26904678
v -0.08644775 0.87771875 60.97705841
v 0.65851825 0.13098742 63.56103516
v -0.69808322 0.69808322 59.68507004
v 0.49272853 0.60039145 62.26904678
v -1.08725119 0.10708489 58.39308167
v 0 0.8819657 60.97705841
v 0.66818631 0.06581061 63.56103516
v -0.62629765 0.76314592 59.68507004
v 0.54920453 0.54920453 62.26904678
v -1.07151961 0.21313851 58.39308167
v 0.08644775 0.87771875 60.97705841
v -0.54848051 0.82085907 59.68507004
v 0.60039145 0.49272853 62.26904678
v -1.04546869 0.31713948 58.39308167
v 0.17206296 0.86501896 60.97705841
v -0.46538115 0.87066692 59.68507004
v 0.64579624 0.43150726 62.26904678
v -1.00934947 0.41808623 58.39308167
v 0.25602111 0.84398854 60.97705841
v -0.37779993 0.91208971 59.68507004
v 0.68498164 0.36613032 62.26904678
v -0.9635095 0.51500654 58.39308167
v 0.33751366 0.81483001 60.97705841
v -0.28658029 0.94472861 59.68507004
v 0.71757036 0.29722735 62.26904678
v -0.90839046 0.60696709 58.39308167
v 0.41575575 0.77782428 60.97705841
v -0.19260074 0.96826929 59.68507004
v 0.7432484 0.22546194 62.26904678
v -0.84452313 0.69308221 58.39308167
v 0.48999387 0.73332763 60.97705841
v -0.09676632 0.982485 59.68507004
v 0.76176858 0.1515252 62.26904678
v -0.77252257 0.77252257 58.39308167
v 0.55951309 0.68176866 60.97705841
v -1.19201744 0.11740347 57.10109329
v 0 0.98723882 59.68507004
v 0.77295256 0.07612918 62.26904678
v -0.69308221 0.84452313 58.39308167
v 0.62364388 0.62364388 60.97705841
v -1.17477 0.23367627 57.10109329
v 0.09676632 0.982485 59.68507004
v -0.60696709 0.90839046 58.39308167
v 0.68176866 0.55951309 60.97705841
v -1.14620888 0.34769866 57.10109329
v 0.19260074 0.96826929 59.68507004
v -0.51500654 0.9635095 58.39308167
v 0.73332763 0.48999387 60.97705841
v -1.10660911 0.4583725 57.10109329
v 0.28658029 0.94472861 59.68507004
v -0.41808623 1.00934947 58.39308167
v 0.77782428 0.41575575 60.97705841
v -1.05635214 0.564632 57.10109329
v 0.37779993 0.91208971 59.68507004
v -0.31713948 1.04546869 58.39308167
v 0.81483001 0.33751366 60.97705841
v -0.99592191 0.66545373 57.10109329
v 0.46538115 0.87066692 59.68507004
v -0.21313851 1.07151961 58.39308167
v 0.84398854 0.25602111 60.97705841
v -0.9259004 0.75986677 57.10109329
v 0.54848051 0.82085907 59.68507004
v -0.10708489 1.08725119 58.39308167
v 0.86501896 0.17206296 60.97705841
v -0.84696192 0.84696192 57.10109329
v 0.62629765 0.76314592 59.68507004
v -1.29678357 0.12772204 55.80910492
v 0 1.09251189 58.39308167
v 0.87771875 0.08644775 60.97705841
v -0.75986677 0.9259004 57.10109329
v 0.69808322 0.69808322 59.68507004
v -1.27802026 0.25421405 55.80910492
v 0.10708489 1.08725119 58.39308167
v -0.66545373 0.99592191 57.10109329
v 0.76314592 0.62629765 59.68507004
v -1.24694896 0.37825784 55.80910492
v 0.21313851 1.07151961 58.39308167
v -0.564632 1.05635214 57.10109329
v 0.82085907 0.54848051 59.68507004
v -1.20386875 0.49865878 55.80910492
v 0.31713948 1.04546869 58.39308167
v -0.4583725 1.10660911 57.10109329
v 0.87066692 0.46538115 59.68507004
v -1.14919472 0.6142574 55.80910492
v 0.41808623 1.00934947 58.39308167
v -0.34769866 1.14620888 57.10109329
v 0.91208971 0.37779993 59.68507004
v -1.0834533 0.72394037 55.80910492
v 0.51500654 0.9635095 58.39308167
v -0.23367627 1.17477 57.10109329
v 0.94472861 0.28658029 59.68507004
v -1.00727761 0.82665139 55.80910492
v 0.60696709 0.90839046 58.39308167
v -0.11740347 1.19201744 57.10109329
v 0.96826929 0.19260074 59.68507004
v -0.92140126 0.92140126 55.80910492
v 0.69308221 0.84452313 58.39308167
v -1.40154982 0.13804062 54.51711655
v 0 1.19778502 57.10109329
v 0.982485 0.09676632 59.68507004
v -0.82665139 1.00727761 55.80910492
v 0.77252257 0.77252257 58.39308167
v -1.38127065 0.27475181 54.51711655
v 0.11740347 1.19201744 57.10109329
v -0.72394037 1.0834533 55.80910492
v 0.84452313 0.69308221 58.39308167
v -1.34768903 0.40881699 54.51711655
v 0.23367627 1.17477 57.10109329
v -0.6142574 1.14919472 55.80910492
v 0.90839046 0.60696709 58.39308167
v -1.30112851 0.53894508 54.51711655
v 0.34769866 1.14620888 57.10109329
v -0.49865878 1.20386875 55.80910492
v 0.9635095 0.51500654 58.39308167
v -1.2420373 0.66388279 54.51711655
v 0.4583725 1.10660911 57.10109329
v -0.37825784 1.24694896 55.80910492
v 1.00934947 0.41808623 58.39308167
v -1.17098475 0.78242695 54.51711655
v 0.564632 1.05635214 57.10109329
v -0.25421405 1.27802026 55.80910492
v 1.04546869 0.31713948 58.39308167
v -1.08865488 0.89343596 54.51711655
v 0.66545373 0.99592191 57.10109329
v -0.12772204 1.29678357 55.80910492
v 1.07151961 0.21313851 58.39308167
v -0.99584061 0.99584061 54.51711655
v 0.75986677 0.9259004 57.10109329
v -1.50631607 0.14835918 53.22512817
v 0 1.30305815 55.80910492
v 1.08725119 0.10708489 58.39308167
v -0.89343596 1.08865488 54.51711655
v 0.84696192 0.84696192 57.10109329
v -1.48452103 0.29528958 53.22512817
v 0.12772204 1.29678357 55.80910492
v -0.78242695 1.17098475 54.51711655
v 0.9259004 0.75986677 57.10109329
v -1.44842923 0.43937618 53.22512817
v 0.25421405 1.27802026 55.80910492
v -0.66388279 1.2420373 54.51711655
v 0.99592191 0.66545373 57.10109329
v -1.39838815 0.57923138 53.22512817
v 0.37825784 1.24694896 55.80910492
v -0.53894508 1.30112851 54.51711655
v 1.05635214 0.564632 57.10109329
v -1.33487999 0.71350819 53.22512817
v 0.49865878 1.20386875 55.80910492
v -0.40881699 1.34768903 54.51711655
v 1.10660911 0.4583725 57.10109329
v -1.25851607 0.84091359 53.22512817
v 0.6142574 1.14919472 55.80910492
v -0.27475181 1.38127065 54.51711655
v 1.14620888 0.34769866 57.10109329
v -1.17003202 0.96022052 53.22512817
v 0.72394037 1.0834533 55.80910492
v -0.13804062 1.40154982 54.51711655
v 1.17477 0.23367627 57.10109329
v -1.07027996 1.07027996 53.22512817
v 0.82665139 1.00727761 55.80910492
v -1.61108232 0.15867776 51.9331398
v 0 1.40833139 54.51711655
v 1.19201744 0.11740347 57.10109329
v -0.96022052 1.17003202 53.22512817
v 0.92140126 0.92140126 55.80910492
v -1.5877713 0.31582734 51.9331398
v 0.13804062 1.40154982 54.51711655
v -0.84091359 1.25851607 53.22512817
v 1.00727761 0.82665139 55.80910492
v -1.5491693 0.46993536 51.9331398
v 0.27475181 1.38127065 54.51711655
v -0.71350819 1.33487999 53.22512817
v 1.0834533 0.72394037 55.80910492
v -1.49564791 0.61951762 51.9331398
v 0.40881699 1.34768903 54.51711655
v -0.57923138 1.39838815 53.22512817
v 1.14919472 0.6142574 55.80910492
v -1.42772257 0.76313365 51.9331398
v 0.53894508 1.30112851 54.51711655
v -0.43937618 1.44842923 53.22512817
v 1.20386875 0.49865878 55.80910492
v -1.34604752 0.89940023 51.9331398
v 0.66388279 1.2420373 54.51711655
v -0.29528958 1.48452103 53.22512817
v 1.24694896 0.37825784 55.80910492
v -1.25140929 1.02700508 51.9331398
v 0.78242695 1.17098475 54.51711655
v -0.14835918 1.50631607 53.22512817
v 1.27802026 0.25421405 55.80910492
v -1.14471936 1.14471936 51.9331398
v 0.89343596 1.08865488 54.51711655
v -1.71584845 0.16899632 50.64115143
v 0 1.51360452 53.22512817
v 1.29678357 0.12772204 55.80910492
v -1.02700508 1.25140929 51.9331398
v 0.99584061 0.99584061 54.51711655
v -1.69102168 0.33636513 50.64115143
v 0.14835918 1.50631607 53.22512817
v -0.89940023 1.34604752 51.9331398
v 1.08865488 0.89343596 54.51711655
v -1.64990938 0.50049454 50.64115143
v 0.29528958 1.48452103 53.22512817
v -0.76313365 1.42772257 51.9331398
v 1.17098475 0.78242695 54.51711655
v -1.59290755 0.65980393 50.64115143
v 0.43937618 1.44842923 53.22512817
v -0.61951762 1.49564791 51.9331398
v 1.2420373 0.66388279 54.51711655
v -1.52056515 0.81275904 50.64115143
v 0.57923138 1.39838815 53.22512817
v -0.46993536 1.5491693 51.9331398
v 1.30112851 0.53894508 54.51711655
v -1.43357897 0.95788682 50.64115143
v 0.71350819 1.33487999 53.22512817
v -0.31582734 1.5877713 51.9331398
v 1.34768903 0.40881699 54.51711655
v -1.33278656 1.0937897 50.64115143
v 0.84091359 1.25851607 53.22512817
v -0.15867776 1.61108232 51.9331398
v 1.38127065 0.27475181 54.51711655
v -1.21915865 1.21915865 50.64115143
v 0.96022052 1.17003202 53.22512817
v -1.8206147 0.1793149 49.34916306
v 0 1.61887765 51.9331398
v 1.40154982 0.13804062 54.51711655
v -1.0937897 1.33278656 50.64115143
v 1.07027996 1.07027996 53.22512817
v -1.79427195 0.3569029 49.34916306
v 0.15867776 1.61108232 51.9331398
v -0.95788682 1.43357897 50.64115143
v 1.17003202 0.96022052 53.22512817
v -1.75064945 0.53105372 49.34916306
v 0.31582734 1.5877713 51.9331398
v -0.81275904 1.52056515 50.64115143
v 1.25851607 0.84091359 53.22512817
v -1.69016731 0.70009023 49.34916306
v 0.46993536 1.5491693 51.9331398
v -0.65980393 1.59290755 50.64115143
v 1.33487999 0.71350819 53.22512817
v -1.61340785 0.86238444 49.34916306
v 0.61951762 1.49564791 51.9331398
v -0.50049454 1.64990938 50.64115143
v 1.39838815 0.57923138 53.22512817
v -1.52111042 1.0163734 49.34916306
v 0.76313365 1.42772257 51.9331398
v -0.33636513 1.69102168 50.64115143
v 1.44842923 0.43937618 53.22512817
v -1.41416383 1.1605742 49.34916306
v 0.89940023 1.34604752 51.9331398
v -0.16899632 1.71584845 50.64115143
v 1.48452103 0.29528958 53.22512817
v -1.29359806 1.29359806 49.34916306
v 1.02700508 1.25140929 51.9331398
v -1.92538095 0.18963347 48.05717468
v 0 1.72415078 50.64115143
v 1.50631607 0.14835918 53.22512817
v -1.1605742 1.41416383 49.34916306
v 1.14471936 1.14471936 51.9331398
v -1.89752233 0.37744066 48.05717468
v 0.16899632 1.71584845 50.64115143
v -1.0163734 1.52111042 49.34916306
v 1.25140929 1.02700508 51.9331398
v -1.85138965 0.5616129 48.05717468
v 0.33636513 1.69102168 50.64115143
v -0.86238444 1.61340785 49.34916306
v 1.34604752 0.89940023 51.9331398
v -1.78742695 0.74037647 48.05717468
v 0.50049454 1.64990938 50.64115143
v -0.70009023 1.69016731 49.34916306
v 1.42772257 0.76313365 51.9331398
v -1.70625043 0.91200984 48.05717468
v 0.65980393 1.59290755 50.64115143
v -0.53105372 1.75064945 49.34916306
v 1.49564791 0.61951762 51.9331398
v -1.60864174 1.0748601 48.05717468
v 0.81275904 1.52056515 50.64115143
v -0.3569029 1.79427195 49.34916306
v 1.5491693 0.46993536 51.9331398
v -1.49554098 1.22735882 48.05717468
v 0.95788682 1.43357897 50.64115143
v -0.1793149 1.8206147 49.34916306
v 1.5877713 0.31582734 51.9331398
v -1.36803734 1.36803734 48.05717468
v 1.0937897 1.33278656 50.64115143
v -2.03014708 0.19995204 46.76518631
v 0 1.8294239 49.34916306
v 1.61108232 0.15867776 51.9331398
v -1.22735882 1.49554098 48.05717468
v 1.21915865 1.21915865 50.64115143
v -2.00077271 0.39797843 46.76518631
v 0.1793149 1.8206147 49.34916306
v -1.0748601 1.60864174 48.05717468
v 1.33278656 1.0937897 50.64115143
v -1.95212972 0.59217209 46.76518631
v 0.3569029 1.79427195 49.34916306
v -0.91200984 1.70625043 48.05717468
v 1.43357897 0.95788682 50.64115143
v -1.88468671 0.78066278 46.76518631
v 0.53105372 1.75064945 49.34916306
v -0.74037647 1.78742695 48.05717468
v 1.52056515 0.81275904 50.64115143
v -1.79909301 0.96163529 46.76518631
v 0.70009023 1.69016731 49.34916306
v -0.5616129 1.85138965 48.05717468
v 1.59290755 0.65980393 50.64115143
v -1.69617319 1.13334668 46.76518631
v 0.86238444 1.61340785 49.34916306
v -0.37744066 1.89752233 48.05717468
v 1.64990938 0.50049454 50.64115143
v -1.57691824 1.29414332 46.76518631
v 1.0163734 1.52111042 49.34916306
v -0.18963347 1.92538095 48.05717468
v 1.69102168 0.33636513 50.64115143
v -1.44247675 1.44247675 46.76518631
v 1.1605742 1.41416383 49.34916306
v -2.13491344 0.21027061 45.47319794
v 0 1.93469703 48.05717468
v 1.71584845 0.16899632 50.64115143
v -1.29414332 1.57691824 46.76518631
v 1.29359806 1.29359806 49.34916306
v -2.10402298 0.41851619 45.47319794
v 0.18963347 1.92538095 48.05717468
v -1.13334668 1.69617319 46.76518631
v 1.41416383 1.1605742 49.34916306
v -2.0528698 0.62273127 45.47319794
v 0.37744066 1.89752233 48.05717468
v -0.96163529 1.79909301 46.76518631
v 1.52111042 1.0163734 49.34916306
v -1.98194635 0.82094908 45.47319794
v 0.5616129 1.85138965 48.05717468
v -0.78066278 1.88468671 46.76518631
v 1.61340785 0.86238444 49.34916306
v -1.89193571 1.01126063 45.47319794
v 0.74037647 1.78742695 48.05717468
v -0.59217209 1.95212972 46.76518631
v 1.69016731 0.70009023 49.34916306
v -1.78370464 1.19183326 45.47319794
v 0.91200984 1.70625043 48.05717468
v -0.39797843 2.00077271 46.76518631
v 1.75064945 0.53105372 49.34916306
v -1.65829551 1.36092794 45.47319794
v 1.0748601 1.60864174 48.05717468
v -0.19995204 2.03014708 46.76518631
v 1.79427195 0.3569029 49.34916306
v -1.51691604 1.51691604 45.47319794
v 1.22735882 1.49554098 48.05717468
v -2.23967957 0.22058918 44.18120956
v 0 2.03997016 46.76518631
v 1.8206147 0.1793149 49.34916306
v -1.36092794 1.65829551 45.47319794
v 1.36803734 1.36803734 48.05717468
v -2.20727324 0.43905398 44.18120956
v 0.19995204 2.03014708 46.76518631
v -1.19183326 1.78370464 45.47319794
v 1.49554098 1.22735882 48.05717468
v -2.15360999 0.65329045 44.18120956
v 0.39797843 2.00077271 46.76518631
v -1.01126063 1.89193571 45.47319794
v 1.60864174 1.0748601 48.05717468
v -2.07920599 0.86123532 44.18120956
v 0.59217209 1.95212972 46.76518631
v -0.82094908 1.98194635 45.47319794
v 1.70625043 0.91200984 48.05717468
v -1.98477829 1.06088614 44.18120956
v 0.78066278 1.88468671 46.76518631
v -0.62273127 2.0528698 45.47319794
v 1.78742695 0.74037647 48.05717468
v -1.87123597 1.25031996 44.18120956
v 0.96163529 1.79909301 46.76518631
v -0.41851619 2.10402298 45.47319794
v 1.85138965 0.5616129 48.05717468
v -1.73967266 1.42771244 44.18120956
v 1.13334668 1.69617319 46.76518631
v -0.21027061 2.13491344 45.47319794
v 1.89752233 0.37744066 48.05717468
v -1.59135544 1.59135544 44.18120956
v 1.29414332 1.57691824 46.76518631
v -2.34444571 0.23090775 42.88922119
v 0 2.14524317 45.47319794
v 1.92538095 0.18963347 48.05717468
v -1.42771244 1.73967266 44.18120956
v 1.44247675 1.44247675 46.76518631
v -2.31052375 0.45959175 42.88922119
v 0.21027061 2.13491344 45.47319794
v -1.25031996 1.87123597 44.18120956
v 1.57691824 1.29414332 46.76518631
v -2.25434995 0.68384963 42.88922119
v 0.41851619 2.10402298 45.47319794
v -1.06088614 1.98477829 44.18120956
v 1.69617319 1.13334668 46.76518631
v -2.17646575 0.90152162 42.88922119
v 0.62273127 2.0528698 45.47319794
v -0.86123532 2.07920599 44.18120956
v 1.79909301 0.96163529 46.76518631
v -2.07762098 1.11051154 42.88922119
v 0.82094908 1.98194635 45.47319794
v -0.65329045 2.15360999 44.18120956
v 1.88468671 0.78066278 46.76518631
v -1.95876741 1.30880654 42.88922119
v 1.01126063 1.89193571 45.47319794
v -0.43905398 2.20727324 44.18120956
v 1.95212972 0.59217209 46.76518631
v -1.82104993 1.49449706 42.88922119
v 1.19183326 1.78370464 45.47319794
v -0.22058918 2.23967957 44.18120956
v 2.00077271 0.39797843 46.76518631
v -1.66579473 1.66579473 42.88922119
v 1.36092794 1.65829551 45.47319794
v -2.44921207 0.24122633 41.597229
v 0 2.25051641 44.18120956
v 2.03014708 0.19995204 46.76518631
v -1.49449706 1.82104993 42.88922119
v 1.51691604 1.51691604 45.47319794
v -2.41377401 0.48012951 41.597229
v 0.22058918 2.23967957 44.18120956
v -1.30880654 1.95876741 42.88922119
v 1.65829551 1.36092794 45.47319794
v -2.35509014 0.71440876 41.597229
v 0.43905398 2.20727324 44.18120956
v -1.11051154 2.07762098 42.88922119
v 1.78370464 1.19183326 45.47319794
v -2.27372551 0.94180793 41.597229
v 0.65329045 2.15360999 44.18120956
v -0.90152162 2.17646575 42.88922119
v 1.89193571 1.01126063 45.47319794
v -2.17046356 1.16013694 41.597229
v 0.86123532 2.07920599 44.18120956
v -0.68384963 2.25434995 42.88922119
v 1.98194635 0.82094908 45.47319794
v -2.04629874 1.36729312 41.597229
v 1.06088614 1.98477829 44.18120956
v -0.45959175 2.31052375 42.88922119
v 2.0528698 0.62273127 45.47319794
v -1.9024272 1.56128168 41.597229
v 1.25031996 1.87123597 44.18120956
v -0.23090775 2.34444571 42.88922119
v 2.10402298 0.41851619 45.47319794
v -1.74023414 1.74023414 41.597229
v 1.42771244 1.73967266 44.18120956
v -2.5539782 0.25154489 40.30524063
v 0 2.35578942 42.88922119
v 2.13491344 0.21027061 45.47319794
v -1.56128168 1.9024272 41.597229
v 1.59135544 1.59135544 44.18120956
v -2.51702428 0.50066727 40.30524063
v 0.23090775 2.34444571 42.88922119
v -1.36729312 2.04629874 41.597229
v 1.73967266 1.42771244 44.18120956
v -2.45583034 0.74496794 40.30524063
v 0.45959175 2.31052375 42.88922119
v -1.16013694 2.17046356 41.597229
v 1.87123597 1.25031996 44.18120956
v -2.37098503 0.98209417 40.30524063
v 0.68384963 2.25434995 42.88922119
v -0.94180793 2.27372551 41.597229
v 1.98477829 1.06088614 44.18120956
v -2.26330614 1.20976233 40.30524063
v 0.90152162 2.17646575 42.88922119
v -0.71440876 2.35509014 41.597229
v 2.07920599 0.86123532 44.18120956
v -2.13383031 1.42577982 40.30524063
v 1.11051154 2.07762098 42.88922119
v -0.48012951 2.41377401 41.597229
v 2.15360999 0.65329045 44.18120956
v -1.98380435 1.62806618 40.30524063
v 1.30880654 1.95876741 42.88922119
v -0.24122633 2.44921207 41.597229
v 2.20727324 0.43905398 44.18120956
v -1.81467342 1.81467342 40.30524063
v 1.49449706 1.82104993 42.88922119
v -2.65874434 0.26186347 39.01325226
v 0 2.46106267 41.597229
v 2.23967957 0.22058918 44.18120956
v -1.62806618 1.98380435 40.30524063
v 1.66579473 1.66579473 42.88922119
v -2.62027478 0.52120507 39.01325226
v 0.24122633 2.44921207 41.597229
v -1.42577982 2.13383031 40.30524063
v 1.82104993 1.49449706 42.88922119
v -2.55657029 0.77552712 39.01325226
v 0.48012951 2.41377401 41.597229
v -1.20976233 2.26330614 40.30524063
v 1.95876741 1.30880654 42.88922119
v -2.46824479 1.02238047 39.01325226
v 0.71440876 2.35509014 41.597229
v -0.98209417 2.37098503 40.30524063
v 2.07762098 1.11051154 42.88922119
v -2.35614872 1.25938773 39.01325226
v 0.94180793 2.27372551 41.597229
v -0.74496794 2.45583034 40.30524063
v 2.17646575 0.90152162 42.88922119
v -2.22136164 1.4842664 39.01325226
v 1.16013694 2.17046356 41.597229
v -0.50066727 2.51702428 40.30524063
v 2.25434995 0.68384963 42.88922119
v -2.06518173 1.6948508 39.01325226
v 1.36729312 2.04629874 41.597229
v -0.25154489 2.5539782 40.30524063
v 2.31052375 0.45959175 42.88922119
v -1.88911283 1.88911283 39.01325226
v 1.56128168 1.9024272 41.597229
v -2.7635107 0.27218205 37.72126389
v 0 2.56633592 40.30524063
v 2.34444571 0.23090775 42.88922119
v -1.6948508 2.06518173 39.01325226
v 1.74023414 1.74023414 41.597229
v -2.72352505 0.5417428 37.72126389
v 0.25154489 2.5539782 40.30524063
v -1.4842664 2.22136164 39.01325226
v 1.9024272 1.56128168 41.597229
v -2.65731049 0.8060863 37.72126389
v 0.50066727 2.51702428 40.30524063
v -1.25938773 2.35614872 39.01325226
v 2.04629874 1.36729312 41.597229
v -2.56550455 1.06266677 37.72126389
v 0.74496794 2.45583034 40.30524063
v -1.02238047 2.46824479 39.01325226
v 2.17046356 1.16013694 41.597229
v -2.4489913 1.30901313 37.72126389
v 0.98209417 2.37098503 40.30524063
v -0.77552712 2.55657029 39.01325226
v 2.27372551 0.94180793 41.597229
v -2.30889297 1.54275298 37.72126389
v 1.20976233 2.26330614 40.30524063
v -0.52120507 2.62027478 39.01325226
v 2.35509014 0.71440876 41.597229
v -2.14655876 1.7616353 37.72126389
v 1.42577982 2.13383031 40.30524063
v -0.26186347 2.65874434 39.01325226
v 2.41377401 0.48012951 41.597229
v -1.96355212 1.96355212 37.72126389
v 1.62806618 1.98380435 40.30524063
v -2.86827683 0.28250062 36.42927551
v 0 2.67160892 39.01325226
v 2.44921207 0.24122633 41.597229
v -1.7616353 2.14655876 37.72126389
v 1.81467342 1.81467342 40.30524063
v -2.82677531 0.5622806 36.42927551
v 0.26186347 2.65874434 39.01325226
v -1.54275298 2.30889297 37.72126389
v 1.98380435 1.62806618 40.30524063
v -2.75805068 0.83664548 36.42927551
v 0.52120507 2.62027478 39.01325226
v -1.30901313 2.4489913 37.72126389
v 2.13383031 1.42577982 40.30524063
v -2.66276431 1.10295308 36.42927551
v 0.77552712 2.55657029 39.01325226
v -1.06266677 2.56550455 37.72126389
v 2.26330614 1.20976233 40.30524063
v -2.54183388 1.35863853 36.42927551
v 1.02238047 2.46824479 39.01325226
v -0.8060863 2.65731049 37.72126389
v 2.37098503 0.98209417 40.30524063
v -2.39642453 1.60123968 36.42927551
v 1.25938773 2.35614872 39.01325226
v -0.5417428 2.72352505 37.72126389
v 2.45583034 0.74496794 40.30524063
v -2.22793603 1.82841992 36.42927551
v 1.4842664 2.22136164 39.01325226
v -0.27218205 2.7635107 37.72126389
v 2.51702428 0.50066727 40.30524063
v -2.03799152 2.03799152 36.42927551
v 1.6948508 2.06518173 39.01325226
v -2.97304296 0.29281917 35.13728714
v 0 2.77688217 37.72126389
v 2.5539782 0.25154489 40.30524063
v -1.82841992 2.22793603 36.42927551
v 1.88911283 1.88911283 39.01325226
v -2.93002582 0.58281833 35.13728714
v 0.27218205 2.7635107 37.72126389
v -1.60123968 2.39642453 36.42927551
v 2.06518173 1.6948508 39.01325226
v -2.85879064 0.86720467 35.13728714
v 0.5417428 2.72352505 37.72126389
v -1.35863853 2.54183388 36.42927551
v 2.22136164 1.4842664 39.01325226
v -2.76002383 1.14323938 35.13728714
v 0.8060863 2.65731049 37.72126389
v -1.10295308 2.66276431 36.42927551
v 2.35614872 1.25938773 39.01325226
v -2.63467669 1.40826392 35.13728714
v 1.06266677 2.56550455 37.72126389
v -0.83664548 2.75805068 36.42927551
v 2.46824479 1.02238047 39.01325226
v -2.48395586 1.65972626 35.13728714
v 1.30901313 2.4489913 37.72126389
v -0.5622806 2.82677531 36.42927551
v 2.55657029 0.77552712 39.01325226
v -2.3093133 1.89520442 35.13728714
v 1.54275298 2.30889297 37.72126389
v -0.28250062 2.86827683 36.42927551
v 2.62027478 0.52120507 39.01325226
v -2.11243081 2.11243081 35.13728714
v 1.7616353 2.14655876 37.72126389
v -3.07780933 0.30313775 33.84529877
v 0 2.88215518 36.42927551
v 2.65874434 0.26186347 39.01325226
v -1.89520442 2.3093133 35.13728714
v 1.96355212 1.96355212 37.72126389
v -3.03327608 0.60335612 33.84529877
v 0.28250062 2.86827683 36.42927551
v -1.65972626 2.48395586 35.13728714
v 2.14655876 1.7616353 37.72126389
v -2.95953083 0.89776385 33.84529877
v 0.5622806 2.82677531 36.42927551
v -1.40826392 2.63467669 35.13728714
v 2.30889297 1.54275298 37.72126389
v -2.85728359 1.18352556 33.84529877
v 0.83664548 2.75805068 36.42927551
v -1.14323938 2.76002383 35.13728714
v 2.4489913 1.30901313 37.72126389
v -2.72751927 1.45788944 33.84529877
v 1.10295308 2.66276431 36.42927551
v -0.86720467 2.85879064 35.13728714
v 2.56550455 1.06266677 37.72126389
v -2.57148719 1.71821284 33.84529877
v 1.35863853 2.54183388 36.42927551
v -0.58281833 2.93002582 35.13728714
v 2.65731049 0.8060863 37.72126389
v -2.39069057 1.96198905 33.84529877
v 1.60123968 2.39642453 36.42927551
v -0.29281917 2.97304296 35.13728714
v 2.72352505 0.5417428 37.72126389
v -2.1868701 2.1868701 33.84529877
v 1.82841992 2.22793603 36.42927551
v 0 2.98742843 35.13728714
v 2.7635107 0.27218205 37.72126389
v -1.96198905 2.39069057 33.84529877
v 2.03799152 2.03799152 36.42927551
v 0.29281917 2.97304296 35.13728714
v -1.71821284 2.57148719 33.84529877
v 2.22793603 1.82841992 36.42927551
v 0.58281833 2.93002582 35.13728714
v -1.45788944 2.72751927 33.84529877
v 2.39642453 1.60123968 36.42927551
v 0.86720467 2.85879064 35.13728714
v -1.18352556 2.85728359 33.84529877
v 2.54183388 1.35863853 36.42927551
v 1.14323938 2.76002383 35.13728714
v -0.89776385 2.95953083 33.84529877
v 2.66276431 1.10295308 36.42927551
v 1.40826392 2.63467669 35.13728714
v -0.60335612 3.03327608 33.84529877
v 2.75805068 0.83664548 36.42927551
v 1.65972626 2.48395586 35.13728714
v -0.30313775 3.07780933 33.84529877
v 2.82677531 0.5622806 36.42927551
v 1.89520442 2.3093133 35.13728714
v 0 3.09270144 33.84529877
v 2.86827683 0.28250062 36.42927551
v 2.11243081 2.11243081 35.13728714
v 0.30313775 3.07780933 33.84529877
v 2.3093133 1.89520442 35.13728714
v 0.60335612 3.03327608 33.84529877
v 2.48395586 1.65972626 35.13728714
v 0.89776385 2.95953083 33.84529877
v 2.63467669 1.40826392 35.13728714
v 1.18352556 2.85728359 33.84529877
v 2.76002383 1.14323938 35.13728714
v 1.45788944 2.72751927 33.84529877
v 2.85879064 0.86720467 35.13728714
v 1.71821284 2.57148719 33.84529877
v 2.93002582 0.58281833 35.13728714
v 1.96198905 2.39069057 33.84529877
v 2.97304296 0.29281917 35.13728714
v 2.1868701 2.1868701 33.84529877
v 2.39069057 1.96198905 33.84529877
v 2.57148719 1.71821284 33.84529877
v 2.72751927 1.45788944 33.84529877
v 2.85728359 1.18352556 33.84529877
v 2.95953083 0.89776385 33.84529877
v 3.03327608 0.60335612 33.84529877
v 3.07780933 0.30313775 33.84529877
v 0.39100987 -0.36280414 67.43699646
v 0.37243953 -0.38184339 67.43699646
v 0.35294321 -0.39993331 67.43699646
v 0.40860811 -0.3428629 67.43699646
v 0.33256945 -0.4170289 67.43699646
v 0.42519048 -0.32206929 67.43699646
v 0.31136888 -0.43308774 67.43699646
v 0.44071576 -0.30047491 67.43699646
v 0.28939417 -0.44806984 67.43699646
v 0.45514536 -0.27813354 67.43699646
v 0.2667 -0.46193796 67.43699646
v 0.46844339 -0.25510067 67.43699646
v 0.24334276 -0.47465762 67.43699646
v 0.48057678 -0.23143359 67.43699646
v 0.21938054 -0.48619723 67.43699646
v 0.4915154 -0.20719112 67.43699646
v 0.1948729 -0.49652806 67.43699646
v 0.50123203 -0.18243355 67.43699646
v 0.16988078 -0.50562447 67.43699646
v 0.50970256 -0.15722241 67.43699646
v 0.14446631 -0.5134638 67.43699646
v 0.51690584 -0.13162039 67.43699646
v 0.11869267 -0.52002656 67.43699646
v 0.52282399 -0.10569115 67.43699646
v 0.09262394 -0.52529645 67.43699646
v 0.52744234 -0.07949915 67.43699646
v 0.06632493 -0.5292604 67.43699646
v 0.53074944 -0.05310949 67.43699646
v 0.03986103 -0.53190851 67.43699646
v 0.53273696 -0.0265878 67.43699646
v 0.01329803 -0.53323424 67.43699646
v -0.01329803 -0.53323424 67.43699646
v -0.03986103 -0.53190851 67.43699646
v -0.06632493 -0.5292604 67.43699646
v -0.09262394 -0.52529645 67.43699646
v -0.11869267 -0.52002656 67.43699646
v -0.14446631 -0.5134638 67.43699646
v -0.16988078 -0.50562447 67.43699646
v -0.1948729 -0.49652806 67.43699646
v -0.21938054 -0.48619723 67.43699646
v -0.24334276 -0.47465762 67.43699646
v -0.2667 -0.46193796 67.43699646
v -0.28939417 -0.44806984 67.43699646
v -0.31136888 -0.43308774 67.43699646
v -0.33256945 -0.4170289 67.43699646
v -0.35294321 -0.39993331 67.43699646
v -0.37243953 -0.38184339 67.43699646
v -0.39100987 -0.36280414 67.43699646
v -0.40860811 -0.3428629 67.43699646
v -0.42519048 -0.32206929 67.43699646
v -0.44071576 -0.30047491 67.43699646
v -0.45514536 -0.27813354 67.43699646
v -0.46844339 -0.25510067 67.43699646
v -0.48057678 -0.23143359 67.43699646
v -0.4915154 -0.20719112 67.43699646
v -0.50123203 -0.18243355 67.43699646
v -0.50970256 -0.15722241 67.43699646
v -0.51690584 -0.13162039 67.43699646
v -0.52282399 -0.10569115 67.43699646
v -0.52744234 -0.07949915 67.43699646
v -0.53074944 -0.05310949 67.43699646
v -0.53273696 -0.0265878 67.43699646
v 0.6377756 -0.06281541 66.11815643
v 0.62854755 -0.12502588 66.11815643
v 0.61326623 -0.18603228 66.11815643
v 0.59207886 -0.2452471 66.11815643
v 0.56518942 -0.30210003 66.11815643
v 0.53285688 -0.35604361 66.11815643
v 0.49539268 -0.40655825 66.11815643
v 0.74471968 -0.07334848 64.79930878
v 0.45315754 -0.45315754 66.11815643
v 0.73394424 -0.1459906 64.79930878
v 0.40655825 -0.49539268 66.11815643
v 0.71610051 -0.21722673 64.79930878
v 0.35604361 -0.53285688 66.11815643
v 0.69136035 -0.28637084 64.79930878
v 0.30210003 -0.56518942 66.11815643
v 0.65996206 -0.35275707 64.79930878
v 0.2452471 -0.59207886 66.11815643
v 0.62220788 -0.41574603 64.79930878
v 0.18603228 -0.61326623 66.11815643
v 0.57846159 -0.47473115 64.79930878
v 0.12502588 -0.62854755 66.11815643
v 0.85166377 -0.08388156 63.48046112
v 0.52914435 -0.52914435 64.79930878
v 0.06281541 -0.6377756 66.11815643
v 0.83934093 -0.16695529 63.48046112
v 0.47473115 -0.57846159 64.79930878
v 0 -0.64086151 66.11815643
v 0.8189348 -0.24842116 63.48046112
v 0.41574603 -0.62220788 64.79930878
v -0.06281541 -0.6377756 66.11815643
v 0.7906419 -0.32749459 63.48046112
v 0.35275707 -0.65996206 64.79930878
v -0.12502588 -0.62854755 66.11815643
v 0.75473464 -0.40341407 63.48046112
v 0.28637084 -0.69136035 64.79930878
v -0.18603228 -0.61326623 66.11815643
v 0.71155888 -0.47544846 63.48046112
v 0.21722673 -0.71610051 64.79930878
v -0.2452471 -0.59207886 66.11815643
v 0.66153044 -0.54290402 63.48046112
v 0.1459906 -0.73394424 64.79930878
v -0.30210003 -0.56518942 66.11815643
v 0.95860785 -0.09441464 62.16161728
v 0.60513109 -0.60513109 63.48046112
v 0.07334848 -0.74471968 64.79930878
v -0.35604361 -0.53285688 66.11815643
v 0.94473767 -0.18792 62.16161728
v 0.54290402 -0.66153044 63.48046112
v 0 -0.74832308 64.79930878
v -0.40655825 -0.49539268 66.11815643
v 0.92176908 -0.27961561 62.16161728
v 0.47544846 -0.71155888 63.48046112
v -0.07334848 -0.74471968 64.79930878
v -0.45315754 -0.45315754 66.11815643
v 0.88992339 -0.36861834 62.16161728
v 0.40341407 -0.75473464 63.48046112
v -0.1459906 -0.73394424 64.79930878
v -0.49539268 -0.40655825 66.11815643
v 0.84950727 -0.4540711 62.16161728
v 0.32749459 -0.7906419 63.48046112
v -0.21722673 -0.71610051 64.79930878
v -0.53285688 -0.35604361 66.11815643
v 0.80090988 -0.53515089 62.16161728
v 0.24842116 -0.8189348 63.48046112
v -0.28637084 -0.69136035 64.79930878
v -0.56518942 -0.30210003 66.11815643
v 0.74459934 -0.61107689 62.16161728
v 0.16695529 -0.83934093 63.48046112
v -0.35275707 -0.65996206 64.79930878
v -0.59207886 -0.2452471 66.11815643
v 1.065552 -0.10494771 60.84276962
v 0.68111789 -0.68111789 62.16161728
v 0.08388156 -0.85166377 63.48046112
v -0.41574603 -0.62220788 64.79930878
v -0.61326623 -0.18603228 66.11815643
v 1.0501343 -0.2088847 60.84276962
v 0.61107689 -0.74459934 62.16161728
v 0 -0.8557846 63.48046112
v -0.47473115 -0.57846159 64.79930878
v -0.62854755 -0.12502588 66.11815643
v 1.02460337 -0.31081003 60.84276962
v 0.53515089 -0.80090988 62.16161728
v -0.08388156 -0.85166377 63.48046112
v -0.52914435 -0.52914435 64.79930878
v -0.6377756 -0.06281541 66.11815643
v 0.98920494 -0.40974209 60.84276962
v 0.4540711 -0.84950727 62.16161728
v -0.16695529 -0.83934093 63.48046112
v -0.57846159 -0.47473115 64.79930878
v 0.94427991 -0.50472814 60.84276962
v 0.36861834 -0.88992339 62.16161728
v -0.24842116 -0.8189348 63.48046112
v -0.62220788 -0.41574603 64.79930878
v 0.89026093 -0.59485334 60.84276962
v 0.27961561 -0.92176908 62.16161728
v -0.32749459 -0.7906419 63.48046112
v -0.65996206 -0.35275707 64.79930878
v 0.82766825 -0.67924976 60.84276962
v 0.18792 -0.94473767 62.16161728
v -0.40341407 -0.75473464 63.48046112
v -0.69136035 -0.28637084 64.79930878
v 1.17249608 -0.11548078 59.52392197
v 0.75710469 -0.75710469 60.84276962
v 0.09441464 -0.95860785 62.16161728
v -0.47544846 -0.71155888 63.48046112
v -0.71610051 -0.21722673 64.79930878
v 1.15553105 -0.22984941 59.52392197
v 0.67924976 -0.82766825 60.84276962
v 0 -0.96324617 62.16161728
v -0.54290402 -0.66153044 63.48046112
v -0.73394424 -0.1459906 64.79930878
v 1.12743771 -0.34200448 59.52392197
v 0.59485334 -0.89026093 60.84276962
v -0.09441464 -0.95860785 62.16161728
v -0.60513109 -0.60513109 63.48046112
v -0.74471968 -0.07334848 64.79930878
v 1.08848643 -0.45086583 59.52392197
v 0.50472814 -0.94427991 60.84276962
v -0.18792 -0.94473767 62.16161728
v -0.66153044 -0.54290402 63.48046112
v 1.03905249 -0.55538511 59.52392197
v 0.40974209 -0.98920494 60.84276962
v -0.27961561 -0.92176908 62.16161728
v -0.71155888 -0.47544846 63.48046112
v 0.97961193 -0.65455574 59.52392197
v 0.31081003 -1.02460337 60.84276962
v -0.36861834 -0.88992339 62.16161728
v -0.75473464 -0.40341407 63.48046112
v 0.91073716 -0.74742264 59.52392197
v 0.2088847 -1.0501343 60.84276962
v -0.4540711 -0.84950727 62.16161728
v -0.7906419 -0.32749459 63.48046112
v 1.27944016 -0.12601385 58.20507812
v 0.83309144 -0.83309144 59.52392197
v 0.10494771 -1.065552 60.84276962
v -0.53515089 -0.80090988 62.16161728
v -0.8189348 -0.24842116 63.48046112
v 1.26092768 -0.25081411 58.20507812
v 0.74742264 -0.91073716 59.52392197
v 0 -1.07070768 60.84276962
v -0.61107689 -0.74459934 62.16161728
v -0.83934093 -0.16695529 63.48046112
v 1.23027194 -0.37319893 58.20507812
v 0.65455574 -0.97961193 59.52392197
v -0.10494771 -1.065552 60.84276962
v -0.68111789 -0.68111789 62.16161728
v -0.85166377 -0.08388156 63.48046112
v 1.18776798 -0.49198958 58.20507812
v 0.55538511 -1.03905249 59.52392197
v -0.2088847 -1.0501343 60.84276962
v -0.74459934 -0.61107689 62.16161728
v 1.13382506 -0.60604215 58.20507812
v 0.45086583 -1.08848643 59.52392197
v -0.31081003 -1.02460337 60.84276962
v -0.80090988 -0.53515089 62.16161728
v 1.06896293 -0.71425819 58.20507812
v 0.34200448 -1.12743771 59.52392197
v -0.40974209 -0.98920494 60.84276962
v -0.84950727 -0.4540711 62.16161728
v 0.993806 -0.81559551 58.20507812
v 0.22984941 -1.15553105 59.52392197
v -0.50472814 -0.94427991 60.84276962
v -0.88992339 -0.36861834 62.16161728
v 1.38638413 -0.13654692 56.88623047
v 0.90907824 -0.90907824 58.20507812
v 0.11548078 -1.17249608 59.52392197
v -0.59485334 -0.89026093 60.84276962
v -0.92176908 -0.27961561 62.16161728
v 1.36632442 -0.27177882 56.88623047
v 0.81559551 -0.993806 58.20507812
v 0 -1.17816925 59.52392197
v -0.67924976 -0.82766825 60.84276962
v -0.94473767 -0.18792 62.16161728
v 1.33310628 -0.40439335 56.88623047
v 0.71425819 -1.06896293 58.20507812
v -0.11548078 -1.17249608 59.52392197
v -0.75710469 -0.75710469 60.84276962
v -0.95860785 -0.09441464 62.16161728
v 1.28704941 -0.53311336 56.88623047
v 0.60604215 -1.13382506 58.20507812
v -0.22984941 -1.15553105 59.52392197
v -0.82766825 -0.67924976 60.84276962
v 1.22859776 -0.65669918 56.88623047
v 0.49198958 -1.18776798 58.20507812
v -0.34200448 -1.12743771 59.52392197
v -0.89026093 -0.59485334 60.84276962
v 1.15831387 -0.77396059 56.88623047
v 0.37319893 -1.23027194 58.20507812
v -0.45086583 -1.08848643 59.52392197
v -0.94427991 -0.50472814 60.84276962
v 1.07687497 -0.88376838 56.88623047
v 0.25081411 -1.26092768 58.20507812
v -0.55538511 -1.03905249 59.52392197
v -0.98920494 -0.40974209 60.84276962
v 1.49332821 -0.14708 55.56738281
v 0.98506504 -0.98506504 56.88623047
v 0.12601385 -1.27944016 58.20507812
v -0.65455574 -0.97961193 59.52392197
v -1.02460337 -0.31081003 60.84276962
v 1.47172117 -0.29274353 55.56738281
v 0.88376838 -1.07687497 56.88623047
v 0 -1.28563082 58.20507812
v -0.74742264 -0.91073716 59.52392197
v -1.0501343 -0.2088847 60.84276962
v 1.4359405 -0.43558779 55.56738281
v 0.77396059 -1.15831387 56.88623047
v -0.12601385 -1.27944016 58.20507812
v -0.83309144 -0.83309144 59.52392197
v -1.065552 -0.10494771 60.84276962
v 1.38633096 -0.57423711 55.56738281
v 0.65669918 -1.22859776 56.88623047
v -0.25081411 -1.26092768 58.20507812
v -0.91073716 -0.74742264 59.52392197
v 1.32337034 -0.70735621 55.56738281
v 0.53311336 -1.28704941 56.88623047
v -0.37319893 -1.23027194 58.20507812
v -0.97961193 -0.65455574 59.52392197
v 1.24766493 -0.83366305 55.56738281
v 0.40439335 -1.33310628 56.88623047
v -0.49198958 -1.18776798 58.20507812
v -1.03905249 -0.55538511 59.52392197
v 1.15994382 -0.95194131 55.56738281
v 0.27177882 -1.36632442 56.88623047
v -0.60604215 -1.13382506 58.20507812
v -1.08848643 -0.45086583 59.52392197
v 1.6002723 -0.15761307 54.24853897
v 1.06105185 -1.06105185 55.56738281
v 0.13654692 -1.38638413 56.88623047
v -0.71425819 -1.06896293 58.20507812
v -1.12743771 -0.34200448 59.52392197
v 1.5771178 -0.31370825 54.24853897
v 0.95194131 -1.15994382 55.56738281
v 0 -1.39309227 56.88623047
v -0.81559551 -0.993806 58.20507812
v -1.15553105 -0.22984941 59.52392197
v 1.53877473 -0.46678221 54.24853897
v 0.83366305 -1.24766493 55.56738281
v -0.13654692 -1.38638413 56.88623047
v -0.90907824 -0.90907824 58.20507812
v -1.17249608 -0.11548078 59.52392197
v 1.48561251 -0.61536086 54.24853897
v 0.70735621 -1.32337034 55.56738281
v -0.27177882 -1.36632442 56.88623047
v -0.993806 -0.81559551 58.20507812
v 1.41814291 -0.75801319 54.24853897
v 0.57423711 -1.38633096 55.56738281
v -0.40439335 -1.33310628 56.88623047
v -1.06896293 -0.71425819 58.20507812
v 1.33701599 -0.8933655 54.24853897
v 0.43558779 -1.4359405 55.56738281
v -0.53311336 -1.28704941 56.88623047
v -1.13382506 -0.60604215 58.20507812
v 1.24301267 -1.02011418 54.24853897
v 0.29274353 -1.47172117 55.56738281
v -0.65669918 -1.22859776 56.88623047
v -1.18776798 -0.49198958 58.20507812
v 1.70721638 -0.16814615 52.92969131
v 1.13703859 -1.13703859 54.24853897
v 0.14708 -1.49332821 55.56738281
v -0.77396059 -1.15831387 56.88623047
v -1.23027194 -0.37319893 58.20507812
v 1.68251455 -0.33467296 52.92969131
v 1.02011418 -1.24301267 54.24853897
v 0 -1.50055385 55.56738281
v -0.88376838 -1.07687497 56.88623047
v -1.26092768 -0.25081411 58.20507812
v 1.64160907 -0.49797666 52.92969131
v 0.8933655 -1.33701599 54.24853897
v -0.14708 -1.49332821 55.56738281
v -0.98506504 -0.98506504 56.88623047
v -1.27944016 -0.12601385 58.20507812
v 1.58489406 -0.6564846 52.92969131
v 0.75801319 -1.41814291 54.24853897
v -0.29274353 -1.47172117 55.56738281
v -1.07687497 -0.88376838 56.88623047
v 1.51291561 -0.80867022 52.92969131
v 0.61536086 -1.48561251 54.24853897
v -0.43558779 -1.4359405 55.56738281
v -1.15831387 -0.77396059 56.88623047
v 1.42636693 -0.9530679 52.92969131
v 0.46678221 -1.53877473 54.24853897
v -0.57423711 -1.38633096 55.56738281
v -1.22859776 -0.65669918 56.88623047
v 1.32608163 -1.088287 52.92969131
v 0.31370825 -1.5771178 54.24853897
v -0.70735621 -1.32337034 55.56738281
v -1.28704941 -0.53311336 56.88623047
v 1.81416047 -0.17867921 51.61084747
v 1.21302533 -1.21302533 52.92969131
v 0.15761307 -1.6002723 54.24853897
v -0.83366305 -1.24766493 55.56738281
v -1.33310628 -0.40439335 56.88623047
v 1.78791118 -0.35563764 51.61084747
v 1.088287 -1.32608163 52.92969131
v 0 -1.60801542 54.24853897
v -0.95194131 -1.15994382 55.56738281
v -1.36632442 -0.27177882 56.88623047
v 1.7444433 -0.52917111 51.61084747
v 0.9530679 -1.42636693 52.92969131
v -0.15761307 -1.6002723 54.24853897
v -1.06105185 -1.06105185 55.56738281
v -1.38638413 -0.13654692 56.88623047
v 1.68417549 -0.69760835 51.61084747
v 0.80867022 -1.51291561 52.92969131
v -0.31370825 -1.5771178 54.24853897
v -1.15994382 -0.95194131 55.56738281
v 1.60768819 -0.85932726 51.61084747
v 0.6564846 -1.58489406 52.92969131
v -0.46678221 -1.53877473 54.24853897
v -1.24766493 -0.83366305 55.56738281
v 1.51571798 -1.0127703 51.61084747
v 0.49797666 -1.64160907 52.92969131
v -0.61536086 -1.48561251 54.24853897
v -1.32337034 -0.70735621 55.56738281
v 1.40915048 -1.15645993 51.61084747
v 0.33467296 -1.68251455 52.92969131
v -0.75801319 -1.41814291 54.24853897
v -1.38633096 -0.57423711 55.56738281
v 1.92110455 -0.18921229 50.29199982
v 1.28901219 -1.28901219 51.61084747
v 0.16814615 -1.70721638 52.92969131
v -0.8933655 -1.33701599 54.24853897
v -1.4359405 -0.43558779 55.56738281
v 1.89330792 -0.37660235 50.29199982
v 1.15645993 -1.40915048 51.61084747
v 0 -1.71547687 52.92969131
v -1.02011418 -1.24301267 54.24853897
v -1.47172117 -0.29274353 55.56738281
v 1.84727764 -0.56036556 50.29199982
v 1.0127703 -1.51571798 51.61084747
v -0.16814615 -1.70721638 52.92969131
v -1.13703859 -1.13703859 54.24853897
v -1.49332821 -0.14708 55.56738281
v 1.78345704 -0.7387321 50.29199982
v 0.85932726 -1.60768819 51.61084747
v -0.33467296 -1.68251455 52.92969131
v -1.24301267 -1.02011418 54.24853897
v 1.70246077 -0.90998423 50.29199982
v 0.69760835 -1.68417549 51.61084747
v -0.49797666 -1.64160907 52.92969131
v -1.33701599 -0.8933655 54.24853897
v 1.60506892 -1.07247281 50.29199982
v 0.52917111 -1.7444433 51.61084747
v -0.6564846 -1.58489406 52.92969131
v -1.41814291 -0.75801319 54.24853897
v 1.49221933 -1.22463274 50.29199982
v 0.35563764 -1.78791118 51.61084747
v -0.80867022 -1.51291561 52.92969131
v -1.48561251 -0.61536086 54.24853897
v 2.02804875 -0.19974536 48.97315216
v 1.36499894 -1.36499894 50.29199982
v 0.17867921 -1.81416047 51.61084747
v -0.9530679 -1.42636693 52.92969131
v -1.53877473 -0.46678221 54.24853897
v 1.99870455 -0.39756706 48.97315216
v 1.22463274 -1.49221933 50.29199982
v 0 -1.82293844 51.61084747
v -1.088287 -1.32608163 52.92969131
v -1.5771178 -0.31370825 54.24853897
v 1.95011187 -0.59156001 48.97315216
v 1.07247281 -1.60506892 50.29199982
v -0.17867921 -1.81416047 51.61084747
v -1.21302533 -1.21302533 52.92969131
v -1.6002723 -0.15761307 54.24853897
v 1.88273859 -0.77985585 48.97315216
v 0.90998423 -1.70246077 50.29199982
v -0.35563764 -1.78791118 51.61084747
v -1.32608163 -1.088287 52.92969131
v 1.79723346 -0.96064126 48.97315216
v 0.7387321 -1.78345704 50.29199982
v -0.52917111 -1.7444433 51.61084747
v -1.42636693 -0.9530679 52.92969131
v 1.69441998 -1.13217521 48.97315216
v 0.56036556 -1.84727764 50.29199982
v -0.69760835 -1.68417549 51.61084747
v -1.51291561 -0.80867022 52.92969131
v 1.5752883 -1.29280567 48.97315216
v 0.37660235 -1.89330792 50.29199982
v -0.85932726 -1.60768819 51.61084747
v -1.58489406 -0.6564846 52.92969131
v 2.13499284 -0.21027844 47.65430832
v 1.44098568 -1.44098568 48.97315216
v 0.18921229 -1.92110455 50.29199982
v -1.0127703 -1.51571798 51.61084747
v -1.64160907 -0.49797666 52.92969131
v 2.10410118 -0.41853178 47.65430832
v 1.29280567 -1.5752883 48.97315216
v 0 -1.93040001 50.29199982
v -1.15645993 -1.40915048 51.61084747
v -1.68251455 -0.33467296 52.92969131
v 2.05294609 -0.6227544 47.65430832
v 1.13217521 -1.69441998 48.97315216
v -0.18921229 -1.92110455 50.29199982
v -1.28901219 -1.28901219 51.61084747
v -1.70721638 -0.16814615 52.92969131
v 1.98202014 -0.8209796 47.65430832
v 0.96064126 -1.79723346 48.97315216
v -0.37660235 -1.89330792 50.29199982
v -1.40915048 -1.15645993 51.61084747
v 1.89200604 -1.0112983 47.65430832
v 0.77985585 -1.88273859 48.97315216
v -0.56036556 -1.84727764 50.29199982
v -1.51571798 -1.0127703 51.61084747
v 1.78377092 -1.1918776 47.65430832
v 0.59156001 -1.95011187 48.97315216
v -0.7387321 -1.78345704 50.29199982
v -1.60768819 -0.85932726 51.61084747
v 1.65835714 -1.3609786 47.65430832
v 0.39756706 -1.99870455 48.97315216
v -0.90998423 -1.70246077 50.29199982
v -1.68417549 -0.69760835 51.61084747
v 2.24193692 -0.2208115 46.33546066
v 1.51697254 -1.51697254 47.65430832
v 0.19974536 -2.02804875 48.97315216
v -1.07247281 -1.60506892 50.29199982
v -1.7444433 -0.52917111 51.61084747
v 2.20949793 -0.43949649 46.33546066
v 1.3609786 -1.65835714 47.65430832
v 0 -2.03786159 48.97315216
v -1.22463274 -1.49221933 50.29199982
v -1.78791118 -0.35563764 51.61084747
v 2.15578055 -0.65394884 46.33546066
v 1.1918776 -1.78377092 47.65430832
v -0.19974536 -2.02804875 48.97315216
v -1.36499894 -1.36499894 50.29199982
v -1.81416047 -0.17867921 51.61084747
v 2.08130169 -0.86210334 46.33546066
v 1.0112983 -1.89200604 47.65430832
v -0.39756706 -1.99870455 48.97315216
v -1.49221933 -1.22463274 50.29199982
v 1.98677862 -1.06195533 46.33546066
v 0.8209796 -1.98202014 47.65430832
v -0.59156001 -1.95011187 48.97315216
v -1.60506892 -1.07247281 50.29199982
v 1.87312198 -1.25158012 46.33546066
v 0.6227544 -2.05294609 47.65430832
v -0.77985585 -1.88273859 48.97315216
v -1.70246077 -0.90998423 50.29199982
v 1.74142611 -1.42915142 46.33546066
v 0.41853178 -2.10410118 47.65430832
v -0.96064126 -1.79723346 48.97315216
v -1.78345704 -0.7387321 50.29199982
v 2.34888101 -0.23134458 45.01661682
v 1.59295928 -1.59295928 46.33546066
v 0.21027844 -2.13499284 47.65430832
v -1.13217521 -1.69441998 48.97315216
v -1.84727764 -0.56036556 50.29199982
v 2.31489468 -0.46046117 45.01661682
v 1.42915142 -1.74142611 46.33546066
v 0 -2.14532304 47.65430832
v -1.29280567 -1.5752883 48.97315216
v -1.89330792 -0.37660235 50.29199982
v 2.25861478 -0.68514329 45.01661682
v 1.25158012 -1.87312198 46.33546066
v -0.21027844 -2.13499284 47.65430832
v -1.44098568 -1.44098568 48.97315216
v -1.92110455 -0.18921229 50.29199982
v 2.180583 -0.90322709 45.01661682
v 1.06195533 -1.98677862 46.33546066
v -0.41853178 -2.10410118 47.65430832
v -1.5752883 -1.29280567 48.97315216
v 2.08155131 -1.11261237 45.01661682
v 0.86210334 -2.08130169 46.33546066
v -0.6227544 -2.05294609 47.65430832
v -1.69441998 -1.13217521 48.97315216
v 1.96247292 -1.31128252 45.01661682
v 0.65394884 -2.15578055 46.33546066
v -0.8209796 -1.98202014 47.65430832
v -1.79723346 -0.96064126 48.97315216
v 1.82449496 -1.49732435 45.01661682
v 0.43949649 -2.20949793 46.33546066
v -1.0112983 -1.89200604 47.65430832
v -1.88273859 -0.77985585 48.97315216
v 2.45582509 -0.24187765 43.69776917
v 1.66894603 -1.66894603 45.01661682
v 0.2208115 -2.24193692 46.33546066
v -1.1918776 -1.78377092 47.65430832
v -1.95011187 -0.59156001 48.97315216
v 2.42029142 -0.48142588 43.69776917
v 1.49732435 -1.82449496 45.01661682
v 0 -2.25278473 46.33546066
v -1.3609786 -1.65835714 47.65430832
v -1.99870455 -0.39756706 48.97315216
v 2.361449 -0.71633774 43.69776917
v 1.31128252 -1.96247292 45.01661682
v -0.2208115 -2.24193692 46.33546066
v -1.51697254 -1.51697254 47.65430832
v -2.02804875 -0.19974536 48.97315216
v 2.27986455 -0.94435084 43.69776917
v 1.11261237 -2.08155131 45.01661682
v -0.43949649 -2.20949793 46.33546066
v -1.65835714 -1.3609786 47.65430832
v 2.17632389 -1.1632694 43.69776917
v 0.90322709 -2.180583 45.01661682
v -0.65394884 -2.15578055 46.33546066
v -1.78377092 -1.1918776 47.65430832
v 2.05182385 -1.37098491 43.69776917
v 0.68514329 -2.25861478 45.01661682
v -0.86210334 -2.08130169 46.33546066
v -1.89200604 -1.0112983 47.65430832
v 1.90756381 -1.56549716 43.69776917
v 0.46046117 -2.31489468 45.01661682
v -1.06195533 -1.98677862 46.33546066
v -1.98202014 -0.8209796 47.65430832
v 2.56276917 -0.25241071 42.37892151
v 1.74493289 -1.74493289 43.69776917
v 0.23134458 -2.34888101 45.01661682
v -1.25158012 -1.87312198 46.33546066
v -2.05294609 -0.6227544 47.65430832
v 2.52568817 -0.50239062 42.37892151
v 1.56549716 -1.90756381 43.69776917
v 0 -2.36024618 45.01661682
v -1.42915142 -1.74142611 46.33546066
v -2.10410118 -0.41853178 47.65430832
v 2.46428323 -0.74753219 42.37892151
v 1.37098491 -2.05182385 43.69776917
v -0.23134458 -2.34888101 45.01661682
v -1.59295928 -1.59295928 46.33546066
v -2.13499284 -0.21027844 47.65430832
v 2.3791461 -0.98547459 42.37892151
v 1.1632694 -2.17632389 43.69776917
v -0.46046117 -2.31489468 45.01661682
v -1.74142611 -1.42915142 46.33546066
v 2.27109647 -1.21392632 42.37892151
v 0.94435084 -2.27986455 43.69776917
v -0.68514329 -2.25861478 45.01661682
v -1.87312198 -1.25158012 46.33546066
v 2.14117503 -1.43068743 42.37892151
v 0.71633774 -2.361449 43.69776917
v -0.90322709 -2.180583 45.01661682
v -1.98677862 -1.06195533 46.33546066
v 1.99063277 -1.63367009 42.37892151
v 0.48142588 -2.42029142 43.69776917
v -1.11261237 -2.08155131 45.01661682
v -2.08130169 -0.86210334 46.33546066
v 2.66971326 -0.2629438 41.06007767
v 1.82091963 -1.82091963 42.37892151
v 0.24187765 -2.45582509 43.69776917
v -1.31128252 -1.96247292 45.01661682
v -2.15578055 -0.65394884 46.33546066
v 2.63108468 -0.52335531 41.06007767
v 1.63367009 -1.99063277 42.37892151
v 0 -2.46770763 43.69776917
v -1.49732435 -1.82449496 45.01661682
v -2.20949793 -0.43949649 46.33546066
v 2.56711769 -0.77872658 41.06007767
v 1.43068743 -2.14117503 42.37892151
v -0.24187765 -2.45582509 43.69776917
v -1.66894603 -1.66894603 45.01661682
v -2.24193692 -0.2208115 46.33546066
v 2.47842765 -1.02659833 41.06007767
v 1.21392632 -2.27109647 42.37892151
v -0.48142588 -2.42029142 43.69776917
v -1.82449496 -1.49732435 45.01661682
v 2.36586905 -1.26458335 41.06007767
v 0.98547459 -2.3791461 42.37892151
v -0.71633774 -2.361449 43.69776917
v -1.96247292 -1.31128252 45.01661682
v 2.23052597 -1.49038982 41.06007767
v 0.74753219 -2.46428323 42.37892151
v -0.94435084 -2.27986455 43.69776917
v -2.08155131 -1.11261237 45.01661682
v 2.07370162 -1.7018429 41.06007767
v 0.50239062 -2.52568817 42.37892151
v -1.1632694 -2.17632389 43.69776917
v -2.180583 -0.90322709 45.01661682
v 2.77665734 -0.27347687 39.74123001
v 1.89690638 -1.89690638 41.06007767
v 0.25241071 -2.56276917 42.37892151
v -1.37098491 -2.05182385 43.69776917
v -2.25861478 -0.68514329 45.01661682
v 2.73648143 -0.54431999 39.74123001
v 1.7018429 -2.07370162 41.06007767
v 0 -2.57516932 42.37892151
v -1.56549716 -1.90756381 43.69776917
v -2.31489468 -0.46046117 45.01661682
v 2.66995192 -0.80992103 39.74123001
v 1.49038982 -2.23052597 41.06007767
v -0.25241071 -2.56276917 42.37892151
v -1.74493289 -1.74493289 43.69776917
v -2.34888101 -0.23134458 45.01661682
v 2.5777092 -1.06772208 39.74123001
v 1.26458335 -2.36586905 41.06007767
v -0.50239062 -2.52568817 42.37892151
v -1.90756381 -1.56549716 43.69776917
v 2.46064162 -1.31524038 39.74123001
v 1.02659833 -2.47842765 41.06007767
v -0.74753219 -2.46428323 42.37892151
v -2.05182385 -1.37098491 43.69776917
v 2.31987691 -1.55009222 39.74123001
v 0.77872658 -2.56711769 41.06007767
v -0.98547459 -2.3791461 42.37892151
v -2.17632389 -1.1632694 43.69776917
v 2.15677047 -1.77001584 39.74123001
v 0.52335531 -2.63108468 41.06007767
v -1.21392632 -2.27109647 42.37892151
v -2.27986455 -0.94435084 43.69776917
v 2.88360143 -0.28400993 38.42238617
v 1.97289324 -1.97289324 39.74123001
v 0.2629438 -2.66971326 41.06007767
v -1.43068743 -2.14117503 42.37892151
v -2.361449 -0.71633774 43.69776917
v 2.84187818 -0.56528473 38.42238617
v 1.77001584 -2.15677047 39.74123001
v 0 -2.68263078 41.06007767
v -1.63367009 -1.99063277 42.37892151
v -2.42029142 -0.48142588 43.69776917
v 2.77278614 -0.84111547 38.42238617
v 1.55009222 -2.31987691 39.74123001
v -0.2629438 -2.66971326 41.06007767
v -1.82091963 -1.82091963 42.37892151
v -2.45582509 -0.24187765 43.69776917
v 2.67699075 -1.10884583 38.42238617
v 1.31524038 -2.46064162 39.74123001
v -0.52335531 -2.63108468 41.06007767
v -1.99063277 -1.63367009 42.37892151
v 2.55541444 -1.36589742 38.42238617
v 1.06772208 -2.5777092 39.74123001
v -0.77872658 -2.56711769 41.06007767
v -2.14117503 -1.43068743 42.37892151
v 2.40922809 -1.60979462 38.42238617
v 0.80992103 -2.66995192 39.74123001
v -1.02659833 -2.47842765 41.06007767
v -2.27109647 -1.21392632 42.37892151
v 2.23983932 -1.83818865 38.42238617
v 0.54431999 -2.73648143 39.74123001
v -1.26458335 -2.36586905 41.06007767
v -2.3791461 -0.98547459 42.37892151
v 2.99054551 -0.29454303 37.10353851
v 2.04887986 -2.04887986 38.42238617
v 0.27347687 -2.77665734 39.74123001
v -1.49038982 -2.23052597 41.06007767
v -2.46428323 -0.74753219 42.37892151
v 2.94727492 -0.58624941 37.10353851
v 1.83818865 -2.23983932 38.42238617
v 0 -2.79009223 39.74123001
v -1.7018429 -2.07370162 41.06007767
v -2.52568817 -0.50239062 42.37892151
v 2.87562037 -0.87230992 37.10353851
v 1.60979462 -2.40922809 38.42238617
v -0.27347687 -2.77665734 39.74123001
v -1.89690638 -1.89690638 41.06007767
v -2.56276917 -0.25241071 42.37892151
v 2.7762723 -1.14996958 37.10353851
v 1.36589742 -2.55541444 38.42238617
v -0.54431999 -2.73648143 39.74123001
v -2.07370162 -1.7018429 41.06007767
v 2.65018702 -1.41655445 37.10353851
v 1.10884583 -2.67699075 38.42238617
v -0.80992103 -2.66995192 39.74123001
v -2.23052597 -1.49038982 41.06007767
v 2.49857903 -1.66949713 37.10353851
v 0.84111547 -2.77278614 38.42238617
v -1.06772208 -2.5777092 39.74123001
v -2.36586905 -1.26458335 41.06007767
v 2.3229084 -1.90636158 37.10353851
v 0.56528473 -2.84187818 38.42238617
v -1.31524038 -2.46064162 39.74123001
v -2.47842765 -1.02659833 41.06007767
v 3.0974896 -0.30507609 35.78469086
v 2.12486672 -2.12486672 37.10353851
v 0.28400993 -2.88360143 38.42238617
v -1.55009222 -2.31987691 39.74123001
v -2.56711769 -0.77872658 41.06007767
v 3.05267167 -0.60721415 35.78469086
v 1.90636158 -2.3229084 37.10353851
v 0 -2.89755392 38.42238617
v -1.77001584 -2.15677047 39.74123001
v -2.63108468 -0.52335531 41.06007767
v 2.97845483 -0.90350437 35.78469086
v 1.66949713 -2.49857903 37.10353851
v -0.28400993 -2.88360143 38.42238617
v -1.97289324 -1.97289324 39.74123001
v -2.66971326 -0.2629438 41.06007767
v 2.87555361 -1.19109333 35.78469086
v 1.41655445 -2.65018702 37.10353851
v -0.56528473 -2.84187818 38.42238617
v -2.15677047 -1.77001584 39.74123001
v 2.74495959 -1.46721148 35.78469086
v 1.14996958 -2.7762723 37.10353851
v -0.84111547 -2.77278614 38.42238617
v -2.31987691 -1.55009222 39.74123001
v 2.58792996 -1.72919953 35.78469086
v 0.87230992 -2.87562037 37.10353851
v -1.10884583 -2.67699075 38.42238617
v -2.46064162 -1.31524038 39.74123001
v 2.40597725 -1.97453451 35.78469086
v 0.58624941 -2.94727492 37.10353851
v -1.36589742 -2.55541444 38.42238617
v -2.5777092 -1.06772208 39.74123001
v 3.20443368 -0.31560916 34.46584702
v 3.29023576 -0.49592325 33.14699936
v 3.3108654 -0.33130205 33.14699936
v 3.32326388 -0.1658572 33.14699936
v 2.20085359 -2.20085359 35.78469086
v 0.29454303 -2.99054551 37.10353851
v -1.60979462 -2.40922809 38.42238617
v -2.66995192 -0.80992103 39.74123001
v 3.15806818 -0.62817883 34.46584702
v 3.22450781 -0.82106054 33.14699936
v 3.26142597 -0.65931147 33.14699936
v 1.97453451 -2.40597725 35.78469086
v 0 -3.00501537 37.10353851
v -1.83818865 -2.23983932 38.42238617
v -2.73648143 -0.54431999 39.74123001
v 3.08128905 -0.93469882 34.46584702
v 3.1267333 -1.1380378 33.14699936
v 3.17957306 -0.98076838 33.14699936
v 1.72919953 -2.58792996 35.78469086
v -0.29454303 -2.99054551 37.10353851
v -2.04887986 -2.04887986 38.42238617
v -2.77665734 -0.27347687 39.74123001
v 2.97483516 -1.23221707 34.46584702
v 2.9978838 -1.44370472 33.14699936
v 3.06611991 -1.29247797 33.14699936
v 1.46721148 -2.74495959 35.78469086
v -0.58624941 -2.94727492 37.10353851
v -2.23983932 -1.83818865 38.42238617
v 2.83973217 -1.51786852 34.46584702
v 2.83924007 -1.7350235 33.14699936
v 2.92219448 -1.59134233 33.14699936
v 1.19109333 -2.87555361 35.78469086
v -0.87230992 -2.87562037 37.10353851
v -2.40922809 -1.60979462 38.42238617
v 2.6772809 -1.78890193 34.46584702
v 2.6523788 -2.00909877 33.14699936
v 2.74922681 -1.8743912 33.14699936
v 0.90350437 -2.97845483 35.78469086
v -1.14996958 -2.7762723 37.10353851
v -2.55541444 -1.36589742 38.42238617
v 2.4890461 -2.04270744 34.46584702
v 2.43915677 -2.26320672 33.14699936
v 2.54893637 -2.13881159 33.14699936
v 0.60721415 -3.05267167 35.78469086
v -1.41655445 -2.65018702 37.10353851
v -2.67699075 -1.10884583 38.42238617
v 2.27684021 -2.27684021 34.46584702
v 2.20169353 -2.49482203 33.14699936
v 2.32331324 -2.38197541 33.14699936
v 0.30507609 -3.0974896 35.78469086
v -1.66949713 -2.49857903 37.10353851
v -2.77278614 -0.84111547 38.42238617
v 2.04270744 -2.4890461 34.46584702
v 1.94234872 -2.70164251 33.14699936
v 2.07459998 -2.60146618 33.14699936
v 0 -3.11247683 35.78469086
v -1.90636158 -2.3229084 37.10353851
v -2.84187818 -0.56528473 38.42238617
v 1.78890193 -2.6772809 34.46584702
v 1.66369998 -2.88161302 33.14699936
v 1.80526841 -2.79510236 33.14699936
v -0.30507609 -3.0974896 35.78469086
v -2.12486672 -2.12486672 37.10353851
v -2.88360143 -0.28400993 38.42238617
v 1.51786852 -2.83973217 34.46584702
v 1.36851668 -3.03294468 33.14699936
v 1.51799536 -2.96095943 33.14699936
v -0.60721415 -3.05267167 35.78469086
v -2.3229084 -1.90636158 37.10353851
v 1.23221707 -2.97483516 34.46584702
v 1.05973244 -3.15413356 33.14699936
v 1.21563578 -3.09738922 33.14699936
v -0.90350437 -2.97845483 35.78469086
v -2.49857903 -1.66949713 37.10353851
v 0.93469882 -3.08128905 34.46584702
v 0.74041617 -3.24397516 33.14699936
v 0.90119457 -3.20303583 33.14699936
v -1.19109333 -2.87555361 35.78469086
v -2.65018702 -1.41655445 37.10353851
v 0.62817883 -3.15806818 34.46584702
v 0.57779694 -3.27684927 33.14699936
v 0.41374123 -3.30157685 33.14699936
v -1.46721148 -2.74495959 35.78469086
v -2.7762723 -1.14996958 37.10353851
v 0.31560916 -3.20443368 34.46584702
v 0.08295438 -3.32636571 33.14699936
v 0.24865691 -3.31809592 33.14699936
v -1.72919953 -2.58792996 35.78469086
v -2.87562037 -0.87230992 37.10353851
v 0 -3.21993852 34.46584702
v -0.08295438 -3.32636571 33.14699936
v -1.97453451 -2.40597725 35.78469086
v -2.94727492 -0.58624941 37.10353851
v -0.31560916 -3.20443368 34.46584702
v -0.41374123 -3.30157685 33.14699936
v -0.24865691 -3.31809592 33.14699936
v -2.20085359 -2.20085359 35.78469086
v -2.99054551 -0.29454303 37.10353851
v -0.62817883 -3.15806818 34.46584702
v -0.74041617 -3.24397516 33.14699936
v -0.57779694 -3.27684927 33.14699936
v -2.40597725 -1.97453451 35.78469086
v -0.93469882 -3.08128905 34.46584702
v -1.05973244 -3.15413356 33.14699936
v -0.90119457 -3.20303583 33.14699936
v -2.58792996 -1.72919953 35.78469086
v -1.23221707 -2.97483516 34.46584702
v -1.36851668 -3.03294468 33.14699936
v -1.21563578 -3.09738922 33.14699936
v -2.74495959 -1.46721148 35.78469086
v -1.51786852 -2.83973217 34.46584702
v -1.66369998 -2.88161302 33.14699936
v -1.51799536 -2.96095943 33.14699936
v -2.87555361 -1.19109333 35.78469086
v -1.78890193 -2.6772809 34.46584702
v -1.94234872 -2.70164251 33.14699936
v -1.80526841 -2.79510236 33.14699936
v -2.97845483 -0.90350437 35.78469086
v -2.04270744 -2.4890461 34.46584702
v -2.20169353 -2.49482203 33.14699936
v -2.07459998 -2.60146618 33.14699936
v -3.05267167 -0.60721415 35.78469086
v -2.27684021 -2.27684021 34.46584702
v -2.43915677 -2.26320672 33.14699936
v -2.32331324 -2.38197541 33.14699936
v -3.0974896 -0.30507609 35.78469086
v -2.4890461 -2.04270744 34.46584702
v -2.6523788 -2.00909877 33.14699936
v -2.54893637 -2.13881159 33.14699936
v -2.6772809 -1.78890193 34.46584702
v -2.83924007 -1.7350235 33.14699936
v -2.74922681 -1.8743912 33.14699936
v -2.83973217 -1.51786852 34.46584702
v -2.9978838 -1.44370472 33.14699936
v -2.92219448 -1.59134233 33.14699936
v -2.97483516 -1.23221707 34.46584702
v -3.1267333 -1.1380378 33.14699936
v -3.06611991 -1.29247797 33.14699936
v -3.08128905 -0.93469882 34.46584702
v -3.22450781 -0.82106054 33.14699936
v -3.17957306 -0.98076838 33.14699936
v -3.15806818 -0.62817883 34.46584702
v -3.29023576 -0.49592325 33.14699936
v -3.26142597 -0.65931147 33.14699936
v -3.20443368 -0.31560916 34.46584702
v -3.32326388 -0.1658572 33.14699936
v -3.3108654 -0.33130205 33.14699936
v -4.27304459 -1.29621398 32.38499832
v -4.12541771 -1.70880401 32.38499832
v -4.94161654 -2.64134908 31.62299919
v -4.65892363 -3.11299324 31.62299919
v -3.71277785 -2.48079896 32.38499832
v -3.93806076 -2.10493731 32.38499832
v -5.21098709 -4.27654648 30.86100006
v -3.96208906 -3.96208906 31.62299919
v -4.3313632 -3.55465794 31.62299919
v -4.76671982 -4.76671982 30.86100006
v -4.9984355 -6.09061098 30.09900093
v -5.26361656 -7.32124519 29.33699989
v -4.37738228 -6.55121565 30.09900093
v -4.27654648 -5.21098709 30.86100006
v -3.74518776 -5.60506964 30.86100006
v -5.96642113 -6.760777 29.33699989
v -5.62200737 -7.04977465 29.33699989
v -4.37951994 -0.87114072 32.38499832
v -5.17671871 -2.14426708 31.62299919
v -5.60506964 -3.74518776 30.86100006
v -5.57135105 -5.57135105 30.09900093
v -6.60992861 -6.13311768 29.33699989
v -6.29600143 -6.45497131 29.33699989
v -4.44381809 -0.43767789 32.38499832
v -5.36196613 -1.6265347 31.62299919
v -5.94517231 -3.17776084 30.86100006
v -6.09061098 -4.9984355 30.09900093
v -7.18774366 -5.44450426 29.33699989
v -6.90742254 -5.79601574 29.33699989
v -5.49557543 -1.09313786 31.62299919
v -6.22801971 -2.57973027 30.86100006
v -6.55121565 -4.37738228 30.09900093
v -7.69412374 -4.70178127 29.33699989
v -7.45019484 -5.07945681 29.33699989
v -5.57625866 -0.54921359 31.62299919
v -6.45088768 -1.95685542 30.86100006
v -6.94872808 -3.7141726 30.09900093
v -8.12403584 -3.91232967 29.33699989
v -7.91892385 -4.31241608 29.33699989
v -6.61163044 -1.31513512 30.86100006
v -7.27932072 -3.01519346 30.09900093
v -8.47320843 -3.08399558 29.33699989
v -8.30895138 -3.50251651 29.33699989
v -6.7086997 -0.6607492 30.86100006
v -7.53980923 -2.28717613 30.09900093
v -8.73816967 -2.22501135 29.33699989
v -8.61639977 -2.65780735 29.33699989
v -7.72768545 -1.53713226 30.09900093
v -8.91628742 -1.34391415 29.33699989
v -8.83821487 -1.7866838 29.33699989
v -7.84114027 -0.77228487 30.09900093
v -9.00579071 -0.44946036 29.33699989
v -8.97219276 -0.89780325 29.33699989
v 4.44381809 -0.43767789 32.38499832
v 4.37951994 -0.87114072 32.38499832
v 4.27304459 -1.29621398 32.38499832
v 5.57625866 -0.54921359 31.62299919
v 4.12541771 -1.70880401 32.38499832
v 5.49557543 -1.09313786 31.62299919
v 3.93806076 -2.10493731 32.38499832
v 5.36196613 -1.6265347 31.62299919
v 6.7086997 -0.6607492 30.86100006
v 3.71277785 -2.48079896 32.38499832
v 5.17671871 -2.14426708 31.62299919
v 6.61163044 -1.31513512 30.86100006
v 3.45173907 -2.83276892 32.38499832
v 4.94161654 -2.64134908 31.62299919
v 6.45088768 -1.95685542 30.86100006
v 7.84114027 -0.77228487 30.09900093
v 8.91628742 -1.34391415 29.33699989
v 8.97219276 -0.89780325 29.33699989
v 9.00579071 -0.44946036 29.33699989
v 3.15745807 -3.15745807 32.38499832
v 4.65892363 -3.11299324 31.62299919
v 6.22801971 -2.57973027 30.86100006
v 7.72768545 -1.53713226 30.09900093
v 8.73816967 -2.22501135 29.33699989
v 8.83821487 -1.7866838 29.33699989
v 2.83276892 -3.45173907 32.38499832
v 4.3313632 -3.55465794 31.62299919
v 5.94517231 -3.17776084 30.86100006
v 7.53980923 -2.28717613 30.09900093
v 8.47320843 -3.08399558 29.33699989
v 8.61639977 -2.65780735 29.33699989
v 2.48079896 -3.71277785 32.38499832
v 3.96208906 -3.96208906 31.62299919
v 5.60506964 -3.74518776 30.86100006
v 7.27932072 -3.01519346 30.09900093
v 8.12403584 -3.91232967 29.33699989
v 8.30895138 -3.50251651 29.33699989
v 2.10493731 -3.93806076 32.38499832
v 3.55465794 -4.3313632 31.62299919
v 5.21098709 -4.27654648 30.86100006
v 6.94872808 -3.7141726 30.09900093
v 7.69412374 -4.70178127 29.33699989
v 7.91892385 -4.31241608 29.33699989
v 1.70880401 -4.12541771 32.38499832
v 3.11299324 -4.65892363 31.62299919
v 4.76671982 -4.76671982 30.86100006
v 6.55121565 -4.37738228 30.09900093
v 7.18774366 -5.44450426 29.33699989
v 7.45019484 -5.07945681 29.33699989
v 1.29621398 -4.27304459 32.38499832
v 2.64134908 -4.94161654 31.62299919
v 4.27654648 -5.21098709 30.86100006
v 6.09061098 -4.9984355 30.09900093
v 6.60992861 -6.13311768 29.33699989
v 6.90742254 -5.79601574 29.33699989
v 0.87114072 -4.37951994 32.38499832
v 2.14426708 -5.17671871 31.62299919
v 3.74518776 -5.60506964 30.86100006
v 5.57135105 -5.57135105 30.09900093
v 5.96642113 -6.760777 29.33699989
v 6.29600143 -6.45497131 29.33699989
v 0.43767789 -4.44381809 32.38499832
v 1.6265347 -5.36196613 31.62299919
v 3.17776084 -5.94517231 30.86100006
v 4.9984355 -6.09061098 30.09900093
v 5.26361656 -7.32124519 29.33699989
v 5.62200737 -7.04977465 29.33699989
v 0 -4.46532011 32.38499832
v 1.09313786 -5.49557543 31.62299919
v 2.57973027 -6.22801971 30.86100006
v 4.37738228 -6.55121565 30.09900093
v 4.5085001 -7.8089509 29.33699989
v 4.89213943 -7.57451391 29.33699989
v -0.43767789 -4.44381809 32.38499832
v 0.54921359 -5.57625866 31.62299919
v 1.95685542 -6.45088768 30.86100006
v 3.7141726 -6.94872808 30.09900093
v 3.70857573 -8.2190485 29.33699989
v 4.11365128 -8.02397442 29.33699989
v -0.87114072 -4.37951994 32.38499832
v 0 -5.60324001 31.62299919
v 1.31513512 -6.61163044 30.86100006
v 3.01519346 -7.27932072 30.09900093
v 2.87179422 -8.54746056 29.33699989
v 3.29428005 -8.3936882 29.33699989
v -1.29621398 -4.27304459 32.38499832
v -0.54921359 -5.57625866 31.62299919
v 0.6607492 -6.7086997 30.86100006
v 2.28717613 -7.53980923 30.09900093
v 2.00647116 -8.79092503 29.33699989
v 2.44216847 -8.67998314 29.33699989
v -1.70880401 -4.12541771 32.38499832
v -1.09313786 -5.49557543 31.62299919
v 0 -6.74115992 30.86100006
v 1.53713226 -7.72768545 30.09900093
v 1.56578565 -8.88001156 29.33699989
v 1.12120724 -8.94702053 29.33699989
v -2.10493731 -3.93806076 32.38499832
v -1.6265347 -5.36196613 31.62299919
v -0.6607492 -6.7086997 30.86100006
v 0.77228487 -7.84114027 30.09900093
v 0.22480005 -9.01419735 29.33699989
v 0.67384124 -8.99178696 29.33699989
v -2.48079896 -3.71277785 32.38499832
v -2.14426708 -5.17671871 31.62299919
v -1.31513512 -6.61163044 30.86100006
v 0 -7.87907982 30.09900093
v -0.22480005 -9.01419735 29.33699989
v -2.83276892 -3.45173907 32.38499832
v -2.64134908 -4.94161654 31.62299919
v -1.95685542 -6.45088768 30.86100006
v -0.77228487 -7.84114027 30.09900093
v -1.12120724 -8.94702053 29.33699989
v -0.67384124 -8.99178696 29.33699989
v -3.15745807 -3.15745807 32.38499832
v -3.11299324 -4.65892363 31.62299919
v -2.57973027 -6.22801971 30.86100006
v -1.53713226 -7.72768545 30.09900093
v -2.00647116 -8.79092503 29.33699989
v -1.56578565 -8.88001156 29.33699989
v -3.45173907 -2.83276892 32.38499832
v -3.55465794 -4.3313632 31.62299919
v -3.17776084 -5.94517231 30.86100006
v -2.28717613 -7.53980923 30.09900093
v -2.87179422 -8.54746056 29.33699989
v -2.44216847 -8.67998314 29.33699989
v -3.01519346 -7.27932072 30.09900093
v -3.70857573 -8.2190485 29.33699989
v -3.29428005 -8.3936882 29.33699989
v -3.7141726 -6.94872808 30.09900093
v -4.5085001 -7.8089509 29.33699989
v -4.11365128 -8.02397442 29.33699989
v -4.89213943 -7.57451391 29.33699989
v -9.01695442 -0.0284215 -32.06678391
v -9.01682758 -0.05575018 -32.03442001
v -9.01661587 -0.08326072 -31.99874496
v -9.01615238 -0.12362565 -31.940979
v -9.00579071 -0.44946036 -48.45050049
v -9.01615238 -0.12362565 -30.61869812
v -8.99623299 -0.61162108 -31.29478455
v -8.99604893 -0.6143235 -31.36989403
v -8.99592781 -0.61610013 -31.40009499
v -8.99578953 -0.61811197 -31.42386818
v -8.99546528 -0.62281394 -31.46353149
v -8.99502563 -0.62913018 -31.50370026
v -8.99446487 -0.63709307 -31.54478073
v -8.99379635 -0.64646798 -31.58560181
v -8.99302483 -0.65712816 -31.62553215
v -8.99214554 -0.66904795 -31.66444778
v -8.99115753 -0.6822018 -31.70222473
v -8.97219276 -0.89780325 -48.45050049
v -8.99005508 -0.6965642 -31.73873901
v -9.01694965 -0.03003768 -30.48424339
v -9.01682854 -0.05563713 -30.51665115
v -9.01667881 -0.07611994 -30.54500771
v -9.01648045 -0.09679365 -30.57616806
v -8.98883533 -0.71212715 -31.77392578
v -8.98745918 -0.72928286 -31.80904579
v -8.98592472 -0.747953 -31.84413528
v -8.98425007 -0.76781034 -31.87848091
v -8.98242855 -0.78884292 -31.91205406
v -8.97974396 -0.81883073 -31.95587921
v -8.97674942 -0.85103858 -31.99863052
v -8.97342014 -0.88546383 -32.04030609
v -8.97192001 -0.90052521 -31.35888481
v -8.97224522 -0.89727873 -31.21973419
v -8.97241783 -0.89554811 -31.26934433
v -8.97202587 -0.89946371 -31.18265724
v -8.97175789 -0.90213305 -31.15566063
v -8.97156525 -0.90404981 -31.39305878
v -8.97134304 -0.90624774 -31.12561989
v -8.97112465 -0.90841466 -31.42269135
v -8.96972942 -0.92210329 -32.08090591
v -8.97080326 -0.91158122 -31.09524345
v -8.97055244 -0.91404742 -31.45272636
v -8.97013855 -0.91809541 -31.06466293
v -8.96984768 -0.92093307 -31.48304558
v -8.96936512 -0.92562568 -31.0344696
v -8.96911526 -0.92804927 -31.50996208
v -8.96848297 -0.93413782 -31.0048008
v -8.96828175 -0.93606585 -31.53676224
v -8.96749115 -0.9436143 -30.97573853
v -8.96735001 -0.9449479 -31.56337166
v -8.9656496 -0.96095335 -32.12043381
v -8.96638775 -0.95403761 -30.94736862
v -8.96632099 -0.95466053 -31.58971024
v -8.96517181 -0.96539015 -30.91976929
v -8.96519566 -0.96516889 -31.61570358
v -8.96397591 -0.97643858 -31.64127922
v -8.96384239 -0.9776603 -30.89297485
v -8.96265888 -0.98845458 -31.66646767
v -8.96167469 -0.99733704 -32.15466309
v -8.96239376 -0.99087936 -30.86666107
v -8.96124172 -1.00121808 -31.69130516
v -8.96081924 -1.00505388 -30.84075737
v -8.95972157 -1.0147289 -31.71578789
v -8.9585247 -1.02525723 -32.17930603
v -8.95911407 -1.02018273 -30.81526184
v -8.95810699 -1.02888954 -31.73978424
v -8.95727158 -1.0362643 -30.79018021
v -8.95639229 -1.04371321 -31.76331139
v -8.95526981 -1.05333602 -32.2027092
v -8.95189381 -1.0816648 -32.22496033
v -8.95315456 -1.07128036 -30.74125481
v -8.95453644 -1.05951357 -31.78680801
v -8.95251274 -1.07647657 -31.81053543
v -8.95528698 -1.05329728 -30.76551056
v -8.9508667 -1.09021211 -30.71741676
v -8.94838333 -1.11033487 -32.24614334
v -8.94842052 -1.11009109 -30.69399452
v -8.95039654 -1.09393632 -31.83355904
v -8.94820023 -1.1117667 -31.85569382
v -8.94580841 -1.13091588 -30.67098999
v -8.94591713 -1.12998915 -31.87696075
v -8.91628742 -1.34391415 -48.45050049
v -8.94472122 -1.13943791 -32.26633835
v -8.99602127 -0.6147306 -31.20715523
v -8.99583912 -0.61739337 -31.17369461
v -8.99531841 -0.62493205 -31.11380386
v -8.99458885 -0.6353488 -31.05436134
v -8.99395561 -0.64424646 -31.01361465
v -8.99313736 -0.65557259 -30.96954918
v -8.99227142 -0.66734606 -30.92987823
v -8.9913702 -0.67937762 -30.8939209
v -8.94089413 -1.16906512 -32.28562927
v -8.94302464 -1.15268528 -30.64840698
v -8.94354343 -1.14862502 -31.89737892
v -8.94107246 -1.16769576 -31.91696739
v -8.94006443 -1.17539787 -30.62624359
v -8.9385004 -1.18722284 -31.93574524
v -8.93688869 -1.19929636 -32.30409622
v -8.93692398 -1.19903159 -30.6045208
v -8.93270969 -1.23003864 -32.32165146
v -8.93374348 -1.22251701 -30.58420944
v -8.93580627 -1.20733225 -31.9538269
v -8.93295002 -1.2282778 -31.97144508
v -8.92835617 -1.26124895 -32.33825684
v -8.93052387 -1.24581349 -30.56534767
v -8.9299345 -1.25000441 -31.98857117
v -8.92382431 -1.29292595 -32.35390854
v -8.92343426 -1.29561174 -30.52884674
v -8.92707062 -1.27031708 -30.54678154
v -8.92676449 -1.27244067 -32.0051651
v -8.9234457 -1.29551518 -32.02118683
v -8.91910839 -1.32506859 -32.3686142
v -8.91420269 -1.35767555 -32.38236618
v -8.90910339 -1.39074588 -32.3951683
v -8.90390396 -1.42365587 -32.40681076
v -8.89875698 -1.45547926 -32.41698837
v -8.89326382 -1.48867333 -32.42659378
v -8.88675022 -1.52707267 -32.43649673
v -8.88767052 -1.52170932 -30.41534615
v -8.89325047 -1.48875463 -32.1222496
v -8.88668633 -1.52744746 -32.13632965
v -8.87898731 -1.57158494 -32.44649506
v -8.88074303 -1.56160498 -30.40281677
v -8.87984657 -1.56671822 -32.14878082
v -8.83821487 -1.7866838 -48.45050049
v -8.99036121 -0.69259256 -30.85830116
v -8.98926163 -0.70672733 -30.82361603
v -8.98807526 -0.72165984 -30.79011345
v -8.98676968 -0.73774111 -30.75690269
v -8.98533535 -0.75500751 -30.72388649
v -8.98376369 -0.77348047 -30.69103813
v -8.98203468 -0.79330057 -30.65815544
v -8.98016357 -0.81421161 -30.62559891
v -8.97817421 -0.83586484 -30.59387016
v -8.97606182 -0.85825229 -30.56313896
v -8.97380543 -0.88153195 -30.53329849
v -8.97139835 -0.90570301 -30.50435066
v -8.96883297 -0.93076462 -30.47629166
v -8.96610355 -0.9566974 -30.44914246
v -8.96324158 -0.98315722 -30.42321587
v -8.96003151 -1.01198971 -30.39679909
v -8.95666695 -1.04135191 -30.37143898
v -8.95314693 -1.0711813 -30.34725189
v -8.9496994 -1.09962094 -30.32562256
v -8.94612408 -1.12833762 -30.30528259
v -8.87074089 -1.61748254 -32.45528412
v -8.86307335 -1.65898383 -32.46199417
v -8.8659029 -1.64377022 -30.38235664
v -8.86899853 -1.62699699 -32.1644783
v -8.86326122 -1.65795743 -32.17101669
v -8.85810947 -1.68528593 -30.37468529
v -8.85755062 -1.6882174 -32.17648697
v -8.84273529 -1.76417851 -32.47297287
v -8.85206032 -1.71678364 -32.4691925
v -8.84638786 -1.74577773 -30.36674118
v -8.85230446 -1.7155205 -30.37024307
v -8.85186863 -1.71776462 -32.18086624
v -8.84588432 -1.7483207 -32.18441391
v -8.8053875 -1.94202137 -32.47529221
v -8.82020855 -1.87355649 -32.47650528
v -8.79978466 -1.9672538 -32.4742012
v -8.79369354 -1.99430299 -32.472332
v -8.79491997 -1.98888886 -30.36491966
v -8.80559826 -1.94109082 -30.36209869
v -8.80014801 -1.96562755 -32.18793106
v -8.78766918 -2.02068162 -30.36803818
v -8.79325485 -1.99623418 -32.18565369
v -8.78357315 -2.03841448 -32.18072891
v -8.73816967 -2.22501135 -48.45050049
v -8.94212055 -1.15963268 -30.28455162
v -8.93631649 -1.20355272 -30.25739861
v -8.92956829 -1.2526356 -30.22969437
v -8.92239761 -1.30272853 -30.2042675
v -8.91683197 -1.34027588 -30.18701363
v -8.91086388 -1.37940228 -30.17055511
v -8.90495682 -1.41704857 -30.15612221
v -8.89903259 -1.45379245 -30.14341164
v -8.89278316 -1.49155021 -30.13168335
v -8.88609791 -1.53086925 -30.1207962
v -8.87648106 -1.58567834 -30.10748482
v -8.77877331 -2.0589838 -32.46586609
v -8.77138233 -2.09024811 -30.37861824
v -8.7796402 -2.05528784 -30.37267113
v -8.77328396 -2.08225155 -32.17352295
v -8.76513386 -2.11629748 -32.45811844
v -8.75539684 -2.15622663 -32.45135117
v -8.75541401 -2.15614605 -32.15666962
v -8.76290894 -2.12549305 -30.38586617
v -8.76387501 -2.1215024 -32.16530991
v -8.75438881 -2.1603148 -30.39429665
v -8.74575615 -2.19499874 -32.44346619
v -8.73510742 -2.23700309 -32.43352509
v -8.72462749 -2.27753472 -32.42249298
v -8.72895908 -2.26087117 -30.4264431
v -8.7373991 -2.2280314 -30.41459084
v -8.73006153 -2.2565906 -32.123806
v -8.71416283 -2.31725073 -32.41023636
v -8.70543766 -2.34981823 -32.08153152
v -8.71226501 -2.32437658 -30.45352364
v -8.71352196 -2.31965756 -32.09661484
v -8.70372486 -2.35615301 -32.3967514
v -8.70401764 -2.35507059 -30.46878624
v -8.69332409 -2.39424372 -32.38203812
v -8.69576645 -2.38535213 -30.48537064
v -8.69735336 -2.37956762 -32.06518173
v -8.682971 -2.43152475 -32.36610031
v -8.67298985 -2.46688819 -32.00821304
v -8.67930222 -2.44457555 -30.52245712
v -8.68112564 -2.43810368 -32.02851868
v -8.61639977 -2.65780735 -48.45050049
v -8.67267418 -2.46799827 -32.34893799
v -8.86626911 -1.64182079 -30.09622955
v -8.85558414 -1.69850588 -30.08771133
v -8.84391403 -1.75825846 -30.0811367
v -8.83804035 -1.78755307 -30.07875633
v -8.83152485 -1.81948471 -30.07702065
v -8.81528854 -1.89656913 -30.07490349
v -8.67112637 -2.47342134 -30.54290962
v -8.66484356 -2.49534941 -31.98658943
v -8.66193104 -2.50543475 -32.32965088
v -8.65102291 -2.5428524 -32.30870056
v -8.65498257 -2.52934098 -30.58751488
v -8.66301346 -2.50169253 -30.56460381
v -8.65669155 -2.52348566 -31.96365166
v -8.64609432 -2.55955458 -30.61459351
v -8.64863491 -2.55096269 -31.93969727
v -8.64046097 -2.57851195 -32.28695297
v -8.64092541 -2.5769546 -31.91546249
v -8.63010025 -2.61297846 -32.26412582
v -8.61995506 -2.64625573 -32.24021912
v -8.62255383 -2.63777328 -30.69739914
v -8.62868023 -2.61766291 -30.67383575
v -8.62730217 -2.62220383 -31.8686657
v -8.6100378 -2.67834711 -32.21523666
v -8.60036182 -2.70925641 -32.18917465
v -8.5907402 -2.73960638 -32.16149521
v -8.58083344 -2.77048445 -32.13132095
v -8.571558 -2.79905057 -32.10124969
v -8.56280613 -2.82571125 -32.07091522
v -8.55323124 -2.85455799 -32.03509521
v -8.54457474 -2.88036942 -31.99994659
v -8.47320843 -3.08399558 -48.45050049
v -8.7268877 -2.26885748 -30.12627792
v -8.71548843 -2.31225967 -30.13959503
v -8.70389175 -2.35553932 -30.15457344
v -8.69209671 -2.39869571 -30.17120934
v -8.68020058 -2.4414022 -30.18935013
v -8.79068947 -2.00750136 -30.07956696
v -8.78120041 -2.04861116 -30.08320236
v -8.76496601 -2.11697936 -30.09257317
v -8.75018883 -2.17726064 -30.1036911
v -8.73808765 -2.22533393 -30.11462212
v -8.53131294 -2.91941571 -31.940979
v -8.53131294 -2.91941571 -30.61869812
v -8.30895138 -3.50251651 -48.45050049
v -8.66790199 -2.48470473 -30.20949936
v -8.65525627 -2.52840543 -30.23181915
v -8.64299011 -2.57002211 -30.25533104
v -8.63113403 -2.6095624 -30.28003693
v -8.61971569 -2.64703369 -30.30593491
v -8.60876656 -2.68243027 -30.33301353
v -8.59950542 -2.71197677 -30.35787964
v -8.59383583 -2.72988462 -30.37418365
v -8.58738804 -2.75010109 -30.3936882
v -8.58106422 -2.76976967 -30.41378593
v -8.57487965 -2.78885794 -30.43444252
v -8.56884003 -2.80735993 -30.45564842
v -8.56295204 -2.82526898 -30.4773941
v -8.55722427 -2.84256959 -30.49967575
v -8.55169106 -2.85917187 -30.52253151
v -8.5461998 -2.87554383 -30.54673195
v -8.53986645 -2.89430237 -30.57664108
v -8.12403584 -3.91232967 -48.45050049
v -7.91892385 -4.31241608 -48.45050049
v -7.69412374 -4.70178127 -48.45050049
v -7.45019484 -5.07945681 -48.45050049
v -7.18774366 -5.44450426 -48.45050049
v -6.90742254 -5.79601574 -48.45050049
v -6.60992861 -6.13311768 -48.45050049
v -6.29600143 -6.45497131 -48.45050049
v -5.96642113 -6.760777 -48.45050049
v -5.62200737 -7.04977465 -48.45050049
v -5.26361656 -7.32124519 -48.45050049
v -4.89213943 -7.57451391 -48.45050049
v -4.5085001 -7.8089509 -48.45050049
v -4.11365128 -8.02397442 -48.45050049
v -3.70857573 -8.2190485 -48.45050049
v -3.29428005 -8.3936882 -48.45050049
v -2.87179422 -8.54746056 -48.45050049
v -2.44216847 -8.67998314 -48.45050049
v -2.00647116 -8.79092503 -48.45050049
v -1.56578565 -8.88001156 -48.45050049
v -1.12120724 -8.94702053 -48.45050049
v -0.67384124 -8.99178696 -48.45050049
v -0.22480005 -9.01419735 -48.45050049
v 0.22480005 -9.01419735 -48.45050049
v 0.67384124 -8.99178696 -48.45050049
v 1.12120724 -8.94702053 -48.45050049
v 1.56578565 -8.88001156 -48.45050049
v 2.00647116 -8.79092503 -48.45050049
v 2.44216847 -8.67998314 -48.45050049
v 2.87179422 -8.54746056 -48.45050049
v 3.29428005 -8.3936882 -48.45050049
v 3.70857573 -8.2190485 -48.45050049
v 4.11365128 -8.02397442 -48.45050049
v 4.5085001 -7.8089509 -48.45050049
v 4.89213943 -7.57451391 -48.45050049
v 5.26361656 -7.32124519 -48.45050049
v 5.62200737 -7.04977465 -48.45050049
v 5.96642113 -6.760777 -48.45050049
v 6.29600143 -6.45497131 -48.45050049
v 6.60992861 -6.13311768 -48.45050049
v 6.90742254 -5.79601574 -48.45050049
v 7.18774366 -5.44450426 -48.45050049
v 7.45019484 -5.07945681 -48.45050049
v 7.69412374 -4.70178127 -48.45050049
v 7.91892385 -4.31241608 -48.45050049
v 8.12403584 -3.91232967 -48.45050049
v 8.30895138 -3.50251651 -48.45050049
v 8.47320843 -3.08399558 -48.45050049
v 8.61639977 -2.65780735 -48.45050049
v 8.73816967 -2.22501135 -48.45050049
v 8.83821487 -1.7866838 -48.45050049
v 8.91628742 -1.34391415 -48.45050049
v 8.97219276 -0.89780325 -48.45050049
v 9.00579071 -0.44946036 -48.45050049
v -8.60554028 -2.69276118 -30.76688957
v -8.60554028 -2.69276118 -31.78451729
v -8.61791801 -2.65288949 -31.83308029
v -8.63649845 -2.59174871 -30.64605522
v -8.63358974 -2.60142636 -31.89098167
v -8.68752193 -2.41520309 -30.5032692
v -8.68924809 -2.40899634 -32.04751205
v -8.72057629 -2.29299545 -30.43942261
v -8.72173309 -2.2885797 -32.11070251
v -8.74588013 -2.19450331 -30.40387344
v -8.73847294 -2.22378922 -32.13586426
v -8.74693489 -2.19027472 -32.14683914
v -8.81967926 -1.87604499 -30.35983849
v -8.81928253 -1.87791121 -32.19157028
v -8.8402462 -1.77661026 -30.36409187
v -8.84022236 -1.77672625 -32.18689346
v -8.83407688 -1.80704951 -32.18875885
v -8.87346745 -1.60241759 -30.39177704
v -8.8745327 -1.59654522 -32.15706253
v -8.8942709 -1.48263299 -30.42953491
v -8.90066814 -1.44370961 -30.44585609
v -8.89954758 -1.45063996 -32.10649109
v -8.9068222 -1.4052496 -30.46412659
v -8.90559292 -1.41305184 -32.08903122
v -8.91268444 -1.3675983 -30.4841404
v -8.9114027 -1.37593508 -32.06984711
v -8.91821384 -1.33107042 -30.5057106
v -8.91638088 -1.34329367 -32.05133438
v -8.91998291 -1.31915665 -32.03658676
v -9.67435169 -9.45230484 -51.87950134
v -9.19061852 -9.92329025 -51.87950134
v -10.1339798 -8.95776749 -51.87950134
v -8.68398476 -10.36954975 -51.87950134
v -10.56835747 -8.44091034 -51.87950134
v -10.97640228 -7.90302086 -51.87950134
v -11.35709763 -7.34543943 -51.87950134
v -11.70949459 -6.76955605 -51.87950134
v -12.03271484 -6.17680502 -51.87950134
v -12.32595444 -5.56866312 -51.87950134
v -12.58848095 -4.94664574 -51.87950134
v -12.81964111 -4.31230354 -51.87950134
v -13.01885891 -3.66721606 -51.87950134
v -13.18563747 -3.01299095 -51.87950134
v -13.31956196 -2.35125875 -51.87950134
v -13.42029858 -1.68366766 -51.87950134
v -13.48759556 -1.01188159 -51.87950134
v -13.52128696 -0.33757424 -51.87950134
v -13.52128696 0.33757424 -51.87950134
v -13.48759556 1.01188159 -51.87950134
v -13.42029858 1.68366766 -51.87950134
v -13.31956196 2.35125875 -51.87950134
v -13.18563747 3.01299095 -51.87950134
v -13.01885891 3.66721606 -51.87950134
v -12.81964111 4.31230354 -51.87950134
v -12.58848095 4.94664574 -51.87950134
v -12.32595444 5.56866312 -51.87950134
v -12.03271484 6.17680502 -51.87950134
v -11.70949459 6.76955605 -51.87950134
v -11.35709763 7.34543943 -51.87950134
v -10.97640228 7.90302086 -51.87950134
v -10.56835747 8.44091034 -51.87950134
v -10.1339798 8.95776749 -51.87950134
v -9.67435169 9.45230484 -51.87950134
v -9.19061852 9.92329025 -51.87950134
v -8.68398476 10.36954975 -51.87950134
v 13.50957203 0.65620482 -51.87950134
v 13.46182728 1.31086421 -51.87950134
v 13.38237667 1.9624362 -51.87950134
v 13.27140713 2.60938621 -51.87950134
v 13.12918186 3.25019073 -51.87950134
v 12.95603371 3.88334036 -51.87950134
v 12.75237274 4.50734377 -51.87950134
v 12.51867676 5.12073183 -51.87950134
v 12.25549603 5.72205925 -51.87950134
v 11.96345234 6.30990982 -51.87950134
v 11.64323139 6.88289976 -51.87950134
v 11.29558849 7.43967915 -51.87950134
v 10.92134285 7.9789362 -51.87950134
v 10.5213747 8.49940109 -51.87950134
v 8.68398476 10.36954975 -51.87950134
v 10.09662724 8.99984837 -51.87950134
v 9.17684841 9.93602562 -51.87950134
v 9.64809895 9.47910023 -51.87950134
v -9.67435169 -9.45230484 -48.45050049
v -9.19061852 -9.92329025 -48.45050049
v -10.1339798 -8.95776749 -48.45050049
v -8.68398476 -10.36954975 -48.45050049
v -10.56835747 -8.44091034 -48.45050049
v -10.97640228 -7.90302086 -48.45050049
v -11.35709763 -7.34543943 -48.45050049
v -11.70949459 -6.76955605 -48.45050049
v -12.03271484 -6.17680502 -48.45050049
v -12.32595444 -5.56866312 -48.45050049
v -12.58848095 -4.94664574 -48.45050049
v -12.81964111 -4.31230354 -48.45050049
v -13.01885891 -3.66721606 -48.45050049
v -13.18563747 -3.01299095 -48.45050049
v -13.31956196 -2.35125875 -48.45050049
v -13.42029858 -1.68366766 -48.45050049
v -13.48759556 -1.01188159 -48.45050049
v -13.52128696 -0.33757424 -48.45050049
v -13.52128696 0.33757424 -48.45050049
v -13.48759556 1.01188159 -48.45050049
v -13.42029858 1.68366766 -48.45050049
v -13.31956196 2.35125875 -48.45050049
v -13.18563747 3.01299095 -48.45050049
v -13.01885891 3.66721606 -48.45050049
v -12.81964111 4.31230354 -48.45050049
v -12.58848095 4.94664574 -48.45050049
v -12.32595444 5.56866312 -48.45050049
v -12.03271484 6.17680502 -48.45050049
v -11.70949459 6.76955605 -48.45050049
v -11.35709763 7.34543943 -48.45050049
v -10.97640228 7.90302086 -48.45050049
v -10.56835747 8.44091034 -48.45050049
v -10.1339798 8.95776749 -48.45050049
v -9.67435169 9.45230484 -48.45050049
v -9.19061852 9.92329025 -48.45050049
v -8.68398476 10.36954975 -48.45050049
v 13.50957203 0.65620482 -48.45050049
v 13.46182728 1.31086421 -48.45050049
v 13.38237667 1.9624362 -48.45050049
v 13.27140713 2.60938621 -48.45050049
v 13.12918186 3.25019073 -48.45050049
v 12.95603371 3.88334036 -48.45050049
v 12.75237274 4.50734377 -48.45050049
v 12.51867676 5.12073183 -48.45050049
v 12.25549603 5.72205925 -48.45050049
v 11.96345234 6.30990982 -48.45050049
v 11.64323139 6.88289976 -48.45050049
v 11.29558849 7.43967915 -48.45050049
v 10.92134285 7.9789362 -48.45050049
v 10.5213747 8.49940109 -48.45050049
v 8.68398476 10.36954975 -48.45050049
v 10.09662724 8.99984837 -48.45050049
v 9.17684841 9.93602562 -48.45050049
v 9.64809895 9.47910023 -48.45050049
v -5.69742012 7.02170944 22.23769951
v -5.69742012 7.02170944 25.41270065
v -5.4727273 7.19821167 22.23769951
v -5.54824352 7.14016771 22.23769951
v -5.62314367 7.08133125 22.23769951
v -5.4727273 7.19821167 25.08705902
v -5.07495451 7.4839716 25.08705902
v -5.20925856 7.39111805 25.08705902
v -5.34186363 7.29585409 25.08705902
v -5.22852993 7.37749767 25.41270065
v -5.38738823 7.26230288 25.41270065
v -5.54370928 7.1436882 25.41270065
v -5.69742012 7.02170944 -28.62579918
v -5.69742012 7.02170944 -25.45079994
v -5.4727273 7.19821167 -28.62579918
v -5.54824352 7.14016771 -28.62579918
v -5.62314367 7.08133125 -28.62579918
v -5.4727273 7.19821167 -25.77644157
v -5.07495451 7.4839716 -25.77644157
v -5.20925856 7.39111805 -25.77644157
v -5.34186363 7.29585409 -25.77644157
v -5.22852993 7.37749767 -25.45079994
v -5.38738823 7.26230288 -25.45079994
v -5.54370928 7.1436882 -25.45079994
v -7.25014257 5.40374231 -25.36939049
v -7.29355383 5.34500408 -25.37174797
v -7.30458069 5.32992506 -25.37328148
v -7.33505297 5.28791046 -25.37979698
v -7.36405516 5.24744558 -25.38821983
v -7.38821936 5.21336889 -25.39739037
v -7.40874624 5.18415689 -25.40698814
v -7.42827702 5.15613222 -25.41774178
v -7.44709015 5.12892246 -25.42948914
v -7.46508455 5.1026969 -25.44216728
v -7.48227024 5.07746267 -25.45577621
v -7.50094938 5.0498271 -25.47218895
v -7.51889277 5.02307177 -25.48921013
v -7.53523064 4.99852943 -25.50605392
v -7.54987717 4.97637939 -25.52259064
v -7.56511164 4.95318937 -25.54153633
v -7.58045769 4.92967176 -25.56212044
v -7.595263 4.90683031 -25.58352089
v -7.60953426 4.88466883 -25.60573959
v -7.62327766 4.86319208 -25.62877655
v -7.6364994 4.84240389 -25.65263176
v -7.64926195 4.82221746 -25.67743111
v -7.66153622 4.80269241 -25.7030983
v -7.67285061 4.78459597 -25.72851562
v -7.68371964 4.76712227 -25.75460052
v -7.69425392 4.75010014 -25.7815609
v -7.70445824 4.73353195 -25.80939865
v -7.71433449 4.71741915 -25.83811188
v -7.72699833 4.69664717 -25.87776184
v -7.74067545 4.67407036 -25.9246521
v -7.75311995 4.65339994 -25.97145653
v -7.76453829 4.63432264 -26.01831627
v -7.77509546 4.61658859 -26.06570625
v -7.78390789 4.60171461 -26.10901642
v -7.79361582 4.58525372 -26.16181374
v -7.80318213 4.56895447 -26.22084999
v -7.8112607 4.55512953 -26.27828026
v -7.81861734 4.54249096 -26.33862305
v -7.8252573 4.53104258 -26.40187836
v -7.83119822 4.52076721 -26.46819115
v -7.83732414 4.51013899 -26.55058479
v -7.84278917 4.50062799 -26.64439964
v -7.84688759 4.49347925 -26.74102783
v -7.85003614 4.48797655 -26.87058449
v -7.85178041 4.48492432 -27.03957176
v -7.84817505 4.49122953 -27.29683685
v -7.8435936 4.49922657 -27.41825867
v -7.83588266 4.51264238 -27.55139542
v -7.82524776 4.53105879 -27.67833138
v -7.81421709 4.55005598 -27.77912331
v -7.80413294 4.56733036 -27.85354614
v -7.79283857 4.58657455 -27.92314148
v -7.77956915 4.60904551 -27.99325562
v -7.77042627 4.62444305 -28.03620338
v -7.75865364 4.64416742 -28.08651733
v -7.74584293 4.66550255 -28.13611412
v -7.73142385 4.68935871 -28.18663216
v -7.71621227 4.71434641 -28.23470497
v -7.70287466 4.7361083 -28.27302933
v -7.69042921 4.75628996 -28.30594444
v -7.6768055 4.7782464 -28.33918381
v -7.66209888 4.80179548 -28.37232208
v -7.64698982 4.82582092 -28.40361214
v -7.63141489 4.85041285 -28.43321037
v -7.61536884 4.87556696 -28.46111107
v -7.59870863 4.9014926 -28.48753548
v -7.58104277 4.9287715 -28.51310539
v -7.56223488 4.95757961 -28.53801155
v -7.54300642 4.9867878 -28.56129074
v -7.52322912 5.01657486 -28.58286667
v -7.50283289 5.04702806 -28.60279083
v -7.48181009 5.07814121 -28.62106323
v -7.4601512 5.10990667 -28.63768196
v -7.43784714 5.14231777 -28.65264702
v -7.41473103 5.17559242 -28.66604233
v -7.39273691 5.20696402 -28.67683983
v -7.36958885 5.23967791 -28.68617058
v -7.34489298 5.27423573 -28.6941452
v -7.31895399 5.31017065 -28.70064735
v -7.29719925 5.34002638 -28.70441628
v -7.2774024 5.36697721 -28.70617676
v -7.25014257 5.40374231 -28.70721054
v -7.20751619 5.46046782 -28.70494461
v -7.19368362 5.47867632 -28.70316505
v -7.1795454 5.49719095 -28.70067978
v -7.15541077 5.52857065 -28.69499207
v -7.13140583 5.55950069 -28.6876564
v -7.10723782 5.59036207 -28.67859268
v -7.08337784 5.62056541 -28.66802979
v -7.06039524 5.64940882 -28.65616417
v -7.03750372 5.67789936 -28.64253426
v -7.01470566 5.70604086 -28.62714005
v -6.99200439 5.7338357 -28.60997963
v -6.96940327 5.76128578 -28.59105682
v -6.94677591 5.78854799 -28.57023239
v -6.92451334 5.81516266 -28.5479126
v -6.90325451 5.84038305 -28.5247097
v -6.88271618 5.864573 -28.50026512
v -6.86290836 5.88774014 -28.47457886
v -6.84384108 5.90989304 -28.44765091
v -6.82552385 5.93103886 -28.41948128
v -6.80821276 5.95090246 -28.39053726
v -6.791852 5.96956825 -28.36093903
v -6.77565575 5.98794365 -28.32940674
v -6.75980902 6.00582647 -28.29632187
v -6.74462223 6.02287865 -28.2624321
v -6.73036098 6.03881168 -28.22839737
v -6.71695089 6.05372429 -28.19413185
v -6.70427847 6.06775522 -28.15929604
v -6.69224644 6.08102274 -28.12357521
v -6.67716122 6.09758329 -28.07501602
v -6.66155434 6.11462975 -28.01976204
v -6.65046501 6.12668848 -27.97650146
v -6.64056683 6.13741541 -27.93423843
v -6.63147449 6.14723873 -27.8914814
v -6.6235323 6.15579557 -27.85010147
v -6.61427975 6.1657362 -27.79580688
v -6.6047821 6.17590904 -27.73138618
v -6.59625435 6.18501616 -27.66342926
v -6.58671331 6.19517612 -27.57079506
v -6.57879066 6.20358849 -27.47258377
v -6.57270432 6.21003675 -27.37100601
v -6.56738043 6.21566677 -27.21968269
v -6.56528187 6.21788359 -27.03957176
v -6.56778574 6.21523857 -26.83982468
v -6.57475281 6.20786762 -26.66720581
v -6.58661604 6.1952796 -26.50244904
v -6.59807682 6.18307209 -26.39074707
v -6.61132288 6.16890621 -26.29327965
v -6.62502527 6.15418863 -26.21294594
v -6.63979149 6.1382556 -26.14037514
v -6.65634966 6.12029743 -26.07074738
v -6.67281055 6.10234499 -26.01047516
v -6.68890667 6.08469582 -25.95807266
v -6.70664024 6.06514454 -25.90653038
v -6.72665453 6.04293966 -25.85452652
v -6.7436738 6.02394056 -25.81403351
v -6.76104546 6.00443554 -25.77573204
v -6.77900934 5.98414755 -25.73913193
v -6.79735327 5.96330357 -25.70483208
v -6.81681728 5.94104338 -25.67155647
v -6.8378334 5.91684341 -25.63856506
v -6.85938358 5.89184666 -25.60758591
v -6.88149548 5.86600542 -25.57855797
v -6.9041605 5.8393116 -25.55148125
v -6.92786503 5.81116915 -25.52583504
v -6.95400858 5.77985859 -25.49991417
v -6.97868252 5.75004244 -25.47767258
v -6.99745893 5.7271781 -25.46246147
v -7.01624489 5.70414829 -25.44878578
v -7.0356679 5.68017387 -25.43588638
v -7.05565071 5.65533113 -25.4238472
v -7.07595491 5.62990713 -25.41278648
v -7.09577942 5.60490179 -25.40312576
v -7.11569166 5.57960367 -25.39469337
v -7.1359005 5.5537343 -25.38742828
v -7.15655565 5.52708912 -25.38129425
v -7.17758465 5.49975252 -25.37631989
v -7.19795418 5.47306585 -25.37280846
v -7.20910025 5.45837641 -25.37149429
v -7.22066879 5.44306612 -25.3706131
v -6.80738783 5.95184612 -27.75867653
v -6.79749489 5.96314192 -27.70047379
v -6.81423473 5.94400549 -27.79344559
v -6.82162952 5.93551731 -27.82722855
v -6.78761244 5.9743886 -27.62839317
v -6.82868576 5.92739773 -27.85653496
v -6.8361721 5.91876268 -27.88504982
v -6.84494495 5.90861464 -27.91578102
v -6.77660465 5.98687124 -27.52436066
v -6.85459328 5.89741898 -27.94717026
v -6.8645339 5.88584471 -27.97715187
v -6.77057028 5.99369478 -27.44482994
v -6.87476635 5.8738904 -28.00572586
v -6.88528776 5.86155367 -28.03289604
v -6.89609623 5.84883356 -28.05866051
v -6.90707922 5.8358593 -28.08278847
v -6.76164579 6.00376081 -27.25479126
v -6.9197731 5.82080364 -28.10840797
v -6.93308067 5.80495024 -28.13311195
v -6.94699144 5.78829813 -28.15685463
v -6.75845575 6.00735188 -27.03829956
v -6.96153307 5.77080059 -28.17967796
v -6.97673321 5.75241232 -28.20162201
v -6.99261999 5.73308611 -28.22272682
v -6.75954247 6.00612879 -26.89728165
v -7.00921583 5.71278334 -28.24302673
v -7.02624655 5.69182396 -28.2621727
v -6.76422977 6.00084925 -26.75175858
v -7.04354525 5.670403 -28.27995491
v -6.77002001 5.9943161 -26.64207649
v -7.06110764 5.64851809 -28.29637146
v -7.0789299 5.62616634 -28.31142616
v -6.7761116 5.98742914 -26.56122971
v -7.09700823 5.60334492 -28.3251152
v -6.78324223 5.97934961 -26.48679161
v -7.11525249 5.58016014 -28.33739281
v -6.78921556 5.97256613 -26.43541908
v -6.79497337 5.96601486 -26.39296341
v -7.13447142 5.55556583 -28.34871292
v -7.15210295 5.53284931 -28.35768127
v -6.80044842 5.95977354 -26.35768127
v -7.16286373 5.51891136 -28.36244774
v -7.17433739 5.50398779 -28.3669014
v -6.8066678 5.95266914 -26.32211304
v -7.18561554 5.48925543 -28.37061882
v -7.19512606 5.47678518 -28.37318802
v -7.20454788 5.46438885 -28.37517548
v -6.81347752 5.94487381 -26.28730774
v -6.82087517 5.9363842 -26.2532692
v -7.21933365 5.44484186 -28.37759209
v -6.82885838 5.92719936 -26.21999359
v -7.23638439 5.42215681 -28.37971115
v -6.8374238 5.91731644 -26.18748093
v -6.8474431 5.90571928 -26.15270424
v -7.2558527 5.39607286 -28.38156891
v -6.85815334 5.8932786 -26.11854362
v -6.86927986 5.88030529 -26.08597374
v -6.88082027 5.86679745 -26.05499077
v -7.3009119 5.33494902 -28.37682152
v -7.31404305 5.31693172 -28.37429047
v -6.89142323 5.85433912 -26.0287838
v -7.3289628 5.29634809 -28.37018394
v -7.34373808 5.27584171 -28.36483002
v -6.90793037 5.83485174 -25.99182701
v -6.91739321 5.82363033 -25.97249985
v -6.89958668 5.84471607 -26.00995255
v -7.35491133 5.26025486 -28.35995102
v -7.36597252 5.24475479 -28.35443687
v -6.92730045 5.81184196 -25.95346832
v -6.93746376 5.79970646 -25.93512344
v -7.37841082 5.22724199 -28.34742928
v -7.38880634 5.21253633 -28.34090996
v -6.94791555 5.78718138 -25.91739273
v -6.95865393 5.77426481 -25.90027618
v -7.39899731 5.19806099 -28.3339386
v -7.4090848 5.18367243 -28.32644081
v -6.96967649 5.76095533 -25.88377571
v -6.98098135 5.74725151 -25.8678894
v -7.41906977 5.1693716 -28.31842041
v -7.4322238 5.15044165 -28.30690956
v -6.99256611 5.73315096 -25.85261726
v -7.00442839 5.71865225 -25.83795929
v -7.44680643 5.12933397 -28.29284477
v -7.01684046 5.70341444 -25.8235817
v -7.46111965 5.10849142 -28.27765465
v -7.0298624 5.68735695 -25.80939102
v -7.47502089 5.08812714 -28.26151657
v -7.04284859 5.67126799 -25.7961483
v -7.05588722 5.65503788 -25.78375053
v -7.48842096 5.0683856 -28.24455261
v -7.5012331 5.04940605 -28.22687721
v -7.0690217 5.63861084 -25.77214432
v -7.51341534 5.03126049 -28.20854568
v -7.08225012 5.62198639 -25.76132965
v -7.09557199 5.6051631 -25.75130463
v -7.52488136 5.01409531 -28.1897316
v -7.53212738 5.00320435 -28.17690659
v -7.10898542 5.58814096 -25.74207306
v -7.54005051 4.99125624 -28.16195679
v -7.54788923 4.97939444 -28.14618683
v -7.12098455 5.5728426 -25.7345295
v -7.13134813 5.55957413 -25.72855949
v -7.55564404 4.96761942 -28.1295948
v -7.1436739 5.54372597 -25.72213173
v -7.56585407 4.95205498 -28.10619164
v -7.57679558 4.9352994 -28.07905579
v -7.15612411 5.5276475 -25.71636009
v -7.1668849 5.51368809 -25.71199799
v -7.58640337 4.92051697 -28.05300522
v -7.18262768 5.49316454 -25.70666122
v -7.19511032 5.47680426 -25.70334244
v -7.59559917 4.9063096 -28.02573204
v -7.60441017 4.89264202 -27.99717522
v -7.21149778 5.4552083 -25.70022964
v -7.61278772 4.87959671 -27.96751785
v -7.2558527 5.39607239 -25.69503021
v -7.61919355 4.8695879 -27.94270134
v -7.62796879 4.85583067 -27.90527916
v -7.63504028 4.84470463 -27.87262154
v -7.64241028 4.83306932 -27.8365078
v -7.2879262 5.35267496 -25.69846725
v -7.30046272 5.33556414 -25.70033836
v -7.3106513 5.32159519 -25.70230103
v -7.32325983 5.30423021 -25.70556641
v -7.66372252 4.79920387 -27.70980072
v -7.67112827 4.78735733 -27.65780067
v -7.33743525 5.28460169 -25.71033859
v -7.35301208 5.26290512 -25.71689415
v -7.68125916 4.77108574 -27.57093048
v -7.36822939 5.24158096 -25.72460556
v -7.68961668 4.75760412 -27.48171806
v -7.38291121 5.22088337 -25.73331451
v -7.39729691 5.20047998 -25.74307823
v -7.69435263 4.74994087 -27.41681099
v -7.41159964 5.18007612 -25.7539959
v -7.69944382 4.74168348 -27.32703018
v -7.42581844 5.15967226 -25.7660675
v -7.43995476 5.13926744 -25.77929115
v -7.45398664 5.11889172 -25.79364586
v -7.4677496 5.0987916 -25.80896378
v -7.48104286 5.07926941 -25.82504463
v -7.49367142 5.06062126 -25.84169197
v -7.50432444 5.04481077 -25.85694695
v -7.70340395 4.73524714 -27.22683716
v -7.51198769 5.03339243 -25.86869431
v -7.51927853 5.02249527 -25.88055038
v -7.52632427 5.01193094 -25.89272118
v -7.53929806 4.99239254 -25.9169178
v -7.55168486 4.97363615 -25.94194221
v -7.56274748 4.95679903 -25.96631622
v -7.57366753 4.94009686 -25.99293137
v -7.70518684 4.73234558 -27.14276695
v -7.58679676 4.91990995 -26.02845573
v -7.59922791 4.90068626 -26.06594849
v -7.70616102 4.73075914 -27.03829956
v -7.60820103 4.8867445 -26.0955925
v -7.62117815 4.8664813 -26.14295578
v -7.63319731 4.84760714 -26.19251633
v -7.64426947 4.83012915 -26.24427605
v -7.65547228 4.81235361 -26.30436516
v -7.70421362 4.73393011 -26.88126373
v -7.66657686 4.79464293 -26.37431526
v -7.67628241 4.7790885 -26.44761658
v -7.68543768 4.76435184 -26.53295326
v -7.6929822 4.7521596 -26.62501717
v -7.6997509 4.74118519 -26.74436951
v -7.27822256 5.32294703 -28.37698174
v -7.23547411 5.38091087 -28.38156891
v -7.2944603 5.30067301 -28.37397194
v -7.30467176 5.28659248 -28.37133026
v -7.31896925 5.26678085 -28.36646271
v -7.33375788 5.24616861 -28.36019135
v -7.34472227 5.23080587 -28.35472679
v -7.3560915 5.21480465 -28.34835625
v -7.36714506 5.1991787 -28.34150124
v -7.37744999 5.18454647 -28.3344841
v -7.38736916 5.17040396 -28.32714844
v -7.39718294 5.15635443 -28.31930542
v -7.41013145 5.13772821 -28.30803299
v -7.42455626 5.11685991 -28.29419327
v -7.43883371 5.09607935 -28.27911186
v -7.45274448 5.07571077 -28.26302338
v -7.4660697 5.05609035 -28.24625206
v -7.47859669 5.03754663 -28.22912025
v -7.49024343 5.0202136 -28.21176147
v -7.50146294 5.00343275 -28.19351959
v -7.51232052 4.98711634 -28.17430878
v -7.52281857 4.97126627 -28.15412521
v -7.53296041 4.95588493 -28.13297081
v -7.5427494 4.94097376 -28.11084747
v -7.55222845 4.92647266 -28.08763504
v -7.56144953 4.91230726 -28.06319046
v -7.56980181 4.89942741 -28.03931046
v -7.57754755 4.88743925 -28.01543045
v -7.58484888 4.87610054 -27.99113846
v -7.5917592 4.86533451 -27.96623421
v -7.59793568 4.85568333 -27.94211578
v -7.6055994 4.84367085 -27.90948105
v -7.61310196 4.83187008 -27.87496185
v -7.62094402 4.81949186 -27.83650208
v -7.64219618 4.7857213 -27.709795
v -7.64958048 4.77390862 -27.65779877
v -7.65968275 4.75768423 -27.5709343
v -7.668015 4.74424219 -27.48174095
v -7.67274046 4.73659611 -27.4167881
v -7.67781878 4.7283597 -27.32698441
v -7.68176508 4.72194576 -27.22682571
v -7.68354321 4.71905231 -27.14273262
v -7.68451452 4.71747017 -27.03829956
v -7.68257236 4.72063303 -26.88123322
v -7.67797995 4.72809792 -26.74035454
v -7.67136621 4.73882151 -26.62485313
v -7.66291714 4.75247288 -26.52279854
v -7.65395641 4.76689053 -26.44056511
v -7.6444478 4.78212404 -26.36965179
v -7.6335578 4.79948807 -26.30167389
v -7.62127209 4.81897306 -26.23662949
v -7.60911751 4.8381424 -26.18106079
v -7.5959487 4.85879135 -26.12831688
v -7.58325863 4.87857294 -26.08338547
v -7.57402849 4.89289188 -26.05375481
v -7.5647707 4.90719318 -26.0263443
v -7.55494738 4.92230272 -25.99955559
v -7.54417944 4.93878889 -25.97271538
v -7.53219986 4.95703888 -25.94574356
v -7.51926851 4.97663403 -25.9191761
v -7.50571108 4.99705935 -25.89372635
v -7.49311256 5.01593304 -25.87231636
v -7.48125601 5.03359842 -25.85401344
v -7.46872139 5.05217695 -25.83637619
v -7.45540571 5.07180357 -25.81928062
v -7.44146442 5.09223461 -25.80288506
v -7.4271059 5.11315727 -25.78739548
v -7.41255236 5.13423443 -25.77303123
v -7.39813471 5.15499258 -25.76004601
v -7.38363028 5.17574787 -25.74830055
v -7.36866093 5.19703197 -25.73756218
v -7.35296535 5.21921349 -25.72768211
v -7.33711243 5.24147606 -25.71913338
v -7.32700014 5.25560284 -25.71443939
v -7.31509161 5.2721653 -25.70966911
v -7.30286694 5.28908491 -25.70562363
v -7.29341078 5.30211926 -25.70311356
v -7.28203297 5.31773996 -25.70081139
v -7.26859808 5.33608913 -25.69869614
v -7.23547411 5.38091087 -25.69503021
v -7.19123077 5.43989754 -25.70023155
v -7.17495584 5.46134567 -25.70332718
v -7.16239357 5.47780895 -25.70669174
v -7.14642477 5.49862099 -25.71218681
v -7.12995815 5.51995611 -25.7191391
v -7.11380148 5.54076719 -25.72720528
v -7.09821367 5.56072426 -25.73621559
v -7.08283138 5.58030319 -25.7462368
v -7.06757021 5.59961987 -25.7572937
v -7.05243063 5.61867523 -25.76938629
v -7.03737068 5.63752508 -25.78256798
v -7.02225637 5.65633774 -25.79700089
v -7.00732708 5.67482281 -25.81240273
v -6.99287176 5.69262886 -25.82843018
v -6.97908878 5.70951939 -25.84486008
v -6.96571589 5.72582722 -25.86203194
v -6.95270824 5.74161434 -25.8800087
v -6.94007015 5.7568841 -25.89879036
v -6.92780447 5.77163887 -25.91837502
v -6.91591454 5.78588104 -25.93876266
v -6.90425396 5.79978943 -25.96026993
v -6.89299154 5.81317091 -25.98254585
v -6.88321686 5.82474136 -26.00326538
v -6.87383413 5.83581161 -26.02459717
v -6.8646884 5.84656668 -26.0468502
v -6.85578156 5.85700893 -26.07002831
v -6.84711456 5.86713839 -26.09412956
v -6.83593464 5.88016033 -26.12770081
v -6.82375669 5.89428759 -26.16785049
v -6.81334257 5.90632343 -26.20567322
v -6.80398321 5.91710234 -26.2434597
v -6.79637098 5.92584419 -26.27757835
v -6.78819084 5.93521309 -26.31864738
v -6.77995205 5.94462252 -26.36629677
v -6.77339029 5.95209837 -26.41067505
v -6.7660656 5.96042299 -26.46967506
v -6.75872374 5.96874666 -26.54244232
v -6.75266647 5.97559881 -26.61751938
v -6.7471714 5.98180294 -26.70978546
v -6.74136019 5.98835135 -26.86258125
v -6.73995113 5.98993683 -26.93932533
v -6.73947144 5.99047709 -27.03829956
v -6.74377537 5.98563099 -27.28714561
v -6.75171566 5.97667313 -27.44769096
v -6.75815392 5.9693923 -27.53077698
v -6.76867008 5.95746517 -27.6291256
v -6.77894926 5.94576597 -27.70391846
v -6.78887033 5.93443584 -27.76192093
v -6.79567385 5.92664385 -27.79623222
v -6.80309153 5.91812754 -27.82993507
v -6.80996227 5.91022015 -27.85835838
v -6.81970644 5.89897394 -27.89492798
v -6.83355665 5.8829236 -27.94153214
v -6.84803104 5.86606836 -27.98515511
v -6.85957766 5.85256195 -28.01666069
v -6.87118626 5.8389287 -28.04568291
v -6.88282633 5.8252039 -28.07237625
v -6.89616489 5.80940676 -28.10020065
v -6.91049957 5.79235077 -28.12751389
v -6.92554331 5.77435875 -28.15366364
v -6.94133425 5.75536776 -28.17870712
v -6.95791006 5.73531485 -28.20269775
v -6.9753089 5.71413755 -28.22569084
v -6.99353266 5.69181776 -28.24769211
v -7.01219177 5.66881418 -28.26820946
v -7.03116655 5.64526224 -28.28709412
v -7.05045176 5.6211586 -28.30434418
v -7.07004166 5.59649897 -28.31996346
v -7.08962965 5.57166624 -28.33377075
v -7.10825205 5.54788637 -28.34523582
v -7.12571526 5.52543831 -28.35462952
v -7.13654518 5.51144361 -28.35976219
v -7.14720488 5.49761343 -28.36426353
v -7.15653753 5.48545885 -28.36773682
v -7.16596413 5.47313786 -28.37077141
v -7.1759758 5.46000671 -28.37343597
v -7.187953 5.44423485 -28.37583923
v -7.20943213 5.41575861 -28.37895012
v -5.07495451 7.4839716 -30.11560822
v -5.07495451 7.4839716 -30.5188427
v -5.13709307 7.44145632 -30.41923332
v -5.17040634 7.41834831 -30.37133217
v -5.196208 7.4002986 -30.33728027
v -5.22706461 7.37853622 -30.29980278
v -5.25222158 7.36065006 -30.27194977
v -5.27084208 7.34732866 -30.25304794
v -5.30000734 7.3263216 -30.22615242
v -5.33877373 7.29811573 -30.19256783
v -5.40626383 7.24826241 -30.1540699
v -5.43014622 7.23038816 -30.14171219
v -5.46000481 7.20786667 -30.1281147
v -5.49555969 7.18079519 -30.11423302
v -5.52834368 7.15558624 -30.10340881
v -5.55752897 7.13294268 -30.09524727
v -5.58617258 7.11053228 -30.08863449
v -5.61427927 7.08836126 -30.08357048
v -5.63720512 7.07014656 -30.08059502
v -5.67285728 7.04157543 -30.077528
v -5.71819115 7.00480461 -30.07490349
v -5.77706051 6.95633316 -30.07896233
v -5.80038548 6.93689632 -30.08184052
v -5.82140017 6.91927004 -30.08561707
v -5.84673834 6.89787292 -30.09173965
v -5.86955738 6.87846613 -30.09862328
v -5.89239836 6.85890961 -30.10681343
v -5.91522837 6.83923054 -30.11629295
v -5.93760157 6.81981564 -30.1268425
v -5.95939398 6.80078125 -30.13839912
v -5.98060894 6.78213215 -30.15096283
v -6.00125074 6.76387358 -30.16453552
v -6.0213232 6.74601078 -30.1791153
v -6.04080534 6.72857141 -30.19467926
v -6.05951357 6.71172905 -30.2110405
v -6.07221556 6.70023823 -30.22303772
v -6.0849843 6.68864441 -30.23586082
v -6.09610605 6.67850971 -30.2477684
v -6.10682964 6.66870499 -30.25997543
v -6.11719131 6.65920162 -30.27253151
v -6.12723351 6.64996243 -30.28550148
v -6.13678408 6.64115 -30.29862404
v -6.1456852 6.63291407 -30.31166458
v -6.15427828 6.6249423 -30.32513428
v -6.16270971 6.61709976 -30.33924866
v -6.17098045 6.6093874 -30.35400963
v -6.1790905 6.60180569 -30.3694191
v -6.18704128 6.59435511 -30.38547325
v -6.19739676 6.58462381 -30.40789413
v -6.20751619 6.57508516 -30.43151474
v -6.21725273 6.56587934 -30.45594788
v -6.2266078 6.55700779 -30.48119736
v -6.23558331 6.54847288 -30.50726318
v -6.24352074 6.54090595 -30.53213882
v -6.25220585 6.53260517 -30.56178284
v -6.27202654 6.51357651 -30.63523293
v -6.30681181 6.47990131 -30.55247688
v -6.32172346 6.46535492 -30.52039337
v -6.34723759 6.44030809 -30.47031021
v -6.37067938 6.41712141 -30.42829323
v -6.39666462 6.39121914 -30.38579178
v -6.42123222 6.36653566 -30.34906769
v -6.4437499 6.3437438 -30.31817818
v -6.46664762 6.32040071 -30.28933716
v -6.48991966 6.29650211 -30.26254463
v -6.51329994 6.27231455 -30.23805618
v -6.5394783 6.2450161 -30.21320343
v -6.56607771 6.21704292 -30.19022751
v -6.59288263 6.18861008 -30.1693306
v -6.61988926 6.15971327 -30.1505146
v -6.64709139 6.13034868 -30.13377762
v -6.67424107 6.10077953 -30.11923599
v -6.70339394 6.06873226 -30.10595512
v -6.72941875 6.03986073 -30.0960865
v -6.75236273 6.01419973 -30.08904266
v -6.77346516 5.9904232 -30.08403206
v -6.79214287 5.96924543 -30.08094597
v -6.82177496 5.935359 -30.07760429
v -6.85792637 5.89354229 -30.07490349
v -6.90437937 5.83905315 -30.07839012
v -6.9204998 5.81993818 -30.08035469
v -6.94291067 5.79318666 -30.08451462
v -6.96340418 5.76853657 -30.0898819
v -6.98188448 5.74615431 -30.09604836
v -7.00023413 5.7237854 -30.103405
v -7.0181675 5.70178223 -30.11183357
v -7.03568792 5.68014908 -30.12133217
v -7.05273151 5.65897417 -30.13184547
v -7.06927299 5.63829851 -30.14334488
v -7.0855999 5.61776495 -30.15607834
v -7.1019311 5.59710407 -30.17023468
v -7.11781263 5.57689714 -30.18540764
v -7.13312244 5.55730772 -30.20148277
v -7.14786196 5.53834295 -30.21845055
v -7.16203356 5.52000952 -30.23630524
v -7.17563915 5.50231552 -30.25503922
v -7.18868065 5.48526716 -30.27464485
v -7.20116043 5.46887255 -30.29511452
v -7.21308041 5.45313835 -30.31644058
v -7.22444248 5.43807173 -30.33861542
v -7.23524857 5.42367983 -30.3616333
v -7.24550104 5.40997028 -30.3854866
v -7.25520134 5.39694929 -30.41016579
v -7.26434898 5.38462925 -30.43564987
v -7.27288151 5.37309933 -30.46159935
v -7.28077793 5.36239386 -30.48789024
v -7.28804255 5.35251665 -30.51451874
v -7.29467773 5.3434701 -30.54148674
v -7.30068731 5.33525658 -30.56879234
v -7.30613565 5.32779312 -30.59679031
v -7.31057596 5.32169867 -30.62260246
v -7.31594467 5.31431532 -30.65792656
v -7.32145357 5.30672359 -30.700037
v -7.32640123 5.29989052 -30.74466324
v -7.33082056 5.29377651 -30.7921524
v -7.33479881 5.28826284 -30.8453331
v -7.33859921 5.28298759 -30.91239929
v -7.34195662 5.27832079 -30.99737358
v -7.34384918 5.27568722 -31.08329391
v -7.34467125 5.27454281 -31.17902946
v -7.34467125 5.27454281 -32.43579865
v -7.2887063 5.35161257 -32.43579865
v -7.23193312 5.42808819 -32.43579865
v -7.17435741 5.50396156 -32.43579865
v -7.17435741 5.50396156 -31.17775726
v -7.17244434 5.50645447 -31.0075264
v -7.16723061 5.51323938 -30.88233185
v -7.16253901 5.51933241 -30.81671715
v -7.15797615 5.525249 -30.77089119
v -7.15347576 5.53107452 -30.73491859
v -7.14937401 5.53637505 -30.70805359
v -7.14622688 5.54043722 -30.69067001
v -7.14189005 5.54602623 -30.67048073
v -7.13717985 5.55208635 -30.65149498
v -7.13247728 5.55812645 -30.63468552
v -7.12734365 5.56470776 -30.61816597
v -7.12178707 5.57181692 -30.60201454
v -7.11581802 5.57943678 -30.58628654
v -7.10944939 5.58754826 -30.57099342
v -7.10269308 5.5961318 -30.55614853
v -7.09556246 5.60516834 -30.5417614
v -7.08806944 5.61463881 -30.52784729
v -7.08022642 5.62452459 -30.51441574
v -7.07204628 5.63480568 -30.50148201
v -7.06354141 5.64546347 -30.48905563
v -7.05472422 5.65647888 -30.47714996
v -7.04560709 5.66783237 -30.46577644
v -7.03620291 5.67950487 -30.45494652
v -7.02652359 5.69147778 -30.44467545
v -7.01658249 5.70373154 -30.43497276
v -7.00639153 5.7162466 -30.42585182
v -6.9959631 5.72900486 -30.41731834
v -6.98531485 5.74198151 -30.40936279
v -6.97447205 5.75514555 -30.40199661
v -6.96345949 5.76846409 -30.39522362
v -6.95230341 5.78190565 -30.38905716
v -6.94102812 5.79543781 -30.38350296
v -6.92965889 5.80902863 -30.37857246
v -6.91822147 5.82264614 -30.3742733
v -6.90667582 5.83633661 -30.37059593
v -6.8949461 5.85018969 -30.36752319
v -6.88303041 5.86420393 -30.36505508
v -6.87115574 5.87811327 -30.36321831
v -6.85793352 5.89353704 -30.36185455
v -6.82540655 5.9311738 -30.35983849
v -6.77710533 5.98630476 -30.36435509
v -6.76015711 6.00543737 -30.36693954
v -6.74394512 6.02363682 -30.37044716
v -6.7242465 6.04561901 -30.37606239
v -6.70584011 6.06602812 -30.3826561
v -6.68818188 6.08549261 -30.39018631
v -6.67083454 6.10450363 -30.39875031
v -6.65355062 6.12333727 -30.40843201
v -6.63633156 6.14199448 -30.41923523
v -6.61909962 6.16056013 -30.43123055
v -6.60186005 6.17903042 -30.44441223
v -6.58484936 6.19715595 -30.45856667
v -6.56830072 6.2146945 -30.47348213
v -6.55225372 6.23161125 -30.48911476
v -6.53668547 6.24794006 -30.50548744
v -6.52160072 6.26368475 -30.52259827
v -6.50700283 6.27884817 -30.54045105
v -6.49289608 6.29343414 -30.55904198
v -6.47928381 6.30744648 -30.57837486
v -6.46617031 6.320889 -30.59844589
v -6.4535594 6.33376455 -30.61925697
v -6.44145346 6.34607601 -30.6408062
v -6.42985535 6.35782623 -30.66309738
v -6.41876936 6.36901903 -30.68612671
v -6.40819693 6.37965584 -30.70989799
v -6.39800882 6.38987303 -30.73476982
v -6.38865566 6.39922476 -30.75951958
v -6.38028908 6.40756655 -30.78374481
v -6.3724947 6.41531849 -30.80860329
v -6.36527443 6.42248201 -30.83409309
v -6.35863066 6.42905998 -30.86021233
v -6.35256529 6.43505335 -30.8869648
v -6.34707928 6.4404645 -30.9143486
v -6.34215641 6.4453125 -30.94247437
v -6.33681345 6.45056534 -30.97768974
v -6.33194542 6.45534372 -31.01470566
v -6.32587862 6.46128893 -31.07005501
v -6.32017326 6.46686983 -31.13678932
v -6.3144865 6.47242308 -31.22558212
v -6.3105731 6.47623825 -31.31373596
v -6.30839443 6.47836065 -31.40766144
v -6.30731106 6.47941589 -31.53329086
v -6.30731106 6.47941589 -32.43579865
v -6.16942215 6.61084175 -32.43579865
v -6.09944773 6.67545795 -32.43579865
v -6.23871279 6.5454917 -32.43579865
v -6.09944773 6.67545795 -31.25598717
v -6.09678984 6.67788553 -31.05441666
v -6.08901691 6.68497324 -30.89827728
v -6.08287096 6.69056654 -30.82548141
v -6.07838774 6.69463968 -30.78884697
v -6.07416344 6.6984725 -30.76032829
v -6.06961393 6.70259523 -30.73389435
v -6.06473875 6.70700693 -30.70954514
v -6.05933285 6.71189117 -30.68647575
v -6.05455828 6.71619844 -30.66896629
v -6.05021143 6.72011471 -30.65501022
v -6.04498863 6.72481346 -30.6398201
v -6.03944588 6.72979212 -30.62499428
v -6.03358221 6.7350502 -30.61052704
v -6.02739716 6.74058628 -30.5964241
v -6.02088976 6.7463994 -30.58268166
v -6.01405954 6.75248861 -30.56930161
v -6.0069046 6.75885344 -30.55628395
v -5.99942541 6.76549292 -30.54362679
v -5.99162054 6.77240562 -30.53133392
v -5.98348951 6.77959108 -30.51940155
v -5.97503042 6.78704739 -30.50782967
v -5.96624279 6.79477358 -30.49662018
v -5.95712519 6.80276823 -30.48577309
v -5.94767666 6.81103086 -30.47528839
v -5.93789625 6.8195591 -30.46516609
v -5.92778301 6.82835197 -30.45540428
v -5.91719341 6.83752966 -30.44589233
v -5.90639877 6.84685707 -30.43684578
v -5.89584637 6.85594559 -30.42862129
v -5.88511467 6.86515999 -30.42089081
v -5.8741498 6.87454462 -30.41361809
v -5.8629508 6.88409805 -30.40679932
v -5.85151672 6.89381981 -30.40043449
v -5.83977413 6.90376854 -30.39450455
v -5.82773638 6.9139328 -30.38900948
v -5.815516 6.92421484 -30.38398743
v -5.80322742 6.93451834 -30.37947464
v -5.79096603 6.94476128 -30.37550163
v -5.77864647 6.95501566 -30.37203407
v -5.76623631 6.96530819 -30.36905861
v -5.75373507 6.97563839 -30.36657333
v -5.74078369 6.98630095 -30.36453629
v -5.7153492 7.00712633 -30.36196518
v -5.6795764 7.03614998 -30.35983849
v -5.6251049 7.07977343 -30.36380768
v -5.60604715 7.09487391 -30.36624146
v -5.58841801 7.10876799 -30.36953545
v -5.57647085 7.11814404 -30.37231636
v -5.56432581 7.1276412 -30.37557983
v -5.54856968 7.13991308 -30.38044357
v -5.53304815 7.15194941 -30.38587761
v -5.51296616 7.16744041 -30.39381981
v -5.49068117 7.18452644 -30.40381622
v -5.46872473 7.20125294 -30.41493607
v -5.44715309 7.21758509 -30.42713928
v -5.42598009 7.23351622 -30.44041634
v -5.40497828 7.24922132 -30.4549427
v -5.38405943 7.26477146 -30.4707737
v -5.36373091 7.27979374 -30.48748207
v -5.34406567 7.29424286 -30.5050106
v -5.325068 7.30812359 -30.5233593
v -5.30674124 7.32144165 -30.54253006
v -5.28909016 7.33420229 -30.56252098
v -5.27211905 7.34641123 -30.58333206
v -5.25583076 7.35807323 -30.60496521
v -5.24022913 7.3691926 -30.62741852
v -5.225317 7.37977362 -30.65069008
v -5.21109819 7.38982105 -30.67478561
v -5.19751978 7.39937735 -30.69981575
v -5.18472528 7.40834808 -30.72548866
v -5.1731081 7.41646481 -30.75098801
v -5.16227102 7.42401218 -30.77717209
v -5.15221405 7.43099546 -30.80404282
v -5.14293957 7.43741703 -30.83160019
v -5.13444996 7.44328022 -30.85984612
v -5.12665796 7.44864893 -30.88915253
v -5.1202879 7.45302963 -30.91620827
v -5.11274052 7.45820904 -30.95250702
v -5.10505724 7.46347046 -30.99551392
v -5.09823132 7.4681344 -31.04081726
v -5.09240246 7.47211027 -31.08721161
v -5.08746958 7.47547054 -31.13615036
v -5.08289385 7.47858334 -31.19602585
v -5.0783987 7.48163652 -31.2837944
v -5.07597065 7.48328352 -31.36817169
v -5.07495451 7.4839716 -31.45951271
v -5.07495451 7.4839716 -32.43579865
v -4.9161787 7.58921528 -32.43579865
v -4.83596802 7.64057684 -32.43579865
v -4.99584389 7.53701162 -32.43579865
v -4.83596802 7.64057684 -30.11560822
v -4.9161787 7.58921528 -30.11560822
v -4.99584389 7.53701162 -30.11560822
v -7.83145428 4.52032328 -32.43579865
v -7.83145428 4.52032328 -29.17938995
v -7.78340673 4.60256195 -32.43579865
v -7.73449564 4.68428993 -32.43579865
v -7.68472672 4.76549816 -32.43579865
v -7.68472672 4.76549816 -29.17938995
v -7.78340673 4.60256195 -29.17938995
v -7.73449564 4.68428993 -29.17938995
v -8.19637966 3.81894779 -32.88355637
v -8.15349483 3.90967059 -32.88355637
v -8.10960579 3.99991202 -32.88355637
v -8.06471729 4.08966064 -32.88355637
v -8.57755184 2.86192155 -29.17938995
v -8.66806221 2.57481837 -29.17938995
v -8.63895512 2.67085218 -29.17938995
v -8.60878372 2.76655722 -29.17938995
v -9.04074669 0.17291711 -30.69739342
v -9.04166603 0.1151973 -30.76688957
v -9.04031849 0.19398984 -30.67383575
v -9.03962421 0.22404335 -30.64317513
v -9.03871918 0.25794709 -30.61178589
v -9.0376215 0.29391974 -30.58135605
v -9.03634739 0.33076021 -30.55296516
v -9.0348835 0.36854151 -30.52654648
v -9.03322601 0.40716428 -30.50214958
v -9.0313673 0.44652909 -30.47981834
v -9.02930164 0.48653662 -30.45960045
v -9.0270052 0.52741325 -30.44136238
v -9.0244503 0.56945372 -30.42492294
v -9.02162361 0.61260587 -30.41029167
v -9.01851273 0.65681738 -30.39748192
v -9.0151062 0.70203584 -30.38650131
v -9.0114193 0.74788159 -30.3774128
v -9.00754738 0.79315311 -30.37041473
v -9.00348377 0.83801508 -30.3655014
v -8.99861145 0.88887733 -30.36232948
v -8.99125385 0.96038723 -30.35983849
v -8.97987366 1.06153882 -30.36408806
v -8.97612095 1.09283245 -30.36673546
v -8.972332 1.12350714 -30.37023544
v -8.96844482 1.15411842 -30.37467194
v -8.96297741 1.19583941 -30.38224411
v -8.95735836 1.2372278 -30.39152908
v -8.95312595 1.26747978 -30.39946938
v -8.94870663 1.29831815 -30.40856552
v -8.94440365 1.32764566 -30.41816902
v -8.94019318 1.35569954 -30.42840004
v -8.93590355 1.3836689 -30.43973541
v -8.93155956 1.41143036 -30.45209885
v -8.92718315 1.4388603 -30.46541595
v -8.92279625 1.46583509 -30.47961235
v -8.91842175 1.49223101 -30.49461555
v -8.91407108 1.51800132 -30.51038742
v -8.90973854 1.54322743 -30.526968
v -8.90542793 1.56791174 -30.5443573
v -8.90114403 1.59205496 -30.56255722
v -8.89689636 1.61562002 -30.58153152
v -8.89271545 1.63847816 -30.60116577
v -8.88834858 1.66200638 -30.62269974
v -8.8840723 1.68473244 -30.64479637
v -8.87992096 1.70650458 -30.66731262
v -8.87589931 1.72732317 -30.6902504
v -8.87201309 1.74718857 -30.71360779
v -8.86826992 1.76610112 -30.73738098
v -8.86467361 1.78406143 -30.76156998
v -8.8612318 1.80106974 -30.78617477
v -8.85794926 1.81712651 -30.81119156
v -8.85483265 1.83223212 -30.83662033
v -8.8518877 1.84638715 -30.86245918
v -8.84912014 1.85959172 -30.88870621
v -8.84653473 1.87185073 -30.91539955
v -8.8441267 1.8831979 -30.94286919
v -8.84189987 1.89362729 -30.97112465
v -8.83986092 1.90312219 -31.00008392
v -8.83801651 1.91166568 -31.02966118
v -8.83637428 1.91924095 -31.05977249
v -8.83494186 1.92582536 -31.09031296
v -8.83375359 1.93126929 -31.12073517
v -8.83282375 1.93551409 -31.15082741
v -8.83218384 1.93843234 -31.17910385
v -8.83167458 1.94075215 -31.21719551
v -8.83127499 1.94257033 -31.26934242
v -8.83236313 1.93761909 -31.35947227
v -8.83288956 1.93521714 -31.38443947
v -8.83379936 1.9310596 -31.41539192
v -8.83527756 1.92428291 -31.45308495
v -8.83698463 1.91643167 -31.48780251
v -8.83897305 1.90724432 -31.52187729
v -8.84123802 1.89671779 -31.55540848
v -8.84377575 1.88484728 -31.58850288
v -8.84658146 1.87162793 -31.62126923
v -8.84964466 1.85709059 -31.65372276
v -8.85292339 1.84140027 -31.68550301
v -8.85640621 1.82457674 -31.71657944
v -8.86008739 1.80661798 -31.74698257
v -8.86395836 1.78752232 -31.77673912
v -8.86801815 1.76727295 -31.80589485
v -8.87230492 1.74561858 -31.8347683
v -8.87674904 1.72287965 -31.8628788
v -8.88074303 1.70217586 -31.88663673
v -8.88431168 1.68345046 -31.90670967
v -8.88791466 1.6643213 -31.92590141
v -8.89156914 1.64468777 -31.94430351
v -8.89530373 1.62436545 -31.96211815
v -8.89912701 1.60328913 -31.97941589
v -8.9030323 1.58145785 -31.99619865
v -8.9070282 1.55879295 -32.01251221
v -8.91110802 1.53529358 -32.02835846
v -8.91522217 1.51122582 -32.0435791
v -8.91932011 1.48685396 -32.05802155
v -8.92472458 1.45406258 -32.0760498
v -8.93072891 1.41672206 -32.09468842
v -8.936656 1.3788408 -32.11161041
v -8.9425087 1.34035265 -32.12683868
v -8.94828701 1.30121148 -32.14040756
v -8.95398045 1.2614435 -32.15235519
v -8.9581871 1.23120821 -32.16025543
v -8.96233845 1.20062172 -32.16724396
v -8.96647167 1.16934347 -32.17337418
v -8.97039986 1.13882399 -32.17842102
v -8.97420216 1.10846114 -32.18245316
v -8.97803116 1.07701564 -32.18564987
v -8.98414612 1.02478015 -32.18904114
v -8.99145508 0.95850217 -32.19157028
v -9.00055504 0.86891508 -32.18793106
v -9.00352287 0.8376016 -32.18565369
v -9.00743961 0.79437345 -32.18072891
v -9.01129341 0.74939102 -32.17352295
v -9.01455784 0.70904869 -32.16531372
v -9.01728153 0.67352331 -32.15673828
v -9.01982307 0.63859111 -32.14702225
v -9.02218819 0.60425305 -32.13616943
v -9.02439117 0.570382 -32.12411499
v -9.02643776 0.53700793 -32.11087418
v -9.02831268 0.50453299 -32.09664154
v -9.03000927 0.47320706 -32.08153152
v -9.0315752 0.44233179 -32.06518173
v -9.03302002 0.41176122 -32.04751587
v -9.03434944 0.3814936 -32.02853012
v -9.03556442 0.35152712 -32.0082283
v -9.03666973 0.32185996 -31.98660469
v -9.03766823 0.29249036 -31.96365738
v -9.03855228 0.26377288 -31.93968773
v -9.03930473 0.23659052 -31.91544724
v -9.03993797 0.21098532 -31.89097214
v -9.04042053 0.18922745 -31.86865997
v -9.04103851 0.1570476 -31.83306694
v -9.04166603 0.11519784 -31.7845192
v -9.04154968 -0.12397365 -31.940979
v -9.04202652 -0.08214585 -32.00058365
v -9.04222775 -0.05576296 -32.0345993
v -9.04237461 -0.02146797 -32.07468033
v -9.04238987 0.01384286 -32.11203766
v -9.04225063 0.05201508 -32.14886093
v -9.04192829 0.09237152 -32.18456268
v -9.04143143 0.13239214 -32.21681595
v -9.04072094 0.17424129 -32.24742508
v -9.03977394 0.2179177 -32.27638626
v -9.03856182 0.26341981 -32.30370331
v -9.03705883 0.31074569 -32.32937622
v -9.03526306 0.35919428 -32.35307312
v -9.0332613 0.40642768 -32.37373352
v -9.03095245 0.45485646 -32.39252472
v -9.0283165 0.50447828 -32.40944672
v -9.0253334 0.55529064 -32.4244957
v -9.0219841 0.60729074 -32.43767166
v -9.0183239 0.65941846 -32.44876862
v -9.01449108 0.70988858 -32.45746231
v -9.0101099 0.76349223 -32.46474075
v -9.00357914 0.83699197 -32.47212601
v -9.00079727 0.86639762 -32.47415543
v -8.99833393 0.89162922 -32.47524643
v -8.99098206 0.96293324 -32.47650528
v -8.97836113 1.0742588 -32.47296906
v -8.97248459 1.12229598 -32.4691925
v -8.96497059 1.180812 -32.46199417
v -8.95934391 1.22276676 -32.45528412
v -8.95289898 1.26909339 -32.44649124
v -8.94642639 1.3139441 -32.43649292
v -8.94066811 1.35257387 -32.42658997
v -8.93555737 1.38593495 -32.41698074
v -8.93048477 1.4182564 -32.40666199
v -8.9252491 1.45083606 -32.3951683
v -8.91980362 1.48395061 -32.38236237
v -8.91431713 1.51656234 -32.36860657
v -8.9087944 1.54867184 -32.35390091
v -8.90324211 1.58027947 -32.33824539
v -8.89766502 1.61138582 -32.32164383
v -8.89206696 1.64199126 -32.30408859
v -8.88645554 1.67209637 -32.2855835
v -8.88083363 1.70170188 -32.26612854
v -8.87520695 1.73080814 -32.24572754
v -8.86958408 1.75939918 -32.22438812
v -8.86400223 1.78731096 -32.20226669
v -8.85841751 1.81478858 -32.17913818
v -8.8527565 1.84220171 -32.15466309
v -8.84520531 1.87812281 -32.12042618
v -8.83698654 1.91642833 -32.08089828
v -8.82908535 1.95250428 -32.04029083
v -8.82153034 1.98635602 -31.99861526
v -8.81434727 2.01798892 -31.95586395
v -8.80756092 2.04740763 -31.91204071
v -8.80274296 2.06802154 -31.87846756
v -8.79816914 2.08739471 -31.84429169
v -8.79384232 2.10554981 -31.80946541
v -8.78976536 2.1225028 -31.77395821
v -8.7860775 2.13772035 -31.73879814
v -8.78266048 2.15171361 -31.70248604
v -8.77951527 2.16451335 -31.6649437
v -8.77663994 2.17614079 -31.62606621
v -8.77404118 2.18659472 -31.58587074
v -8.77174568 2.19578743 -31.5447998
v -8.76979542 2.20356059 -31.50367165
v -8.7682457 2.20971918 -31.46349716
v -8.76710129 2.21425819 -31.42430878
v -8.76659584 2.2162571 -31.40007401
v -8.7661581 2.21798873 -31.3698616
v -8.76549149 2.22062111 -31.29478455
v -8.76625729 2.21759725 -31.20724487
v -8.76691723 2.21498394 -31.17357635
v -8.76875877 2.2076838 -31.11404228
v -8.77130222 2.19755816 -31.05469894
v -8.77346992 2.18888831 -31.0139389
v -8.77621269 2.17786407 -30.96992493
v -8.77905369 2.1663847 -30.93024635
v -8.78192329 2.15471911 -30.8944397
v -8.78505611 2.14191294 -30.85902977
v -8.78845596 2.12791991 -30.82390785
v -8.79199028 2.11326718 -30.79027748
v -8.79576302 2.09751153 -30.75701141
v -8.7997818 2.08058453 -30.72394562
v -8.80404186 2.06248498 -30.691082
v -8.80853462 2.04321074 -30.65841866
v -8.8132782 2.02265334 -30.62580109
v -8.81817913 2.00117874 -30.59376526
v -8.82315159 1.97914159 -30.56298637
v -8.82826424 1.95620859 -30.53310585
v -8.8335104 1.93237829 -30.50411987
v -8.83888435 1.90764928 -30.47603226
v -8.84437656 1.88202024 -30.44883919
v -8.84995365 1.85562122 -30.42266464
v -8.85583782 1.82733011 -30.39644623
v -8.86178875 1.79824638 -30.37106705
v -8.86764336 1.76915419 -30.34723091
v -8.87339592 1.74007201 -30.32494926
v -8.87903976 1.71104074 -30.30425072
v -8.88483524 1.6806823 -30.2840519
v -8.89298344 1.63702404 -30.25697136
v -8.90186024 1.58804166 -30.22925949
v -8.91064835 1.53796816 -30.20383263
v -8.91699123 1.50075257 -30.18672562
v -8.92347431 1.46170652 -30.17034149
v -8.92981339 1.42247224 -30.15539742
v -8.93594646 1.38342273 -30.14205551
v -8.94212246 1.34292305 -30.12974358
v -8.94837093 1.30063868 -30.11837387
v -8.95459461 1.25707185 -30.10797501
v -8.96024227 1.21616781 -30.09950066
v -8.9654274 1.17732847 -30.09284592
v -8.97070694 1.13640285 -30.08715439
v -8.97774029 1.07943201 -30.08106613
v -8.98430347 1.02340615 -30.07726097
v -8.98863029 0.98467016 -30.07585716
v -8.99346447 0.93946522 -30.07490349
v -9.00458908 0.82605511 -30.07956696
v -9.00835514 0.78392094 -30.08320236
v -9.01416206 0.71406233 -30.09249115
v -9.01888084 0.65174502 -30.1036644
v -9.02303886 0.59141576 -30.11722565
v -9.02676773 0.53146982 -30.13366127
v -9.02953339 0.48220816 -30.14940071
v -9.03181553 0.43738008 -30.16548538
v -9.0338726 0.39261192 -30.18322754
v -9.03569508 0.34815621 -30.20251274
v -9.03734493 0.30230826 -30.22424889
v -9.03871632 0.25811109 -30.24736786
v -9.03981972 0.21602264 -30.27167702
v -9.04068661 0.17604475 -30.29717827
v -9.04134464 0.13817878 -30.32386971
v -9.04181957 0.10242587 -30.35175133
v -9.0421133 0.0720092 -30.3779068
v -9.04229355 0.04388071 -30.40422058
v -9.04238415 0.01681687 -30.43152428
v -9.04239559 -0.00917794 -30.45981216
v -9.04233551 -0.03409937 -30.48907852
v -9.04221535 -0.05781692 -30.51933289
v -9.04204178 -0.08044942 -30.55099106
v -9.04186058 -0.09886038 -30.5789547
v -9.04154968 -0.12397366 -30.61869812
v -8.64684486 -2.64519882 -30.69739342
v -8.62978172 -2.70034671 -30.76688957
v -8.65298653 -2.62503672 -30.67383575
v -8.66166592 -2.5962553 -30.64317513
v -8.67134285 -2.56374907 -30.61178589
v -8.68147755 -2.52921653 -30.58135605
v -8.69171524 -2.49380398 -30.55296516
v -8.70206547 -2.45743847 -30.52654648
v -8.71249199 -2.42021298 -30.50214958
v -8.72295856 -2.38221955 -30.47981834
v -8.733428 -2.34355092 -30.45960045
v -8.74394894 -2.30398488 -30.44136238
v -8.75458527 -2.26323175 -30.42492294
v -8.76530838 -2.2213378 -30.41029167
v -8.77609158 -2.17834878 -30.39748192
v -8.78690624 -2.13431048 -30.38650131
v -8.79764843 -2.08958888 -30.3774128
v -8.8080368 -2.0453558 -30.37041473
v -8.81811714 -2.00145245 -30.3655014
v -8.82929134 -1.95159411 -30.36232948
v -8.84452152 -1.88133872 -30.35983849
v -8.86513901 -1.78165877 -30.36408806
v -8.87129688 -1.75074828 -30.36673546
v -8.87722874 -1.720415 -30.37023544
v -8.8830471 -1.6901114 -30.37467194
v -8.89081573 -1.6487571 -30.38224411
v -8.89833641 -1.60767162 -30.39152908
v -8.90371513 -1.57760239 -30.39946938
v -8.90909767 -1.54691732 -30.40856552
v -8.91412163 -1.51770484 -30.41816902
v -8.91883755 -1.48973155 -30.42840004
v -8.92345333 -1.46181417 -30.43973541
v -8.92795181 -1.43407726 -30.45209885
v -8.93231583 -1.4066453 -30.46541595
v -8.93652916 -1.37964284 -30.47961235
v -8.94057369 -1.35319436 -30.49461555
v -8.94444752 -1.32734811 -30.51038742
v -8.94816875 -1.30202472 -30.526968
v -8.95174313 -1.27722299 -30.5443573
v -8.95517349 -1.25294375 -30.56255722
v -8.95845985 -1.22922564 -30.58153152
v -8.96158886 -1.20619988 -30.60116577
v -8.96475029 -1.18247974 -30.62269974
v -8.96774864 -1.15954983 -30.64479637
v -8.97056866 -1.13756549 -30.66731262
v -8.9732151 -1.11652792 -30.6902504
v -8.97569561 -1.09643853 -30.71360779
v -8.97801495 -1.077299 -30.73738098
v -8.98017883 -1.05911064 -30.76156998
v -8.98219204 -1.04187477 -30.78617477
v -8.98406219 -1.02559304 -30.81119156
v -8.98579502 -1.01026678 -30.83662033
v -8.98739433 -0.99589741 -30.86245918
v -8.98886681 -0.98248643 -30.88870621
v -8.99021912 -0.97003096 -30.91539955
v -8.99145603 -0.95849723 -30.94286919
v -8.99258137 -0.94789219 -30.97112465
v -8.99359417 -0.93823391 -31.00008392
v -8.99449635 -0.92954046 -31.02966118
v -8.9952898 -0.92182976 -31.05977249
v -8.99597359 -0.91512609 -31.09031296
v -8.99653625 -0.90958244 -31.12073517
v -8.99697208 -0.90525901 -31.15082741
v -8.99727058 -0.90228647 -31.17910385
v -8.9975071 -0.89992309 -31.21719551
v -8.99769211 -0.89807075 -31.26934242
v -8.99718761 -0.90311491 -31.35947227
v -8.99694157 -0.90556157 -31.38443947
v -8.99651432 -0.909796 -31.41539192
v -8.99581337 -0.91669661 -31.45308495
v -8.99499607 -0.92468947 -31.48780251
v -8.99403095 -0.93403977 -31.52187729
v -8.99291229 -0.944749 -31.55540848
v -8.99163532 -0.95682049 -31.58850288
v -8.99019432 -0.9702574 -31.62126923
v -8.98858833 -0.98502684 -31.65372276
v -8.9868288 -1.00095916 -31.68550301
v -8.98491096 -1.01803207 -31.71657944
v -8.98282814 -1.03624547 -31.74698257
v -8.98057461 -1.05559886 -31.77673912
v -8.97813988 -1.07610703 -31.80589485
v -8.97548485 -1.09802151 -31.8347683
v -8.9726429 -1.12101567 -31.8628788
v -8.97000504 -1.14193547 -31.88663673
v -8.96757793 -1.16084266 -31.90670967
v -8.96505737 -1.18014443 -31.92590141
v -8.96242905 -1.1999414 -31.94430351
v -8.95966434 -1.22041821 -31.96211815
v -8.95674801 -1.24163902 -31.97941589
v -8.95367527 -1.26360309 -31.99619865
v -8.95042992 -1.28638756 -32.01251221
v -8.94700527 -1.30999136 -32.02835846
v -8.94343567 -1.33414578 -32.0435791
v -8.93975639 -1.35858428 -32.05802155
v -8.93470383 -1.39143181 -32.0760498
v -8.9288063 -1.42878938 -32.09468842
v -8.9226675 -1.46663678 -32.11161041
v -8.9162693 -1.50503802 -32.12683868
v -8.90959835 -1.54403722 -32.14040756
v -8.90265083 -1.58360517 -32.15235519
v -8.89725399 -1.61365104 -32.16025543
v -8.89169407 -1.64401281 -32.16724396
v -8.8859024 -1.67502701 -32.17337418
v -8.88015175 -1.7052561 -32.17842102
v -8.87433052 -1.73529732 -32.18245316
v -8.86819649 -1.76637554 -32.18564987
v -8.85777664 -1.8179251 -32.18904114
v -8.8441267 -1.8831929 -32.19157028
v -8.82493496 -1.97117198 -32.18793106
v -8.81802464 -2.00185728 -32.18565369
v -8.80831432 -2.04416227 -32.18072891
v -8.79799843 -2.08811522 -32.17352295
v -8.78856373 -2.12747431 -32.16531372
v -8.78011227 -2.1620872 -32.15673828
v -8.77167225 -2.19607949 -32.14702225
v -8.7632494 -2.22945261 -32.13616943
v -8.75481796 -2.26233125 -32.12411499
v -8.7463913 -2.29468894 -32.11087418
v -8.73808193 -2.3261385 -32.09664154
v -8.72995949 -2.35644078 -32.08153152
v -8.72185135 -2.38627362 -32.06518173
v -8.71372509 -2.41577983 -32.04751587
v -8.70558262 -2.44496179 -32.02853012
v -8.69742489 -2.47382212 -32.0082283
v -8.68925667 -2.50236392 -31.98660469
v -8.68107796 -2.53058958 -31.96365738
v -8.67299366 -2.55815983 -31.93968773
v -8.66526127 -2.58422995 -31.91544724
v -8.65790653 -2.60876441 -31.89097214
v -8.65160275 -2.6295948 -31.86865997
v -8.64218998 -2.66037321 -31.83306694
v -8.62978172 -2.70034599 -31.7845192
v -8.55534458 -2.92763925 -31.940979
v -8.56879711 -2.88803077 -32.00058365
v -8.57718658 -2.86301661 -32.0345993
v -8.58798409 -2.83046532 -32.07468033
v -8.59897137 -2.79690742 -32.11203766
v -8.61070156 -2.76058197 -32.14886093
v -8.6229372 -2.72212362 -32.18456268
v -8.63490105 -2.68392992 -32.21681595
v -8.64723206 -2.64393234 -32.24742508
v -8.65990448 -2.60212421 -32.27638626
v -8.67289352 -2.55849862 -32.30370331
v -8.68617153 -2.51304865 -32.32937622
v -8.69952106 -2.46644092 -32.35307312
v -8.71229744 -2.42092419 -32.37373352
v -8.72515297 -2.37417579 -32.39252472
v -8.73806763 -2.32619166 -32.40944672
v -8.75102329 -2.27696824 -32.4244957
v -8.76399994 -2.22650194 -32.43767166
v -8.77672005 -2.17581773 -32.44876862
v -8.78876209 -2.12665558 -32.45746231
v -8.80125523 -2.0743444 -32.46474075
v -8.81788921 -2.00245452 -32.47212601
v -8.82438374 -1.9736402 -32.47415543
v -8.82988262 -1.94889224 -32.47524643
v -8.84505367 -1.87883413 -32.47650528
v -8.86765385 -1.7690984 -32.47296906
v -8.87699699 -1.72161353 -32.4691925
v -8.88803959 -1.66365981 -32.46199417
v -8.89573002 -1.62203383 -32.45528412
v -8.90400124 -1.57599807 -32.44649124
v -8.91178703 -1.53135669 -32.43649292
v -8.91831779 -1.49284995 -32.42658997
v -8.92382812 -1.45955253 -32.41698074
v -8.92905045 -1.42725492 -32.40666199
v -8.93419933 -1.39466155 -32.3951683
v -8.93931389 -1.36149418 -32.38236237
v -8.94423389 -1.3287921 -32.36860657
v -8.94896317 -1.29655647 -32.35390091
v -8.95350838 -1.26478827 -32.33824539
v -8.9578743 -1.2334888 -32.32164383
v -8.96206474 -1.20265937 -32.30408859
v -8.96608639 -1.17230082 -32.2855835
v -8.969944 -1.14241421 -32.26612854
v -8.97364044 -1.11300051 -32.24572754
v -8.97718048 -1.08407748 -32.22438812
v -8.98054981 -1.05581331 -32.20226669
v -8.98378086 -1.02796054 -32.17913818
v -8.98691845 -1.00014544 -32.15466309
v -8.99090481 -0.96365643 -32.12042618
v -8.99499702 -0.92469335 -32.08089828
v -8.99869823 -0.88794833 -32.04029083
v -9.00203705 -0.85342473 -31.99861526
v -9.00504017 -0.82112598 -31.95586395
v -9.00773144 -0.79105467 -31.91204071
v -9.00955868 -0.76996428 -31.87846756
v -9.01123238 -0.75012898 -31.84429169
v -9.01276112 -0.73152816 -31.80946541
v -9.01415539 -0.71414769 -31.77395821
v -9.015378 -0.69853729 -31.73879814
v -9.01647949 -0.68417513 -31.70248604
v -9.0174675 -0.67103171 -31.6649437
v -9.01834774 -0.65908641 -31.62606621
v -9.01912689 -0.64834273 -31.58587074
v -9.01980114 -0.63889146 -31.5447998
v -9.02036381 -0.63089752 -31.50367165
v -9.02080441 -0.6245622 -31.46349716
v -9.02112675 -0.61989206 -31.42430878
v -9.02126789 -0.6178351 -31.40007401
v -9.02138996 -0.6160531 -31.3698616
v -9.02157497 -0.61334395 -31.29478455
v -9.0213623 -0.61645591 -31.20724487
v -9.02117825 -0.61914533 -31.17357635
v -9.02065945 -0.62665617 -31.11404228
v -9.01992989 -0.6370706 -31.05469894
v -9.01929569 -0.64598489 -31.0139389
v -9.01847744 -0.65731555 -30.96992493
v -9.0176096 -0.66910946 -30.93024635
v -9.01671314 -0.68108934 -30.8944397
v -9.01571083 -0.69423485 -30.85902977
v -9.01459312 -0.70859176 -30.82390785
v -9.01340008 -0.72361743 -30.79027748
v -9.01208878 -0.73976523 -30.75701141
v -9.01064873 -0.75710309 -30.72394562
v -9.00907326 -0.77563047 -30.691082
v -9.00735378 -0.79534662 -30.65841866
v -9.00547314 -0.81636 -30.62580109
v -9.00345802 -0.83829445 -30.59376526
v -9.0013361 -0.86078572 -30.56298637
v -8.99906921 -0.8841722 -30.53310585
v -8.99664974 -0.90845311 -30.50411987
v -8.99407196 -0.93362749 -30.47603226
v -8.99132824 -0.95969445 -30.44883919
v -8.98842525 -0.9865194 -30.42266464
v -8.98522568 -1.01523852 -30.39644623
v -8.9818449 -1.04473174 -30.37106705
v -8.97836781 -1.07420266 -30.347229
v -8.9747982 -1.10363245 -30.32494926
v -8.97113991 -1.13298035 -30.30425072
v -8.96721554 -1.16363692 -30.2840519
v -8.96139145 -1.20766556 -30.25697136
v -8.95460796 -1.25698137 -30.22925949
v -8.94739914 -1.30730653 -30.20383263
v -8.94186306 -1.34465086 -30.18672562
v -8.93589115 -1.38377821 -30.17034149
v -8.92972279 -1.42303991 -30.15539742
v -8.92341709 -1.46206188 -30.14205551
v -8.91670132 -1.5024755 -30.12974167
v -8.90949917 -1.54460812 -30.11837196
v -8.90187645 -1.58795202 -30.10797501
v -8.8945322 -1.62858558 -30.09950066
v -8.88739204 -1.66711354 -30.09284592
v -8.87969112 -1.70765352 -30.08715439
v -8.86867142 -1.76398933 -30.08106613
v -8.85749912 -1.81928062 -30.07726097
v -8.84957409 -1.85744309 -30.07585716
v -8.84012032 -1.90191162 -30.07490349
v -8.81545067 -2.01316357 -30.07956696
v -8.80593586 -2.05438185 -30.08320236
v -8.78974533 -2.12258601 -30.09249115
v -8.77486515 -2.18328428 -30.1036644
v -8.76006889 -2.24191856 -30.11722565
v -8.74498367 -2.30005527 -30.13366127
v -8.73230362 -2.34773731 -30.14940071
v -8.72054195 -2.39105511 -30.16548538
v -8.70858479 -2.43424582 -30.18322754
v -8.69650173 -2.47706676 -30.20251274
v -8.68382168 -2.52115726 -30.22424889
v -8.67138958 -2.5635922 -30.24736786
v -8.65935898 -2.60393953 -30.27167702
v -8.64775944 -2.64220738 -30.29717827
v -8.63661671 -2.6784029 -30.32386971
v -8.62595844 -2.71253347 -30.35175133
v -8.61678505 -2.74153519 -30.3779068
v -8.60821533 -2.768327 -30.40422058
v -8.59989071 -2.79407907 -30.43152428
v -8.59182262 -2.8187902 -30.45981216
v -8.58402157 -2.8424592 -30.48907852
v -8.57653618 -2.86496496 -30.51933289
v -8.5693388 -2.88642287 -30.55099106
v -8.56344414 -2.90386581 -30.5789547
v -8.55534458 -2.92763925 -30.61869812
v -0.31832859 9.03679466 24.81579971
v -0.31832859 9.03679466 24.49830055
v 4.55694199 7.81020355 24.81579971
v 4.18537903 8.01546001 24.81579971
v 3.80459309 8.20305252 24.81579971
v 3.41542244 8.37256718 24.81579971
v 3.01872516 8.52363205 24.81579971
v 2.61537552 8.65591145 24.81579971
v 2.20626211 8.7691164 24.81579971
v 1.79228675 8.8629961 24.81579971
v 1.37436163 8.93734455 24.81579971
v 0.9534077 8.99199677 24.81579971
v 0.53035271 9.02683353 24.81579971
v 0.10612902 9.04177761 24.81579971
v 4.55694199 7.81020355 24.49830055
v 4.18537903 8.01546001 24.49830055
v 3.80459309 8.20305252 24.49830055
v 3.41542244 8.37256718 24.49830055
v 3.01872516 8.52363205 24.49830055
v 2.61537552 8.65591145 24.49830055
v 2.20626211 8.7691164 24.49830055
v 1.79228675 8.8629961 24.49830055
v 1.37436163 8.93734455 24.49830055
v 0.9534077 8.99199677 24.49830055
v 0.53035271 9.02683353 24.49830055
v 0.10612902 9.04177761 24.49830055
v -4.55694199 7.81020355 29.01950073
v -4.55694199 7.81020355 29.33699989
v 4.55694199 7.81020355 29.33699989
v 4.17682409 8.0199213 29.33699989
v 3.78707886 8.21115303 29.33699989
v 3.38860416 8.38345718 29.33699989
v 2.98231864 8.53643799 29.33699989
v 2.56915879 8.66974163 29.33699989
v 2.1500771 8.78306103 29.33699989
v 1.72603917 8.87613583 29.33699989
v 1.29802263 8.9487505 29.33699989
v 0.86701423 9.00073814 29.33699989
v 0.43400732 9.03197861 29.33699989
v -0 9.04240036 29.33699989
v -0.43400732 9.03197861 29.33699989
v -0.86701423 9.00073814 29.33699989
v -1.29802263 8.9487505 29.33699989
v -1.72603917 8.87613583 29.33699989
v -2.1500771 8.78306103 29.33699989
v -2.56915879 8.66974163 29.33699989
v -2.98231864 8.53643799 29.33699989
v -3.38860416 8.38345718 29.33699989
v -3.78707886 8.21115303 29.33699989
v -4.17682409 8.0199213 29.33699989
v 4.55694199 7.81020355 29.01950073
v 4.17682409 8.0199213 29.01950073
v 3.78707886 8.21115303 29.01950073
v 3.38860416 8.38345718 29.01950073
v 2.98231864 8.53643799 29.01950073
v 2.56915879 8.66974163 29.01950073
v 2.1500771 8.78306103 29.01950073
v 1.72603917 8.87613583 29.01950073
v 1.29802263 8.9487505 29.01950073
v 0.86701423 9.00073814 29.01950073
v 0.43400732 9.03197861 29.01950073
v -0 9.04240036 29.01950073
v -0.43400732 9.03197861 29.01950073
v -0.86701423 9.00073814 29.01950073
v -1.29802263 8.9487505 29.01950073
v -1.72603917 8.87613583 29.01950073
v -2.1500771 8.78306103 29.01950073
v -2.56915879 8.66974163 29.01950073
v -2.98231864 8.53643799 29.01950073
v -3.38860416 8.38345718 29.01950073
v -3.78707886 8.21115303 29.01950073
v -4.17682409 8.0199213 29.01950073
v -0.31832859 9.03679466 28.20669937
v -0.31832859 9.03679466 27.88920021
v 4.55694199 7.81020355 28.20669937
v 4.18537903 8.01546001 28.20669937
v 3.80459309 8.20305252 28.20669937
v 3.41542244 8.37256718 28.20669937
v 3.01872516 8.52363205 28.20669937
v 2.61537552 8.65591145 28.20669937
v 2.20626211 8.7691164 28.20669937
v 1.79228675 8.8629961 28.20669937
v 1.37436163 8.93734455 28.20669937
v 0.9534077 8.99199677 28.20669937
v 0.53035271 9.02683353 28.20669937
v 0.10612902 9.04177761 28.20669937
v 4.55694199 7.81020355 27.88920021
v 4.18537903 8.01546001 27.88920021
v 3.80459309 8.20305252 27.88920021
v 3.41542244 8.37256718 27.88920021
v 3.01872516 8.52363205 27.88920021
v 2.61537552 8.65591145 27.88920021
v 2.20626211 8.7691164 27.88920021
v 1.79228675 8.8629961 27.88920021
v 1.37436163 8.93734455 27.88920021
v 0.9534077 8.99199677 27.88920021
v 0.53035271 9.02683353 27.88920021
v 0.10612902 9.04177761 27.88920021
v -0.31832859 9.03679466 26.75889969
v -0.31832859 9.03679466 27.07640076
v 4.55694199 7.81020355 27.07640076
v 4.18537903 8.01546001 27.07640076
v 3.80459309 8.20305252 27.07640076
v 3.41542244 8.37256718 27.07640076
v 3.01872516 8.52363205 27.07640076
v 2.61537552 8.65591145 27.07640076
v 2.20626211 8.7691164 27.07640076
v 1.79228675 8.8629961 27.07640076
v 1.37436163 8.93734455 27.07640076
v 0.9534077 8.99199677 27.07640076
v 0.53035271 9.02683353 27.07640076
v 0.10612902 9.04177761 27.07640076
v 4.55694199 7.81020355 26.75889969
v 4.18537903 8.01546001 26.75889969
v 3.80459309 8.20305252 26.75889969
v 3.41542244 8.37256718 26.75889969
v 3.01872516 8.52363205 26.75889969
v 2.61537552 8.65591145 26.75889969
v 2.20626211 8.7691164 26.75889969
v 1.79228675 8.8629961 26.75889969
v 1.37436163 8.93734455 26.75889969
v 0.9534077 8.99199677 26.75889969
v 0.53035271 9.02683353 26.75889969
v 0.10612902 9.04177761 26.75889969
v -0.31832859 9.03679466 25.94610023
v -0.31832859 9.03679466 25.62859917
v 4.55694199 7.81020355 25.94610023
v 4.18537903 8.01546001 25.94610023
v 3.80459309 8.20305252 25.94610023
v 3.41542244 8.37256718 25.94610023
v 3.01872516 8.52363205 25.94610023
v 2.61537552 8.65591145 25.94610023
v 2.20626211 8.7691164 25.94610023
v 1.79228675 8.8629961 25.94610023
v 1.37436163 8.93734455 25.94610023
v 0.9534077 8.99199677 25.94610023
v 0.53035271 9.02683353 25.94610023
v 0.10612902 9.04177761 25.94610023
v 4.55694199 7.81020355 25.62859917
v 4.18537903 8.01546001 25.62859917
v 3.80459309 8.20305252 25.62859917
v 3.41542244 8.37256718 25.62859917
v 3.01872516 8.52363205 25.62859917
v 2.61537552 8.65591145 25.62859917
v 2.20626211 8.7691164 25.62859917
v 1.79228675 8.8629961 25.62859917
v 1.37436163 8.93734455 25.62859917
v 0.9534077 8.99199677 25.62859917
v 0.53035271 9.02683353 25.62859917
v 0.10612902 9.04177761 25.62859917
v 4.55694199 7.81020355 23.68549919
v 4.55694199 7.81020355 23.36800003
v 4.17682409 8.0199213 23.36800003
v 3.78707886 8.21115303 23.36800003
v 3.38860416 8.38345718 23.36800003
v 2.98231864 8.53643799 23.36800003
v 2.56915879 8.66974163 23.36800003
v 2.1500771 8.78306103 23.36800003
v 1.72603917 8.87613583 23.36800003
v 1.29802263 8.9487505 23.36800003
v 0.86701423 9.00073814 23.36800003
v 0.43400732 9.03197861 23.36800003
v -0 9.04240036 23.36800003
v -0.43400732 9.03197861 23.36800003
v -0.86701423 9.00073814 23.36800003
v -1.29802263 8.9487505 23.36800003
v -1.72603917 8.87613583 23.36800003
v -2.1500771 8.78306103 23.36800003
v -2.56915879 8.66974163 23.36800003
v -2.98231864 8.53643799 23.36800003
v -3.38860416 8.38345718 23.36800003
v -3.78707886 8.21115303 23.36800003
v -4.17682409 8.0199213 23.36800003
v -4.55694199 7.81020355 23.36800003
v -4.55694199 7.81020355 23.68549919
v 4.17682409 8.0199213 23.68549919
v 3.78707886 8.21115303 23.68549919
v 3.38860416 8.38345718 23.68549919
v 2.98231864 8.53643799 23.68549919
v 2.56915879 8.66974163 23.68549919
v 2.1500771 8.78306103 23.68549919
v 1.72603917 8.87613583 23.68549919
v 1.29802263 8.9487505 23.68549919
v 0.86701423 9.00073814 23.68549919
v 0.43400732 9.03197861 23.68549919
v -0 9.04240036 23.68549919
v -0.43400732 9.03197861 23.68549919
v -0.86701423 9.00073814 23.68549919
v -1.29802263 8.9487505 23.68549919
v -1.72603917 8.87613583 23.68549919
v -2.1500771 8.78306103 23.68549919
v -2.56915879 8.66974163 23.68549919
v -2.98231864 8.53643799 23.68549919
v -3.38860416 8.38345718 23.68549919
v -3.78707886 8.21115303 23.68549919
v -4.17682409 8.0199213 23.68549919
v 4.18537903 8.01546001 18.84679985
v 4.55694199 7.81020355 18.84679985
v 3.80459309 8.20305252 18.84679985
v 3.41542244 8.37256718 18.84679985
v 3.01872516 8.52363205 18.84679985
v 2.61537552 8.65591145 18.84679985
v 2.20626211 8.7691164 18.84679985
v 1.79228675 8.8629961 18.84679985
v 1.37436163 8.93734455 18.84679985
v 0.9534077 8.99199677 18.84679985
v 0.53035271 9.02683353 18.84679985
v 0.10612902 9.04177761 18.84679985
v -0.31832859 9.03679466 18.84679985
v 4.55694199 7.81020355 19.16430092
v 4.18537903 8.01546001 19.16430092
v 3.80459309 8.20305252 19.16430092
v 3.41542244 8.37256718 19.16430092
v 3.01872516 8.52363205 19.16430092
v 2.61537552 8.65591145 19.16430092
v 2.20626211 8.7691164 19.16430092
v 1.79228675 8.8629961 19.16430092
v 1.37436163 8.93734455 19.16430092
v 0.9534077 8.99199677 19.16430092
v 0.53035271 9.02683353 19.16430092
v 0.10612902 9.04177761 19.16430092
v -0.31832859 9.03679466 19.16430092
v 4.18537903 8.01546001 22.23769951
v 4.55694199 7.81020355 22.23769951
v 3.80459309 8.20305252 22.23769951
v 3.41542244 8.37256718 22.23769951
v 3.01872516 8.52363205 22.23769951
v 2.61537552 8.65591145 22.23769951
v 2.20626211 8.7691164 22.23769951
v 1.79228675 8.8629961 22.23769951
v 1.37436163 8.93734455 22.23769951
v 0.9534077 8.99199677 22.23769951
v 0.53035271 9.02683353 22.23769951
v 0.10612902 9.04177761 22.23769951
v -0.31832859 9.03679466 22.23769951
v 4.55694199 7.81020355 22.55520058
v 4.18537903 8.01546001 22.55520058
v 3.80459309 8.20305252 22.55520058
v 3.41542244 8.37256718 22.55520058
v 3.01872516 8.52363205 22.55520058
v 2.61537552 8.65591145 22.55520058
v 2.20626211 8.7691164 22.55520058
v 1.79228675 8.8629961 22.55520058
v 1.37436163 8.93734455 22.55520058
v 0.9534077 8.99199677 22.55520058
v 0.53035271 9.02683353 22.55520058
v 0.10612902 9.04177761 22.55520058
v -0.31832859 9.03679466 22.55520058
v 4.18537903 8.01546001 21.10740089
v 4.55694199 7.81020355 21.10740089
v 3.80459309 8.20305252 21.10740089
v 3.41542244 8.37256718 21.10740089
v 3.01872516 8.52363205 21.10740089
v 2.61537552 8.65591145 21.10740089
v 2.20626211 8.7691164 21.10740089
v 1.79228675 8.8629961 21.10740089
v 1.37436163 8.93734455 21.10740089
v 0.9534077 8.99199677 21.10740089
v 0.53035271 9.02683353 21.10740089
v 0.10612902 9.04177761 21.10740089
v -0.31832859 9.03679466 21.10740089
v 4.55694199 7.81020355 21.42490005
v 4.18537903 8.01546001 21.42490005
v 3.80459309 8.20305252 21.42490005
v 3.41542244 8.37256718 21.42490005
v 3.01872516 8.52363205 21.42490005
v 2.61537552 8.65591145 21.42490005
v 2.20626211 8.7691164 21.42490005
v 1.79228675 8.8629961 21.42490005
v 1.37436163 8.93734455 21.42490005
v 0.9534077 8.99199677 21.42490005
v 0.53035271 9.02683353 21.42490005
v 0.10612902 9.04177761 21.42490005
v -0.31832859 9.03679466 21.42490005
v 4.18537903 8.01546001 19.97710037
v 4.55694199 7.81020355 19.97710037
v 3.80459309 8.20305252 19.97710037
v 3.41542244 8.37256718 19.97710037
v 3.01872516 8.52363205 19.97710037
v 2.61537552 8.65591145 19.97710037
v 2.20626211 8.7691164 19.97710037
v 1.79228675 8.8629961 19.97710037
v 1.37436163 8.93734455 19.97710037
v 0.9534077 8.99199677 19.97710037
v 0.53035271 9.02683353 19.97710037
v 0.10612902 9.04177761 19.97710037
v -0.31832859 9.03679466 19.97710037
v 4.55694199 7.81020355 20.29459953
v 4.18537903 8.01546001 20.29459953
v 3.80459309 8.20305252 20.29459953
v 3.41542244 8.37256718 20.29459953
v 3.01872516 8.52363205 20.29459953
v 2.61537552 8.65591145 20.29459953
v 2.20626211 8.7691164 20.29459953
v 1.79228675 8.8629961 20.29459953
v 1.37436163 8.93734455 20.29459953
v 0.9534077 8.99199677 20.29459953
v 0.53035271 9.02683353 20.29459953
v 0.10612902 9.04177761 20.29459953
v -0.31832859 9.03679466 20.29459953
v 4.55694199 7.81020355 17.71649933
v 4.55694199 7.81020355 18.0340004
v 4.17682409 8.0199213 17.71649933
v 3.78707886 8.21115303 17.71649933
v 3.38860416 8.38345718 17.71649933
v 2.98231864 8.53643799 17.71649933
v 2.56915879 8.66974163 17.71649933
v 2.1500771 8.78306103 17.71649933
v 1.72603917 8.87613583 17.71649933
v 1.29802263 8.9487505 17.71649933
v 0.86701423 9.00073814 17.71649933
v 0.43400732 9.03197861 17.71649933
v -0 9.04240036 17.71649933
v -0.43400732 9.03197861 17.71649933
v -0.86701423 9.00073814 17.71649933
v -1.29802263 8.9487505 17.71649933
v -1.72603917 8.87613583 17.71649933
v -2.1500771 8.78306103 17.71649933
v -2.56915879 8.66974163 17.71649933
v -2.98231864 8.53643799 17.71649933
v -3.38860416 8.38345718 17.71649933
v -3.78707886 8.21115303 17.71649933
v -4.17682409 8.0199213 17.71649933
v -4.55694199 7.81020355 17.71649933
v -4.55694199 7.81020355 18.0340004
v 4.17682409 8.0199213 18.0340004
v 3.78707886 8.21115303 18.0340004
v 3.38860416 8.38345718 18.0340004
v 2.98231864 8.53643799 18.0340004
v 2.56915879 8.66974163 18.0340004
v 2.1500771 8.78306103 18.0340004
v 1.72603917 8.87613583 18.0340004
v 1.29802263 8.9487505 18.0340004
v 0.86701423 9.00073814 18.0340004
v 0.43400732 9.03197861 18.0340004
v -0 9.04240036 18.0340004
v -0.43400732 9.03197861 18.0340004
v -0.86701423 9.00073814 18.0340004
v -1.29802263 8.9487505 18.0340004
v -1.72603917 8.87613583 18.0340004
v -2.1500771 8.78306103 18.0340004
v -2.56915879 8.66974163 18.0340004
v -2.98231864 8.53643799 18.0340004
v -3.38860416 8.38345718 18.0340004
v -3.78707886 8.21115303 18.0340004
v -4.17682409 8.0199213 18.0340004
v 4.18537903 8.01546001 13.1953001
v 4.55694199 7.81020355 13.1953001
v 3.80459309 8.20305252 13.1953001
v 3.41542244 8.37256718 13.1953001
v 3.01872516 8.52363205 13.1953001
v 2.61537552 8.65591145 13.1953001
v 2.20626211 8.7691164 13.1953001
v 1.79228675 8.8629961 13.1953001
v 1.37436163 8.93734455 13.1953001
v 0.9534077 8.99199677 13.1953001
v 0.53035271 9.02683353 13.1953001
v 0.10612902 9.04177761 13.1953001
v -0.31832859 9.03679466 13.1953001
v 4.55694199 7.81020355 13.51280022
v 4.18537903 8.01546001 13.51280022
v 3.80459309 8.20305252 13.51280022
v 3.41542244 8.37256718 13.51280022
v 3.01872516 8.52363205 13.51280022
v 2.61537552 8.65591145 13.51280022
v 2.20626211 8.7691164 13.51280022
v 1.79228675 8.8629961 13.51280022
v 1.37436163 8.93734455 13.51280022
v 0.9534077 8.99199677 13.51280022
v 0.53035271 9.02683353 13.51280022
v 0.10612902 9.04177761 13.51280022
v -0.31832859 9.03679466 13.51280022
v 4.18537903 8.01546001 16.58620071
v 4.55694199 7.81020355 16.58620071
v 3.80459309 8.20305252 16.58620071
v 3.41542244 8.37256718 16.58620071
v 3.01872516 8.52363205 16.58620071
v 2.61537552 8.65591145 16.58620071
v 2.20626211 8.7691164 16.58620071
v 1.79228675 8.8629961 16.58620071
v 1.37436163 8.93734455 16.58620071
v 0.9534077 8.99199677 16.58620071
v 0.53035271 9.02683353 16.58620071
v 0.10612902 9.04177761 16.58620071
v -0.31832859 9.03679466 16.58620071
v 4.55694199 7.81020355 16.90369987
v 4.18537903 8.01546001 16.90369987
v 3.80459309 8.20305252 16.90369987
v 3.41542244 8.37256718 16.90369987
v 3.01872516 8.52363205 16.90369987
v 2.61537552 8.65591145 16.90369987
v 2.20626211 8.7691164 16.90369987
v 1.79228675 8.8629961 16.90369987
v 1.37436163 8.93734455 16.90369987
v 0.9534077 8.99199677 16.90369987
v 0.53035271 9.02683353 16.90369987
v 0.10612902 9.04177761 16.90369987
v -0.31832859 9.03679466 16.90369987
v 4.18537903 8.01546001 15.45590019
v 4.55694199 7.81020355 15.45590019
v 3.80459309 8.20305252 15.45590019
v 3.41542244 8.37256718 15.45590019
v 3.01872516 8.52363205 15.45590019
v 2.61537552 8.65591145 15.45590019
v 2.20626211 8.7691164 15.45590019
v 1.79228675 8.8629961 15.45590019
v 1.37436163 8.93734455 15.45590019
v 0.9534077 8.99199677 15.45590019
v 0.53035271 9.02683353 15.45590019
v 0.10612902 9.04177761 15.45590019
v -0.31832859 9.03679466 15.45590019
v 4.55694199 7.81020355 15.77340031
v 4.18537903 8.01546001 15.77340031
v 3.80459309 8.20305252 15.77340031
v 3.41542244 8.37256718 15.77340031
v 3.01872516 8.52363205 15.77340031
v 2.61537552 8.65591145 15.77340031
v 2.20626211 8.7691164 15.77340031
v 1.79228675 8.8629961 15.77340031
v 1.37436163 8.93734455 15.77340031
v 0.9534077 8.99199677 15.77340031
v 0.53035271 9.02683353 15.77340031
v 0.10612902 9.04177761 15.77340031
v -0.31832859 9.03679466 15.77340031
v 4.18537903 8.01546001 14.32559967
v 4.55694199 7.81020355 14.32559967
v 3.80459309 8.20305252 14.32559967
v 3.41542244 8.37256718 14.32559967
v 3.01872516 8.52363205 14.32559967
v 2.61537552 8.65591145 14.32559967
v 2.20626211 8.7691164 14.32559967
v 1.79228675 8.8629961 14.32559967
v 1.37436163 8.93734455 14.32559967
v 0.9534077 8.99199677 14.32559967
v 0.53035271 9.02683353 14.32559967
v 0.10612902 9.04177761 14.32559967
v -0.31832859 9.03679466 14.32559967
v 4.55694199 7.81020355 14.64309978
v 4.18537903 8.01546001 14.64309978
v 3.80459309 8.20305252 14.64309978
v 3.41542244 8.37256718 14.64309978
v 3.01872516 8.52363205 14.64309978
v 2.61537552 8.65591145 14.64309978
v 2.20626211 8.7691164 14.64309978
v 1.79228675 8.8629961 14.64309978
v 1.37436163 8.93734455 14.64309978
v 0.9534077 8.99199677 14.64309978
v 0.53035271 9.02683353 14.64309978
v 0.10612902 9.04177761 14.64309978
v -0.31832859 9.03679466 14.64309978
v 4.55694199 7.81020355 12.06499958
v 4.55694199 7.81020355 12.38249969
v 4.17682409 8.0199213 12.06499958
v 3.78707886 8.21115303 12.06499958
v 3.38860416 8.38345718 12.06499958
v 2.98231864 8.53643799 12.06499958
v 2.56915879 8.66974163 12.06499958
v 2.1500771 8.78306103 12.06499958
v 1.72603917 8.87613583 12.06499958
v 1.29802263 8.9487505 12.06499958
v 0.86701423 9.00073814 12.06499958
v 0.43400732 9.03197861 12.06499958
v -0 9.04240036 12.06499958
v -0.43400732 9.03197861 12.06499958
v -0.86701423 9.00073814 12.06499958
v -1.29802263 8.9487505 12.06499958
v -1.72603917 8.87613583 12.06499958
v -2.1500771 8.78306103 12.06499958
v -2.56915879 8.66974163 12.06499958
v -2.98231864 8.53643799 12.06499958
v -3.38860416 8.38345718 12.06499958
v -3.78707886 8.21115303 12.06499958
v -4.17682409 8.0199213 12.06499958
v -4.55694199 7.81020355 12.06499958
v -4.55694199 7.81020355 12.38249969
v 4.17682409 8.0199213 12.38249969
v 3.78707886 8.21115303 12.38249969
v 3.38860416 8.38345718 12.38249969
v 2.98231864 8.53643799 12.38249969
v 2.56915879 8.66974163 12.38249969
v 2.1500771 8.78306103 12.38249969
v 1.72603917 8.87613583 12.38249969
v 1.29802263 8.9487505 12.38249969
v 0.86701423 9.00073814 12.38249969
v 0.43400732 9.03197861 12.38249969
v -0 9.04240036 12.38249969
v -0.43400732 9.03197861 12.38249969
v -0.86701423 9.00073814 12.38249969
v -1.29802263 8.9487505 12.38249969
v -1.72603917 8.87613583 12.38249969
v -2.1500771 8.78306103 12.38249969
v -2.56915879 8.66974163 12.38249969
v -2.98231864 8.53643799 12.38249969
v -3.38860416 8.38345718 12.38249969
v -3.78707886 8.21115303 12.38249969
v -4.17682409 8.0199213 12.38249969
v 4.18537903 8.01546001 7.54379988
v 4.55694199 7.81020355 7.54379988
v 3.80459309 8.20305252 7.54379988
v 3.41542244 8.37256718 7.54379988
v 3.01872516 8.52363205 7.54379988
v 2.61537552 8.65591145 7.54379988
v 2.20626211 8.7691164 7.54379988
v 1.79228675 8.8629961 7.54379988
v 1.37436163 8.93734455 7.54379988
v 0.9534077 8.99199677 7.54379988
v 0.53035271 9.02683353 7.54379988
v 0.10612902 9.04177761 7.54379988
v -0.31832859 9.03679466 7.54379988
v 4.55694199 7.81020355 7.86129999
v 4.18537903 8.01546001 7.86129999
v 3.80459309 8.20305252 7.86129999
v 3.41542244 8.37256718 7.86129999
v 3.01872516 8.52363205 7.86129999
v 2.61537552 8.65591145 7.86129999
v 2.20626211 8.7691164 7.86129999
v 1.79228675 8.8629961 7.86129999
v 1.37436163 8.93734455 7.86129999
v 0.9534077 8.99199677 7.86129999
v 0.53035271 9.02683353 7.86129999
v 0.10612902 9.04177761 7.86129999
v -0.31832859 9.03679466 7.86129999
v 4.18537903 8.01546001 10.93470001
v 4.55694199 7.81020355 10.93470001
v 3.80459309 8.20305252 10.93470001
v 3.41542244 8.37256718 10.93470001
v 3.01872516 8.52363205 10.93470001
v 2.61537552 8.65591145 10.93470001
v 2.20626211 8.7691164 10.93470001
v 1.79228675 8.8629961 10.93470001
v 1.37436163 8.93734455 10.93470001
v 0.9534077 8.99199677 10.93470001
v 0.53035271 9.02683353 10.93470001
v 0.10612902 9.04177761 10.93470001
v -0.31832859 9.03679466 10.93470001
v 4.55694199 7.81020355 11.25220013
v 4.18537903 8.01546001 11.25220013
v 3.80459309 8.20305252 11.25220013
v 3.41542244 8.37256718 11.25220013
v 3.01872516 8.52363205 11.25220013
v 2.61537552 8.65591145 11.25220013
v 2.20626211 8.7691164 11.25220013
v 1.79228675 8.8629961 11.25220013
v 1.37436163 8.93734455 11.25220013
v 0.9534077 8.99199677 11.25220013
v 0.53035271 9.02683353 11.25220013
v 0.10612902 9.04177761 11.25220013
v -0.31832859 9.03679466 11.25220013
v 4.18537903 8.01546001 9.80440044
v 4.55694199 7.81020355 9.80440044
v 3.80459309 8.20305252 9.80440044
v 3.41542244 8.37256718 9.80440044
v 3.01872516 8.52363205 9.80440044
v 2.61537552 8.65591145 9.80440044
v 2.20626211 8.7691164 9.80440044
v 1.79228675 8.8629961 9.80440044
v 1.37436163 8.93734455 9.80440044
v 0.9534077 8.99199677 9.80440044
v 0.53035271 9.02683353 9.80440044
v 0.10612902 9.04177761 9.80440044
v -0.31832859 9.03679466 9.80440044
v 4.55694199 7.81020355 10.1218996
v 4.18537903 8.01546001 10.1218996
v 3.80459309 8.20305252 10.1218996
v 3.41542244 8.37256718 10.1218996
v 3.01872516 8.52363205 10.1218996
v 2.61537552 8.65591145 10.1218996
v 2.20626211 8.7691164 10.1218996
v 1.79228675 8.8629961 10.1218996
v 1.37436163 8.93734455 10.1218996
v 0.9534077 8.99199677 10.1218996
v 0.53035271 9.02683353 10.1218996
v 0.10612902 9.04177761 10.1218996
v -0.31832859 9.03679466 10.1218996
v 4.18537903 8.01546001 8.67409992
v 4.55694199 7.81020355 8.67409992
v 3.80459309 8.20305252 8.67409992
v 3.41542244 8.37256718 8.67409992
v 3.01872516 8.52363205 8.67409992
v 2.61537552 8.65591145 8.67409992
v 2.20626211 8.7691164 8.67409992
v 1.79228675 8.8629961 8.67409992
v 1.37436163 8.93734455 8.67409992
v 0.9534077 8.99199677 8.67409992
v 0.53035271 9.02683353 8.67409992
v 0.10612902 9.04177761 8.67409992
v -0.31832859 9.03679466 8.67409992
v 4.55694199 7.81020355 8.99160004
v 4.18537903 8.01546001 8.99160004
v 3.80459309 8.20305252 8.99160004
v 3.41542244 8.37256718 8.99160004
v 3.01872516 8.52363205 8.99160004
v 2.61537552 8.65591145 8.99160004
v 2.20626211 8.7691164 8.99160004
v 1.79228675 8.8629961 8.99160004
v 1.37436163 8.93734455 8.99160004
v 0.9534077 8.99199677 8.99160004
v 0.53035271 9.02683353 8.99160004
v 0.10612902 9.04177761 8.99160004
v -0.31832859 9.03679466 8.99160004
v 4.55694199 7.81020355 6.41349983
v 4.55694199 7.81020355 6.73099995
v 4.17682409 8.0199213 6.41349983
v 3.78707886 8.21115303 6.41349983
v 3.38860416 8.38345718 6.41349983
v 2.98231864 8.53643799 6.41349983
v 2.56915879 8.66974163 6.41349983
v 2.1500771 8.78306103 6.41349983
v 1.72603917 8.87613583 6.41349983
v 1.29802263 8.9487505 6.41349983
v 0.86701423 9.00073814 6.41349983
v 0.43400732 9.03197861 6.41349983
v -0 9.04240036 6.41349983
v -0.43400732 9.03197861 6.41349983
v -0.86701423 9.00073814 6.41349983
v -1.29802263 8.9487505 6.41349983
v -1.72603917 8.87613583 6.41349983
v -2.1500771 8.78306103 6.41349983
v -2.56915879 8.66974163 6.41349983
v -2.98231864 8.53643799 6.41349983
v -3.38860416 8.38345718 6.41349983
v -3.78707886 8.21115303 6.41349983
v -4.17682409 8.0199213 6.41349983
v -4.55694199 7.81020355 6.41349983
v -4.55694199 7.81020355 6.73099995
v 4.17682409 8.0199213 6.73099995
v 3.78707886 8.21115303 6.73099995
v 3.38860416 8.38345718 6.73099995
v 2.98231864 8.53643799 6.73099995
v 2.56915879 8.66974163 6.73099995
v 2.1500771 8.78306103 6.73099995
v 1.72603917 8.87613583 6.73099995
v 1.29802263 8.9487505 6.73099995
v 0.86701423 9.00073814 6.73099995
v 0.43400732 9.03197861 6.73099995
v -0 9.04240036 6.73099995
v -0.43400732 9.03197861 6.73099995
v -0.86701423 9.00073814 6.73099995
v -1.29802263 8.9487505 6.73099995
v -1.72603917 8.87613583 6.73099995
v -2.1500771 8.78306103 6.73099995
v -2.56915879 8.66974163 6.73099995
v -2.98231864 8.53643799 6.73099995
v -3.38860416 8.38345718 6.73099995
v -3.78707886 8.21115303 6.73099995
v -4.17682409 8.0199213 6.73099995
v 4.18537903 8.01546001 1.89230001
v 4.55694199 7.81020355 1.89230001
v 3.80459309 8.20305252 1.89230001
v 3.41542244 8.37256718 1.89230001
v 3.01872516 8.52363205 1.89230001
v 2.61537552 8.65591145 1.89230001
v 2.20626211 8.7691164 1.89230001
v 1.79228675 8.8629961 1.89230001
v 1.37436163 8.93734455 1.89230001
v 0.9534077 8.99199677 1.89230001
v 0.53035271 9.02683353 1.89230001
v 0.10612902 9.04177761 1.89230001
v -0.31832859 9.03679466 1.89230001
v 4.55694199 7.81020355 2.2098
v 4.18537903 8.01546001 2.2098
v 3.80459309 8.20305252 2.2098
v 3.41542244 8.37256718 2.2098
v 3.01872516 8.52363205 2.2098
v 2.61537552 8.65591145 2.2098
v 2.20626211 8.7691164 2.2098
v 1.79228675 8.8629961 2.2098
v 1.37436163 8.93734455 2.2098
v 0.9534077 8.99199677 2.2098
v 0.53035271 9.02683353 2.2098
v 0.10612902 9.04177761 2.2098
v -0.31832859 9.03679466 2.2098
v 4.18537903 8.01546001 5.28319979
v 4.55694199 7.81020355 5.28319979
v 3.80459309 8.20305252 5.28319979
v 3.41542244 8.37256718 5.28319979
v 3.01872516 8.52363205 5.28319979
v 2.61537552 8.65591145 5.28319979
v 2.20626211 8.7691164 5.28319979
v 1.79228675 8.8629961 5.28319979
v 1.37436163 8.93734455 5.28319979
v 0.9534077 8.99199677 5.28319979
v 0.53035271 9.02683353 5.28319979
v 0.10612902 9.04177761 5.28319979
v -0.31832859 9.03679466 5.28319979
v 4.55694199 7.81020355 5.6006999
v 4.18537903 8.01546001 5.6006999
v 3.80459309 8.20305252 5.6006999
v 3.41542244 8.37256718 5.6006999
v 3.01872516 8.52363205 5.6006999
v 2.61537552 8.65591145 5.6006999
v 2.20626211 8.7691164 5.6006999
v 1.79228675 8.8629961 5.6006999
v 1.37436163 8.93734455 5.6006999
v 0.9534077 8.99199677 5.6006999
v 0.53035271 9.02683353 5.6006999
v 0.10612902 9.04177761 5.6006999
v -0.31832859 9.03679466 5.6006999
v 4.18537903 8.01546001 4.15290022
v 4.55694199 7.81020355 4.15290022
v 3.80459309 8.20305252 4.15290022
v 3.41542244 8.37256718 4.15290022
v 3.01872516 8.52363205 4.15290022
v 2.61537552 8.65591145 4.15290022
v 2.20626211 8.7691164 4.15290022
v 1.79228675 8.8629961 4.15290022
v 1.37436163 8.93734455 4.15290022
v 0.9534077 8.99199677 4.15290022
v 0.53035271 9.02683353 4.15290022
v 0.10612902 9.04177761 4.15290022
v -0.31832859 9.03679466 4.15290022
v 4.55694199 7.81020355 4.47039986
v 4.18537903 8.01546001 4.47039986
v 3.80459309 8.20305252 4.47039986
v 3.41542244 8.37256718 4.47039986
v 3.01872516 8.52363205 4.47039986
v 2.61537552 8.65591145 4.47039986
v 2.20626211 8.7691164 4.47039986
v 1.79228675 8.8629961 4.47039986
v 1.37436163 8.93734455 4.47039986
v 0.9534077 8.99199677 4.47039986
v 0.53035271 9.02683353 4.47039986
v 0.10612902 9.04177761 4.47039986
v -0.31832859 9.03679466 4.47039986
v 4.18537903 8.01546001 3.02259994
v 4.55694199 7.81020355 3.02259994
v 3.80459309 8.20305252 3.02259994
v 3.41542244 8.37256718 3.02259994
v 3.01872516 8.52363205 3.02259994
v 2.61537552 8.65591145 3.02259994
v 2.20626211 8.7691164 3.02259994
v 1.79228675 8.8629961 3.02259994
v 1.37436163 8.93734455 3.02259994
v 0.9534077 8.99199677 3.02259994
v 0.53035271 9.02683353 3.02259994
v 0.10612902 9.04177761 3.02259994
v -0.31832859 9.03679466 3.02259994
v 4.55694199 7.81020355 3.34010005
v 4.18537903 8.01546001 3.34010005
v 3.80459309 8.20305252 3.34010005
v 3.41542244 8.37256718 3.34010005
v 3.01872516 8.52363205 3.34010005
v 2.61537552 8.65591145 3.34010005
v 2.20626211 8.7691164 3.34010005
v 1.79228675 8.8629961 3.34010005
v 1.37436163 8.93734455 3.34010005
v 0.9534077 8.99199677 3.34010005
v 0.53035271 9.02683353 3.34010005
v 0.10612902 9.04177761 3.34010005
v -0.31832859 9.03679466 3.34010005
v 4.55694199 7.81020355 0.76200002
v 4.55694199 7.81020355 1.07949996
v 4.17682409 8.0199213 0.76200002
v 3.78707886 8.21115303 0.76200002
v 3.38860416 8.38345718 0.76200002
v 2.98231864 8.53643799 0.76200002
v 2.56915879 8.66974163 0.76200002
v 2.1500771 8.78306103 0.76200002
v 1.72603917 8.87613583 0.76200002
v 1.29802263 8.9487505 0.76200002
v 0.86701423 9.00073814 0.76200002
v 0.43400732 9.03197861 0.76200002
v -0 9.04240036 0.76200002
v -0.43400732 9.03197861 0.76200002
v -0.86701423 9.00073814 0.76200002
v -1.29802263 8.9487505 0.76200002
v -1.72603917 8.87613583 0.76200002
v -2.1500771 8.78306103 0.76200002
v -2.56915879 8.66974163 0.76200002
v -2.98231864 8.53643799 0.76200002
v -3.38860416 8.38345718 0.76200002
v -3.78707886 8.21115303 0.76200002
v -4.17682409 8.0199213 0.76200002
v -4.55694199 7.81020355 0.76200002
v -4.55694199 7.81020355 1.07949996
v 4.17682409 8.0199213 1.07949996
v 3.78707886 8.21115303 1.07949996
v 3.38860416 8.38345718 1.07949996
v 2.98231864 8.53643799 1.07949996
v 2.56915879 8.66974163 1.07949996
v 2.1500771 8.78306103 1.07949996
v 1.72603917 8.87613583 1.07949996
v 1.29802263 8.9487505 1.07949996
v 0.86701423 9.00073814 1.07949996
v 0.43400732 9.03197861 1.07949996
v -0 9.04240036 1.07949996
v -0.43400732 9.03197861 1.07949996
v -0.86701423 9.00073814 1.07949996
v -1.29802263 8.9487505 1.07949996
v -1.72603917 8.87613583 1.07949996
v -2.1500771 8.78306103 1.07949996
v -2.56915879 8.66974163 1.07949996
v -2.98231864 8.53643799 1.07949996
v -3.38860416 8.38345718 1.07949996
v -3.78707886 8.21115303 1.07949996
v -4.17682409 8.0199213 1.07949996
v 4.18537903 8.01546001 -3.7592001
v 4.55694199 7.81020355 -3.7592001
v 3.80459309 8.20305252 -3.7592001
v 3.41542244 8.37256718 -3.7592001
v 3.01872516 8.52363205 -3.7592001
v 2.61537552 8.65591145 -3.7592001
v 2.20626211 8.7691164 -3.7592001
v 1.79228675 8.8629961 -3.7592001
v 1.37436163 8.93734455 -3.7592001
v 0.9534077 8.99199677 -3.7592001
v 0.53035271 9.02683353 -3.7592001
v 0.10612902 9.04177761 -3.7592001
v -0.31832859 9.03679466 -3.7592001
v 4.55694199 7.81020355 -3.44169998
v 4.18537903 8.01546001 -3.44169998
v 3.80459309 8.20305252 -3.44169998
v 3.41542244 8.37256718 -3.44169998
v 3.01872516 8.52363205 -3.44169998
v 2.61537552 8.65591145 -3.44169998
v 2.20626211 8.7691164 -3.44169998
v 1.79228675 8.8629961 -3.44169998
v 1.37436163 8.93734455 -3.44169998
v 0.9534077 8.99199677 -3.44169998
v 0.53035271 9.02683353 -3.44169998
v 0.10612902 9.04177761 -3.44169998
v -0.31832859 9.03679466 -3.44169998
v 4.18537903 8.01546001 -0.36829999
v 4.55694199 7.81020355 -0.36829999
v 3.80459309 8.20305252 -0.36829999
v 3.41542244 8.37256718 -0.36829999
v 3.01872516 8.52363205 -0.36829999
v 2.61537552 8.65591145 -0.36829999
v 2.20626211 8.7691164 -0.36829999
v 1.79228675 8.8629961 -0.36829999
v 1.37436163 8.93734455 -0.36829999
v 0.9534077 8.99199677 -0.36829999
v 0.53035271 9.02683353 -0.36829999
v 0.10612902 9.04177761 -0.36829999
v -0.31832859 9.03679466 -0.36829999
v 4.55694199 7.81020355 -0.0508
v 4.18537903 8.01546001 -0.0508
v 3.80459309 8.20305252 -0.0508
v 3.41542244 8.37256718 -0.0508
v 3.01872516 8.52363205 -0.0508
v 2.61537552 8.65591145 -0.0508
v 2.20626211 8.7691164 -0.0508
v 1.79228675 8.8629961 -0.0508
v 1.37436163 8.93734455 -0.0508
v 0.9534077 8.99199677 -0.0508
v 0.53035271 9.02683353 -0.0508
v 0.10612902 9.04177761 -0.0508
v -0.31832859 9.03679466 -0.0508
v 4.18537903 8.01546001 -1.49860001
v 4.55694199 7.81020355 -1.49860001
v 3.80459309 8.20305252 -1.49860001
v 3.41542244 8.37256718 -1.49860001
v 3.01872516 8.52363205 -1.49860001
v 2.61537552 8.65591145 -1.49860001
v 2.20626211 8.7691164 -1.49860001
v 1.79228675 8.8629961 -1.49860001
v 1.37436163 8.93734455 -1.49860001
v 0.9534077 8.99199677 -1.49860001
v 0.53035271 9.02683353 -1.49860001
v 0.10612902 9.04177761 -1.49860001
v -0.31832859 9.03679466 -1.49860001
v 4.55694199 7.81020355 -1.18110001
v 4.18537903 8.01546001 -1.18110001
v 3.80459309 8.20305252 -1.18110001
v 3.41542244 8.37256718 -1.18110001
v 3.01872516 8.52363205 -1.18110001
v 2.61537552 8.65591145 -1.18110001
v 2.20626211 8.7691164 -1.18110001
v 1.79228675 8.8629961 -1.18110001
v 1.37436163 8.93734455 -1.18110001
v 0.9534077 8.99199677 -1.18110001
v 0.53035271 9.02683353 -1.18110001
v 0.10612902 9.04177761 -1.18110001
v -0.31832859 9.03679466 -1.18110001
v 4.18537903 8.01546001 -2.62890005
v 4.55694199 7.81020355 -2.62890005
v 3.80459309 8.20305252 -2.62890005
v 3.41542244 8.37256718 -2.62890005
v 3.01872516 8.52363205 -2.62890005
v 2.61537552 8.65591145 -2.62890005
v 2.20626211 8.7691164 -2.62890005
v 1.79228675 8.8629961 -2.62890005
v 1.37436163 8.93734455 -2.62890005
v 0.9534077 8.99199677 -2.62890005
v 0.53035271 9.02683353 -2.62890005
v 0.10612902 9.04177761 -2.62890005
v -0.31832859 9.03679466 -2.62890005
v 4.55694199 7.81020355 -2.31139994
v 4.18537903 8.01546001 -2.31139994
v 3.80459309 8.20305252 -2.31139994
v 3.41542244 8.37256718 -2.31139994
v 3.01872516 8.52363205 -2.31139994
v 2.61537552 8.65591145 -2.31139994
v 2.20626211 8.7691164 -2.31139994
v 1.79228675 8.8629961 -2.31139994
v 1.37436163 8.93734455 -2.31139994
v 0.9534077 8.99199677 -2.31139994
v 0.53035271 9.02683353 -2.31139994
v 0.10612902 9.04177761 -2.31139994
v -0.31832859 9.03679466 -2.31139994
v 4.55694199 7.81020355 -4.88950014
v 4.55694199 7.81020355 -4.57200003
v 4.17682409 8.0199213 -4.88950014
v 3.78707886 8.21115303 -4.88950014
v 3.38860416 8.38345718 -4.88950014
v 2.98231864 8.53643799 -4.88950014
v 2.56915879 8.66974163 -4.88950014
v 2.1500771 8.78306103 -4.88950014
v 1.72603917 8.87613583 -4.88950014
v 1.29802263 8.9487505 -4.88950014
v 0.86701423 9.00073814 -4.88950014
v 0.43400732 9.03197861 -4.88950014
v -0 9.04240036 -4.88950014
v -0.43400732 9.03197861 -4.88950014
v -0.86701423 9.00073814 -4.88950014
v -1.29802263 8.9487505 -4.88950014
v -1.72603917 8.87613583 -4.88950014
v -2.1500771 8.78306103 -4.88950014
v -2.56915879 8.66974163 -4.88950014
v -2.98231864 8.53643799 -4.88950014
v -3.38860416 8.38345718 -4.88950014
v -3.78707886 8.21115303 -4.88950014
v -4.17682409 8.0199213 -4.88950014
v -4.55694199 7.81020355 -4.88950014
v -4.55694199 7.81020355 -4.57200003
v 4.17682409 8.0199213 -4.57200003
v 3.78707886 8.21115303 -4.57200003
v 3.38860416 8.38345718 -4.57200003
v 2.98231864 8.53643799 -4.57200003
v 2.56915879 8.66974163 -4.57200003
v 2.1500771 8.78306103 -4.57200003
v 1.72603917 8.87613583 -4.57200003
v 1.29802263 8.9487505 -4.57200003
v 0.86701423 9.00073814 -4.57200003
v 0.43400732 9.03197861 -4.57200003
v -0 9.04240036 -4.57200003
v -0.43400732 9.03197861 -4.57200003
v -0.86701423 9.00073814 -4.57200003
v -1.29802263 8.9487505 -4.57200003
v -1.72603917 8.87613583 -4.57200003
v -2.1500771 8.78306103 -4.57200003
v -2.56915879 8.66974163 -4.57200003
v -2.98231864 8.53643799 -4.57200003
v -3.38860416 8.38345718 -4.57200003
v -3.78707886 8.21115303 -4.57200003
v -4.17682409 8.0199213 -4.57200003
v 4.18537903 8.01546001 -9.41069984
v 4.55694199 7.81020355 -9.41069984
v 3.80459309 8.20305252 -9.41069984
v 3.41542244 8.37256718 -9.41069984
v 3.01872516 8.52363205 -9.41069984
v 2.61537552 8.65591145 -9.41069984
v 2.20626211 8.7691164 -9.41069984
v 1.79228675 8.8629961 -9.41069984
v 1.37436163 8.93734455 -9.41069984
v 0.9534077 8.99199677 -9.41069984
v 0.53035271 9.02683353 -9.41069984
v 0.10612902 9.04177761 -9.41069984
v -0.31832859 9.03679466 -9.41069984
v 4.55694199 7.81020355 -9.09319973
v 4.18537903 8.01546001 -9.09319973
v 3.80459309 8.20305252 -9.09319973
v 3.41542244 8.37256718 -9.09319973
v 3.01872516 8.52363205 -9.09319973
v 2.61537552 8.65591145 -9.09319973
v 2.20626211 8.7691164 -9.09319973
v 1.79228675 8.8629961 -9.09319973
v 1.37436163 8.93734455 -9.09319973
v 0.9534077 8.99199677 -9.09319973
v 0.53035271 9.02683353 -9.09319973
v 0.10612902 9.04177761 -9.09319973
v -0.31832859 9.03679466 -9.09319973
v 4.18537903 8.01546001 -6.01980019
v 4.55694199 7.81020355 -6.01980019
v 3.80459309 8.20305252 -6.01980019
v 3.41542244 8.37256718 -6.01980019
v 3.01872516 8.52363205 -6.01980019
v 2.61537552 8.65591145 -6.01980019
v 2.20626211 8.7691164 -6.01980019
v 1.79228675 8.8629961 -6.01980019
v 1.37436163 8.93734455 -6.01980019
v 0.9534077 8.99199677 -6.01980019
v 0.53035271 9.02683353 -6.01980019
v 0.10612902 9.04177761 -6.01980019
v -0.31832859 9.03679466 -6.01980019
v 4.55694199 7.81020355 -5.70230007
v 4.18537903 8.01546001 -5.70230007
v 3.80459309 8.20305252 -5.70230007
v 3.41542244 8.37256718 -5.70230007
v 3.01872516 8.52363205 -5.70230007
v 2.61537552 8.65591145 -5.70230007
v 2.20626211 8.7691164 -5.70230007
v 1.79228675 8.8629961 -5.70230007
v 1.37436163 8.93734455 -5.70230007
v 0.9534077 8.99199677 -5.70230007
v 0.53035271 9.02683353 -5.70230007
v 0.10612902 9.04177761 -5.70230007
v -0.31832859 9.03679466 -5.70230007
v 4.18537903 8.01546001 -7.15010023
v 4.55694199 7.81020355 -7.15010023
v 3.80459309 8.20305252 -7.15010023
v 3.41542244 8.37256718 -7.15010023
v 3.01872516 8.52363205 -7.15010023
v 2.61537552 8.65591145 -7.15010023
v 2.20626211 8.7691164 -7.15010023
v 1.79228675 8.8629961 -7.15010023
v 1.37436163 8.93734455 -7.15010023
v 0.9534077 8.99199677 -7.15010023
v 0.53035271 9.02683353 -7.15010023
v 0.10612902 9.04177761 -7.15010023
v -0.31832859 9.03679466 -7.15010023
v 4.55694199 7.81020355 -6.83260012
v 4.18537903 8.01546001 -6.83260012
v 3.80459309 8.20305252 -6.83260012
v 3.41542244 8.37256718 -6.83260012
v 3.01872516 8.52363205 -6.83260012
v 2.61537552 8.65591145 -6.83260012
v 2.20626211 8.7691164 -6.83260012
v 1.79228675 8.8629961 -6.83260012
v 1.37436163 8.93734455 -6.83260012
v 0.9534077 8.99199677 -6.83260012
v 0.53035271 9.02683353 -6.83260012
v 0.10612902 9.04177761 -6.83260012
v -0.31832859 9.03679466 -6.83260012
v 4.18537903 8.01546001 -8.28040028
v 4.55694199 7.81020355 -8.28040028
v 3.80459309 8.20305252 -8.28040028
v 3.41542244 8.37256718 -8.28040028
v 3.01872516 8.52363205 -8.28040028
v 2.61537552 8.65591145 -8.28040028
v 2.20626211 8.7691164 -8.28040028
v 1.79228675 8.8629961 -8.28040028
v 1.37436163 8.93734455 -8.28040028
v 0.9534077 8.99199677 -8.28040028
v 0.53035271 9.02683353 -8.28040028
v 0.10612902 9.04177761 -8.28040028
v -0.31832859 9.03679466 -8.28040028
v 4.55694199 7.81020355 -7.96290016
v 4.18537903 8.01546001 -7.96290016
v 3.80459309 8.20305252 -7.96290016
v 3.41542244 8.37256718 -7.96290016
v 3.01872516 8.52363205 -7.96290016
v 2.61537552 8.65591145 -7.96290016
v 2.20626211 8.7691164 -7.96290016
v 1.79228675 8.8629961 -7.96290016
v 1.37436163 8.93734455 -7.96290016
v 0.9534077 8.99199677 -7.96290016
v 0.53035271 9.02683353 -7.96290016
v 0.10612902 9.04177761 -7.96290016
v -0.31832859 9.03679466 -7.96290016
v 4.55694199 7.81020355 -10.54100037
v 4.55694199 7.81020355 -10.22350025
v 4.17682409 8.0199213 -10.54100037
v 3.78707886 8.21115303 -10.54100037
v 3.38860416 8.38345718 -10.54100037
v 2.98231864 8.53643799 -10.54100037
v 2.56915879 8.66974163 -10.54100037
v 2.1500771 8.78306103 -10.54100037
v 1.72603917 8.87613583 -10.54100037
v 1.29802263 8.9487505 -10.54100037
v 0.86701423 9.00073814 -10.54100037
v 0.43400732 9.03197861 -10.54100037
v -0 9.04240036 -10.54100037
v -0.43400732 9.03197861 -10.54100037
v -0.86701423 9.00073814 -10.54100037
v -1.29802263 8.9487505 -10.54100037
v -1.72603917 8.87613583 -10.54100037
v -2.1500771 8.78306103 -10.54100037
v -2.56915879 8.66974163 -10.54100037
v -2.98231864 8.53643799 -10.54100037
v -3.38860416 8.38345718 -10.54100037
v -3.78707886 8.21115303 -10.54100037
v -4.17682409 8.0199213 -10.54100037
v -4.55694199 7.81020355 -10.54100037
v -4.55694199 7.81020355 -10.22350025
v 4.17682409 8.0199213 -10.22350025
v 3.78707886 8.21115303 -10.22350025
v 3.38860416 8.38345718 -10.22350025
v 2.98231864 8.53643799 -10.22350025
v 2.56915879 8.66974163 -10.22350025
v 2.1500771 8.78306103 -10.22350025
v 1.72603917 8.87613583 -10.22350025
v 1.29802263 8.9487505 -10.22350025
v 0.86701423 9.00073814 -10.22350025
v 0.43400732 9.03197861 -10.22350025
v -0 9.04240036 -10.22350025
v -0.43400732 9.03197861 -10.22350025
v -0.86701423 9.00073814 -10.22350025
v -1.29802263 8.9487505 -10.22350025
v -1.72603917 8.87613583 -10.22350025
v -2.1500771 8.78306103 -10.22350025
v -2.56915879 8.66974163 -10.22350025
v -2.98231864 8.53643799 -10.22350025
v -3.38860416 8.38345718 -10.22350025
v -3.78707886 8.21115303 -10.22350025
v -4.17682409 8.0199213 -10.22350025
v 4.18537903 8.01546001 -15.06219959
v 4.55694199 7.81020355 -15.06219959
v 3.80459309 8.20305252 -15.06219959
v 3.41542244 8.37256718 -15.06219959
v 3.01872516 8.52363205 -15.06219959
v 2.61537552 8.65591145 -15.06219959
v 2.20626211 8.7691164 -15.06219959
v 1.79228675 8.8629961 -15.06219959
v 1.37436163 8.93734455 -15.06219959
v 0.9534077 8.99199677 -15.06219959
v 0.53035271 9.02683353 -15.06219959
v 0.10612902 9.04177761 -15.06219959
v -0.31832859 9.03679466 -15.06219959
v 4.55694199 7.81020355 -14.74470043
v 4.18537903 8.01546001 -14.74470043
v 3.80459309 8.20305252 -14.74470043
v 3.41542244 8.37256718 -14.74470043
v 3.01872516 8.52363205 -14.74470043
v 2.61537552 8.65591145 -14.74470043
v 2.20626211 8.7691164 -14.74470043
v 1.79228675 8.8629961 -14.74470043
v 1.37436163 8.93734455 -14.74470043
v 0.9534077 8.99199677 -14.74470043
v 0.53035271 9.02683353 -14.74470043
v 0.10612902 9.04177761 -14.74470043
v -0.31832859 9.03679466 -14.74470043
v 4.18537903 8.01546001 -11.67129993
v 4.55694199 7.81020355 -11.67129993
v 3.80459309 8.20305252 -11.67129993
v 3.41542244 8.37256718 -11.67129993
v 3.01872516 8.52363205 -11.67129993
v 2.61537552 8.65591145 -11.67129993
v 2.20626211 8.7691164 -11.67129993
v 1.79228675 8.8629961 -11.67129993
v 1.37436163 8.93734455 -11.67129993
v 0.9534077 8.99199677 -11.67129993
v 0.53035271 9.02683353 -11.67129993
v 0.10612902 9.04177761 -11.67129993
v -0.31832859 9.03679466 -11.67129993
v 4.55694199 7.81020355 -11.35379982
v 4.18537903 8.01546001 -11.35379982
v 3.80459309 8.20305252 -11.35379982
v 3.41542244 8.37256718 -11.35379982
v 3.01872516 8.52363205 -11.35379982
v 2.61537552 8.65591145 -11.35379982
v 2.20626211 8.7691164 -11.35379982
v 1.79228675 8.8629961 -11.35379982
v 1.37436163 8.93734455 -11.35379982
v 0.9534077 8.99199677 -11.35379982
v 0.53035271 9.02683353 -11.35379982
v 0.10612902 9.04177761 -11.35379982
v -0.31832859 9.03679466 -11.35379982
v 4.18537903 8.01546001 -12.80160046
v 4.55694199 7.81020355 -12.80160046
v 3.80459309 8.20305252 -12.80160046
v 3.41542244 8.37256718 -12.80160046
v 3.01872516 8.52363205 -12.80160046
v 2.61537552 8.65591145 -12.80160046
v 2.20626211 8.7691164 -12.80160046
v 1.79228675 8.8629961 -12.80160046
v 1.37436163 8.93734455 -12.80160046
v 0.9534077 8.99199677 -12.80160046
v 0.53035271 9.02683353 -12.80160046
v 0.10612902 9.04177761 -12.80160046
v -0.31832859 9.03679466 -12.80160046
v 4.55694199 7.81020355 -12.48410034
v 4.18537903 8.01546001 -12.48410034
v 3.80459309 8.20305252 -12.48410034
v 3.41542244 8.37256718 -12.48410034
v 3.01872516 8.52363205 -12.48410034
v 2.61537552 8.65591145 -12.48410034
v 2.20626211 8.7691164 -12.48410034
v 1.79228675 8.8629961 -12.48410034
v 1.37436163 8.93734455 -12.48410034
v 0.9534077 8.99199677 -12.48410034
v 0.53035271 9.02683353 -12.48410034
v 0.10612902 9.04177761 -12.48410034
v -0.31832859 9.03679466 -12.48410034
v 4.18537903 8.01546001 -13.93190002
v 4.55694199 7.81020355 -13.93190002
v 3.80459309 8.20305252 -13.93190002
v 3.41542244 8.37256718 -13.93190002
v 3.01872516 8.52363205 -13.93190002
v 2.61537552 8.65591145 -13.93190002
v 2.20626211 8.7691164 -13.93190002
v 1.79228675 8.8629961 -13.93190002
v 1.37436163 8.93734455 -13.93190002
v 0.9534077 8.99199677 -13.93190002
v 0.53035271 9.02683353 -13.93190002
v 0.10612902 9.04177761 -13.93190002
v -0.31832859 9.03679466 -13.93190002
v 4.55694199 7.81020355 -13.61439991
v 4.18537903 8.01546001 -13.61439991
v 3.80459309 8.20305252 -13.61439991
v 3.41542244 8.37256718 -13.61439991
v 3.01872516 8.52363205 -13.61439991
v 2.61537552 8.65591145 -13.61439991
v 2.20626211 8.7691164 -13.61439991
v 1.79228675 8.8629961 -13.61439991
v 1.37436163 8.93734455 -13.61439991
v 0.9534077 8.99199677 -13.61439991
v 0.53035271 9.02683353 -13.61439991
v 0.10612902 9.04177761 -13.61439991
v -0.31832859 9.03679466 -13.61439991
v 4.55694199 7.81020355 -16.19249916
v 4.55694199 7.81020355 -15.875
v 4.17682409 8.0199213 -16.19249916
v 3.78707886 8.21115303 -16.19249916
v 3.38860416 8.38345718 -16.19249916
v 2.98231864 8.53643799 -16.19249916
v 2.56915879 8.66974163 -16.19249916
v 2.1500771 8.78306103 -16.19249916
v 1.72603917 8.87613583 -16.19249916
v 1.29802263 8.9487505 -16.19249916
v 0.86701423 9.00073814 -16.19249916
v 0.43400732 9.03197861 -16.19249916
v -0 9.04240036 -16.19249916
v -0.43400732 9.03197861 -16.19249916
v -0.86701423 9.00073814 -16.19249916
v -1.29802263 8.9487505 -16.19249916
v -1.72603917 8.87613583 -16.19249916
v -2.1500771 8.78306103 -16.19249916
v -2.56915879 8.66974163 -16.19249916
v -2.98231864 8.53643799 -16.19249916
v -3.38860416 8.38345718 -16.19249916
v -3.78707886 8.21115303 -16.19249916
v -4.17682409 8.0199213 -16.19249916
v -4.55694199 7.81020355 -16.19249916
v -4.55694199 7.81020355 -15.875
v 4.17682409 8.0199213 -15.875
v 3.78707886 8.21115303 -15.875
v 3.38860416 8.38345718 -15.875
v 2.98231864 8.53643799 -15.875
v 2.56915879 8.66974163 -15.875
v 2.1500771 8.78306103 -15.875
v 1.72603917 8.87613583 -15.875
v 1.29802263 8.9487505 -15.875
v 0.86701423 9.00073814 -15.875
v 0.43400732 9.03197861 -15.875
v -0 9.04240036 -15.875
v -0.43400732 9.03197861 -15.875
v -0.86701423 9.00073814 -15.875
v -1.29802263 8.9487505 -15.875
v -1.72603917 8.87613583 -15.875
v -2.1500771 8.78306103 -15.875
v -2.56915879 8.66974163 -15.875
v -2.98231864 8.53643799 -15.875
v -3.38860416 8.38345718 -15.875
v -3.78707886 8.21115303 -15.875
v -4.17682409 8.0199213 -15.875
v 4.18537903 8.01546001 -20.71369934
v 4.55694199 7.81020355 -20.71369934
v 3.80459309 8.20305252 -20.71369934
v 3.41542244 8.37256718 -20.71369934
v 3.01872516 8.52363205 -20.71369934
v 2.61537552 8.65591145 -20.71369934
v 2.20626211 8.7691164 -20.71369934
v 1.79228675 8.8629961 -20.71369934
v 1.37436163 8.93734455 -20.71369934
v 0.9534077 8.99199677 -20.71369934
v 0.53035271 9.02683353 -20.71369934
v 0.10612902 9.04177761 -20.71369934
v -0.31832859 9.03679466 -20.71369934
v 4.55694199 7.81020355 -20.39620018
v 4.18537903 8.01546001 -20.39620018
v 3.80459309 8.20305252 -20.39620018
v 3.41542244 8.37256718 -20.39620018
v 3.01872516 8.52363205 -20.39620018
v 2.61537552 8.65591145 -20.39620018
v 2.20626211 8.7691164 -20.39620018
v 1.79228675 8.8629961 -20.39620018
v 1.37436163 8.93734455 -20.39620018
v 0.9534077 8.99199677 -20.39620018
v 0.53035271 9.02683353 -20.39620018
v 0.10612902 9.04177761 -20.39620018
v -0.31832859 9.03679466 -20.39620018
v 4.18537903 8.01546001 -17.32279968
v 4.55694199 7.81020355 -17.32279968
v 3.80459309 8.20305252 -17.32279968
v 3.41542244 8.37256718 -17.32279968
v 3.01872516 8.52363205 -17.32279968
v 2.61537552 8.65591145 -17.32279968
v 2.20626211 8.7691164 -17.32279968
v 1.79228675 8.8629961 -17.32279968
v 1.37436163 8.93734455 -17.32279968
v 0.9534077 8.99199677 -17.32279968
v 0.53035271 9.02683353 -17.32279968
v 0.10612902 9.04177761 -17.32279968
v -0.31832859 9.03679466 -17.32279968
v 4.55694199 7.81020355 -17.00530052
v 4.18537903 8.01546001 -17.00530052
v 3.80459309 8.20305252 -17.00530052
v 3.41542244 8.37256718 -17.00530052
v 3.01872516 8.52363205 -17.00530052
v 2.61537552 8.65591145 -17.00530052
v 2.20626211 8.7691164 -17.00530052
v 1.79228675 8.8629961 -17.00530052
v 1.37436163 8.93734455 -17.00530052
v 0.9534077 8.99199677 -17.00530052
v 0.53035271 9.02683353 -17.00530052
v 0.10612902 9.04177761 -17.00530052
v -0.31832859 9.03679466 -17.00530052
v 4.18537903 8.01546001 -18.4531002
v 4.55694199 7.81020355 -18.4531002
v 3.80459309 8.20305252 -18.4531002
v 3.41542244 8.37256718 -18.4531002
v 3.01872516 8.52363205 -18.4531002
v 2.61537552 8.65591145 -18.4531002
v 2.20626211 8.7691164 -18.4531002
v 1.79228675 8.8629961 -18.4531002
v 1.37436163 8.93734455 -18.4531002
v 0.9534077 8.99199677 -18.4531002
v 0.53035271 9.02683353 -18.4531002
v 0.10612902 9.04177761 -18.4531002
v -0.31832859 9.03679466 -18.4531002
v 4.55694199 7.81020355 -18.13559914
v 4.18537903 8.01546001 -18.13559914
v 3.80459309 8.20305252 -18.13559914
v 3.41542244 8.37256718 -18.13559914
v 3.01872516 8.52363205 -18.13559914
v 2.61537552 8.65591145 -18.13559914
v 2.20626211 8.7691164 -18.13559914
v 1.79228675 8.8629961 -18.13559914
v 1.37436163 8.93734455 -18.13559914
v 0.9534077 8.99199677 -18.13559914
v 0.53035271 9.02683353 -18.13559914
v 0.10612902 9.04177761 -18.13559914
v -0.31832859 9.03679466 -18.13559914
v 4.18537903 8.01546001 -19.58340073
v 4.55694199 7.81020355 -19.58340073
v 3.80459309 8.20305252 -19.58340073
v 3.41542244 8.37256718 -19.58340073
v 3.01872516 8.52363205 -19.58340073
v 2.61537552 8.65591145 -19.58340073
v 2.20626211 8.7691164 -19.58340073
v 1.79228675 8.8629961 -19.58340073
v 1.37436163 8.93734455 -19.58340073
v 0.9534077 8.99199677 -19.58340073
v 0.53035271 9.02683353 -19.58340073
v 0.10612902 9.04177761 -19.58340073
v -0.31832859 9.03679466 -19.58340073
v 4.55694199 7.81020355 -19.26589966
v 4.18537903 8.01546001 -19.26589966
v 3.80459309 8.20305252 -19.26589966
v 3.41542244 8.37256718 -19.26589966
v 3.01872516 8.52363205 -19.26589966
v 2.61537552 8.65591145 -19.26589966
v 2.20626211 8.7691164 -19.26589966
v 1.79228675 8.8629961 -19.26589966
v 1.37436163 8.93734455 -19.26589966
v 0.9534077 8.99199677 -19.26589966
v 0.53035271 9.02683353 -19.26589966
v 0.10612902 9.04177761 -19.26589966
v -0.31832859 9.03679466 -19.26589966
v 4.55694199 7.81020355 -21.5265007
v 4.55694199 7.81020355 -21.84399986
v 4.17682409 8.0199213 -21.84399986
v 3.78707886 8.21115303 -21.84399986
v 3.38860416 8.38345718 -21.84399986
v 2.98231864 8.53643799 -21.84399986
v 2.56915879 8.66974163 -21.84399986
v 2.1500771 8.78306103 -21.84399986
v 1.72603917 8.87613583 -21.84399986
v 1.29802263 8.9487505 -21.84399986
v 0.86701423 9.00073814 -21.84399986
v 0.43400732 9.03197861 -21.84399986
v -0 9.04240036 -21.84399986
v -0.43400732 9.03197861 -21.84399986
v -0.86701423 9.00073814 -21.84399986
v -1.29802263 8.9487505 -21.84399986
v -1.72603917 8.87613583 -21.84399986
v -2.1500771 8.78306103 -21.84399986
v -2.56915879 8.66974163 -21.84399986
v -2.98231864 8.53643799 -21.84399986
v -3.38860416 8.38345718 -21.84399986
v -3.78707886 8.21115303 -21.84399986
v -4.17682409 8.0199213 -21.84399986
v -4.55694199 7.81020355 -21.84399986
v -4.55694199 7.81020355 -21.5265007
v 4.17682409 8.0199213 -21.5265007
v 3.78707886 8.21115303 -21.5265007
v 3.38860416 8.38345718 -21.5265007
v 2.98231864 8.53643799 -21.5265007
v 2.56915879 8.66974163 -21.5265007
v 2.1500771 8.78306103 -21.5265007
v 1.72603917 8.87613583 -21.5265007
v 1.29802263 8.9487505 -21.5265007
v 0.86701423 9.00073814 -21.5265007
v 0.43400732 9.03197861 -21.5265007
v -0 9.04240036 -21.5265007
v -0.43400732 9.03197861 -21.5265007
v -0.86701423 9.00073814 -21.5265007
v -1.29802263 8.9487505 -21.5265007
v -1.72603917 8.87613583 -21.5265007
v -2.1500771 8.78306103 -21.5265007
v -2.56915879 8.66974163 -21.5265007
v -2.98231864 8.53643799 -21.5265007
v -3.38860416 8.38345718 -21.5265007
v -3.78707886 8.21115303 -21.5265007
v -4.17682409 8.0199213 -21.5265007
v 4.18537903 8.01546001 -26.36520004
v 4.55694199 7.81020355 -26.36520004
v 3.80459309 8.20305252 -26.36520004
v 3.41542244 8.37256718 -26.36520004
v 3.01872516 8.52363205 -26.36520004
v 2.61537552 8.65591145 -26.36520004
v 2.20626211 8.7691164 -26.36520004
v 1.79228675 8.8629961 -26.36520004
v 1.37436163 8.93734455 -26.36520004
v 0.9534077 8.99199677 -26.36520004
v 0.53035271 9.02683353 -26.36520004
v 0.10612902 9.04177761 -26.36520004
v -0.31832859 9.03679466 -26.36520004
v 4.55694199 7.81020355 -26.04770088
v 4.18537903 8.01546001 -26.04770088
v 3.80459309 8.20305252 -26.04770088
v 3.41542244 8.37256718 -26.04770088
v 3.01872516 8.52363205 -26.04770088
v 2.61537552 8.65591145 -26.04770088
v 2.20626211 8.7691164 -26.04770088
v 1.79228675 8.8629961 -26.04770088
v 1.37436163 8.93734455 -26.04770088
v 0.9534077 8.99199677 -26.04770088
v 0.53035271 9.02683353 -26.04770088
v 0.10612902 9.04177761 -26.04770088
v -0.31832859 9.03679466 -26.04770088
v 4.18537903 8.01546001 -22.97430038
v 4.55694199 7.81020355 -22.97430038
v 3.80459309 8.20305252 -22.97430038
v 3.41542244 8.37256718 -22.97430038
v 3.01872516 8.52363205 -22.97430038
v 2.61537552 8.65591145 -22.97430038
v 2.20626211 8.7691164 -22.97430038
v 1.79228675 8.8629961 -22.97430038
v 1.37436163 8.93734455 -22.97430038
v 0.9534077 8.99199677 -22.97430038
v 0.53035271 9.02683353 -22.97430038
v 0.10612902 9.04177761 -22.97430038
v -0.31832859 9.03679466 -22.97430038
v 4.55694199 7.81020355 -22.65679932
v 4.18537903 8.01546001 -22.65679932
v 3.80459309 8.20305252 -22.65679932
v 3.41542244 8.37256718 -22.65679932
v 3.01872516 8.52363205 -22.65679932
v 2.61537552 8.65591145 -22.65679932
v 2.20626211 8.7691164 -22.65679932
v 1.79228675 8.8629961 -22.65679932
v 1.37436163 8.93734455 -22.65679932
v 0.9534077 8.99199677 -22.65679932
v 0.53035271 9.02683353 -22.65679932
v 0.10612902 9.04177761 -22.65679932
v -0.31832859 9.03679466 -22.65679932
v 4.18537903 8.01546001 -24.10460091
v 4.55694199 7.81020355 -24.10460091
v 3.80459309 8.20305252 -24.10460091
v 3.41542244 8.37256718 -24.10460091
v 3.01872516 8.52363205 -24.10460091
v 2.61537552 8.65591145 -24.10460091
v 2.20626211 8.7691164 -24.10460091
v 1.79228675 8.8629961 -24.10460091
v 1.37436163 8.93734455 -24.10460091
v 0.9534077 8.99199677 -24.10460091
v 0.53035271 9.02683353 -24.10460091
v 0.10612902 9.04177761 -24.10460091
v -0.31832859 9.03679466 -24.10460091
v 4.55694199 7.81020355 -23.78709984
v 4.18537903 8.01546001 -23.78709984
v 3.80459309 8.20305252 -23.78709984
v 3.41542244 8.37256718 -23.78709984
v 3.01872516 8.52363205 -23.78709984
v 2.61537552 8.65591145 -23.78709984
v 2.20626211 8.7691164 -23.78709984
v 1.79228675 8.8629961 -23.78709984
v 1.37436163 8.93734455 -23.78709984
v 0.9534077 8.99199677 -23.78709984
v 0.53035271 9.02683353 -23.78709984
v 0.10612902 9.04177761 -23.78709984
v -0.31832859 9.03679466 -23.78709984
v 4.18537903 8.01546001 -25.23489952
v 4.55694199 7.81020355 -25.23489952
v 3.80459309 8.20305252 -25.23489952
v 3.41542244 8.37256718 -25.23489952
v 3.01872516 8.52363205 -25.23489952
v 2.61537552 8.65591145 -25.23489952
v 2.20626211 8.7691164 -25.23489952
v 1.79228675 8.8629961 -25.23489952
v 1.37436163 8.93734455 -25.23489952
v 0.9534077 8.99199677 -25.23489952
v 0.53035271 9.02683353 -25.23489952
v 0.10612902 9.04177761 -25.23489952
v -0.31832859 9.03679466 -25.23489952
v 4.55694199 7.81020355 -24.91740036
v 4.18537903 8.01546001 -24.91740036
v 3.80459309 8.20305252 -24.91740036
v 3.41542244 8.37256718 -24.91740036
v 3.01872516 8.52363205 -24.91740036
v 2.61537552 8.65591145 -24.91740036
v 2.20626211 8.7691164 -24.91740036
v 1.79228675 8.8629961 -24.91740036
v 1.37436163 8.93734455 -24.91740036
v 0.9534077 8.99199677 -24.91740036
v 0.53035271 9.02683353 -24.91740036
v 0.10612902 9.04177761 -24.91740036
v -0.31832859 9.03679466 -24.91740036
v 4.55694199 7.81020355 -27.1779995
v 4.55694199 7.81020355 -27.49550056
v 4.17682409 8.0199213 -27.49550056
v 3.78707886 8.21115303 -27.49550056
v 3.38860416 8.38345718 -27.49550056
v 2.98231864 8.53643799 -27.49550056
v 2.56915879 8.66974163 -27.49550056
v 2.1500771 8.78306103 -27.49550056
v 1.72603917 8.87613583 -27.49550056
v 1.29802263 8.9487505 -27.49550056
v 0.86701423 9.00073814 -27.49550056
v 0.43400732 9.03197861 -27.49550056
v -0 9.04240036 -27.49550056
v -0.43400732 9.03197861 -27.49550056
v -0.86701423 9.00073814 -27.49550056
v -1.29802263 8.9487505 -27.49550056
v -1.72603917 8.87613583 -27.49550056
v -2.1500771 8.78306103 -27.49550056
v -2.56915879 8.66974163 -27.49550056
v -2.98231864 8.53643799 -27.49550056
v -3.38860416 8.38345718 -27.49550056
v -3.78707886 8.21115303 -27.49550056
v -4.17682409 8.0199213 -27.49550056
v -4.55694199 7.81020355 -27.49550056
v -4.55694199 7.81020355 -27.1779995
v 4.17682409 8.0199213 -27.1779995
v 3.78707886 8.21115303 -27.1779995
v 3.38860416 8.38345718 -27.1779995
v 2.98231864 8.53643799 -27.1779995
v 2.56915879 8.66974163 -27.1779995
v 2.1500771 8.78306103 -27.1779995
v 1.72603917 8.87613583 -27.1779995
v 1.29802263 8.9487505 -27.1779995
v 0.86701423 9.00073814 -27.1779995
v 0.43400732 9.03197861 -27.1779995
v -0 9.04240036 -27.1779995
v -0.43400732 9.03197861 -27.1779995
v -0.86701423 9.00073814 -27.1779995
v -1.29802263 8.9487505 -27.1779995
v -1.72603917 8.87613583 -27.1779995
v -2.1500771 8.78306103 -27.1779995
v -2.56915879 8.66974163 -27.1779995
v -2.98231864 8.53643799 -27.1779995
v -3.38860416 8.38345718 -27.1779995
v -3.78707886 8.21115303 -27.1779995
v -4.17682409 8.0199213 -27.1779995
v 7.19194889 0.35893524 19.61356163
v 7.20090008 0 18.34356308
v 7.19194889 0.35893524 18.34356308
v 7.20090008 0 19.61356163
v 7.16511726 0.71697813 19.61356163
v 7.16511726 0.71697813 18.34356308
v 7.12047195 1.07323849 19.61356163
v 7.12047195 1.07323849 18.34356308
v 7.05812407 1.42683053 19.61356163
v 7.05812407 1.42683053 18.34356308
v 6.97822857 1.77687538 19.61356163
v 6.97822857 1.77687538 18.34356308
v 6.88098431 2.12250257 19.61356163
v 6.88098431 2.12250257 18.34356308
v 6.76663256 2.46285295 18.34356308
v 6.76663256 2.46285295 19.61356163
v 6.63545799 2.79708004 19.61356163
v 6.63545799 2.79708004 18.34356308
v 6.48778677 3.12435341 19.61356163
v 6.48778677 3.12435341 18.34356308
v 6.32398558 3.4438591 19.61356163
v 6.32398558 3.4438591 18.34356308
v 6.14446211 3.7548027 19.61356163
v 6.14446211 3.7548027 18.34356308
v 5.94966269 4.05641127 19.61356163
v 5.94966269 4.05641127 18.34356308
v 5.7400713 4.3479352 19.61356163
v 5.7400713 4.3479352 18.34356308
v 5.5162096 4.62864923 18.34356308
v 5.5162096 4.62864923 19.61356163
v 5.27863312 4.89785576 19.61356163
v 5.27863312 4.89785576 18.34356308
v 5.0279336 5.15488577 19.61356163
v 5.0279336 5.15488577 18.34356308
v 4.76473331 5.39909935 19.61356163
v 4.76473331 5.39909935 18.34356308
v 4.48968792 5.62989044 19.61356163
v 4.48968792 5.62989044 18.34356308
v 4.20347977 5.84668446 18.34356308
v 4.20347977 5.84668446 19.61356163
v 3.90682149 6.04894257 18.34356308
v 3.90682149 6.04894257 19.61356163
v 3.60045004 6.23616219 19.61356163
v 3.60045004 6.23616219 18.34356308
v 3.2851274 6.40787792 18.34356308
v 3.2851274 6.40787792 19.61356163
v 2.96163726 6.56366253 19.61356163
v 2.96163726 6.56366253 18.34356308
v 2.63078427 6.70312881 19.61356163
v 2.63078427 6.70312881 18.34356308
v 2.29339051 6.82593012 19.61356163
v 2.29339051 6.82593012 18.34356308
v 1.95029509 6.93176079 19.61356163
v 1.95029509 6.93176079 18.34356308
v 1.60235095 7.02035856 19.61356163
v 1.60235095 7.02035856 18.34356308
v 1.25042319 7.09150219 19.61356163
v 1.25042319 7.09150219 18.34356308
v 0.89538658 7.14501524 19.61356163
v 0.89538658 7.14501524 18.34356308
v 0.53812391 7.18076468 19.61356163
v 0.53812391 7.18076468 18.34356308
v 0.17952342 7.1986618 19.61356163
v 0.17952342 7.1986618 18.34356308
v -0.17952342 7.1986618 19.61356163
v -0.17952342 7.1986618 18.34356308
v -0.53812391 7.18076468 19.61356163
v -0.53812391 7.18076468 18.34356308
v -0.89538658 7.14501524 19.61356163
v -0.89538658 7.14501524 18.34356308
v -1.25042319 7.09150219 19.61356163
v -1.25042319 7.09150219 18.34356308
v -1.60235095 7.02035856 19.61356163
v -1.60235095 7.02035856 18.34356308
v -1.95029509 6.93176079 18.34356308
v -1.95029509 6.93176079 19.61356163
v -2.29339051 6.82593012 19.61356163
v -2.29339051 6.82593012 18.34356308
v -2.63078427 6.70312881 18.34356308
v -2.63078427 6.70312881 19.61356163
v -2.96163726 6.56366253 19.61356163
v -2.96163726 6.56366253 18.34356308
v -3.2851274 6.40787792 19.61356163
v -3.2851274 6.40787792 18.34356308
v -3.60045004 6.23616219 18.34356308
v -3.60045004 6.23616219 19.61356163
v -3.90682149 6.04894257 18.34356308
v -3.90682149 6.04894257 19.61356163
v -4.20347977 5.84668446 19.61356163
v -4.20347977 5.84668446 18.34356308
v -4.48968792 5.62989044 18.34356308
v -4.48968792 5.62989044 19.61356163
v -4.76473331 5.39909935 19.61356163
v -4.76473331 5.39909935 18.34356308
v -5.0279336 5.15488577 18.34356308
v -5.0279336 5.15488577 19.61356163
v -5.27863312 4.89785576 18.34356308
v -5.27863312 4.89785576 19.61356163
v -5.5162096 4.62864923 19.61356163
v -5.5162096 4.62864923 18.34356308
v -5.7400713 4.3479352 19.61356163
v -5.7400713 4.3479352 18.34356308
v -5.94966269 4.05641127 19.61356163
v -5.94966269 4.05641127 18.34356308
v -6.14446211 3.7548027 19.61356163
v -6.14446211 3.7548027 18.34356308
v -6.32398558 3.4438591 19.61356163
v -6.32398558 3.4438591 18.34356308
v -6.48778677 3.12435341 19.61356163
v -6.48778677 3.12435341 18.34356308
v -6.63545799 2.79708004 19.61356163
v -6.63545799 2.79708004 18.34356308
v -6.76663256 2.46285295 19.61356163
v -6.76663256 2.46285295 18.34356308
v -6.88098431 2.12250257 19.61356163
v -6.88098431 2.12250257 18.34356308
v -6.97822857 1.77687538 19.61356163
v -6.97822857 1.77687538 18.34356308
v -7.05812407 1.42683053 19.61356163
v -7.05812407 1.42683053 18.34356308
v -7.12047195 1.07323849 19.61356163
v -7.12047195 1.07323849 18.34356308
v -7.16511726 0.71697813 19.61356163
v -7.16511726 0.71697813 18.34356308
v -7.19194889 0.35893524 19.61356163
v -7.19194889 0.35893524 18.34356308
v -7.20090008 0 19.61356163
v -7.20090008 0 18.34356308
v -9.00579071 0.44946036 -67.43699646
v -9.0170002 0 -67.43699646
v -9.0170002 0 -65.27799988
v -9.00579071 0.44946036 -65.27799988
v -8.97219276 0.89780325 -67.43699646
v -8.97219276 0.89780325 -65.27799988
v -8.91628742 1.34391415 -67.43699646
v -8.91628742 1.34391415 -65.27799988
v -8.83821487 1.7866838 -67.43699646
v -8.83821487 1.7866838 -65.27799988
v -8.73816967 2.22501135 -67.43699646
v -8.73816967 2.22501135 -65.27799988
v -8.61639977 2.65780735 -67.43699646
v -8.61639977 2.65780735 -65.27799988
v -8.47320843 3.08399558 -67.43699646
v -8.47320843 3.08399558 -65.27799988
v -8.30895138 3.50251651 -67.43699646
v -8.30895138 3.50251651 -65.27799988
v -8.12403584 3.91232967 -67.43699646
v -8.12403584 3.91232967 -65.27799988
v -7.91892385 4.31241608 -67.43699646
v -7.91892385 4.31241608 -65.27799988
v -7.69412374 4.70178127 -67.43699646
v -7.69412374 4.70178127 -65.27799988
v -7.45019484 5.07945681 -67.43699646
v -7.45019484 5.07945681 -65.27799988
v -7.18774366 5.44450426 -65.27799988
v -7.18774366 5.44450426 -67.43699646
v -6.90742254 5.79601574 -67.43699646
v -6.90742254 5.79601574 -65.27799988
v -6.60992861 6.13311768 -67.43699646
v -6.60992861 6.13311768 -65.27799988
v -6.29600143 6.45497131 -65.27799988
v -6.29600143 6.45497131 -67.43699646
v -5.96642113 6.760777 -67.43699646
v -5.96642113 6.760777 -65.27799988
v -5.62200737 7.04977465 -67.43699646
v -5.62200737 7.04977465 -65.27799988
v -5.26361656 7.32124519 -65.27799988
v -5.26361656 7.32124519 -67.43699646
v -4.89213943 7.57451391 -67.43699646
v -4.89213943 7.57451391 -65.27799988
v -4.5085001 7.8089509 -65.27799988
v -4.5085001 7.8089509 -67.43699646
v -4.11365128 8.02397442 -67.43699646
v -4.11365128 8.02397442 -65.27799988
v -3.70857573 8.2190485 -65.27799988
v -3.70857573 8.2190485 -67.43699646
v -3.29428005 8.3936882 -67.43699646
v -3.29428005 8.3936882 -65.27799988
v -2.87179422 8.54746056 -67.43699646
v -2.87179422 8.54746056 -65.27799988
v -2.44216847 8.67998314 -65.27799988
v -2.44216847 8.67998314 -67.43699646
v -2.00647116 8.79092503 -67.43699646
v -2.00647116 8.79092503 -65.27799988
v -1.56578565 8.88001156 -67.43699646
v -1.56578565 8.88001156 -65.27799988
v -1.12120724 8.94702053 -67.43699646
v -1.12120724 8.94702053 -65.27799988
v -0.67384124 8.99178696 -67.43699646
v -0.67384124 8.99178696 -65.27799988
v -0.22480005 9.01419735 -67.43699646
v -0.22480005 9.01419735 -65.27799988
v 0.22480005 9.01419735 -67.43699646
v 0.22480005 9.01419735 -65.27799988
v 0.67384124 8.99178696 -67.43699646
v 0.67384124 8.99178696 -65.27799988
v 1.12120724 8.94702053 -67.43699646
v 1.12120724 8.94702053 -65.27799988
v 1.56578565 8.88001156 -67.43699646
v 1.56578565 8.88001156 -65.27799988
v 2.00647116 8.79092503 -67.43699646
v 2.00647116 8.79092503 -65.27799988
v 2.44216847 8.67998314 -67.43699646
v 2.44216847 8.67998314 -65.27799988
v 2.87179422 8.54746056 -67.43699646
v 2.87179422 8.54746056 -65.27799988
v 3.29428005 8.3936882 -65.27799988
v 3.29428005 8.3936882 -67.43699646
v 3.70857573 8.2190485 -67.43699646
v 3.70857573 8.2190485 -65.27799988
v 4.11365128 8.02397442 -67.43699646
v 4.11365128 8.02397442 -65.27799988
v 4.5085001 7.8089509 -65.27799988
v 4.5085001 7.8089509 -67.43699646
v 4.89213943 7.57451391 -67.43699646
v 4.89213943 7.57451391 -65.27799988
v 5.26361656 7.32124519 -67.43699646
v 5.26361656 7.32124519 -65.27799988
v 5.62200737 7.04977465 -67.43699646
v 5.62200737 7.04977465 -65.27799988
v 5.96642113 6.760777 -67.43699646
v 5.96642113 6.760777 -65.27799988
v 6.29600143 6.45497131 -67.43699646
v 6.29600143 6.45497131 -65.27799988
v 6.60992861 6.13311768 -67.43699646
v 6.60992861 6.13311768 -65.27799988
v 6.90742254 5.79601574 -67.43699646
v 6.90742254 5.79601574 -65.27799988
v 7.18774366 5.44450426 -67.43699646
v 7.18774366 5.44450426 -65.27799988
v 7.45019484 5.07945681 -67.43699646
v 7.45019484 5.07945681 -65.27799988
v 7.69412374 4.70178127 -67.43699646
v 7.69412374 4.70178127 -65.27799988
v 7.91892385 4.31241608 -67.43699646
v 7.91892385 4.31241608 -65.27799988
v 8.12403584 3.91232967 -67.43699646
v 8.12403584 3.91232967 -65.27799988
v 8.30895138 3.50251651 -67.43699646
v 8.30895138 3.50251651 -65.27799988
v 8.47320843 3.08399558 -67.43699646
v 8.47320843 3.08399558 -65.27799988
v 8.61639977 2.65780735 -67.43699646
v 8.61639977 2.65780735 -65.27799988
v 8.73816967 2.22501135 -67.43699646
v 8.73816967 2.22501135 -65.27799988
v 8.83821487 1.7866838 -67.43699646
v 8.83821487 1.7866838 -65.27799988
v 8.91628742 1.34391415 -67.43699646
v 8.91628742 1.34391415 -65.27799988
v 8.97219276 0.89780325 -67.43699646
v 8.97219276 0.89780325 -65.27799988
v 9.00579071 0.44946036 -65.27799988
v 9.00579071 0.44946036 -67.43699646
v 9.0170002 0 -65.27799988
v 9.0170002 0 -67.43699646
v -0.50800002 -0.50800002 18.34356308
v -6.80084991 -0.50800002 18.34356308
v -0.50800002 -0.50800002 -65.27799988
v -6.80084991 -0.50800002 -65.27799988
v -0.50800002 -6.80084991 18.34356308
v -0.50800002 -6.80084991 -65.27799988
v 0.50800002 -6.80084991 18.34356308
v 0.50800002 -6.80084991 -65.27799988
v 0.50800002 -0.50800002 18.34356308
v 0.50800002 -0.50800002 -65.27799988
v 6.80084991 -0.50800002 18.34356308
v 6.80084991 -0.50800002 -65.27799988
v 6.80084991 0.50800002 -65.27799988
v 6.80084991 0.50800002 18.34356308
v 0.50800002 0.50800002 18.34356308
v 0.50800002 0.50800002 -65.27799988
v 0.50800002 6.80084991 18.34356308
v 0.50800002 6.80084991 -65.27799988
v -0.50800002 6.80084991 18.34356308
v -0.50800002 6.80084991 -65.27799988
v -0.50800002 0.50800002 18.34356308
v -0.50800002 0.50800002 -65.27799988
v -6.80084991 0.50800002 18.34356308
v -6.80084991 0.50800002 -65.27799988
v -9.00579071 -0.44946036 -65.27799988
v -8.97219276 -0.89780325 -65.27799988
v -8.91628742 -1.34391415 -65.27799988
v -8.83821487 -1.7866838 -65.27799988
v -8.73816967 -2.22501135 -65.27799988
v -8.61639977 -2.65780735 -65.27799988
v -8.47320843 -3.08399558 -65.27799988
v -8.30895138 -3.50251651 -65.27799988
v -8.12403584 -3.91232967 -65.27799988
v -7.91892385 -4.31241608 -65.27799988
v -7.69412374 -4.70178127 -65.27799988
v -7.45019484 -5.07945681 -65.27799988
v -7.18774366 -5.44450426 -65.27799988
v -6.90742254 -5.79601574 -65.27799988
v -5.96642113 -6.760777 -65.27799988
v -5.62200737 -7.04977465 -65.27799988
v -5.26361656 -7.32124519 -65.27799988
v -4.89213943 -7.57451391 -65.27799988
v -4.5085001 -7.8089509 -65.27799988
v -4.11365128 -8.02397442 -65.27799988
v -3.70857573 -8.2190485 -65.27799988
v -3.29428005 -8.3936882 -65.27799988
v -2.87179422 -8.54746056 -65.27799988
v -2.44216847 -8.67998314 -65.27799988
v -2.00647116 -8.79092503 -65.27799988
v -1.56578565 -8.88001156 -65.27799988
v -1.12120724 -8.94702053 -65.27799988
v -0.67384124 -8.99178696 -65.27799988
v -0.22480005 -9.01419735 -65.27799988
v 0.22480005 -9.01419735 -65.27799988
v 0.67384124 -8.99178696 -65.27799988
v 1.12120724 -8.94702053 -65.27799988
v 1.56578565 -8.88001156 -65.27799988
v 2.00647116 -8.79092503 -65.27799988
v 2.44216847 -8.67998314 -65.27799988
v 2.87179422 -8.54746056 -65.27799988
v 3.29428005 -8.3936882 -65.27799988
v 3.70857573 -8.2190485 -65.27799988
v 4.11365128 -8.02397442 -65.27799988
v 4.5085001 -7.8089509 -65.27799988
v 4.89213943 -7.57451391 -65.27799988
v 5.26361656 -7.32124519 -65.27799988
v 5.62200737 -7.04977465 -65.27799988
v -6.60992861 -6.13311768 -65.27799988
v -6.29600143 -6.45497131 -65.27799988
v 5.96642113 -6.760777 -65.27799988
v 6.29600143 -6.45497131 -65.27799988
v 6.60992861 -6.13311768 -65.27799988
v 6.90742254 -5.79601574 -65.27799988
v 7.18774366 -5.44450426 -65.27799988
v 7.45019484 -5.07945681 -65.27799988
v 7.69412374 -4.70178127 -65.27799988
v 7.91892385 -4.31241608 -65.27799988
v 8.12403584 -3.91232967 -65.27799988
v 8.30895138 -3.50251651 -65.27799988
v 8.47320843 -3.08399558 -65.27799988
v 8.61639977 -2.65780735 -65.27799988
v 8.73816967 -2.22501135 -65.27799988
v 8.83821487 -1.7866838 -65.27799988
v 8.91628742 -1.34391415 -65.27799988
v 8.97219276 -0.89780325 -65.27799988
v 9.00579071 -0.44946036 -65.27799988
v 9.00579071 -0.44946036 -67.43699646
v 8.97219276 -0.89780325 -67.43699646
v 8.91628742 -1.34391415 -67.43699646
v 8.83821487 -1.7866838 -67.43699646
v 8.73816967 -2.22501135 -67.43699646
v 8.61639977 -2.65780735 -67.43699646
v 8.47320843 -3.08399558 -67.43699646
v 8.30895138 -3.50251651 -67.43699646
v 8.12403584 -3.91232967 -67.43699646
v 7.91892385 -4.31241608 -67.43699646
v 7.69412374 -4.70178127 -67.43699646
v 7.45019484 -5.07945681 -67.43699646
v 7.18774366 -5.44450426 -67.43699646
v 6.90742254 -5.79601574 -67.43699646
v 6.60992861 -6.13311768 -67.43699646
v 6.29600143 -6.45497131 -67.43699646
v 5.96642113 -6.760777 -67.43699646
v 5.62200737 -7.04977465 -67.43699646
v 5.26361656 -7.32124519 -67.43699646
v 4.89213943 -7.57451391 -67.43699646
v 4.5085001 -7.8089509 -67.43699646
v 4.11365128 -8.02397442 -67.43699646
v 3.70857573 -8.2190485 -67.43699646
v 3.29428005 -8.3936882 -67.43699646
v 2.87179422 -8.54746056 -67.43699646
v 2.44216847 -8.67998314 -67.43699646
v 2.00647116 -8.79092503 -67.43699646
v 1.56578565 -8.88001156 -67.43699646
v 1.12120724 -8.94702053 -67.43699646
v 0.67384124 -8.99178696 -67.43699646
v 0.22480005 -9.01419735 -67.43699646
v -0.22480005 -9.01419735 -67.43699646
v -0.67384124 -8.99178696 -67.43699646
v -1.12120724 -8.94702053 -67.43699646
v -1.56578565 -8.88001156 -67.43699646
v -2.00647116 -8.79092503 -67.43699646
v -2.44216847 -8.67998314 -67.43699646
v -2.87179422 -8.54746056 -67.43699646
v -3.29428005 -8.3936882 -67.43699646
v -3.70857573 -8.2190485 -67.43699646
v -4.11365128 -8.02397442 -67.43699646
v -4.5085001 -7.8089509 -67.43699646
v -4.89213943 -7.57451391 -67.43699646
v -5.26361656 -7.32124519 -67.43699646
v -5.62200737 -7.04977465 -67.43699646
v -5.96642113 -6.760777 -67.43699646
v -6.29600143 -6.45497131 -67.43699646
v -6.60992861 -6.13311768 -67.43699646
v -6.90742254 -5.79601574 -67.43699646
v -7.18774366 -5.44450426 -67.43699646
v -7.45019484 -5.07945681 -67.43699646
v -7.69412374 -4.70178127 -67.43699646
v -7.91892385 -4.31241608 -67.43699646
v -8.12403584 -3.91232967 -67.43699646
v -8.30895138 -3.50251651 -67.43699646
v -8.47320843 -3.08399558 -67.43699646
v -8.61639977 -2.65780735 -67.43699646
v -8.73816967 -2.22501135 -67.43699646
v -8.83821487 -1.7866838 -67.43699646
v -8.91628742 -1.34391415 -67.43699646
v -8.97219276 -0.89780325 -67.43699646
v -9.00579071 -0.44946036 -67.43699646
v -7.19194889 -0.35893524 18.34356308
v -7.16511726 -0.71697813 18.34356308
v -7.12047195 -1.07323849 18.34356308
v -7.05812407 -1.42683053 18.34356308
v -6.97822857 -1.77687538 18.34356308
v -6.88098431 -2.12250257 18.34356308
v -6.76663256 -2.46285295 18.34356308
v -2.63078427 -6.70312881 18.34356308
v -2.29339051 -6.82593012 18.34356308
v -1.95029509 -6.93176079 18.34356308
v -1.60235095 -7.02035856 18.34356308
v -1.25042319 -7.09150219 18.34356308
v -0.89538658 -7.14501524 18.34356308
v -0.53812391 -7.18076468 18.34356308
v -0.17952342 -7.1986618 18.34356308
v 0.17952342 -7.1986618 18.34356308
v 0.53812391 -7.18076468 18.34356308
v 0.89538658 -7.14501524 18.34356308
v 1.25042319 -7.09150219 18.34356308
v 1.60235095 -7.02035856 18.34356308
v 1.95029509 -6.93176079 18.34356308
v 2.29339051 -6.82593012 18.34356308
v 2.63078427 -6.70312881 18.34356308
v -6.63545799 -2.79708004 18.34356308
v -6.48778677 -3.12435341 18.34356308
v -6.32398558 -3.4438591 18.34356308
v -6.14446211 -3.7548027 18.34356308
v -5.94966269 -4.05641127 18.34356308
v -5.7400713 -4.3479352 18.34356308
v -5.5162096 -4.62864923 18.34356308
v -5.27863312 -4.89785576 18.34356308
v -5.0279336 -5.15488577 18.34356308
v -4.76473331 -5.39909935 18.34356308
v -4.48968792 -5.62989044 18.34356308
v -4.20347977 -5.84668446 18.34356308
v -3.90682149 -6.04894257 18.34356308
v -3.60045004 -6.23616219 18.34356308
v -3.2851274 -6.40787792 18.34356308
v -2.96163726 -6.56366253 18.34356308
v 2.96163726 -6.56366253 18.34356308
v 3.2851274 -6.40787792 18.34356308
v 3.60045004 -6.23616219 18.34356308
v 3.90682149 -6.04894257 18.34356308
v 4.20347977 -5.84668446 18.34356308
v 4.48968792 -5.62989044 18.34356308
v 4.76473331 -5.39909935 18.34356308
v 5.0279336 -5.15488577 18.34356308
v 5.27863312 -4.89785576 18.34356308
v 5.5162096 -4.62864923 18.34356308
v 5.7400713 -4.3479352 18.34356308
v 5.94966269 -4.05641127 18.34356308
v 6.14446211 -3.7548027 18.34356308
v 6.32398558 -3.4438591 18.34356308
v 6.48778677 -3.12435341 18.34356308
v 6.63545799 -2.79708004 18.34356308
v 6.76663256 -2.46285295 18.34356308
v 6.88098431 -2.12250257 18.34356308
v 6.97822857 -1.77687538 18.34356308
v 7.05812407 -1.42683053 18.34356308
v 7.12047195 -1.07323849 18.34356308
v 7.16511726 -0.71697813 18.34356308
v 7.19194889 -0.35893524 18.34356308
v -7.19194889 -0.35893524 19.61356163
v -7.16511726 -0.71697813 19.61356163
v -7.12047195 -1.07323849 19.61356163
v -7.05812407 -1.42683053 19.61356163
v -6.97822857 -1.77687538 19.61356163
v -6.88098431 -2.12250257 19.61356163
v -6.76663256 -2.46285295 19.61356163
v -6.63545799 -2.79708004 19.61356163
v -6.48778677 -3.12435341 19.61356163
v -6.32398558 -3.4438591 19.61356163
v -6.14446211 -3.7548027 19.61356163
v -5.94966269 -4.05641127 19.61356163
v -5.7400713 -4.3479352 19.61356163
v -5.5162096 -4.62864923 19.61356163
v -5.27863312 -4.89785576 19.61356163
v -5.0279336 -5.15488577 19.61356163
v -4.76473331 -5.39909935 19.61356163
v -4.48968792 -5.62989044 19.61356163
v -4.20347977 -5.84668446 19.61356163
v -3.90682149 -6.04894257 19.61356163
v -3.60045004 -6.23616219 19.61356163
v -3.2851274 -6.40787792 19.61356163
v -2.96163726 -6.56366253 19.61356163
v -2.63078427 -6.70312881 19.61356163
v -2.29339051 -6.82593012 19.61356163
v -1.95029509 -6.93176079 19.61356163
v -1.60235095 -7.02035856 19.61356163
v -1.25042319 -7.09150219 19.61356163
v -0.89538658 -7.14501524 19.61356163
v -0.53812391 -7.18076468 19.61356163
v -0.17952342 -7.1986618 19.61356163
v 0.17952342 -7.1986618 19.61356163
v 0.53812391 -7.18076468 19.61356163
v 0.89538658 -7.14501524 19.61356163
v 1.25042319 -7.09150219 19.61356163
v 1.60235095 -7.02035856 19.61356163
v 1.95029509 -6.93176079 19.61356163
v 2.29339051 -6.82593012 19.61356163
v 2.63078427 -6.70312881 19.61356163
v 2.96163726 -6.56366253 19.61356163
v 3.2851274 -6.40787792 19.61356163
v 3.60045004 -6.23616219 19.61356163
v 3.90682149 -6.04894257 19.61356163
v 4.20347977 -5.84668446 19.61356163
v 4.48968792 -5.62989044 19.61356163
v 4.76473331 -5.39909935 19.61356163
v 5.0279336 -5.15488577 19.61356163
v 5.27863312 -4.89785576 19.61356163
v 5.5162096 -4.62864923 19.61356163
v 5.7400713 -4.3479352 19.61356163
v 5.94966269 -4.05641127 19.61356163
v 6.14446211 -3.7548027 19.61356163
v 6.32398558 -3.4438591 19.61356163
v 6.48778677 -3.12435341 19.61356163
v 6.63545799 -2.79708004 19.61356163
v 6.76663256 -2.46285295 19.61356163
v 6.88098431 -2.12250257 19.61356163
v 6.97822857 -1.77687538 19.61356163
v 7.05812407 -1.42683053 19.61356163
v 7.12047195 -1.07323849 19.61356163
v 7.16511726 -0.71697813 19.61356163
v 7.19194889 -0.35893524 19.61356163
v -7.43164158 0.73195279 23.50293732
v -7.16511726 0.71697813 23.98910904
v -7.12047195 1.07323849 23.98910904
v -7.19194889 0.35893524 23.98910904
v -7.20090008 0 23.98910904
v -7.69705725 0.75809395 23.01676559
v -7.9116354 1.19248712 22.53059387
v -7.96124125 0.79664236 22.53059387
v -7.99105406 0.39881694 22.53059387
v -8.0010004 0 22.53059387
v -7.32411194 1.45685649 23.50293732
v -7.05812407 1.42683053 23.98910904
v -6.97822857 1.77687538 23.98910904
v -7.58568764 1.50888705 23.01676559
v -7.75358725 1.97430599 22.53059387
v -7.84236002 1.58536732 22.53059387
v -7.14604759 2.16772985 23.50293732
v -6.88098431 2.12250257 23.98910904
v -6.76663256 2.46285295 23.98910904
v -7.40126371 2.2451489 23.01676559
v -7.51848078 2.73650312 22.53059387
v -7.64553785 2.35833621 22.53059387
v -6.89916277 2.85772681 23.50293732
v -6.63545799 2.79708004 23.98910904
v -6.48778677 3.12435341 23.98910904
v -7.1455617 2.95978856 23.01676559
v -7.20865202 3.47150373 22.53059387
v -7.37273121 3.10786676 22.53059387
v -6.58583546 3.52020216 23.50293732
v -6.32398558 3.4438591 23.98910904
v -6.14446211 3.7548027 23.98910904
v -6.82104349 3.64592385 23.01676559
v -6.82718039 4.17200327 22.53059387
v -7.02665091 3.82651019 22.53059387
v -6.2090826 4.14877605 23.50293732
v -5.94966269 4.05641127 23.98910904
v -5.7400713 4.3479352 23.98910904
v -6.43083525 4.296947 23.01676559
v -6.37785721 4.83103895 22.53059387
v -6.61073637 4.50712395 22.53059387
v -5.77253294 4.73739529 23.50293732
v -5.5162096 4.62864923 23.98910904
v -5.27863312 4.89785576 23.98910904
v -5.97869492 4.90658808 23.01676559
v -5.86514807 5.4420619 22.53059387
v -6.12912178 5.14294386 22.53059387
v -5.28039074 5.28039074 23.50293732
v -5.0279336 5.15488577 23.98910904
v -4.76473331 5.39909935 23.98910904
v -5.46897602 5.46897602 23.01676559
v -5.29414845 5.9989996 22.53059387
v -5.58659267 5.72765064 22.53059387
v -4.73739529 5.77253294 23.50293732
v -4.48968792 5.62989044 23.98910904
v -4.20347977 5.84668446 23.98910904
v -4.90658808 5.97869492 23.01676559
v -4.67053318 6.49631596 22.53059387
v -4.98854208 6.25543356 22.53059387
v -4.14877605 6.2090826 23.50293732
v -3.90682149 6.04894257 23.98910904
v -3.60045004 6.23616219 23.98910904
v -4.296947 6.43083525 23.01676559
v -4.0005002 6.92906904 22.53059387
v -4.34091282 6.7210474 22.53059387
v -3.52020216 6.58583546 23.50293732
v -3.2851274 6.40787792 23.98910904
v -2.96163726 6.56366253 23.98910904
v -3.64592385 6.82104349 23.01676559
v -3.29070807 7.29295826 22.53059387
v -3.65014148 7.11986446 22.53059387
v -2.85772681 6.89916277 23.50293732
v -2.63078427 6.70312881 23.98910904
v -2.29339051 6.82593012 23.98910904
v -2.95978856 7.1455617 23.01676559
v -2.54821157 7.5843668 22.53059387
v -2.92309356 7.4479208 22.53059387
v -2.16772985 7.14604759 23.50293732
v -1.95029509 6.93176079 23.98910904
v -1.60235095 7.02035856 23.98910904
v -2.2451489 7.40126371 23.01676559
v -1.78039002 7.80039835 22.53059387
v -2.16699457 7.70195675 22.53059387
v -1.45685649 7.32411194 23.50293732
v -1.25042319 7.09150219 23.98910904
v -0.89538658 7.14501524 23.98910904
v -1.50888705 7.58568764 23.01676559
v -0.994874 7.93890572 22.53059387
v -1.38935912 7.87944698 22.53059387
v -0.73195279 7.43164158 23.50293732
v -0.53812391 7.18076468 23.98910904
v -0.17952342 7.1986618 23.98910904
v -0.75809395 7.69705725 23.01676559
v -0.19947046 7.99851322 22.53059387
v -0.59791547 7.97862768 22.53059387
v 0 7.46759987 23.50293732
v 0.17952342 7.1986618 23.98910904
v 0 7.73430014 23.01676559
v 0.19947046 7.99851322 22.53059387
v 0.73195279 7.43164158 23.50293732
v 0.53812391 7.18076468 23.98910904
v 0.89538658 7.14501524 23.98910904
v 0.75809395 7.69705725 23.01676559
v 0.994874 7.93890572 22.53059387
v 0.59791547 7.97862768 22.53059387
v 1.45685649 7.32411194 23.50293732
v 1.25042319 7.09150219 23.98910904
v 1.60235095 7.02035856 23.98910904
v 1.50888705 7.58568764 23.01676559
v 1.78039002 7.80039835 22.53059387
v 1.38935912 7.87944698 22.53059387
v 2.16772985 7.14604759 23.50293732
v 1.95029509 6.93176079 23.98910904
v 2.29339051 6.82593012 23.98910904
v 2.2451489 7.40126371 23.01676559
v 2.54821157 7.5843668 22.53059387
v 2.16699457 7.70195675 22.53059387
v 2.85772681 6.89916277 23.50293732
v 2.63078427 6.70312881 23.98910904
v 2.96163726 6.56366253 23.98910904
v 2.95978856 7.1455617 23.01676559
v 3.29070807 7.29295826 22.53059387
v 2.92309356 7.4479208 22.53059387
v 3.52020216 6.58583546 23.50293732
v 3.2851274 6.40787792 23.98910904
v 3.60045004 6.23616219 23.98910904
v 3.64592385 6.82104349 23.01676559
v 4.0005002 6.92906904 22.53059387
v 3.65014148 7.11986446 22.53059387
v 4.14877605 6.2090826 23.50293732
v 3.90682149 6.04894257 23.98910904
v 4.20347977 5.84668446 23.98910904
v 4.296947 6.43083525 23.01676559
v 4.67053318 6.49631596 22.53059387
v 4.34091282 6.7210474 22.53059387
v 4.73739529 5.77253294 23.50293732
v 4.48968792 5.62989044 23.98910904
v 4.76473331 5.39909935 23.98910904
v 4.90658808 5.97869492 23.01676559
v 5.29414845 5.9989996 22.53059387
v 4.98854208 6.25543356 22.53059387
v 5.28039074 5.28039074 23.50293732
v 5.0279336 5.15488577 23.98910904
v 5.27863312 4.89785576 23.98910904
v 5.46897602 5.46897602 23.01676559
v 5.86514807 5.4420619 22.53059387
v 5.58659267 5.72765064 22.53059387
v 5.77253294 4.73739529 23.50293732
v 5.5162096 4.62864923 23.98910904
v 5.7400713 4.3479352 23.98910904
v 5.97869492 4.90658808 23.01676559
v 6.37785721 4.83103895 22.53059387
v 6.12912178 5.14294386 22.53059387
v 6.2090826 4.14877605 23.50293732
v 5.94966269 4.05641127 23.98910904
v 6.14446211 3.7548027 23.98910904
v 6.43083525 4.296947 23.01676559
v 6.82718039 4.17200327 22.53059387
v 6.61073637 4.50712395 22.53059387
v 6.58583546 3.52020216 23.50293732
v 6.32398558 3.4438591 23.98910904
v 6.48778677 3.12435341 23.98910904
v 6.82104349 3.64592385 23.01676559
v 7.20865202 3.47150373 22.53059387
v 7.02665091 3.82651019 22.53059387
v 6.89916277 2.85772681 23.50293732
v 6.63545799 2.79708004 23.98910904
v 6.76663256 2.46285295 23.98910904
v 7.1455617 2.95978856 23.01676559
v 7.51848078 2.73650312 22.53059387
v 7.37273121 3.10786676 22.53059387
v 7.14604759 2.16772985 23.50293732
v 6.88098431 2.12250257 23.98910904
v 6.97822857 1.77687538 23.98910904
v 7.40126371 2.2451489 23.01676559
v 7.75358725 1.97430599 22.53059387
v 7.64553785 2.35833621 22.53059387
v 7.32411194 1.45685649 23.50293732
v 7.05812407 1.42683053 23.98910904
v 7.12047195 1.07323849 23.98910904
v 7.58568764 1.50888705 23.01676559
v 7.9116354 1.19248712 22.53059387
v 7.84236002 1.58536732 22.53059387
v 7.43164158 0.73195279 23.50293732
v 7.19194889 0.35893524 23.98910904
v 7.20090008 0 23.98910904
v 7.16511726 0.71697813 23.98910904
v 7.69705725 0.75809395 23.01676559
v 8.0010004 0 22.53059387
v 7.99105406 0.39881694 22.53059387
v 7.96124125 0.79664236 22.53059387
v 7.43164158 0.73195279 21.55825043
v 7.20090008 0 21.0720787
v 7.19194889 0.35893524 21.0720787
v 7.16511726 0.71697813 21.0720787
v 7.12047195 1.07323849 21.0720787
v 7.69705725 0.75809395 22.04442215
v 7.32411194 1.45685649 21.55825043
v 7.05812407 1.42683053 21.0720787
v 6.97822857 1.77687538 21.0720787
v 7.58568764 1.50888705 22.04442215
v 7.14604759 2.16772985 21.55825043
v 6.88098431 2.12250257 21.0720787
v 6.76663256 2.46285295 21.0720787
v 7.40126371 2.2451489 22.04442215
v 6.89916277 2.85772681 21.55825043
v 6.63545799 2.79708004 21.0720787
v 6.48778677 3.12435341 21.0720787
v 7.1455617 2.95978856 22.04442215
v 6.58583546 3.52020216 21.55825043
v 6.32398558 3.4438591 21.0720787
v 6.14446211 3.7548027 21.0720787
v 6.82104349 3.64592385 22.04442215
v 6.2090826 4.14877605 21.55825043
v 5.94966269 4.05641127 21.0720787
v 5.7400713 4.3479352 21.0720787
v 6.43083525 4.296947 22.04442215
v 5.77253294 4.73739529 21.55825043
v 5.5162096 4.62864923 21.0720787
v 5.27863312 4.89785576 21.0720787
v 5.97869492 4.90658808 22.04442215
v 5.28039074 5.28039074 21.55825043
v 5.0279336 5.15488577 21.0720787
v 4.76473331 5.39909935 21.0720787
v 5.46897602 5.46897602 22.04442215
v 4.73739529 5.77253294 21.55825043
v 4.48968792 5.62989044 21.0720787
v 4.20347977 5.84668446 21.0720787
v 4.90658808 5.97869492 22.04442215
v 4.14877605 6.2090826 21.55825043
v 3.90682149 6.04894257 21.0720787
v 3.60045004 6.23616219 21.0720787
v 4.296947 6.43083525 22.04442215
v 3.52020216 6.58583546 21.55825043
v 3.2851274 6.40787792 21.0720787
v 2.96163726 6.56366253 21.0720787
v 3.64592385 6.82104349 22.04442215
v 2.85772681 6.89916277 21.55825043
v 2.63078427 6.70312881 21.0720787
v 2.29339051 6.82593012 21.0720787
v 2.95978856 7.1455617 22.04442215
v 2.16772985 7.14604759 21.55825043
v 1.95029509 6.93176079 21.0720787
v 1.60235095 7.02035856 21.0720787
v 2.2451489 7.40126371 22.04442215
v 1.45685649 7.32411194 21.55825043
v 1.25042319 7.09150219 21.0720787
v 0.89538658 7.14501524 21.0720787
v 1.50888705 7.58568764 22.04442215
v 0.73195279 7.43164158 21.55825043
v 0.53812391 7.18076468 21.0720787
v 0.17952342 7.1986618 21.0720787
v 0.75809395 7.69705725 22.04442215
v -0 7.46759987 21.55825043
v -0.17952342 7.1986618 21.0720787
v -0 7.73430014 22.04442215
v -0.73195279 7.43164158 21.55825043
v -0.53812391 7.18076468 21.0720787
v -0.89538658 7.14501524 21.0720787
v -0.75809395 7.69705725 22.04442215
v -1.45685649 7.32411194 21.55825043
v -1.25042319 7.09150219 21.0720787
v -1.60235095 7.02035856 21.0720787
v -1.50888705 7.58568764 22.04442215
v -2.16772985 7.14604759 21.55825043
v -1.95029509 6.93176079 21.0720787
v -2.29339051 6.82593012 21.0720787
v -2.2451489 7.40126371 22.04442215
v -2.85772681 6.89916277 21.55825043
v -2.63078427 6.70312881 21.0720787
v -2.96163726 6.56366253 21.0720787
v -2.95978856 7.1455617 22.04442215
v -3.52020216 6.58583546 21.55825043
v -3.2851274 6.40787792 21.0720787
v -3.60045004 6.23616219 21.0720787
v -3.64592385 6.82104349 22.04442215
v -4.14877605 6.2090826 21.55825043
v -3.90682149 6.04894257 21.0720787
v -4.20347977 5.84668446 21.0720787
v -4.296947 6.43083525 22.04442215
v -4.73739529 5.77253294 21.55825043
v -4.48968792 5.62989044 21.0720787
v -4.76473331 5.39909935 21.0720787
v -4.90658808 5.97869492 22.04442215
v -5.28039074 5.28039074 21.55825043
v -5.0279336 5.15488577 21.0720787
v -5.27863312 4.89785576 21.0720787
v -5.46897602 5.46897602 22.04442215
v -5.77253294 4.73739529 21.55825043
v -5.5162096 4.62864923 21.0720787
v -5.7400713 4.3479352 21.0720787
v -5.97869492 4.90658808 22.04442215
v -6.2090826 4.14877605 21.55825043
v -5.94966269 4.05641127 21.0720787
v -6.14446211 3.7548027 21.0720787
v -6.43083525 4.296947 22.04442215
v -6.58583546 3.52020216 21.55825043
v -6.32398558 3.4438591 21.0720787
v -6.48778677 3.12435341 21.0720787
v -6.82104349 3.64592385 22.04442215
v -6.89916277 2.85772681 21.55825043
v -6.63545799 2.79708004 21.0720787
v -6.76663256 2.46285295 21.0720787
v -7.1455617 2.95978856 22.04442215
v -7.14604759 2.16772985 21.55825043
v -6.88098431 2.12250257 21.0720787
v -6.97822857 1.77687538 21.0720787
v -7.40126371 2.2451489 22.04442215
v -7.32411194 1.45685649 21.55825043
v -7.05812407 1.42683053 21.0720787
v -7.12047195 1.07323849 21.0720787
v -7.58568764 1.50888705 22.04442215
v -7.43164158 0.73195279 21.55825043
v -7.16511726 0.71697813 21.0720787
v -7.19194889 0.35893524 21.0720787
v -7.20090008 0 21.0720787
v -7.69705725 0.75809395 22.04442215
v -1.30787718 0.26015294 28.93185616
v -1.32707882 0.13070586 28.93185616
v 0 0 29.33699989
v -1.27607989 0.38709462 28.93185616
v -1.23199332 0.51030838 28.93185616
v -2.65415764 0.26141173 28.52671432
v -1.17604196 0.62860757 28.93185616
v -2.61575437 0.52030587 28.52671432
v -1.10876477 0.74085289 28.93185616
v -2.55215979 0.77418923 28.52671432
v -1.0308094 0.84596342 28.93185616
v -2.46398664 1.02061677 28.52671432
v -0.94292688 0.94292688 28.93185616
v -3.98123646 0.39211756 28.12157059
v -8.0010004 0 26.90614128
v -2.35208392 1.25721514 28.52671432
v -0.84596342 1.0308094 28.93185616
v -3.92363143 0.78045881 28.12157059
v -2.21752954 1.48170578 28.52671432
v -0.74085289 1.10876477 28.93185616
v -3.82823992 1.16128385 28.12157059
v -2.0616188 1.69192684 28.52671432
v -0.62860757 1.17604196 28.93185616
v -3.69598007 1.53092504 28.12157059
v -1.88585377 1.88585377 28.52671432
v -5.30831528 0.52282345 27.71642685
v -0.51030838 1.23199332 28.93185616
v -3.528126 1.88582265 28.12157059
v -1.69192684 2.0616188 28.52671432
v -5.23150873 1.04061174 27.71642685
v -0.38709462 1.27607989 28.93185616
v -3.32629418 2.22255874 28.12157059
v -1.48170578 2.21752954 28.52671432
v -5.10431957 1.54837847 27.71642685
v -0.26015294 1.30787718 28.93185616
v -3.09242821 2.53789043 28.12157059
v -1.25721514 2.35208392 28.52671432
v -4.92797327 2.04123354 27.71642685
v -0.13070586 1.32707882 28.93185616
v -2.82878065 2.82878065 28.12157059
v -6.6353941 0.65352929 27.31128311
v -7.9116354 1.19248712 26.90614128
v -7.96124125 0.79664236 26.90614128
v -7.99105406 0.39881694 26.90614128
v -1.02061677 2.46398664 28.52671432
v -4.70416784 2.51443028 27.71642685
v 0 1.33350003 28.93185616
v -2.53789043 3.09242821 28.12157059
v -6.5393858 1.30076468 27.31128311
v -7.75358725 1.97430599 26.90614128
v -7.84236002 1.58536732 26.90614128
v -0.77418923 2.55215979 28.52671432
v -4.43505907 2.96341157 27.71642685
v 0.13070586 1.32707882 28.93185616
v -2.22255874 3.32629418 28.12157059
v -6.3803997 1.93547308 27.31128311
v -7.51848078 2.73650312 26.90614128
v -7.64553785 2.35833621 26.90614128
v -0.52030587 2.61575437 28.52671432
v -4.12323761 3.38385367 27.71642685
v 0.26015294 1.30787718 28.93185616
v -1.88582265 3.528126 28.12157059
v -6.15996695 2.55154181 27.31128311
v -7.20865202 3.47150373 26.90614128
v -7.37273121 3.10786676 26.90614128
v -0.26141173 2.65415764 28.52671432
v -3.77170753 3.77170753 27.71642685
v 0.38709462 1.27607989 28.93185616
v -1.53092504 3.69598007 28.12157059
v -5.88020992 3.1430378 27.31128311
v -6.82718039 4.17200327 26.90614128
v -7.02665091 3.82651019 26.90614128
v 0 2.66700006 28.52671432
v -3.38385367 4.12323761 27.71642685
v 0.51030838 1.23199332 28.93185616
v -1.16128385 3.82823992 28.12157059
v -5.54382372 3.70426464 27.31128311
v -6.37785721 4.83103895 26.90614128
v -6.61073637 4.50712395 26.90614128
v 0.26141173 2.65415764 28.52671432
v -2.96341157 4.43505907 27.71642685
v 0.62860757 1.17604196 28.93185616
v -0.78045881 3.92363143 28.12157059
v -5.15404701 4.22981739 27.31128311
v -5.86514807 5.4420619 26.90614128
v -6.12912178 5.14294386 26.90614128
v 0.52030587 2.61575437 28.52671432
v -2.51443028 4.70416784 27.71642685
v 0.74085289 1.10876477 28.93185616
v -0.39211756 3.98123646 28.12157059
v -4.71463442 4.71463442 27.31128311
v -5.29414845 5.9989996 26.90614128
v -5.58659267 5.72765064 26.90614128
v 0.77418923 2.55215979 28.52671432
v -2.04123354 4.92797327 27.71642685
v 0.84596342 1.0308094 28.93185616
v 0 4.0005002 28.12157059
v -4.22981739 5.15404701 27.31128311
v -4.67053318 6.49631596 26.90614128
v -4.98854208 6.25543356 26.90614128
v 1.02061677 2.46398664 28.52671432
v -1.54837847 5.10431957 27.71642685
v 0.94292688 0.94292688 28.93185616
v 0.39211756 3.98123646 28.12157059
v -3.70426464 5.54382372 27.31128311
v -4.0005002 6.92906904 26.90614128
v -4.34091282 6.7210474 26.90614128
v 1.25721514 2.35208392 28.52671432
v -1.04061174 5.23150873 27.71642685
v 1.0308094 0.84596342 28.93185616
v 0.78045881 3.92363143 28.12157059
v -3.1430378 5.88020992 27.31128311
v -3.29070807 7.29295826 26.90614128
v -3.65014148 7.11986446 26.90614128
v 1.48170578 2.21752954 28.52671432
v -0.52282345 5.30831528 27.71642685
v 1.10876477 0.74085289 28.93185616
v 1.16128385 3.82823992 28.12157059
v -2.55154181 6.15996695 27.31128311
v -2.54821157 7.5843668 26.90614128
v -2.92309356 7.4479208 26.90614128
v 1.69192684 2.0616188 28.52671432
v 0 5.33400011 27.71642685
v 1.17604196 0.62860757 28.93185616
v 1.53092504 3.69598007 28.12157059
v -1.93547308 6.3803997 27.31128311
v -1.78039002 7.80039835 26.90614128
v -2.16699457 7.70195675 26.90614128
v 1.88585377 1.88585377 28.52671432
v 0.52282345 5.30831528 27.71642685
v 1.23199332 0.51030838 28.93185616
v 1.88582265 3.528126 28.12157059
v -1.30076468 6.5393858 27.31128311
v -0.994874 7.93890572 26.90614128
v -1.38935912 7.87944698 26.90614128
v 2.0616188 1.69192684 28.52671432
v 1.04061174 5.23150873 27.71642685
v 1.27607989 0.38709462 28.93185616
v 2.22255874 3.32629418 28.12157059
v -0.65352929 6.6353941 27.31128311
v -0.19947046 7.99851322 26.90614128
v -0.59791547 7.97862768 26.90614128
v 2.21752954 1.48170578 28.52671432
v 1.54837847 5.10431957 27.71642685
v 1.30787718 0.26015294 28.93185616
v 2.53789043 3.09242821 28.12157059
v 0 6.66750002 27.31128311
v 0.19947046 7.99851322 26.90614128
v 2.35208392 1.25721514 28.52671432
v 2.04123354 4.92797327 27.71642685
v 1.32707882 0.13070586 28.93185616
v 2.82878065 2.82878065 28.12157059
v 0.65352929 6.6353941 27.31128311
v 0.994874 7.93890572 26.90614128
v 0.59791547 7.97862768 26.90614128
v 2.46398664 1.02061677 28.52671432
v 2.51443028 4.70416784 27.71642685
v 3.09242821 2.53789043 28.12157059
v 1.30076468 6.5393858 27.31128311
v 1.78039002 7.80039835 26.90614128
v 1.38935912 7.87944698 26.90614128
v 2.55215979 0.77418923 28.52671432
v 2.96341157 4.43505907 27.71642685
v 3.32629418 2.22255874 28.12157059
v 1.93547308 6.3803997 27.31128311
v 2.54821157 7.5843668 26.90614128
v 2.16699457 7.70195675 26.90614128
v 2.61575437 0.52030587 28.52671432
v 3.38385367 4.12323761 27.71642685
v 3.528126 1.88582265 28.12157059
v 2.55154181 6.15996695 27.31128311
v 3.29070807 7.29295826 26.90614128
v 2.92309356 7.4479208 26.90614128
v 2.65415764 0.26141173 28.52671432
v 3.77170753 3.77170753 27.71642685
v 3.69598007 1.53092504 28.12157059
v 3.1430378 5.88020992 27.31128311
v 4.0005002 6.92906904 26.90614128
v 3.65014148 7.11986446 26.90614128
v 4.12323761 3.38385367 27.71642685
v 3.82823992 1.16128385 28.12157059
v 3.70426464 5.54382372 27.31128311
v 4.67053318 6.49631596 26.90614128
v 4.34091282 6.7210474 26.90614128
v 4.43505907 2.96341157 27.71642685
v 3.92363143 0.78045881 28.12157059
v 4.22981739 5.15404701 27.31128311
v 5.29414845 5.9989996 26.90614128
v 4.98854208 6.25543356 26.90614128
v 4.70416784 2.51443028 27.71642685
v 3.98123646 0.39211756 28.12157059
v 8.0010004 0 26.90614128
v 4.71463442 4.71463442 27.31128311
v 5.86514807 5.4420619 26.90614128
v 5.58659267 5.72765064 26.90614128
v 4.92797327 2.04123354 27.71642685
v 5.15404701 4.22981739 27.31128311
v 6.37785721 4.83103895 26.90614128
v 6.12912178 5.14294386 26.90614128
v 5.10431957 1.54837847 27.71642685
v 5.54382372 3.70426464 27.31128311
v 6.82718039 4.17200327 26.90614128
v 6.61073637 4.50712395 26.90614128
v 5.23150873 1.04061174 27.71642685
v 5.88020992 3.1430378 27.31128311
v 7.20865202 3.47150373 26.90614128
v 7.02665091 3.82651019 26.90614128
v 5.30831528 0.52282345 27.71642685
v 6.15996695 2.55154181 27.31128311
v 7.51848078 2.73650312 26.90614128
v 7.37273121 3.10786676 26.90614128
v 6.3803997 1.93547308 27.31128311
v 7.75358725 1.97430599 26.90614128
v 7.64553785 2.35833621 26.90614128
v 6.5393858 1.30076468 27.31128311
v 7.9116354 1.19248712 26.90614128
v 7.84236002 1.58536732 26.90614128
v 6.6353941 0.65352929 27.31128311
v 7.99105406 0.39881694 26.90614128
v 7.96124125 0.79664236 26.90614128
v 7.43164158 0.73195279 25.93379593
v 7.20090008 0 25.44762421
v 7.19194889 0.35893524 25.44762421
v 7.16511726 0.71697813 25.44762421
v 7.12047195 1.07323849 25.44762421
v 7.69705725 0.75809395 26.41996956
v 7.32411194 1.45685649 25.93379593
v 7.05812407 1.42683053 25.44762421
v 6.97822857 1.77687538 25.44762421
v 7.58568764 1.50888705 26.41996956
v 7.14604759 2.16772985 25.93379593
v 6.88098431 2.12250257 25.44762421
v 6.76663256 2.46285295 25.44762421
v 7.40126371 2.2451489 26.41996956
v 6.89916277 2.85772681 25.93379593
v 6.63545799 2.79708004 25.44762421
v 6.48778677 3.12435341 25.44762421
v 7.1455617 2.95978856 26.41996956
v 6.58583546 3.52020216 25.93379593
v 6.32398558 3.4438591 25.44762421
v 6.14446211 3.7548027 25.44762421
v 6.82104349 3.64592385 26.41996956
v 6.2090826 4.14877605 25.93379593
v 5.94966269 4.05641127 25.44762421
v 5.7400713 4.3479352 25.44762421
v 6.43083525 4.296947 26.41996956
v 5.77253294 4.73739529 25.93379593
v 5.5162096 4.62864923 25.44762421
v 5.27863312 4.89785576 25.44762421
v 5.97869492 4.90658808 26.41996956
v 5.28039074 5.28039074 25.93379593
v 5.0279336 5.15488577 25.44762421
v 4.76473331 5.39909935 25.44762421
v 5.46897602 5.46897602 26.41996956
v 4.73739529 5.77253294 25.93379593
v 4.48968792 5.62989044 25.44762421
v 4.20347977 5.84668446 25.44762421
v 4.90658808 5.97869492 26.41996956
v 4.14877605 6.2090826 25.93379593
v 3.90682149 6.04894257 25.44762421
v 3.60045004 6.23616219 25.44762421
v 4.296947 6.43083525 26.41996956
v 3.52020216 6.58583546 25.93379593
v 3.2851274 6.40787792 25.44762421
v 2.96163726 6.56366253 25.44762421
v 3.64592385 6.82104349 26.41996956
v 2.85772681 6.89916277 25.93379593
v 2.63078427 6.70312881 25.44762421
v 2.29339051 6.82593012 25.44762421
v 2.95978856 7.1455617 26.41996956
v 2.16772985 7.14604759 25.93379593
v 1.95029509 6.93176079 25.44762421
v 1.60235095 7.02035856 25.44762421
v 2.2451489 7.40126371 26.41996956
v 1.45685649 7.32411194 25.93379593
v 1.25042319 7.09150219 25.44762421
v 0.89538658 7.14501524 25.44762421
v 1.50888705 7.58568764 26.41996956
v 0.73195279 7.43164158 25.93379593
v 0.53812391 7.18076468 25.44762421
v 0.17952342 7.1986618 25.44762421
v 0.75809395 7.69705725 26.41996956
v -0 7.46759987 25.93379593
v -0.17952342 7.1986618 25.44762421
v -0 7.73430014 26.41996956
v -0.73195279 7.43164158 25.93379593
v -0.53812391 7.18076468 25.44762421
v -0.89538658 7.14501524 25.44762421
v -0.75809395 7.69705725 26.41996956
v -1.45685649 7.32411194 25.93379593
v -1.25042319 7.09150219 25.44762421
v -1.60235095 7.02035856 25.44762421
v -1.50888705 7.58568764 26.41996956
v -2.16772985 7.14604759 25.93379593
v -1.95029509 6.93176079 25.44762421
v -2.29339051 6.82593012 25.44762421
v -2.2451489 7.40126371 26.41996956
v -2.85772681 6.89916277 25.93379593
v -2.63078427 6.70312881 25.44762421
v -2.96163726 6.56366253 25.44762421
v -2.95978856 7.1455617 26.41996956
v -3.52020216 6.58583546 25.93379593
v -3.2851274 6.40787792 25.44762421
v -3.60045004 6.23616219 25.44762421
v -3.64592385 6.82104349 26.41996956
v -4.14877605 6.2090826 25.93379593
v -3.90682149 6.04894257 25.44762421
v -4.20347977 5.84668446 25.44762421
v -4.296947 6.43083525 26.41996956
v -4.73739529 5.77253294 25.93379593
v -4.48968792 5.62989044 25.44762421
v -4.76473331 5.39909935 25.44762421
v -4.90658808 5.97869492 26.41996956
v -5.28039074 5.28039074 25.93379593
v -5.0279336 5.15488577 25.44762421
v -5.27863312 4.89785576 25.44762421
v -5.46897602 5.46897602 26.41996956
v -5.77253294 4.73739529 25.93379593
v -5.5162096 4.62864923 25.44762421
v -5.7400713 4.3479352 25.44762421
v -5.97869492 4.90658808 26.41996956
v -6.2090826 4.14877605 25.93379593
v -5.94966269 4.05641127 25.44762421
v -6.14446211 3.7548027 25.44762421
v -6.43083525 4.296947 26.41996956
v -6.58583546 3.52020216 25.93379593
v -6.32398558 3.4438591 25.44762421
v -6.48778677 3.12435341 25.44762421
v -6.82104349 3.64592385 26.41996956
v -6.89916277 2.85772681 25.93379593
v -6.63545799 2.79708004 25.44762421
v -6.76663256 2.46285295 25.44762421
v -7.1455617 2.95978856 26.41996956
v -7.14604759 2.16772985 25.93379593
v -6.88098431 2.12250257 25.44762421
v -6.97822857 1.77687538 25.44762421
v -7.40126371 2.2451489 26.41996956
v -7.32411194 1.45685649 25.93379593
v -7.05812407 1.42683053 25.44762421
v -7.12047195 1.07323849 25.44762421
v -7.58568764 1.50888705 26.41996956
v -7.43164158 0.73195279 25.93379593
v -7.16511726 0.71697813 25.44762421
v -7.19194889 0.35893524 25.44762421
v -7.20090008 0 25.44762421
v -7.69705725 0.75809395 26.41996956
v -7.19194889 -0.35893524 25.44762421
v -7.19194889 -0.35893524 23.98910904
v -7.16511726 -0.71697813 25.44762421
v -7.16511726 -0.71697813 23.98910904
v -7.12047195 -1.07323849 25.44762421
v -7.12047195 -1.07323849 23.98910904
v -7.05812407 -1.42683053 25.44762421
v -7.05812407 -1.42683053 23.98910904
v -6.97822857 -1.77687538 25.44762421
v -6.97822857 -1.77687538 23.98910904
v -6.88098431 -2.12250257 25.44762421
v -6.88098431 -2.12250257 23.98910904
v -6.76663256 -2.46285295 25.44762421
v -6.76663256 -2.46285295 23.98910904
v -6.63545799 -2.79708004 23.98910904
v -6.63545799 -2.79708004 25.44762421
v -6.48778677 -3.12435341 25.44762421
v -6.48778677 -3.12435341 23.98910904
v -6.32398558 -3.4438591 23.98910904
v -6.32398558 -3.4438591 25.44762421
v -6.14446211 -3.7548027 25.44762421
v -6.14446211 -3.7548027 23.98910904
v -5.94966269 -4.05641127 25.44762421
v -5.94966269 -4.05641127 23.98910904
v -5.7400713 -4.3479352 25.44762421
v -5.7400713 -4.3479352 23.98910904
v -5.5162096 -4.62864923 25.44762421
v -5.5162096 -4.62864923 23.98910904
v -5.27863312 -4.89785576 23.98910904
v -5.27863312 -4.89785576 25.44762421
v -5.0279336 -5.15488577 23.98910904
v -5.0279336 -5.15488577 25.44762421
v -4.76473331 -5.39909935 25.44762421
v -4.76473331 -5.39909935 23.98910904
v -4.48968792 -5.62989044 23.98910904
v -4.48968792 -5.62989044 25.44762421
v -4.20347977 -5.84668446 23.98910904
v -4.20347977 -5.84668446 25.44762421
v -3.90682149 -6.04894257 23.98910904
v -3.90682149 -6.04894257 25.44762421
v -3.60045004 -6.23616219 25.44762421
v -3.60045004 -6.23616219 23.98910904
v -3.2851274 -6.40787792 23.98910904
v -3.2851274 -6.40787792 25.44762421
v -2.96163726 -6.56366253 25.44762421
v -2.96163726 -6.56366253 23.98910904
v -2.63078427 -6.70312881 23.98910904
v -2.63078427 -6.70312881 25.44762421
v -2.29339051 -6.82593012 23.98910904
v -2.29339051 -6.82593012 25.44762421
v -1.95029509 -6.93176079 25.44762421
v -1.95029509 -6.93176079 23.98910904
v -1.60235095 -7.02035856 25.44762421
v -1.60235095 -7.02035856 23.98910904
v -1.25042319 -7.09150219 25.44762421
v -1.25042319 -7.09150219 23.98910904
v -0.89538658 -7.14501524 23.98910904
v -0.89538658 -7.14501524 25.44762421
v -0.53812391 -7.18076468 23.98910904
v -0.53812391 -7.18076468 25.44762421
v -0.17952342 -7.1986618 25.44762421
v -0.17952342 -7.1986618 23.98910904
v 0.17952342 -7.1986618 23.98910904
v 0.17952342 -7.1986618 25.44762421
v 0.53812391 -7.18076468 23.98910904
v 0.53812391 -7.18076468 25.44762421
v 0.89538658 -7.14501524 25.44762421
v 0.89538658 -7.14501524 23.98910904
v 1.25042319 -7.09150219 25.44762421
v 1.25042319 -7.09150219 23.98910904
v 1.60235095 -7.02035856 23.98910904
v 1.60235095 -7.02035856 25.44762421
v 1.95029509 -6.93176079 23.98910904
v 1.95029509 -6.93176079 25.44762421
v 2.29339051 -6.82593012 23.98910904
v 2.29339051 -6.82593012 25.44762421
v 2.63078427 -6.70312881 25.44762421
v 2.63078427 -6.70312881 23.98910904
v 2.96163726 -6.56366253 23.98910904
v 2.96163726 -6.56366253 25.44762421
v 3.2851274 -6.40787792 23.98910904
v 3.2851274 -6.40787792 25.44762421
v 3.60045004 -6.23616219 25.44762421
v 3.60045004 -6.23616219 23.98910904
v 3.90682149 -6.04894257 25.44762421
v 3.90682149 -6.04894257 23.98910904
v 4.20347977 -5.84668446 25.44762421
v 4.20347977 -5.84668446 23.98910904
v 4.48968792 -5.62989044 23.98910904
v 4.48968792 -5.62989044 25.44762421
v 4.76473331 -5.39909935 25.44762421
v 4.76473331 -5.39909935 23.98910904
v 5.0279336 -5.15488577 25.44762421
v 5.0279336 -5.15488577 23.98910904
v 5.27863312 -4.89785576 25.44762421
v 5.27863312 -4.89785576 23.98910904
v 5.5162096 -4.62864923 25.44762421
v 5.5162096 -4.62864923 23.98910904
v 5.7400713 -4.3479352 25.44762421
v 5.7400713 -4.3479352 23.98910904
v 5.94966269 -4.05641127 25.44762421
v 5.94966269 -4.05641127 23.98910904
v 6.14446211 -3.7548027 25.44762421
v 6.14446211 -3.7548027 23.98910904
v 6.32398558 -3.4438591 25.44762421
v 6.32398558 -3.4438591 23.98910904
v 6.48778677 -3.12435341 25.44762421
v 6.48778677 -3.12435341 23.98910904
v 6.63545799 -2.79708004 25.44762421
v 6.63545799 -2.79708004 23.98910904
v 6.76663256 -2.46285295 25.44762421
v 6.76663256 -2.46285295 23.98910904
v 6.88098431 -2.12250257 23.98910904
v 6.88098431 -2.12250257 25.44762421
v 6.97822857 -1.77687538 25.44762421
v 6.97822857 -1.77687538 23.98910904
v 7.05812407 -1.42683053 25.44762421
v 7.05812407 -1.42683053 23.98910904
v 7.12047195 -1.07323849 25.44762421
v 7.12047195 -1.07323849 23.98910904
v 7.16511726 -0.71697813 25.44762421
v 7.16511726 -0.71697813 23.98910904
v 7.19194889 -0.35893524 25.44762421
v 7.19194889 -0.35893524 23.98910904
v -7.43164158 -0.73195279 25.93379593
v -7.69705725 -0.75809395 26.41996956
v -7.99105406 -0.39881694 26.90614128
v -7.96124125 -0.79664236 26.90614128
v -7.9116354 -1.19248712 26.90614128
v -7.32411194 -1.45685649 25.93379593
v -7.58568764 -1.50888705 26.41996956
v -7.84236002 -1.58536732 26.90614128
v -7.75358725 -1.97430599 26.90614128
v -7.14604759 -2.16772985 25.93379593
v -7.40126371 -2.2451489 26.41996956
v -7.64553785 -2.35833621 26.90614128
v -7.51848078 -2.73650312 26.90614128
v -6.89916277 -2.85772681 25.93379593
v -7.1455617 -2.95978856 26.41996956
v -7.37273121 -3.10786676 26.90614128
v -7.20865202 -3.47150373 26.90614128
v -6.58583546 -3.52020216 25.93379593
v -6.82104349 -3.64592385 26.41996956
v -7.02665091 -3.82651019 26.90614128
v -6.82718039 -4.17200327 26.90614128
v -6.2090826 -4.14877605 25.93379593
v -6.43083525 -4.296947 26.41996956
v -6.61073637 -4.50712395 26.90614128
v -6.37785721 -4.83103895 26.90614128
v -5.77253294 -4.73739529 25.93379593
v -5.97869492 -4.90658808 26.41996956
v -6.12912178 -5.14294386 26.90614128
v -5.86514807 -5.4420619 26.90614128
v -5.28039074 -5.28039074 25.93379593
v -5.46897602 -5.46897602 26.41996956
v -5.58659267 -5.72765064 26.90614128
v -5.29414845 -5.9989996 26.90614128
v -4.73739529 -5.77253294 25.93379593
v -4.90658808 -5.97869492 26.41996956
v -4.98854208 -6.25543356 26.90614128
v -4.67053318 -6.49631596 26.90614128
v -4.14877605 -6.2090826 25.93379593
v -4.296947 -6.43083525 26.41996956
v -4.34091282 -6.7210474 26.90614128
v -4.0005002 -6.92906904 26.90614128
v -3.52020216 -6.58583546 25.93379593
v -3.64592385 -6.82104349 26.41996956
v -3.65014148 -7.11986446 26.90614128
v -3.29070807 -7.29295826 26.90614128
v -2.85772681 -6.89916277 25.93379593
v -2.95978856 -7.1455617 26.41996956
v -2.92309356 -7.4479208 26.90614128
v -2.54821157 -7.5843668 26.90614128
v -2.16772985 -7.14604759 25.93379593
v -2.2451489 -7.40126371 26.41996956
v -2.16699457 -7.70195675 26.90614128
v -1.78039002 -7.80039835 26.90614128
v -1.45685649 -7.32411194 25.93379593
v -1.50888705 -7.58568764 26.41996956
v -1.38935912 -7.87944698 26.90614128
v -0.994874 -7.93890572 26.90614128
v -0.73195279 -7.43164158 25.93379593
v -0.75809395 -7.69705725 26.41996956
v -0.59791547 -7.97862768 26.90614128
v -0.19947046 -7.99851322 26.90614128
v -0 -7.46759987 25.93379593
v -0 -7.73430014 26.41996956
v 0.19947046 -7.99851322 26.90614128
v 0.73195279 -7.43164158 25.93379593
v 0.75809395 -7.69705725 26.41996956
v 0.59791547 -7.97862768 26.90614128
v 0.994874 -7.93890572 26.90614128
v 1.45685649 -7.32411194 25.93379593
v 1.50888705 -7.58568764 26.41996956
v 1.78039002 -7.80039835 26.90614128
v 1.38935912 -7.87944698 26.90614128
v 2.16772985 -7.14604759 25.93379593
v 2.2451489 -7.40126371 26.41996956
v 2.16699457 -7.70195675 26.90614128
v 2.54821157 -7.5843668 26.90614128
v 2.85772681 -6.89916277 25.93379593
v 2.95978856 -7.1455617 26.41996956
v 2.92309356 -7.4479208 26.90614128
v 3.29070807 -7.29295826 26.90614128
v 3.52020216 -6.58583546 25.93379593
v 3.64592385 -6.82104349 26.41996956
v 3.65014148 -7.11986446 26.90614128
v 4.0005002 -6.92906904 26.90614128
v 4.14877605 -6.2090826 25.93379593
v 4.296947 -6.43083525 26.41996956
v 4.34091282 -6.7210474 26.90614128
v 4.67053318 -6.49631596 26.90614128
v 4.73739529 -5.77253294 25.93379593
v 4.90658808 -5.97869492 26.41996956
v 4.98854208 -6.25543356 26.90614128
v 5.29414845 -5.9989996 26.90614128
v 5.28039074 -5.28039074 25.93379593
v 5.46897602 -5.46897602 26.41996956
v 5.58659267 -5.72765064 26.90614128
v 5.86514807 -5.4420619 26.90614128
v 5.77253294 -4.73739529 25.93379593
v 5.97869492 -4.90658808 26.41996956
v 6.12912178 -5.14294386 26.90614128
v 6.37785721 -4.83103895 26.90614128
v 6.2090826 -4.14877605 25.93379593
v 6.43083525 -4.296947 26.41996956
v 6.61073637 -4.50712395 26.90614128
v 6.82718039 -4.17200327 26.90614128
v 6.58583546 -3.52020216 25.93379593
v 6.82104349 -3.64592385 26.41996956
v 7.02665091 -3.82651019 26.90614128
v 7.20865202 -3.47150373 26.90614128
v 6.89916277 -2.85772681 25.93379593
v 7.1455617 -2.95978856 26.41996956
v 7.37273121 -3.10786676 26.90614128
v 7.51848078 -2.73650312 26.90614128
v 7.14604759 -2.16772985 25.93379593
v 7.40126371 -2.2451489 26.41996956
v 7.64553785 -2.35833621 26.90614128
v 7.75358725 -1.97430599 26.90614128
v 7.32411194 -1.45685649 25.93379593
v 7.58568764 -1.50888705 26.41996956
v 7.84236002 -1.58536732 26.90614128
v 7.9116354 -1.19248712 26.90614128
v 7.43164158 -0.73195279 25.93379593
v 7.69705725 -0.75809395 26.41996956
v 7.96124125 -0.79664236 26.90614128
v 7.99105406 -0.39881694 26.90614128
v 1.30787718 -0.26015294 28.93185616
v 1.32707882 -0.13070586 28.93185616
v 1.27607989 -0.38709462 28.93185616
v 1.23199332 -0.51030838 28.93185616
v 2.65415764 -0.26141173 28.52671432
v 1.17604196 -0.62860757 28.93185616
v 2.61575437 -0.52030587 28.52671432
v 1.10876477 -0.74085289 28.93185616
v 2.55215979 -0.77418923 28.52671432
v 1.0308094 -0.84596342 28.93185616
v 2.46398664 -1.02061677 28.52671432
v 0.94292688 -0.94292688 28.93185616
v 3.98123646 -0.39211756 28.12157059
v 2.35208392 -1.25721514 28.52671432
v 0.84596342 -1.0308094 28.93185616
v 3.92363143 -0.78045881 28.12157059
v 2.21752954 -1.48170578 28.52671432
v 0.74085289 -1.10876477 28.93185616
v 3.82823992 -1.16128385 28.12157059
v 2.0616188 -1.69192684 28.52671432
v 0.62860757 -1.17604196 28.93185616
v 3.69598007 -1.53092504 28.12157059
v 1.88585377 -1.88585377 28.52671432
v 5.30831528 -0.52282345 27.71642685
v 0.51030838 -1.23199332 28.93185616
v 3.528126 -1.88582265 28.12157059
v 1.69192684 -2.0616188 28.52671432
v 5.23150873 -1.04061174 27.71642685
v 0.38709462 -1.27607989 28.93185616
v 3.32629418 -2.22255874 28.12157059
v 1.48170578 -2.21752954 28.52671432
v 5.10431957 -1.54837847 27.71642685
v 0.26015294 -1.30787718 28.93185616
v 3.09242821 -2.53789043 28.12157059
v 1.25721514 -2.35208392 28.52671432
v 4.92797327 -2.04123354 27.71642685
v 0.13070586 -1.32707882 28.93185616
v 2.82878065 -2.82878065 28.12157059
v 6.6353941 -0.65352929 27.31128311
v 1.02061677 -2.46398664 28.52671432
v 4.70416784 -2.51443028 27.71642685
v 0 -1.33350003 28.93185616
v 2.53789043 -3.09242821 28.12157059
v 6.5393858 -1.30076468 27.31128311
v 0.77418923 -2.55215979 28.52671432
v 4.43505907 -2.96341157 27.71642685
v -0.13070586 -1.32707882 28.93185616
v 2.22255874 -3.32629418 28.12157059
v 6.3803997 -1.93547308 27.31128311
v 0.52030587 -2.61575437 28.52671432
v 4.12323761 -3.38385367 27.71642685
v -0.26015294 -1.30787718 28.93185616
v 1.88582265 -3.528126 28.12157059
v 6.15996695 -2.55154181 27.31128311
v 0.26141173 -2.65415764 28.52671432
v 3.77170753 -3.77170753 27.71642685
v -0.38709462 -1.27607989 28.93185616
v 1.53092504 -3.69598007 28.12157059
v 5.88020992 -3.1430378 27.31128311
v 0 -2.66700006 28.52671432
v 3.38385367 -4.12323761 27.71642685
v -0.51030838 -1.23199332 28.93185616
v 1.16128385 -3.82823992 28.12157059
v 5.54382372 -3.70426464 27.31128311
v -0.26141173 -2.65415764 28.52671432
v 2.96341157 -4.43505907 27.71642685
v -0.62860757 -1.17604196 28.93185616
v 0.78045881 -3.92363143 28.12157059
v 5.15404701 -4.22981739 27.31128311
v -0.52030587 -2.61575437 28.52671432
v 2.51443028 -4.70416784 27.71642685
v -0.74085289 -1.10876477 28.93185616
v 0.39211756 -3.98123646 28.12157059
v 4.71463442 -4.71463442 27.31128311
v -0.77418923 -2.55215979 28.52671432
v 2.04123354 -4.92797327 27.71642685
v -0.84596342 -1.0308094 28.93185616
v 0 -4.0005002 28.12157059
v 4.22981739 -5.15404701 27.31128311
v -1.02061677 -2.46398664 28.52671432
v 1.54837847 -5.10431957 27.71642685
v -0.94292688 -0.94292688 28.93185616
v -0.39211756 -3.98123646 28.12157059
v 3.70426464 -5.54382372 27.31128311
v -1.25721514 -2.35208392 28.52671432
v 1.04061174 -5.23150873 27.71642685
v -1.0308094 -0.84596342 28.93185616
v -0.78045881 -3.92363143 28.12157059
v 3.1430378 -5.88020992 27.31128311
v -1.48170578 -2.21752954 28.52671432
v 0.52282345 -5.30831528 27.71642685
v -1.10876477 -0.74085289 28.93185616
v -1.16128385 -3.82823992 28.12157059
v 2.55154181 -6.15996695 27.31128311
v -1.69192684 -2.0616188 28.52671432
v 0 -5.33400011 27.71642685
v -1.17604196 -0.62860757 28.93185616
v -1.53092504 -3.69598007 28.12157059
v 1.93547308 -6.3803997 27.31128311
v -1.88585377 -1.88585377 28.52671432
v -0.52282345 -5.30831528 27.71642685
v -1.23199332 -0.51030838 28.93185616
v -1.88582265 -3.528126 28.12157059
v 1.30076468 -6.5393858 27.31128311
v -2.0616188 -1.69192684 28.52671432
v -1.04061174 -5.23150873 27.71642685
v -1.27607989 -0.38709462 28.93185616
v -2.22255874 -3.32629418 28.12157059
v 0.65352929 -6.6353941 27.31128311
v -2.21752954 -1.48170578 28.52671432
v -1.54837847 -5.10431957 27.71642685
v -1.30787718 -0.26015294 28.93185616
v -2.53789043 -3.09242821 28.12157059
v 0 -6.66750002 27.31128311
v -2.35208392 -1.25721514 28.52671432
v -2.04123354 -4.92797327 27.71642685
v -1.32707882 -0.13070586 28.93185616
v -2.82878065 -2.82878065 28.12157059
v -0.65352929 -6.6353941 27.31128311
v -2.46398664 -1.02061677 28.52671432
v -2.51443028 -4.70416784 27.71642685
v -3.09242821 -2.53789043 28.12157059
v -1.30076468 -6.5393858 27.31128311
v -2.55215979 -0.77418923 28.52671432
v -2.96341157 -4.43505907 27.71642685
v -3.32629418 -2.22255874 28.12157059
v -1.93547308 -6.3803997 27.31128311
v -2.61575437 -0.52030587 28.52671432
v -3.38385367 -4.12323761 27.71642685
v -3.528126 -1.88582265 28.12157059
v -2.55154181 -6.15996695 27.31128311
v -2.65415764 -0.26141173 28.52671432
v -3.77170753 -3.77170753 27.71642685
v -3.69598007 -1.53092504 28.12157059
v -3.1430378 -5.88020992 27.31128311
v -4.12323761 -3.38385367 27.71642685
v -3.82823992 -1.16128385 28.12157059
v -3.70426464 -5.54382372 27.31128311
v -4.43505907 -2.96341157 27.71642685
v -3.92363143 -0.78045881 28.12157059
v -4.22981739 -5.15404701 27.31128311
v -4.70416784 -2.51443028 27.71642685
v -3.98123646 -0.39211756 28.12157059
v -4.71463442 -4.71463442 27.31128311
v -4.92797327 -2.04123354 27.71642685
v -5.15404701 -4.22981739 27.31128311
v -5.10431957 -1.54837847 27.71642685
v -5.54382372 -3.70426464 27.31128311
v -5.23150873 -1.04061174 27.71642685
v -5.88020992 -3.1430378 27.31128311
v -5.30831528 -0.52282345 27.71642685
v -6.15996695 -2.55154181 27.31128311
v -6.3803997 -1.93547308 27.31128311
v -6.5393858 -1.30076468 27.31128311
v -6.6353941 -0.65352929 27.31128311
v -7.19194889 -0.35893524 21.0720787
v -7.16511726 -0.71697813 21.0720787
v -7.12047195 -1.07323849 21.0720787
v -7.05812407 -1.42683053 21.0720787
v -6.97822857 -1.77687538 21.0720787
v -6.88098431 -2.12250257 21.0720787
v -6.76663256 -2.46285295 21.0720787
v -6.63545799 -2.79708004 21.0720787
v -6.48778677 -3.12435341 21.0720787
v -6.32398558 -3.4438591 21.0720787
v -6.14446211 -3.7548027 21.0720787
v -5.94966269 -4.05641127 21.0720787
v -5.7400713 -4.3479352 21.0720787
v -5.5162096 -4.62864923 21.0720787
v -5.27863312 -4.89785576 21.0720787
v -5.0279336 -5.15488577 21.0720787
v -4.76473331 -5.39909935 21.0720787
v -4.48968792 -5.62989044 21.0720787
v -4.20347977 -5.84668446 21.0720787
v -3.90682149 -6.04894257 21.0720787
v -3.60045004 -6.23616219 21.0720787
v -3.2851274 -6.40787792 21.0720787
v -2.96163726 -6.56366253 21.0720787
v -2.63078427 -6.70312881 21.0720787
v -2.29339051 -6.82593012 21.0720787
v -1.95029509 -6.93176079 21.0720787
v -1.60235095 -7.02035856 21.0720787
v -1.25042319 -7.09150219 21.0720787
v -0.89538658 -7.14501524 21.0720787
v -0.53812391 -7.18076468 21.0720787
v -0.17952342 -7.1986618 21.0720787
v 0.17952342 -7.1986618 21.0720787
v 0.53812391 -7.18076468 21.0720787
v 0.89538658 -7.14501524 21.0720787
v 1.25042319 -7.09150219 21.0720787
v 1.60235095 -7.02035856 21.0720787
v 1.95029509 -6.93176079 21.0720787
v 2.29339051 -6.82593012 21.0720787
v 2.63078427 -6.70312881 21.0720787
v 2.96163726 -6.56366253 21.0720787
v 3.2851274 -6.40787792 21.0720787
v 3.60045004 -6.23616219 21.0720787
v 3.90682149 -6.04894257 21.0720787
v 4.20347977 -5.84668446 21.0720787
v 4.48968792 -5.62989044 21.0720787
v 4.76473331 -5.39909935 21.0720787
v 5.0279336 -5.15488577 21.0720787
v 5.27863312 -4.89785576 21.0720787
v 5.5162096 -4.62864923 21.0720787
v 5.7400713 -4.3479352 21.0720787
v 5.94966269 -4.05641127 21.0720787
v 6.14446211 -3.7548027 21.0720787
v 6.32398558 -3.4438591 21.0720787
v 6.48778677 -3.12435341 21.0720787
v 6.63545799 -2.79708004 21.0720787
v 6.76663256 -2.46285295 21.0720787
v 6.88098431 -2.12250257 21.0720787
v 6.97822857 -1.77687538 21.0720787
v 7.05812407 -1.42683053 21.0720787
v 7.12047195 -1.07323849 21.0720787
v 7.16511726 -0.71697813 21.0720787
v 7.19194889 -0.35893524 21.0720787
v -7.43164158 -0.73195279 21.55825043
v -7.69705725 -0.75809395 22.04442215
v -7.99105406 -0.39881694 22.53059387
v -7.96124125 -0.79664236 22.53059387
v -7.9116354 -1.19248712 22.53059387
v -7.32411194 -1.45685649 21.55825043
v -7.58568764 -1.50888705 22.04442215
v -7.84236002 -1.58536732 22.53059387
v -7.75358725 -1.97430599 22.53059387
v -7.14604759 -2.16772985 21.55825043
v -7.40126371 -2.2451489 22.04442215
v -7.64553785 -2.35833621 22.53059387
v -7.51848078 -2.73650312 22.53059387
v -6.89916277 -2.85772681 21.55825043
v -7.1455617 -2.95978856 22.04442215
v -7.37273121 -3.10786676 22.53059387
v -7.20865202 -3.47150373 22.53059387
v -6.58583546 -3.52020216 21.55825043
v -6.82104349 -3.64592385 22.04442215
v -7.02665091 -3.82651019 22.53059387
v -6.82718039 -4.17200327 22.53059387
v -6.2090826 -4.14877605 21.55825043
v -6.43083525 -4.296947 22.04442215
v -6.61073637 -4.50712395 22.53059387
v -6.37785721 -4.83103895 22.53059387
v -5.77253294 -4.73739529 21.55825043
v -5.97869492 -4.90658808 22.04442215
v -6.12912178 -5.14294386 22.53059387
v -5.86514807 -5.4420619 22.53059387
v -5.28039074 -5.28039074 21.55825043
v -5.46897602 -5.46897602 22.04442215
v -5.58659267 -5.72765064 22.53059387
v -5.29414845 -5.9989996 22.53059387
v -4.73739529 -5.77253294 21.55825043
v -4.90658808 -5.97869492 22.04442215
v -4.98854208 -6.25543356 22.53059387
v -4.67053318 -6.49631596 22.53059387
v -4.14877605 -6.2090826 21.55825043
v -4.296947 -6.43083525 22.04442215
v -4.34091282 -6.7210474 22.53059387
v -4.0005002 -6.92906904 22.53059387
v -3.52020216 -6.58583546 21.55825043
v -3.64592385 -6.82104349 22.04442215
v -3.65014148 -7.11986446 22.53059387
v -3.29070807 -7.29295826 22.53059387
v -2.85772681 -6.89916277 21.55825043
v -2.95978856 -7.1455617 22.04442215
v -2.92309356 -7.4479208 22.53059387
v -2.54821157 -7.5843668 22.53059387
v -2.16772985 -7.14604759 21.55825043
v -2.2451489 -7.40126371 22.04442215
v -2.16699457 -7.70195675 22.53059387
v -1.78039002 -7.80039835 22.53059387
v -1.45685649 -7.32411194 21.55825043
v -1.50888705 -7.58568764 22.04442215
v -1.38935912 -7.87944698 22.53059387
v -0.994874 -7.93890572 22.53059387
v -0.73195279 -7.43164158 21.55825043
v -0.75809395 -7.69705725 22.04442215
v -0.59791547 -7.97862768 22.53059387
v -0.19947046 -7.99851322 22.53059387
v -0 -7.46759987 21.55825043
v -0 -7.73430014 22.04442215
v 0.19947046 -7.99851322 22.53059387
v 0.73195279 -7.43164158 21.55825043
v 0.75809395 -7.69705725 22.04442215
v 0.59791547 -7.97862768 22.53059387
v 0.994874 -7.93890572 22.53059387
v 1.45685649 -7.32411194 21.55825043
v 1.50888705 -7.58568764 22.04442215
v 1.78039002 -7.80039835 22.53059387
v 1.38935912 -7.87944698 22.53059387
v 2.16772985 -7.14604759 21.55825043
v 2.2451489 -7.40126371 22.04442215
v 2.16699457 -7.70195675 22.53059387
v 2.54821157 -7.5843668 22.53059387
v 2.85772681 -6.89916277 21.55825043
v 2.95978856 -7.1455617 22.04442215
v 2.92309356 -7.4479208 22.53059387
v 3.29070807 -7.29295826 22.53059387
v 3.52020216 -6.58583546 21.55825043
v 3.64592385 -6.82104349 22.04442215
v 3.65014148 -7.11986446 22.53059387
v 4.0005002 -6.92906904 22.53059387
v 4.14877605 -6.2090826 21.55825043
v 4.296947 -6.43083525 22.04442215
v 4.34091282 -6.7210474 22.53059387
v 4.67053318 -6.49631596 22.53059387
v 4.73739529 -5.77253294 21.55825043
v 4.90658808 -5.97869492 22.04442215
v 4.98854208 -6.25543356 22.53059387
v 5.29414845 -5.9989996 22.53059387
v 5.28039074 -5.28039074 21.55825043
v 5.46897602 -5.46897602 22.04442215
v 5.58659267 -5.72765064 22.53059387
v 5.86514807 -5.4420619 22.53059387
v 5.77253294 -4.73739529 21.55825043
v 5.97869492 -4.90658808 22.04442215
v 6.12912178 -5.14294386 22.53059387
v 6.37785721 -4.83103895 22.53059387
v 6.2090826 -4.14877605 21.55825043
v 6.43083525 -4.296947 22.04442215
v 6.61073637 -4.50712395 22.53059387
v 6.82718039 -4.17200327 22.53059387
v 6.58583546 -3.52020216 21.55825043
v 6.82104349 -3.64592385 22.04442215
v 7.02665091 -3.82651019 22.53059387
v 7.20865202 -3.47150373 22.53059387
v 6.89916277 -2.85772681 21.55825043
v 7.1455617 -2.95978856 22.04442215
v 7.37273121 -3.10786676 22.53059387
v 7.51848078 -2.73650312 22.53059387
v 7.14604759 -2.16772985 21.55825043
v 7.40126371 -2.2451489 22.04442215
v 7.64553785 -2.35833621 22.53059387
v 7.75358725 -1.97430599 22.53059387
v 7.32411194 -1.45685649 21.55825043
v 7.58568764 -1.50888705 22.04442215
v 7.84236002 -1.58536732 22.53059387
v 7.9116354 -1.19248712 22.53059387
v 7.43164158 -0.73195279 21.55825043
v 7.69705725 -0.75809395 22.04442215
v 7.96124125 -0.79664236 22.53059387
v 7.99105406 -0.39881694 22.53059387
v 7.43164158 -0.73195279 23.50293732
v 7.69705725 -0.75809395 23.01676559
v 7.32411194 -1.45685649 23.50293732
v 7.58568764 -1.50888705 23.01676559
v 7.14604759 -2.16772985 23.50293732
v 7.40126371 -2.2451489 23.01676559
v 6.89916277 -2.85772681 23.50293732
v 7.1455617 -2.95978856 23.01676559
v 6.58583546 -3.52020216 23.50293732
v 6.82104349 -3.64592385 23.01676559
v 6.2090826 -4.14877605 23.50293732
v 6.43083525 -4.296947 23.01676559
v 5.77253294 -4.73739529 23.50293732
v 5.97869492 -4.90658808 23.01676559
v 5.28039074 -5.28039074 23.50293732
v 5.46897602 -5.46897602 23.01676559
v 4.73739529 -5.77253294 23.50293732
v 4.90658808 -5.97869492 23.01676559
v 4.14877605 -6.2090826 23.50293732
v 4.296947 -6.43083525 23.01676559
v 3.52020216 -6.58583546 23.50293732
v 3.64592385 -6.82104349 23.01676559
v 2.85772681 -6.89916277 23.50293732
v 2.95978856 -7.1455617 23.01676559
v 2.16772985 -7.14604759 23.50293732
v 2.2451489 -7.40126371 23.01676559
v 1.45685649 -7.32411194 23.50293732
v 1.50888705 -7.58568764 23.01676559
v 0.73195279 -7.43164158 23.50293732
v 0.75809395 -7.69705725 23.01676559
v 0 -7.46759987 23.50293732
v 0 -7.73430014 23.01676559
v -0.73195279 -7.43164158 23.50293732
v -0.75809395 -7.69705725 23.01676559
v -1.45685649 -7.32411194 23.50293732
v -1.50888705 -7.58568764 23.01676559
v -2.16772985 -7.14604759 23.50293732
v -2.2451489 -7.40126371 23.01676559
v -2.85772681 -6.89916277 23.50293732
v -2.95978856 -7.1455617 23.01676559
v -3.52020216 -6.58583546 23.50293732
v -3.64592385 -6.82104349 23.01676559
v -4.14877605 -6.2090826 23.50293732
v -4.296947 -6.43083525 23.01676559
v -4.73739529 -5.77253294 23.50293732
v -4.90658808 -5.97869492 23.01676559
v -5.28039074 -5.28039074 23.50293732
v -5.46897602 -5.46897602 23.01676559
v -5.77253294 -4.73739529 23.50293732
v -5.97869492 -4.90658808 23.01676559
v -6.2090826 -4.14877605 23.50293732
v -6.43083525 -4.296947 23.01676559
v -6.58583546 -3.52020216 23.50293732
v -6.82104349 -3.64592385 23.01676559
v -6.89916277 -2.85772681 23.50293732
v -7.1455617 -2.95978856 23.01676559
v -7.14604759 -2.16772985 23.50293732
v -7.40126371 -2.2451489 23.01676559
v -7.32411194 -1.45685649 23.50293732
v -7.58568764 -1.50888705 23.01676559
v -7.43164158 -0.73195279 23.50293732
v -7.69705725 -0.75809395 23.01676559
f 1 2 3
f 1 4 2
f 5 3 6
f 5 1 3
f 7 6 8
f 7 5 6
f 9 8 10
f 9 7 8
f 11 10 12
f 11 9 10
f 13 12 14
f 13 11 12
f 15 14 16
f 15 13 14
f 17 16 18
f 17 15 16
f 19 18 20
f 19 17 18
f 21 20 22
f 21 19 20
f 23 24 25
f 23 22 24
f 23 21 22
f 26 23 25
f 27 25 28
f 27 26 25
f 29 28 30
f 29 27 28
f 31 30 32
f 31 29 30
f 33 32 34
f 33 31 32
f 35 34 36
f 35 33 34
f 37 36 38
f 37 35 36
f 39 40 41
f 39 42 40
f 43 41 44
f 43 39 41
f 45 44 46
f 45 43 44
f 47 46 48
f 47 45 46
f 49 48 50
f 49 47 48
f 51 50 52
f 51 49 50
f 53 52 54
f 53 51 52
f 55 54 56
f 55 53 54
f 57 56 58
f 57 55 56
f 59 58 60
f 59 57 58
f 61 60 62
f 61 59 60
f 63 62 64
f 63 61 62
f 65 63 64
f 65 64 66
f 67 65 66
f 67 66 68
f 69 67 68
f 69 68 70
f 71 69 70
f 71 70 72
f 73 72 74
f 73 71 72
f 75 74 76
f 75 73 74
f 77 76 78
f 77 75 76
f 79 80 81
f 82 80 79
f 83 80 82
f 84 80 83
f 85 80 84
f 86 80 85
f 87 80 86
f 88 80 87
f 89 80 88
f 90 80 89
f 91 80 90
f 92 80 91
f 93 80 92
f 94 80 93
f 95 80 94
f 96 80 95
f 97 80 96
f 98 80 97
f 99 80 98
f 100 80 99
f 101 80 100
f 102 80 101
f 103 80 102
f 104 80 103
f 105 80 104
f 106 80 105
f 107 80 106
f 108 80 107
f 109 80 108
f 110 80 109
f 111 80 110
f 112 80 111
f 113 80 112
f 114 80 113
f 114 78 80
f 114 77 78
f 115 114 113
f 116 114 115
f 117 114 116
f 118 114 117
f 119 114 118
f 120 114 119
f 121 114 120
f 122 114 121
f 123 114 122
f 124 114 123
f 125 114 124
f 126 114 125
f 127 114 126
f 128 114 127
f 129 114 128
f 130 114 129
f 131 114 130
f 132 114 131
f 133 114 132
f 134 114 133
f 135 114 134
f 136 114 135
f 137 114 136
f 138 114 137
f 139 114 138
f 140 114 139
f 141 114 140
f 142 114 141
f 143 114 142
f 144 114 143
f 145 114 144
f 146 114 145
f 147 114 146
f 148 114 147
f 149 81 150
f 151 114 148
f 152 83 82
f 153 114 151
f 154 114 153
f 155 84 156
f 155 85 84
f 157 114 154
f 158 114 157
f 159 87 86
f 159 86 160
f 161 114 158
f 162 114 161
f 163 89 88
f 163 88 164
f 165 91 90
f 166 114 162
f 167 114 166
f 168 114 167
f 169 114 168
f 170 93 92
f 171 114 169
f 172 114 171
f 173 94 174
f 173 95 94
f 175 114 172
f 176 114 175
f 177 96 178
f 177 97 96
f 179 114 176
f 180 114 179
f 181 98 182
f 181 99 98
f 183 101 100
f 184 114 180
f 185 114 184
f 186 114 185
f 187 114 186
f 188 103 102
f 189 114 187
f 190 114 189
f 191 104 192
f 191 105 104
f 193 114 190
f 194 114 193
f 195 107 106
f 195 106 196
f 197 109 108
f 198 114 194
f 199 114 198
f 200 109 197
f 201 111 110
f 202 114 199
f 203 114 202
f 204 114 203
f 205 114 204
f 206 113 112
f 207 114 205
f 208 114 207
f 209 116 115
f 209 115 210
f 211 114 208
f 212 114 211
f 213 118 117
f 213 117 214
f 215 120 119
f 216 120 215
f 217 122 121
f 218 124 123
f 219 125 220
f 219 126 125
f 221 128 127
f 221 127 222
f 223 130 129
f 223 129 224
f 225 132 131
f 226 134 133
f 227 135 228
f 227 136 135
f 229 137 230
f 229 138 137
f 231 140 139
f 232 140 231
f 233 142 141
f 234 144 143
f 235 145 236
f 235 146 145
f 237 148 147
f 237 147 238
f 239 153 151
f 239 151 240
f 241 157 154
f 242 161 158
f 243 166 162
f 243 162 244
f 245 167 246
f 245 168 167
f 247 169 248
f 247 171 169
f 249 175 172
f 250 179 176
f 251 180 252
f 251 184 180
f 253 185 254
f 253 186 185
f 255 189 187
f 255 187 256
f 257 193 190
f 258 198 194
f 259 202 199
f 259 199 260
f 261 203 262
f 261 204 203
f 263 207 205
f 264 207 263
f 265 211 208
f 266 267 268
f 269 266 270
f 271 269 272
f 273 271 274
f 275 276 277
f 278 273 279
f 280 277 281
f 282 278 283
f 284 281 285
f 286 282 287
f 288 285 289
f 290 286 291
f 292 289 293
f 294 290 295
f 296 293 297
f 298 299 300
f 298 301 299
f 298 300 302
f 303 301 298
f 303 304 305
f 303 306 304
f 303 305 307
f 303 307 301
f 308 309 310
f 308 311 312
f 308 310 311
f 313 314 315
f 313 316 314
f 313 309 308
f 313 315 309
f 313 317 316
f 318 319 320
f 318 321 319
f 318 322 321
f 323 324 325
f 323 322 318
f 323 326 324
f 323 325 327
f 323 327 322
f 328 329 330
f 328 331 332
f 328 330 331
f 333 294 334
f 335 336 337
f 335 329 328
f 335 338 336
f 335 339 338
f 335 337 329
f 340 341 342
f 340 343 344
f 340 344 345
f 340 345 341
f 346 347 348
f 346 348 349
f 346 349 343
f 346 343 340
f 350 351 352
f 350 352 353
f 350 353 354
f 355 356 357
f 355 357 351
f 355 358 356
f 355 359 358
f 355 351 350
f 360 361 362
f 360 363 361
f 360 364 363
f 365 296 297
f 366 365 297
f 367 364 360
f 367 368 369
f 367 370 371
f 367 371 364
f 367 369 370
f 372 373 374
f 372 375 373
f 372 374 376
f 377 298 378
f 377 303 298
f 379 380 375
f 379 381 380
f 379 382 381
f 379 375 372
f 379 383 382
f 384 385 386
f 384 387 385
f 384 388 387
f 389 313 308
f 389 308 390
f 391 388 384
f 391 392 393
f 391 394 388
f 391 393 395
f 391 395 394
f 396 397 398
f 396 398 399
f 396 399 400
f 401 323 318
f 401 318 402
f 403 404 405
f 403 397 396
f 403 405 397
f 403 406 404
f 403 333 407
f 403 407 406
f 408 335 328
f 408 328 409
f 410 340 411
f 410 346 340
f 412 355 350
f 412 350 413
f 414 365 366
f 415 367 360
f 415 360 416
f 417 414 366
f 418 377 378
f 418 378 419
f 420 379 372
f 420 372 421
f 422 389 390
f 422 390 423
f 424 384 425
f 424 391 384
f 426 402 427
f 426 401 402
f 428 403 396
f 428 396 429
f 430 409 431
f 430 408 409
f 432 410 411
f 433 410 432
f 434 412 413
f 435 412 434
f 436 414 417
f 437 416 438
f 437 415 416
f 439 436 417
f 440 418 419
f 440 419 441
f 442 420 421
f 442 421 443
f 444 424 425
f 445 422 423
f 445 423 446
f 447 424 444
f 448 428 429
f 449 426 427
f 449 427 450
f 451 428 448
f 452 430 431
f 452 431 453
f 454 433 432
f 455 433 454
f 456 435 434
f 457 435 456
f 458 436 439
f 459 438 460
f 459 437 438
f 461 458 439
f 462 440 441
f 462 441 463
f 464 442 443
f 464 443 465
f 466 445 446
f 466 446 467
f 468 444 469
f 468 447 444
f 470 451 448
f 471 449 450
f 471 450 472
f 473 451 470
f 474 452 453
f 474 453 475
f 476 454 477
f 476 455 454
f 478 457 456
f 478 456 479
f 480 458 461
f 481 460 482
f 481 459 460
f 483 462 463
f 483 463 484
f 485 480 461
f 486 464 465
f 486 465 487
f 488 467 489
f 488 466 467
f 490 468 469
f 490 469 491
f 492 471 472
f 492 472 493
f 494 470 495
f 494 473 470
f 496 474 475
f 496 475 497
f 498 476 477
f 499 476 498
f 500 478 479
f 501 478 500
f 502 480 485
f 503 481 482
f 503 482 504
f 505 484 506
f 505 483 484
f 507 487 508
f 507 486 487
f 509 502 485
f 510 488 489
f 510 489 511
f 512 491 513
f 512 490 491
f 514 494 495
f 515 493 516
f 515 492 493
f 517 494 514
f 518 496 497
f 518 497 519
f 520 498 521
f 520 499 498
f 522 501 500
f 522 500 523
f 524 503 504
f 525 502 509
f 526 503 524
f 527 506 528
f 527 505 506
f 529 508 530
f 529 507 508
f 531 525 509
f 532 510 511
f 532 511 533
f 534 513 535
f 534 512 513
f 536 516 537
f 536 515 516
f 538 514 539
f 538 517 514
f 540 518 519
f 540 519 541
f 542 520 521
f 542 521 543
f 544 522 523
f 545 522 544
f 546 525 531
f 547 526 524
f 547 524 548
f 549 527 528
f 549 528 550
f 551 532 533
f 552 530 553
f 552 529 530
f 554 532 551
f 555 546 531
f 556 534 535
f 556 535 557
f 558 536 537
f 558 537 559
f 560 539 561
f 560 538 539
f 562 540 541
f 562 541 563
f 564 542 543
f 565 542 564
f 566 545 544
f 567 545 566
f 568 547 548
f 569 546 555
f 570 547 568
f 571 552 553
f 572 550 573
f 572 549 550
f 574 552 571
f 575 556 557
f 576 554 551
f 576 551 577
f 578 569 555
f 579 556 575
f 580 560 561
f 581 559 582
f 581 558 559
f 583 560 580
f 584 562 563
f 584 563 585
f 586 565 564
f 586 564 587
f 588 566 589
f 588 567 566
f 590 569 578
f 591 570 568
f 591 568 592
f 593 572 573
f 593 573 594
f 595 571 596
f 595 574 571
f 597 579 575
f 598 576 577
f 598 577 599
f 600 579 597
f 601 582 602
f 601 581 582
f 603 580 604
f 603 583 580
f 605 584 585
f 605 585 606
f 607 586 587
f 608 578 609
f 608 590 578
f 610 606 601
f 610 601 602
f 610 598 599
f 610 593 594
f 610 594 590
f 610 602 598
f 610 607 605
f 610 590 608
f 610 605 606
f 610 599 593
f 611 586 607
f 611 607 610
f 612 588 589
f 613 608 609
f 614 588 612
f 615 613 609
f 616 592 617
f 616 591 592
f 618 596 619
f 618 595 596
f 620 615 609
f 621 622 623
f 621 623 620
f 624 621 620
f 625 624 620
f 626 600 597
f 626 597 627
f 628 603 604
f 629 625 620
f 630 629 620
f 631 630 620
f 632 620 609
f 633 631 620
f 634 635 636
f 634 636 637
f 638 633 620
f 639 638 620
f 640 620 632
f 640 639 620
f 641 603 628
f 642 640 632
f 643 642 632
f 644 643 632
f 645 644 632
f 646 645 632
f 647 646 632
f 648 647 632
f 649 648 632
f 650 649 632
f 651 650 632
f 652 653 654
f 652 654 655
f 652 634 653
f 656 651 632
f 657 656 632
f 658 657 632
f 659 658 632
f 660 659 632
f 661 660 632
f 662 661 632
f 663 662 632
f 664 663 632
f 665 664 632
f 666 665 632
f 667 666 632
f 668 667 632
f 669 668 632
f 670 668 669
f 671 670 669
f 672 612 611
f 672 618 619
f 672 619 616
f 672 641 628
f 672 628 626
f 672 626 627
f 672 673 641
f 672 610 635
f 672 617 614
f 672 627 618
f 672 635 634
f 672 616 617
f 672 611 610
f 672 614 612
f 674 671 669
f 675 674 669
f 676 675 669
f 677 676 669
f 678 672 634
f 679 677 669
f 680 679 669
f 681 682 683
f 684 685 669
f 686 684 669
f 687 688 689
f 690 686 669
f 691 690 669
f 692 691 669
f 693 692 669
f 694 693 669
f 695 687 696
f 697 694 669
f 698 687 695
f 699 697 669
f 700 697 699
f 701 700 699
f 702 687 698
f 703 701 699
f 704 672 678
f 705 703 699
f 706 705 699
f 707 706 699
f 708 707 699
f 709 708 699
f 710 709 699
f 711 710 699
f 712 711 699
f 713 714 715
f 716 712 699
f 717 716 699
f 718 717 699
f 719 718 699
f 720 719 699
f 721 720 699
f 722 721 699
f 723 722 699
f 724 713 725
f 726 723 699
f 727 726 699
f 728 727 699
f 729 728 699
f 730 729 699
f 731 730 699
f 731 732 733
f 731 733 734
f 731 734 735
f 731 735 736
f 731 736 737
f 731 737 738
f 731 738 730
f 739 732 731
f 740 725 687
f 740 724 725
f 741 739 731
f 742 741 731
f 743 731 699
f 744 740 687
f 744 687 702
f 744 702 745
f 744 745 746
f 747 743 699
f 748 743 747
f 749 748 747
f 750 751 752
f 750 752 749
f 753 750 749
f 754 753 749
f 755 754 749
f 756 755 749
f 757 756 749
f 758 757 749
f 759 758 749
f 759 749 747
f 760 759 747
f 761 760 747
f 762 761 747
f 763 762 747
f 764 763 747
f 765 764 747
f 766 765 747
f 767 766 747
f 768 767 747
f 769 768 747
f 770 769 747
f 771 770 747
f 772 771 747
f 773 774 772
f 773 772 747
f 775 774 773
f 776 775 773
f 777 778 779
f 777 744 746
f 777 779 744
f 777 746 780
f 777 780 781
f 777 781 782
f 777 782 783
f 777 783 784
f 777 784 785
f 777 785 786
f 777 786 787
f 777 787 788
f 777 788 789
f 777 789 790
f 777 790 791
f 777 791 792
f 777 792 793
f 777 793 794
f 777 794 795
f 796 776 773
f 797 796 773
f 798 797 773
f 799 798 773
f 800 799 773
f 801 802 803
f 801 803 804
f 801 804 805
f 801 805 806
f 807 801 806
f 808 809 802
f 808 802 801
f 810 800 773
f 811 812 813
f 814 811 813
f 815 814 816
f 817 810 773
f 818 815 816
f 819 818 820
f 821 817 773
f 822 819 820
f 823 822 820
f 824 821 773
f 825 823 826
f 827 825 826
f 828 824 773
f 829 827 830
f 831 828 773
f 832 831 773
f 833 834 835
f 836 832 773
f 837 838 839
f 840 836 773
f 841 840 773
f 842 843 844
f 845 842 846
f 847 841 773
f 848 847 773
f 849 845 850
f 851 849 850
f 852 853 854
f 852 854 855
f 852 855 856
f 852 777 795
f 852 856 857
f 852 857 858
f 852 858 859
f 852 859 809
f 852 809 808
f 852 795 860
f 852 860 861
f 852 861 862
f 852 862 863
f 852 863 864
f 852 864 865
f 852 865 866
f 852 866 867
f 852 867 868
f 852 868 853
f 869 851 870
f 871 847 848
f 872 869 870
f 873 869 872
f 874 871 848
f 875 874 848
f 876 877 878
f 879 875 848
f 880 879 848
f 881 880 848
f 882 881 848
f 883 884 885
f 886 882 848
f 887 884 883
f 888 886 848
f 889 888 848
f 890 887 891
f 892 889 848
f 893 892 848
f 894 890 895
f 896 893 848
f 897 896 848
f 898 894 899
f 900 897 848
f 901 900 848
f 902 901 848
f 903 898 904
f 905 902 848
f 906 905 848
f 907 906 848
f 908 907 848
f 909 908 848
f 910 911 912
f 913 909 848
f 914 909 913
f 915 914 913
f 916 915 913
f 917 910 918
f 919 852 808
f 919 920 921
f 919 921 922
f 919 808 923
f 919 923 924
f 919 924 925
f 919 925 926
f 919 926 927
f 919 927 928
f 919 928 929
f 919 929 930
f 919 930 931
f 919 931 932
f 919 932 933
f 919 933 934
f 919 934 920
f 935 916 913
f 936 935 913
f 937 936 913
f 938 917 939
f 940 937 913
f 941 940 913
f 942 941 913
f 943 938 944
f 945 943 946
f 947 948 949
f 947 949 950
f 947 950 951
f 947 951 952
f 947 952 953
f 947 953 954
f 947 954 942
f 947 942 913
f 955 948 947
f 956 943 945
f 957 955 947
f 958 957 947
f 959 956 960
f 959 960 961
f 959 961 962
f 963 959 962
f 963 962 964
f 965 947 913
f 966 963 964
f 966 964 967
f 968 966 967
f 969 970 971
f 969 971 972
f 973 969 972
f 974 965 913
f 975 973 976
f 975 976 977
f 975 977 978
f 975 969 973
f 979 978 980
f 979 980 981
f 979 981 982
f 979 975 978
f 983 982 984
f 983 984 985
f 983 985 986
f 983 986 987
f 983 987 988
f 983 979 982
f 989 974 913
f 990 989 913
f 991 988 992
f 991 992 993
f 991 993 994
f 991 994 995
f 991 995 996
f 991 983 988
f 997 922 998
f 997 998 999
f 997 999 1000
f 997 1000 1001
f 997 1001 1002
f 997 1002 1003
f 997 1003 1004
f 997 1004 1005
f 997 1005 1006
f 997 1006 1007
f 997 1007 1008
f 997 1008 1009
f 997 1009 1010
f 997 1010 1011
f 997 919 922
f 1012 991 996
f 1012 996 989
f 1013 1012 989
f 1014 1013 989
f 1014 989 990
f 1015 1014 990
f 1016 1015 990
f 1017 1016 990
f 1018 1017 990
f 1019 1018 990
f 1020 1019 990
f 1021 1020 990
f 1022 1021 990
f 1023 990 1024
f 1023 1022 990
f 1025 1011 1026
f 1025 1026 1027
f 1025 1027 1028
f 1025 1028 1029
f 1025 1029 1030
f 1025 1030 1031
f 1025 1031 1032
f 1025 1032 1033
f 1025 1033 1034
f 1025 1034 1035
f 1025 1035 1036
f 1025 997 1011
f 1037 1023 1024
f 1038 1037 1024
f 1038 1039 1040
f 1038 1040 1037
f 1041 1039 1038
f 1042 1041 1038
f 1043 1042 1038
f 1044 1042 1043
f 1045 1044 1043
f 1046 1038 1024
f 1047 1048 1049
f 1050 1047 1049
f 1051 1046 1024
f 1052 1053 1054
f 1055 1052 1054
f 1056 1051 1024
f 1057 1056 1024
f 1058 1059 1060
f 1061 1025 1036
f 1061 1036 1062
f 1061 1062 1063
f 1061 1063 1064
f 1061 1064 1065
f 1061 1065 1066
f 1061 1066 1067
f 1061 1067 1068
f 1061 1068 1069
f 1061 1069 1070
f 1061 1070 1071
f 1061 1071 1072
f 1061 1072 1073
f 1061 1073 1074
f 1061 1074 1075
f 1076 1058 1060
f 1077 1076 1060
f 1078 1060 1056
f 1078 1077 1060
f 1079 1056 1057
f 1079 1078 1056
f 1080 1079 1057
f 1081 1080 1057
f 1082 1061 1075
f 1082 1075 1083
f 1082 1083 1084
f 1082 1084 1085
f 1082 1085 1086
f 1082 1086 1087
f 1082 1087 1088
f 1082 1088 1089
f 1082 1089 1090
f 1082 1090 1091
f 1082 1091 1092
f 1082 1092 1093
f 1082 1093 1094
f 1082 1094 1095
f 1082 1095 1096
f 1082 1096 1097
f 1082 1097 1098
f 1082 1098 1099
f 1082 1099 1100
f 1082 1100 1101
f 1082 1101 1102
f 1082 1102 1103
f 1104 1080 1081
f 1105 1104 1081
f 1106 1105 1081
f 1107 1106 1081
f 1108 1103 1109
f 1108 1109 1110
f 1108 1110 1111
f 1108 1111 1112
f 1108 1112 1113
f 1108 1113 1079
f 1108 1082 1103
f 1108 1079 1080
f 1114 1108 1080
f 1115 1116 1117
f 1118 1116 1115
f 1119 1118 1115
f 1120 1119 1115
f 1121 1120 1115
f 1122 1121 1115
f 1123 1122 1115
f 1124 1123 1115
f 1125 1124 1115
f 1126 1125 1115
f 1127 1126 1115
f 1128 1127 1115
f 1129 1128 1115
f 1130 1129 1115
f 1131 1130 1115
f 1132 1131 1115
f 1133 1132 1115
f 1134 1133 1115
f 1135 1134 1115
f 1136 1135 1115
f 1137 1135 1136
f 1138 1139 1140
f 1138 1140 1141
f 1138 1141 1142
f 1138 1142 1116
f 1143 1137 1136
f 1144 1143 1136
f 1145 1144 1136
f 1146 1145 1136
f 1147 1146 1136
f 1148 1147 1136
f 1149 1148 1136
f 1150 1149 1136
f 1151 1150 1136
f 1152 1151 1136
f 1153 1152 1136
f 1154 1116 1118
f 1154 1118 1155
f 1154 1155 1156
f 1154 1156 1157
f 1154 1157 1158
f 1154 1158 1159
f 1154 1159 1160
f 1154 1160 1161
f 1154 1161 1162
f 1154 1162 1163
f 1154 1163 1164
f 1154 1164 1165
f 1154 1165 1166
f 1154 1166 1167
f 1154 1167 1168
f 1154 1168 1169
f 1154 1169 1170
f 1154 1170 1171
f 1154 1138 1116
f 1172 1152 1153
f 1173 1172 1153
f 1174 1173 1153
f 1175 1174 1153
f 1176 1175 1153
f 1177 1176 1153
f 1178 1177 1153
f 1179 1178 1153
f 1180 1179 1153
f 1181 1180 1153
f 1182 1181 1153
f 1183 1154 1171
f 1183 1171 1184
f 1183 1184 1185
f 1183 1185 1186
f 1183 1186 1187
f 1183 1187 1188
f 1183 1188 1189
f 1183 1189 1190
f 1183 1190 1191
f 1183 1191 1192
f 1183 1192 1193
f 1183 1193 1194
f 1183 1194 1195
f 1183 1195 1196
f 1183 1196 1197
f 1183 1197 1198
f 1199 1181 1182
f 1200 1199 1182
f 1201 1200 1182
f 1202 1201 1182
f 1203 1202 1182
f 1204 1203 1182
f 1205 1204 1182
f 1206 1205 1182
f 1207 1206 1182
f 1207 1208 1206
f 1209 1198 1210
f 1209 1210 1211
f 1209 1211 1212
f 1209 1212 1213
f 1209 1213 1214
f 1209 1214 1215
f 1209 1215 1216
f 1209 1216 1217
f 1209 1217 1218
f 1209 1183 1198
f 1219 1208 1207
f 1220 1219 1207
f 1221 1220 1207
f 1222 1221 1207
f 1223 1222 1207
f 1224 1223 1207
f 1225 1224 1207
f 1226 1225 1207
f 1227 1226 1207
f 1228 1227 1207
f 1229 1228 1207
f 1230 1231 1229
f 1230 1229 1207
f 1232 1209 1218
f 1232 1218 1233
f 1232 1233 1234
f 1232 1234 1235
f 1232 1235 1236
f 1232 1236 1237
f 1232 1237 1238
f 1232 1238 1239
f 1232 1239 1240
f 1232 1240 1241
f 1242 1231 1230
f 1243 1242 1230
f 1244 1243 1230
f 1245 1244 1230
f 1246 1245 1230
f 1247 1246 1230
f 1248 1232 1241
f 1248 1241 1249
f 1248 1249 1250
f 1248 1250 1251
f 1248 1251 1252
f 1248 1252 1253
f 1248 1253 1254
f 1248 1254 1255
f 1248 1255 1256
f 1248 1256 1257
f 1248 1257 1258
f 1259 1248 1258
f 1259 1258 1260
f 1259 1260 1261
f 1259 1261 1262
f 1259 1262 1263
f 1259 1263 1264
f 1259 1264 1265
f 1259 1265 1266
f 267 211 265
f 1267 1268 704
f 1268 1269 778
f 1268 778 704
f 1269 779 778
f 714 1270 1271
f 1272 714 713
f 678 1267 704
f 1271 715 714
f 715 725 713
f 1273 1274 1275
f 1275 1274 1276
f 682 1273 1277
f 688 682 681
f 1278 652 1279
f 1279 652 1280
f 1280 652 1281
f 1281 652 1282
f 1283 1278 1284
f 1284 1278 1285
f 634 1271 1270
f 634 1270 678
f 969 966 968
f 969 968 970
f 1286 653 637
f 637 653 634
f 655 1282 652
f 1279 1287 1278
f 1287 1285 1278
f 1284 1288 1283
f 1283 1288 1274
f 1288 1276 1274
f 1275 1289 1273
f 1289 1277 1273
f 1277 1290 682
f 1290 683 682
f 681 689 688
f 689 696 687
f 806 813 812
f 806 812 807
f 813 816 814
f 816 820 818
f 820 826 823
f 826 830 827
f 830 835 834
f 830 834 829
f 835 839 838
f 835 838 833
f 839 844 843
f 839 843 837
f 844 846 842
f 846 850 845
f 850 870 851
f 872 878 877
f 872 877 873
f 878 885 884
f 878 884 1291
f 878 1291 876
f 883 891 887
f 891 895 890
f 895 899 894
f 899 904 898
f 904 1292 903
f 1292 1293 911
f 1292 911 903
f 1293 912 911
f 912 918 910
f 918 1294 917
f 1294 939 917
f 939 944 938
f 944 946 943
f 945 960 956
f 685 680 669
f 1043 1049 1045
f 1045 1049 1048
f 1049 1054 1050
f 1050 1054 1295
f 1295 1054 1053
f 1054 1060 1055
f 1055 1060 1296
f 1296 1060 1059
f 1116 1106 1107
f 1116 1107 1297
f 1116 1297 1117
f 1080 1140 1139
f 1080 1139 1298
f 1080 1298 1114
f 260 1299 1300
f 260 1300 259
f 1299 1301 1302
f 1299 1302 1300
f 1301 1303 1304
f 1301 1304 1302
f 1303 1305 1306
f 1303 1306 1304
f 1305 1307 1308
f 1305 1308 1306
f 1307 1309 1310
f 1307 1310 1308
f 1309 1311 1312
f 1309 1312 1310
f 1311 1313 1314
f 1311 1314 1312
f 1313 1315 1316
f 1313 1316 1314
f 1315 1317 1318
f 1315 1318 1316
f 1317 399 398
f 1317 398 1318
f 1319 258 1320
f 1321 1319 1322
f 1323 1321 1324
f 1325 1323 1326
f 1327 1325 1328
f 1329 1327 1330
f 1331 1329 1332
f 1333 1331 1334
f 1335 1333 1336
f 1337 1335 1338
f 400 1337 1339
f 265 268 267
f 268 270 266
f 270 272 269
f 272 274 271
f 274 279 273
f 279 283 278
f 283 287 282
f 287 291 286
f 291 295 290
f 295 334 294
f 334 407 333
f 1340 264 263
f 1340 263 1341
f 1341 263 1342
f 1342 263 1343
f 1342 1343 1344
f 1342 1344 1345
f 1342 1345 1346
f 1342 1346 1347
f 1342 1347 1348
f 1342 1348 1349
f 1342 1349 1350
f 1350 1349 1351
f 1351 1349 1352
f 1352 1349 1353
f 1353 1349 1354
f 1353 1354 1355
f 1353 1355 1356
f 1353 1356 1357
f 1357 1356 1358
f 1358 1356 1359
f 1359 1356 406
f 406 1356 404
f 1360 261 262
f 1360 262 1361
f 1361 262 1362
f 1362 262 1363
f 1362 1363 1364
f 1364 1363 1365
f 1364 1365 1366
f 1364 1366 1367
f 1367 1366 1368
f 1368 1366 1369
f 1369 1366 1370
f 1369 1370 1371
f 1369 1371 1372
f 1369 1372 1373
f 1369 1373 1374
f 1369 1374 1375
f 1369 1375 1376
f 1369 1376 1377
f 1377 1376 1378
f 1378 1376 1379
f 1379 1376 405
f 405 1376 397
f 1380 193 257
f 1381 1380 1382
f 1383 1381 1384
f 1385 1383 1386
f 1387 1385 1388
f 1389 1387 1390
f 1391 1389 1392
f 1393 1391 1394
f 1395 1393 1396
f 1397 1395 1398
f 1399 1397 1400
f 391 1399 392
f 194 1320 258
f 1320 1322 1319
f 1322 1324 1321
f 1324 1326 1323
f 1326 1328 1325
f 1328 1330 1327
f 1330 1332 1329
f 1332 1334 1331
f 1334 1336 1333
f 1336 1338 1335
f 1338 1339 1337
f 1339 396 400
f 1401 250 1402
f 1403 1401 1404
f 1405 1403 1406
f 1407 1405 1408
f 1409 1407 1410
f 1411 1409 1412
f 1413 1411 1414
f 1415 1413 1416
f 1417 1415 1418
f 1419 1417 1420
f 386 1419 1421
f 252 1422 1423
f 1423 1422 1424
f 1423 1424 1425
f 1423 1425 1426
f 1423 1426 1427
f 1423 1427 1428
f 1423 1428 1429
f 1423 1429 1430
f 1430 1429 1431
f 1431 1429 1432
f 1432 1429 1433
f 1433 1429 1434
f 1434 1429 1435
f 1435 1429 1436
f 1435 1436 1437
f 1435 1437 1438
f 1435 1438 1439
f 1439 1438 1440
f 1440 1438 1441
f 1441 1438 385
f 1441 385 387
f 252 1423 251
f 1442 255 256
f 1442 256 1443
f 1444 1442 1443
f 1444 1443 1445
f 1446 1444 1445
f 1446 1445 1447
f 1448 1446 1447
f 1448 1447 1449
f 1450 1448 1449
f 1450 1449 1451
f 1452 1450 1451
f 1452 1451 1453
f 1454 1452 1453
f 1454 1453 1455
f 1456 1454 1455
f 1456 1455 1457
f 1458 1456 1457
f 1458 1457 1459
f 1460 1458 1459
f 1460 1459 1461
f 393 1460 1461
f 393 1461 395
f 257 1382 1380
f 1382 1384 1381
f 1384 1386 1383
f 1386 1388 1385
f 1388 1390 1387
f 1390 1392 1389
f 1392 1394 1391
f 1394 1396 1393
f 1396 1398 1395
f 1398 1400 1397
f 1400 392 1399
f 1462 253 254
f 1462 254 1463
f 1463 254 1464
f 1464 254 1465
f 1464 1465 1466
f 1466 1465 1467
f 1466 1467 1468
f 1466 1468 1469
f 1469 1468 1470
f 1470 1468 1471
f 1471 1468 1472
f 1471 1472 1473
f 1471 1473 1474
f 1471 1474 1475
f 1471 1475 1476
f 1471 1476 1477
f 1471 1477 1478
f 1471 1478 1479
f 1479 1478 1480
f 1480 1478 1481
f 1481 1478 388
f 1481 388 394
f 1482 175 249
f 1483 1482 1484
f 1485 1483 1486
f 1487 1485 1488
f 1489 1487 1490
f 1491 1489 1492
f 1493 1491 1494
f 1495 1493 1496
f 1497 1495 1498
f 1499 1497 1500
f 1501 1499 1502
f 379 1501 383
f 176 1402 250
f 1402 1404 1401
f 1404 1406 1403
f 1406 1408 1405
f 1408 1410 1407
f 1410 1412 1409
f 1412 1414 1411
f 1414 1416 1413
f 1416 1418 1415
f 1418 1420 1417
f 1420 1421 1419
f 1421 384 386
f 1503 242 1504
f 1505 1503 1506
f 1507 1505 1508
f 1509 1507 1510
f 1511 1509 1512
f 1513 1511 1514
f 1515 1513 1516
f 1517 1515 1518
f 1519 1517 1520
f 1521 1519 1522
f 376 1521 1523
f 244 1524 1525
f 1525 1524 1526
f 1525 1526 1527
f 1525 1527 1528
f 1525 1528 1529
f 1525 1529 1530
f 1525 1530 1531
f 1525 1531 1532
f 1532 1531 1533
f 1533 1531 1534
f 1534 1531 1535
f 1535 1531 1536
f 1536 1531 1537
f 1537 1531 1538
f 1537 1538 1539
f 1537 1539 1540
f 1537 1540 1541
f 1541 1540 1542
f 1542 1540 1543
f 1543 1540 374
f 1543 374 373
f 244 1525 243
f 1544 247 248
f 1544 248 1545
f 1546 1544 1545
f 1546 1545 1547
f 1548 1546 1547
f 1548 1547 1549
f 1550 1548 1549
f 1550 1549 1551
f 1552 1550 1551
f 1552 1551 1553
f 1554 1552 1553
f 1554 1553 1555
f 1556 1554 1555
f 1556 1555 1557
f 1558 1556 1557
f 1558 1557 1559
f 1560 1558 1559
f 1560 1559 1561
f 1562 1560 1561
f 1562 1561 1563
f 382 1562 1563
f 382 1563 381
f 249 1484 1482
f 1484 1486 1483
f 1486 1488 1485
f 1488 1490 1487
f 1490 1492 1489
f 1492 1494 1491
f 1494 1496 1493
f 1496 1498 1495
f 1498 1500 1497
f 1500 1502 1499
f 1502 383 1501
f 1564 245 246
f 1564 246 1565
f 1565 246 1566
f 1566 246 1567
f 1566 1567 1568
f 1566 1568 1569
f 1566 1569 1570
f 1566 1570 1571
f 1566 1571 1572
f 1566 1572 1573
f 1566 1573 1574
f 1574 1573 1575
f 1575 1573 1576
f 1576 1573 1577
f 1577 1573 1578
f 1577 1578 1579
f 1577 1579 1580
f 1577 1580 1581
f 1581 1580 1582
f 1582 1580 1583
f 1583 1580 375
f 1583 375 380
f 1584 157 241
f 1585 1584 1586
f 1587 1585 1588
f 1589 1587 1590
f 1591 1589 1592
f 1593 1591 1594
f 1595 1593 1596
f 1597 1595 1598
f 1599 1597 1600
f 1601 1599 1602
f 1603 1601 1604
f 367 1603 368
f 158 1504 242
f 1504 1506 1503
f 1506 1508 1505
f 1508 1510 1507
f 1510 1512 1509
f 1512 1514 1511
f 1514 1516 1513
f 1516 1518 1515
f 1518 1520 1517
f 1520 1522 1519
f 1522 1523 1521
f 1523 372 376
f 1605 234 1606
f 1607 1605 1608
f 1609 1607 1610
f 1611 1609 1612
f 1613 1611 1614
f 1615 1613 1616
f 1617 1615 1618
f 1619 1617 1620
f 1621 1619 1622
f 1623 1621 1624
f 362 1623 1625
f 236 1626 1627
f 1627 1626 1628
f 1627 1628 1629
f 1627 1629 1630
f 1630 1629 1631
f 1631 1629 1632
f 1631 1632 1633
f 1631 1633 1634
f 1631 1634 1635
f 1631 1635 1636
f 1636 1635 1637
f 1637 1635 1638
f 1638 1635 1639
f 1639 1635 1640
f 1639 1640 1641
f 1639 1641 1642
f 1639 1642 1643
f 1643 1642 1644
f 1644 1642 1645
f 1645 1642 361
f 1645 361 363
f 236 1627 235
f 1646 239 240
f 1646 240 1647
f 1648 1646 1647
f 1648 1647 1649
f 1650 1648 1649
f 1650 1649 1651
f 1652 1650 1651
f 1652 1651 1653
f 1654 1652 1653
f 1654 1653 1655
f 1656 1654 1655
f 1656 1655 1657
f 1658 1656 1657
f 1658 1657 1659
f 1660 1658 1659
f 1660 1659 1661
f 1662 1660 1661
f 1662 1661 1663
f 1664 1662 1663
f 1664 1663 1665
f 369 1664 1665
f 369 1665 370
f 241 1586 1584
f 1586 1588 1585
f 1588 1590 1587
f 1590 1592 1589
f 1592 1594 1591
f 1594 1596 1593
f 1596 1598 1595
f 1598 1600 1597
f 1600 1602 1599
f 1602 1604 1601
f 1604 368 1603
f 1666 237 238
f 1666 238 1667
f 1667 238 1668
f 1668 238 1669
f 1668 1669 1670
f 1668 1670 1671
f 1668 1671 1672
f 1668 1672 1673
f 1668 1673 1674
f 1668 1674 1675
f 1668 1675 1676
f 1676 1675 1677
f 1677 1675 1678
f 1678 1675 1679
f 1679 1675 1680
f 1679 1680 1681
f 1679 1681 1682
f 1679 1682 1683
f 1683 1682 1684
f 1684 1682 1685
f 1685 1682 364
f 1685 364 371
f 1686 142 233
f 1687 1686 1688
f 1689 1687 1690
f 1691 1689 1692
f 1693 1691 1694
f 1695 1693 1696
f 1697 1695 1698
f 1699 1697 1700
f 1701 1699 1702
f 1703 1701 1704
f 1705 1703 1706
f 355 1705 359
f 143 1606 234
f 1606 1608 1605
f 1608 1610 1607
f 1610 1612 1609
f 1612 1614 1611
f 1614 1616 1613
f 1616 1618 1615
f 1618 1620 1617
f 1620 1622 1619
f 1622 1624 1621
f 1624 1625 1623
f 1625 360 362
f 1707 226 1708
f 1709 1707 1710
f 1711 1709 1712
f 1713 1711 1714
f 1715 1713 1716
f 1717 1715 1718
f 1719 1717 1720
f 1721 1719 1722
f 1723 1721 1724
f 1725 1723 1726
f 354 1725 1727
f 228 1728 1729
f 1729 1728 1730
f 1729 1730 1731
f 1729 1731 1732
f 1729 1732 1733
f 1729 1733 1734
f 1729 1734 1735
f 1729 1735 1736
f 1736 1735 1737
f 1737 1735 1738
f 1738 1735 1739
f 1739 1735 1740
f 1740 1735 1741
f 1741 1735 1742
f 1741 1742 1743
f 1741 1743 1744
f 1741 1744 1745
f 1745 1744 1746
f 1746 1744 1747
f 1747 1744 353
f 1747 353 352
f 228 1729 227
f 1748 232 231
f 1748 231 1749
f 1750 1748 1749
f 1750 1749 1751
f 1752 1750 1751
f 1752 1751 1753
f 1754 1752 1753
f 1754 1753 1755
f 1756 1754 1755
f 1756 1755 1757
f 1758 1756 1757
f 1758 1757 1759
f 1760 1758 1759
f 1760 1759 1761
f 1762 1760 1761
f 1762 1761 1763
f 1764 1762 1763
f 1764 1763 1765
f 1766 1764 1765
f 1766 1765 1767
f 358 1766 1767
f 358 1767 356
f 233 1688 1686
f 1688 1690 1687
f 1690 1692 1689
f 1692 1694 1691
f 1694 1696 1693
f 1696 1698 1695
f 1698 1700 1697
f 1700 1702 1699
f 1702 1704 1701
f 1704 1706 1703
f 1706 359 1705
f 1768 229 230
f 1768 230 1769
f 1769 230 1770
f 1770 230 1771
f 1770 1771 1772
f 1772 1771 1773
f 1772 1773 1774
f 1772 1774 1775
f 1775 1774 1776
f 1776 1774 1777
f 1777 1774 1778
f 1777 1778 1779
f 1777 1779 1780
f 1777 1780 1781
f 1777 1781 1782
f 1777 1782 1783
f 1777 1783 1784
f 1777 1784 1785
f 1785 1784 1786
f 1786 1784 1787
f 1787 1784 351
f 1787 351 357
f 1788 132 225
f 1789 1788 1790
f 1791 1789 1792
f 1793 1791 1794
f 1795 1793 1796
f 1797 1795 1798
f 1799 1797 1800
f 1801 1799 1802
f 1803 1801 1804
f 1805 1803 1806
f 1807 1805 1808
f 346 1807 347
f 133 1708 226
f 1708 1710 1707
f 1710 1712 1709
f 1712 1714 1711
f 1714 1716 1713
f 1716 1718 1715
f 1718 1720 1717
f 1720 1722 1719
f 1722 1724 1721
f 1724 1726 1723
f 1726 1727 1725
f 1727 350 354
f 1809 218 1810
f 1811 1809 1812
f 1813 1811 1814
f 1815 1813 1816
f 1817 1815 1818
f 1819 1817 1820
f 1821 1819 1822
f 1823 1821 1824
f 1825 1823 1826
f 1827 1825 1828
f 342 1827 1829
f 220 1830 1831
f 1831 1830 1832
f 1831 1832 1833
f 1831 1833 1834
f 1831 1834 1835
f 1831 1835 1836
f 1831 1836 1837
f 1831 1837 1838
f 1838 1837 1839
f 1839 1837 1840
f 1840 1837 1841
f 1841 1837 1842
f 1842 1837 1843
f 1843 1837 1844
f 1843 1844 1845
f 1843 1845 1846
f 1843 1846 1847
f 1847 1846 1848
f 1848 1846 1849
f 1849 1846 341
f 1849 341 345
f 220 1831 219
f 1850 223 224
f 1850 224 1851
f 1852 1850 1851
f 1852 1851 1853
f 1854 1852 1853
f 1854 1853 1855
f 1856 1854 1855
f 1856 1855 1857
f 1858 1856 1857
f 1858 1857 1859
f 1860 1858 1859
f 1860 1859 1861
f 1862 1860 1861
f 1862 1861 1863
f 1864 1862 1863
f 1864 1863 1865
f 1866 1864 1865
f 1866 1865 1867
f 1868 1866 1867
f 1868 1867 1869
f 348 1868 1869
f 348 1869 349
f 225 1790 1788
f 1790 1792 1789
f 1792 1794 1791
f 1794 1796 1793
f 1796 1798 1795
f 1798 1800 1797
f 1800 1802 1799
f 1802 1804 1801
f 1804 1806 1803
f 1806 1808 1805
f 1808 347 1807
f 1870 221 222
f 1870 222 1871
f 1871 222 1872
f 1872 222 1873
f 1872 1873 1874
f 1872 1874 1875
f 1872 1875 1876
f 1872 1876 1877
f 1872 1877 1878
f 1872 1878 1879
f 1872 1879 1880
f 1880 1879 1881
f 1881 1879 1882
f 1882 1879 1883
f 1883 1879 1884
f 1883 1884 1885
f 1883 1885 1886
f 1883 1886 1887
f 1887 1886 1888
f 1888 1886 1889
f 1889 1886 344
f 1889 344 343
f 1890 122 217
f 1891 1890 1892
f 1893 1891 1894
f 1895 1893 1896
f 1897 1895 1898
f 1899 1897 1900
f 1901 1899 1902
f 1903 1901 1904
f 1905 1903 1906
f 1907 1905 1908
f 1909 1907 1910
f 335 1909 339
f 123 1810 218
f 1810 1812 1809
f 1812 1814 1811
f 1814 1816 1813
f 1816 1818 1815
f 1818 1820 1817
f 1820 1822 1819
f 1822 1824 1821
f 1824 1826 1823
f 1826 1828 1825
f 1828 1829 1827
f 1829 340 342
f 1911 206 1912
f 1913 1911 1914
f 1915 1913 1916
f 1917 1915 1918
f 1919 1917 1920
f 1921 1919 1922
f 1923 1921 1924
f 1925 1923 1926
f 1927 1925 1928
f 1929 1927 1930
f 332 1929 1931
f 210 1932 1933
f 1933 1932 1934
f 1933 1934 1935
f 1933 1935 1936
f 1933 1936 1937
f 1933 1937 1938
f 1933 1938 1939
f 1933 1939 1940
f 1940 1939 1941
f 1941 1939 1942
f 1942 1939 1943
f 1943 1939 1944
f 1944 1939 1945
f 1945 1939 1946
f 1945 1946 1947
f 1945 1947 1948
f 1945 1948 1949
f 1949 1948 1950
f 1950 1948 1951
f 1951 1948 331
f 1951 331 330
f 210 1933 209
f 1952 216 215
f 1952 215 1953
f 1954 1952 1953
f 1954 1953 1955
f 1956 1954 1955
f 1956 1955 1957
f 1958 1956 1957
f 1958 1957 1959
f 1960 1958 1959
f 1960 1959 1961
f 1962 1960 1961
f 1962 1961 1963
f 1964 1962 1963
f 1964 1963 1965
f 1966 1964 1965
f 1966 1965 1967
f 1968 1966 1967
f 1968 1967 1969
f 1970 1968 1969
f 1970 1969 1971
f 338 1970 1971
f 338 1971 336
f 217 1892 1890
f 1892 1894 1891
f 1894 1896 1893
f 1896 1898 1895
f 1898 1900 1897
f 1900 1902 1899
f 1902 1904 1901
f 1904 1906 1903
f 1906 1908 1905
f 1908 1910 1907
f 1910 339 1909
f 1972 213 214
f 1972 214 1973
f 1973 214 1974
f 1974 214 1975
f 1974 1975 1976
f 1974 1976 1977
f 1974 1977 1978
f 1974 1978 1979
f 1974 1979 1980
f 1974 1980 1981
f 1974 1981 1982
f 1982 1981 1983
f 1983 1981 1984
f 1984 1981 1985
f 1985 1981 1986
f 1985 1986 1987
f 1985 1987 1988
f 1985 1988 1989
f 1989 1988 1990
f 1990 1988 1991
f 1991 1988 329
f 1991 329 337
f 1992 111 201
f 1993 1992 1994
f 1995 1993 1996
f 1997 1995 1998
f 1999 1997 2000
f 2001 1999 2002
f 2003 2001 2004
f 2005 2003 2006
f 2007 2005 2008
f 2009 2007 2010
f 2011 2009 2012
f 323 2011 326
f 112 1912 206
f 1912 1914 1911
f 1914 1916 1913
f 1916 1918 1915
f 1918 1920 1917
f 1920 1922 1919
f 1922 1924 1921
f 1924 1926 1923
f 1926 1928 1925
f 1928 1930 1927
f 1930 1931 1929
f 1931 328 332
f 2013 188 2014
f 2015 2013 2016
f 2017 2015 2018
f 2019 2017 2020
f 2021 2019 2022
f 2023 2021 2024
f 2025 2023 2026
f 2027 2025 2028
f 2029 2027 2030
f 2031 2029 2032
f 320 2031 2033
f 192 2034 2035
f 2035 2034 2036
f 2035 2036 2037
f 2035 2037 2038
f 2035 2038 2039
f 2035 2039 2040
f 2035 2040 2041
f 2035 2041 2042
f 2042 2041 2043
f 2043 2041 2044
f 2044 2041 2045
f 2045 2041 2046
f 2046 2041 2047
f 2047 2041 2048
f 2047 2048 2049
f 2047 2049 2050
f 2047 2050 2051
f 2051 2050 2052
f 2052 2050 2053
f 2053 2050 319
f 2053 319 321
f 192 2035 191
f 2054 200 197
f 2054 197 2055
f 2056 2054 2055
f 2056 2055 2057
f 2058 2056 2057
f 2058 2057 2059
f 2060 2058 2059
f 2060 2059 2061
f 2062 2060 2061
f 2062 2061 2063
f 2064 2062 2063
f 2064 2063 2065
f 2066 2064 2065
f 2066 2065 2067
f 2068 2066 2067
f 2068 2067 2069
f 2070 2068 2069
f 2070 2069 2071
f 2072 2070 2071
f 2072 2071 2073
f 324 2072 2073
f 324 2073 325
f 201 1994 1992
f 1994 1996 1993
f 1996 1998 1995
f 1998 2000 1997
f 2000 2002 1999
f 2002 2004 2001
f 2004 2006 2003
f 2006 2008 2005
f 2008 2010 2007
f 2010 2012 2009
f 2012 326 2011
f 2074 195 196
f 2074 196 2075
f 2075 196 2076
f 2076 196 2077
f 2076 2077 2078
f 2076 2078 2079
f 2076 2079 2080
f 2076 2080 2081
f 2076 2081 2082
f 2076 2082 2083
f 2076 2083 2084
f 2084 2083 2085
f 2085 2083 2086
f 2086 2083 2087
f 2087 2083 2088
f 2087 2088 2089
f 2087 2089 2090
f 2087 2090 2091
f 2091 2090 2092
f 2092 2090 2093
f 2093 2090 322
f 2093 322 327
f 2094 101 183
f 2095 2094 2096
f 2097 2095 2098
f 2099 2097 2100
f 2101 2099 2102
f 2103 2101 2104
f 2105 2103 2106
f 2107 2105 2108
f 2109 2107 2110
f 2111 2109 2112
f 2113 2111 2114
f 313 2113 317
f 102 2014 188
f 2014 2016 2013
f 2016 2018 2015
f 2018 2020 2017
f 2020 2022 2019
f 2022 2024 2021
f 2024 2026 2023
f 2026 2028 2025
f 2028 2030 2027
f 2030 2032 2029
f 2032 2033 2031
f 2033 318 320
f 2115 170 2116
f 2117 2115 2118
f 2119 2117 2120
f 2121 2119 2122
f 2123 2121 2124
f 2125 2123 2126
f 2127 2125 2128
f 2129 2127 2130
f 2131 2129 2132
f 2133 2131 2134
f 312 2133 2135
f 174 2136 2137
f 2137 2136 2138
f 2137 2138 2139
f 2137 2139 2140
f 2140 2139 2141
f 2141 2139 2142
f 2141 2142 2143
f 2141 2143 2144
f 2141 2144 2145
f 2141 2145 2146
f 2146 2145 2147
f 2147 2145 2148
f 2148 2145 2149
f 2149 2145 2150
f 2149 2150 2151
f 2149 2151 2152
f 2149 2152 2153
f 2153 2152 2154
f 2154 2152 2155
f 2155 2152 311
f 2155 311 310
f 174 2137 173
f 2156 181 182
f 2156 182 2157
f 2158 2156 2157
f 2158 2157 2159
f 2160 2158 2159
f 2160 2159 2161
f 2162 2160 2161
f 2162 2161 2163
f 2164 2162 2163
f 2164 2163 2165
f 2166 2164 2165
f 2166 2165 2167
f 2168 2166 2167
f 2168 2167 2169
f 2170 2168 2169
f 2170 2169 2171
f 2172 2170 2171
f 2172 2171 2173
f 2174 2172 2173
f 2174 2173 2175
f 316 2174 2175
f 316 2175 314
f 183 2096 2094
f 2096 2098 2095
f 2098 2100 2097
f 2100 2102 2099
f 2102 2104 2101
f 2104 2106 2103
f 2106 2108 2105
f 2108 2110 2107
f 2110 2112 2109
f 2112 2114 2111
f 2114 317 2113
f 2176 177 178
f 2176 178 2177
f 2177 178 2178
f 2178 178 2179
f 2178 2179 2180
f 2178 2180 2181
f 2178 2181 2182
f 2178 2182 2183
f 2178 2183 2184
f 2178 2184 2185
f 2178 2185 2186
f 2186 2185 2187
f 2187 2185 2188
f 2188 2185 2189
f 2189 2185 2190
f 2189 2190 2191
f 2189 2191 2192
f 2189 2192 2193
f 2193 2192 2194
f 2194 2192 2195
f 2195 2192 309
f 2195 309 315
f 2196 91 165
f 2197 2196 2198
f 2199 2197 2200
f 2201 2199 2202
f 2203 2201 2204
f 2205 2203 2206
f 2207 2205 2208
f 2209 2207 2210
f 2211 2209 2212
f 2213 2211 2214
f 2215 2213 2216
f 303 2215 306
f 92 2116 170
f 2116 2118 2115
f 2118 2120 2117
f 2120 2122 2119
f 2122 2124 2121
f 2124 2126 2123
f 2126 2128 2125
f 2128 2130 2127
f 2130 2132 2129
f 2132 2134 2131
f 2134 2135 2133
f 2135 308 312
f 2217 152 2218
f 2219 2217 2220
f 2221 2219 2222
f 2223 2221 2224
f 2225 2223 2226
f 2227 2225 2228
f 2229 2227 2230
f 2231 2229 2232
f 2233 2231 2234
f 2235 2233 2236
f 302 2235 2237
f 156 2238 2239
f 2239 2238 2240
f 2239 2240 2241
f 2239 2241 2242
f 2242 2241 2243
f 2243 2241 2244
f 2243 2244 2245
f 2243 2245 2246
f 2243 2246 2247
f 2243 2247 2248
f 2248 2247 2249
f 2249 2247 2250
f 2250 2247 2251
f 2251 2247 2252
f 2251 2252 2253
f 2251 2253 2254
f 2251 2254 2255
f 2255 2254 2256
f 2256 2254 2257
f 2257 2254 300
f 2257 300 299
f 156 2239 155
f 2258 163 164
f 2258 164 2259
f 2260 2258 2259
f 2260 2259 2261
f 2262 2260 2261
f 2262 2261 2263
f 2264 2262 2263
f 2264 2263 2265
f 2266 2264 2265
f 2266 2265 2267
f 2268 2266 2267
f 2268 2267 2269
f 2270 2268 2269
f 2270 2269 2271
f 2272 2270 2271
f 2272 2271 2273
f 2274 2272 2273
f 2274 2273 2275
f 2276 2274 2275
f 2276 2275 2277
f 304 2276 2277
f 304 2277 305
f 165 2198 2196
f 2198 2200 2197
f 2200 2202 2199
f 2202 2204 2201
f 2204 2206 2203
f 2206 2208 2205
f 2208 2210 2207
f 2210 2212 2209
f 2212 2214 2211
f 2214 2216 2213
f 2216 306 2215
f 2278 159 160
f 2278 160 2279
f 2279 160 2280
f 2280 160 2281
f 2280 2281 2282
f 2280 2282 2283
f 2280 2283 2284
f 2280 2284 2285
f 2280 2285 2286
f 2280 2286 2287
f 2280 2287 2288
f 2288 2287 2289
f 2289 2287 2290
f 2290 2287 2291
f 2291 2287 2292
f 2291 2292 2293
f 2291 2293 2294
f 2291 2294 2295
f 2295 2294 2296
f 2296 2294 2297
f 2297 2294 301
f 2297 301 307
f 149 79 81
f 2298 149 150
f 2298 150 2299
f 2300 2298 2299
f 2300 2299 2301
f 2302 2300 2301
f 2302 2301 2303
f 2304 2302 2303
f 2304 2303 2305
f 2306 2304 2305
f 2306 2305 276
f 275 2306 276
f 280 275 277
f 284 280 281
f 288 284 285
f 292 288 289
f 296 292 293
f 82 2218 152
f 2218 2220 2217
f 2220 2222 2219
f 2222 2224 2221
f 2224 2226 2223
f 2226 2228 2225
f 2228 2230 2227
f 2230 2232 2229
f 2232 2234 2231
f 2234 2236 2233
f 2236 2237 2235
f 2237 298 302
f 2307 2308 2309
f 2307 2309 2310
f 2307 2310 2311
f 2307 2311 2312
f 2313 2314 2307
f 2315 2316 2317
f 2315 2317 2313
f 2318 2315 2313
f 2319 2318 2313
f 2319 2313 2307
f 2320 2307 2312
f 2320 2312 2321
f 2320 2319 2307
f 2322 2320 2321
f 2323 2322 2321
f 2323 2321 2324
f 2325 2323 2324
f 2325 2324 2326
f 2327 2325 2326
f 2327 2326 2328
f 2329 2327 2328
f 2329 2328 2330
f 2331 2329 2330
f 2331 2330 2332
f 2333 2331 2332
f 2333 2332 2334
f 2335 2334 2336
f 2335 2333 2334
f 2337 2335 2336
f 2337 2336 2338
f 2339 2338 2340
f 2339 2337 2338
f 2341 2339 2340
f 2341 2340 2342
f 2341 2342 2343
f 2344 2343 2345
f 2344 2341 2343
f 2346 2344 2345
f 2346 2345 2347
f 2348 2346 2347
f 2348 2347 2349
f 2350 2348 2349
f 2350 2349 2351
f 2352 2350 2351
f 2352 2351 2353
f 2352 2353 2354
f 2355 2352 2354
f 2355 2354 2356
f 2357 2355 2356
f 2357 2356 2358
f 2359 2357 2358
f 2359 2358 2360
f 2361 2359 2360
f 2361 2360 2362
f 2361 2362 2363
f 2364 2361 2363
f 2364 2363 2365
f 2366 2364 2365
f 2366 2365 2367
f 2368 2367 2369
f 2368 2366 2367
f 2370 2369 2371
f 2370 2368 2369
f 2372 2371 2373
f 2372 2370 2371
f 2374 2373 2375
f 2374 2372 2373
f 2376 2375 2377
f 2376 2374 2375
f 2378 2377 2379
f 2378 2376 2377
f 2380 2379 2381
f 2380 2381 2382
f 2380 2378 2379
f 2383 2382 2384
f 2383 2380 2382
f 2385 2384 2386
f 2385 2383 2384
f 2387 2386 2388
f 2387 2385 2386
f 2389 2388 2390
f 2389 2387 2388
f 2391 2390 2392
f 2391 2392 2393
f 2391 2389 2390
f 2394 2393 2395
f 2394 2391 2393
f 2396 2395 2397
f 2396 2394 2395
f 2398 2397 2399
f 2398 2396 2397
f 2400 2399 2401
f 2400 2398 2399
f 2402 2401 2403
f 2402 2400 2401
f 2404 2403 2405
f 2404 2402 2403
f 2406 2405 2407
f 2406 2404 2405
f 2408 2407 2409
f 2408 2406 2407
f 2410 2408 2409
f 2410 2409 2411
f 2412 2410 2411
f 2412 2411 2413
f 2414 2413 2415
f 2414 2412 2413
f 2416 2414 2415
f 2416 2415 2417
f 2418 2417 2419
f 2418 2416 2417
f 2420 2418 2419
f 2420 2419 2421
f 2422 2421 2423
f 2422 2420 2421
f 2424 2422 2423
f 2424 2423 2425
f 2426 2425 2427
f 2426 2424 2425
f 2428 2427 2429
f 2428 2426 2427
f 2430 2429 2431
f 2430 2428 2429
f 2432 2431 2433
f 2432 2430 2431
f 2434 2432 2433
f 2434 2433 2435
f 2436 2434 2435
f 2436 2435 2437
f 2438 2437 2439
f 2438 2436 2437
f 2440 2438 2439
f 2440 2439 2441
f 2442 2440 2441
f 2442 2441 2443
f 2444 2443 2445
f 2444 2442 2443
f 2446 2447 2448
f 2446 212 2447
f 2446 77 114
f 2446 114 212
f 2449 2450 2451
f 2449 2452 2450
f 2449 2453 2452
f 2454 2455 2456
f 2454 2456 2457
f 2458 2459 2460
f 2458 2461 2459
f 2458 2460 2455
f 2462 2448 2463
f 2462 2446 2448
f 2462 77 2446
f 2462 73 75
f 2462 75 77
f 2464 2465 2466
f 2464 2451 2465
f 2464 2449 2451
f 2467 2454 2457
f 2467 2457 2453
f 2468 2458 2455
f 2469 2462 2463
f 2469 73 2462
f 2469 2463 2461
f 2469 69 71
f 2469 71 73
f 2470 2471 2472
f 2470 2473 2471
f 2470 2466 2473
f 2470 2464 2466
f 2474 2467 2453
f 2474 2453 2449
f 2475 2468 2455
f 2475 2455 2454
f 2476 2469 2461
f 2476 69 2469
f 2476 2461 2458
f 2476 65 67
f 2476 67 69
f 2477 2449 2464
f 2477 2474 2449
f 2478 2475 2454
f 2478 2454 2467
f 2479 2458 2468
f 2479 61 63
f 2479 63 65
f 2479 2476 2458
f 2479 65 2476
f 2480 2470 2472
f 2480 2477 2464
f 2480 2464 2470
f 2481 2467 2474
f 2481 2478 2467
f 2482 2475 2478
f 2482 57 59
f 2482 59 61
f 2482 2468 2475
f 2482 2479 2468
f 2482 61 2479
f 2483 2474 2477
f 2483 2477 2480
f 2483 2481 2474
f 2484 2482 2478
f 2484 53 55
f 2484 55 57
f 2484 57 2482
f 2485 2483 2480
f 2485 2472 42
f 2485 2480 2472
f 2486 53 2484
f 2486 49 51
f 2486 51 53
f 2486 2484 2478
f 2486 2478 2481
f 2487 49 2486
f 2487 2486 2481
f 2487 45 47
f 2487 47 49
f 2487 2481 2483
f 2488 2487 2483
f 2488 2485 42
f 2488 45 2487
f 2488 2483 2485
f 2488 42 39
f 2488 39 43
f 2488 43 45
f 2489 2490 2491
f 2489 2492 2490
f 2489 2493 2492
f 2494 2489 2491
f 2494 2495 2496
f 2494 2491 2495
f 2497 2498 2499
f 2497 2496 2498
f 2497 2494 2496
f 2500 2493 2489
f 2501 2502 2503
f 2501 2499 2502
f 2501 2497 2499
f 2504 2489 2494
f 2504 2500 2489
f 2505 2506 2507
f 2505 2503 2506
f 2505 2501 2503
f 2508 2494 2497
f 2508 2504 2494
f 2509 1259 2493
f 2509 2493 2500
f 2510 2511 2512
f 2510 2507 2511
f 2510 2505 2507
f 2513 2508 2497
f 2513 2497 2501
f 2514 2509 2500
f 2514 2500 2504
f 2515 2510 2512
f 2515 2516 2517
f 2515 2512 2516
f 2518 2501 2505
f 2518 2513 2501
f 2519 2514 2504
f 2519 2504 2508
f 2520 1259 2509
f 2520 1209 1232
f 2520 1232 1248
f 2520 1248 1259
f 2521 2522 2523
f 2521 2517 2522
f 2521 2515 2517
f 2524 2510 2515
f 2524 2518 2505
f 2524 2505 2510
f 2525 2513 2518
f 2525 2508 2513
f 2525 2519 2508
f 2526 1154 1183
f 2526 1183 1209
f 2526 2520 2509
f 2526 2509 2514
f 2526 1209 2520
f 2527 2528 2529
f 2527 2523 2528
f 2527 2521 2523
f 2530 2524 2515
f 2531 2525 2518
f 2532 2526 2514
f 2532 1139 1138
f 2532 1138 1154
f 2532 1154 2526
f 2532 2514 2519
f 2533 2534 2535
f 2533 2529 2534
f 2533 2527 2529
f 2536 2515 2521
f 2536 2530 2515
f 2537 2531 2518
f 2537 2518 2524
f 2538 1114 1298
f 2538 1298 1139
f 2538 2532 2519
f 2538 1139 2532
f 2538 2519 2525
f 2539 2533 2535
f 2539 2540 2541
f 2539 2535 2540
f 2542 2536 2521
f 2542 2521 2527
f 2543 2524 2530
f 2543 2537 2524
f 2544 1114 2538
f 2544 1082 1108
f 2544 1108 1114
f 2544 2525 2531
f 2544 2538 2525
f 2545 2546 2547
f 2545 2541 2546
f 2545 2539 2541
f 2548 2542 2527
f 2548 2527 2533
f 2549 2543 2530
f 2549 2530 2536
f 2550 1025 1061
f 2550 1061 1082
f 2550 2531 2537
f 2550 2544 2531
f 2550 1082 2544
f 2550 2537 2543
f 2551 2552 2553
f 2551 2547 2552
f 2551 2545 2547
f 2554 2548 2533
f 2554 2533 2539
f 2555 2549 2536
f 2555 2536 2542
f 2556 1025 2550
f 2556 919 997
f 2556 997 1025
f 2556 2550 2543
f 2557 2558 2559
f 2557 2553 2558
f 2557 2551 2553
f 2560 2545 2551
f 2560 2539 2545
f 2560 2554 2539
f 2561 2555 2542
f 2561 2548 2554
f 2561 2542 2548
f 2562 919 2556
f 2562 777 852
f 2562 852 919
f 2562 2543 2549
f 2562 2556 2543
f 2563 2564 2565
f 2563 2559 2564
f 2563 2557 2559
f 2566 2560 2551
f 2567 2561 2554
f 2568 704 778
f 2568 778 777
f 2568 2555 2561
f 2568 2549 2555
f 2568 777 2562
f 2568 2562 2549
f 2569 2565 2570
f 2569 2563 2565
f 2571 2566 2551
f 2571 2551 2557
f 2571 2557 2563
f 2572 2554 2560
f 2572 2560 2566
f 2572 2567 2554
f 2573 673 672
f 2573 672 704
f 2573 2568 2561
f 2573 704 2568
f 2574 2575 2576
f 2574 2570 2575
f 2574 2569 2570
f 2577 2563 2569
f 2577 2571 2563
f 2578 2566 2571
f 2578 2572 2566
f 2579 2580 2581
f 2579 2581 673
f 2579 673 2573
f 2579 2561 2567
f 2579 2573 2561
f 2582 2583 2584
f 2582 2576 2583
f 2582 2574 2576
f 2585 2577 2569
f 2586 2578 2571
f 2586 2571 2577
f 2587 2572 2578
f 2587 2588 2589
f 2587 2589 2580
f 2587 2579 2567
f 2587 2567 2572
f 2587 2580 2579
f 2590 2591 2592
f 2590 2584 2591
f 2590 2582 2584
f 2593 2569 2574
f 2593 2574 2582
f 2593 2585 2569
f 2594 2586 2577
f 2595 2596 2597
f 2595 2597 2588
f 2595 2587 2578
f 2595 2588 2587
f 2598 2599 2600
f 2598 2592 2599
f 2598 2590 2592
f 2601 2593 2582
f 2602 2594 2577
f 2602 2577 2585
f 2603 2604 2596
f 2603 2578 2586
f 2603 2595 2578
f 2603 2596 2595
f 2603 2605 2604
f 2606 2598 2600
f 2606 2607 2608
f 2606 2600 2607
f 2609 2601 2582
f 2609 2582 2590
f 2610 2585 2593
f 2610 2602 2585
f 2611 2586 2594
f 2611 2603 2586
f 2611 2594 2602
f 2611 2605 2603
f 2611 2612 2613
f 2611 2613 2605
f 2614 2606 2608
f 2614 2615 2616
f 2614 2608 2615
f 2617 2590 2598
f 2617 2609 2590
f 2618 2593 2601
f 2618 2610 2593
f 2619 2611 2602
f 2619 2612 2611
f 2619 2620 2621
f 2619 2621 2612
f 2622 2623 2624
f 2622 2616 2623
f 2622 2614 2616
f 2625 2598 2606
f 2625 2606 2614
f 2625 2617 2598
f 2626 2601 2609
f 2626 2618 2601
f 2627 2602 2610
f 2627 2610 2618
f 2627 2619 2602
f 2627 2620 2619
f 2627 2628 2629
f 2627 2629 2620
f 2630 2631 2632
f 2630 2624 2631
f 2630 2622 2624
f 2633 2625 2614
f 2633 2614 2622
f 2634 2609 2617
f 2634 2626 2609
f 2635 2618 2626
f 2635 2627 2618
f 2635 2628 2627
f 2635 2636 2637
f 2635 2637 2628
f 2638 2639 2640
f 2638 2632 2639
f 2638 2630 2632
f 2641 2633 2622
f 2642 2617 2625
f 2642 2634 2617
f 2643 2636 2635
f 2643 2644 2645
f 2643 2645 2636
f 2643 2635 2626
f 2456 2646 2647
f 2456 2640 2646
f 2456 2638 2640
f 2459 2622 2630
f 2459 2641 2622
f 2448 2625 2633
f 2448 2642 2625
f 2648 2644 2643
f 2648 2643 2626
f 2648 2626 2634
f 2648 2649 2650
f 2648 2650 2644
f 2457 2651 2652
f 2457 2647 2651
f 2457 2456 2647
f 2460 2630 2638
f 2460 2459 2630
f 2463 2448 2633
f 2463 2633 2641
f 2447 2634 2642
f 2447 2649 2648
f 2447 2642 2448
f 2447 212 2653
f 2447 2653 2649
f 2447 2648 2634
f 2453 2457 2652
f 2453 2654 2452
f 2453 2652 2654
f 2455 2460 2638
f 2455 2638 2456
f 2461 2463 2641
f 2461 2641 2459
f 2655 2656 2657
f 2655 2658 2656
f 2655 2659 2658
f 2660 2661 2662
f 2660 2657 2661
f 2660 2655 2657
f 2663 2664 2665
f 2663 2662 2664
f 2663 2660 2662
f 2666 2667 2668
f 2666 2665 2667
f 2666 2663 2665
f 2669 2670 2671
f 2669 2668 2670
f 2669 2666 2668
f 2672 2673 2674
f 2672 2671 2673
f 2672 2669 2671
f 2675 2676 2677
f 2675 2674 2676
f 2675 2672 2674
f 2678 2659 2655
f 2679 2675 2677
f 2679 2680 2681
f 2679 2677 2680
f 2682 2678 2655
f 2682 2655 2660
f 2683 2679 2681
f 2683 2684 2685
f 2683 2681 2684
f 2686 2682 2660
f 2686 2660 2663
f 2687 2683 2685
f 2687 2688 2689
f 2687 2685 2688
f 2690 2686 2663
f 2690 2663 2666
f 2691 2687 2689
f 2691 2692 2693
f 2691 2689 2692
f 2694 2690 2666
f 2694 2666 2669
f 2695 2696 2697
f 2695 2693 2696
f 2695 2691 2693
f 2698 2694 2669
f 2698 2669 2672
f 2699 2695 2697
f 2699 2700 2701
f 2699 2697 2700
f 2702 2672 2675
f 2702 2698 2672
f 2703 2704 2705
f 2703 2701 2704
f 2703 2699 2701
f 2706 2659 2678
f 2707 2675 2679
f 2707 2702 2675
f 2708 2709 2710
f 2708 2705 2709
f 2708 2703 2705
f 2711 2678 2682
f 2711 2706 2678
f 2712 2707 2679
f 2712 2679 2683
f 2713 2710 2714
f 2713 2708 2710
f 2715 2711 2682
f 2715 2682 2686
f 2716 2683 2687
f 2716 2712 2683
f 2717 2713 2714
f 2717 2718 2719
f 2717 2714 2718
f 2720 2686 2690
f 2720 2715 2686
f 2721 2691 2695
f 2721 2716 2687
f 2721 2687 2691
f 2722 2723 2724
f 2722 2719 2723
f 2722 2717 2719
f 2725 2690 2694
f 2725 2720 2690
f 2726 2721 2695
f 2727 2722 2724
f 2727 2728 2729
f 2727 2724 2728
f 2730 2725 2694
f 2730 2694 2698
f 2731 2726 2695
f 2731 2695 2699
f 2731 2699 2703
f 2732 2733 2734
f 2732 2729 2733
f 2732 2727 2729
f 2735 2698 2702
f 2735 2730 2698
f 2736 2731 2703
f 2737 2738 2739
f 2737 2734 2738
f 2737 2732 2734
f 2740 2659 2706
f 2741 2735 2702
f 2741 2702 2707
f 2742 2703 2708
f 2742 2736 2703
f 2742 2708 2713
f 2743 2744 2745
f 2743 2739 2744
f 2743 2737 2739
f 2746 2740 2706
f 2746 2706 2711
f 2747 2707 2712
f 2747 2741 2707
f 2748 2742 2713
f 2749 2750 2751
f 2749 2745 2750
f 2749 2743 2745
f 2752 2711 2715
f 2752 2746 2711
f 2753 2712 2716
f 2753 2747 2712
f 2754 2713 2717
f 2754 2748 2713
f 2755 2756 2757
f 2755 2751 2756
f 2755 2749 2751
f 2758 2715 2720
f 2758 2752 2715
f 2759 2716 2721
f 2759 2753 2716
f 2759 2721 2726
f 2760 2754 2717
f 2760 2722 2727
f 2760 2717 2722
f 2761 2762 2763
f 2761 2757 2762
f 2761 2755 2757
f 2764 2720 2725
f 2764 2758 2720
f 2765 2759 2726
f 2766 2760 2727
f 2767 2768 2769
f 2767 2763 2768
f 2767 2761 2763
f 2770 2725 2730
f 2770 2764 2725
f 2771 2765 2726
f 2771 2726 2731
f 2772 2766 2727
f 2772 2727 2732
f 2773 2774 2775
f 2773 2769 2774
f 2773 2767 2769
f 2776 2730 2735
f 2776 2770 2730
f 2777 2771 2731
f 2777 2731 2736
f 2778 2772 2732
f 2778 2732 2737
f 2779 2780 2781
f 2779 2775 2780
f 2779 2773 2775
f 2782 2659 2740
f 2783 2776 2735
f 2783 2735 2741
f 2784 2777 2736
f 2784 2742 2748
f 2784 2736 2742
f 2785 2778 2737
f 2785 2737 2743
f 2786 2787 2788
f 2786 2781 2787
f 2786 2779 2781
f 2789 2782 2740
f 2789 2740 2746
f 2789 2746 2752
f 2790 2783 2741
f 2790 2741 2747
f 2791 2784 2748
f 2792 2785 2743
f 2792 2743 2749
f 2793 2794 2795
f 2793 2788 2794
f 2793 2786 2788
f 2796 2789 2752
f 2797 2747 2753
f 2797 2790 2747
f 2798 2791 2748
f 2798 2748 2754
f 2799 2749 2755
f 2799 2792 2749
f 2800 2801 2802
f 2800 2803 2801
f 2800 2795 2803
f 2800 2793 2795
f 2804 2752 2758
f 2804 2796 2752
f 2805 2753 2759
f 2805 2797 2753
f 2806 2754 2760
f 2806 2798 2754
f 2807 2755 2761
f 2807 2799 2755
f 2808 2758 2764
f 2808 2804 2758
f 2809 2759 2765
f 2809 2805 2759
f 2810 2766 2772
f 2810 2760 2766
f 2810 2806 2760
f 2811 2761 2767
f 2811 2767 2773
f 2811 2807 2761
f 2812 2764 2770
f 2812 2808 2764
f 2813 2765 2771
f 2813 2771 2777
f 2813 2809 2765
f 2814 2810 2772
f 2815 2811 2773
f 2816 2812 2770
f 2816 2770 2776
f 2817 2813 2777
f 2818 2814 2772
f 2818 2772 2778
f 2819 2815 2773
f 2819 2773 2779
f 2819 2779 2786
f 2820 2659 2782
f 2821 2783 2790
f 2821 2776 2783
f 2821 2816 2776
f 2822 2777 2784
f 2822 2817 2777
f 2822 2784 2791
f 2823 2818 2778
f 2823 2778 2785
f 2824 2819 2786
f 2824 2786 2793
f 2825 2782 2789
f 2825 2820 2782
f 2826 2821 2790
f 2827 2822 2791
f 2828 2823 2785
f 2828 2785 2792
f 2829 2824 2793
f 2830 2789 2796
f 2830 2825 2789
f 2831 2826 2790
f 2831 2790 2797
f 2832 2827 2791
f 2832 2791 2798
f 2833 2828 2792
f 2833 2792 2799
f 2833 2799 2807
f 2834 2793 2800
f 2834 2800 2802
f 2834 2829 2793
f 2835 2830 2796
f 2835 2796 2804
f 2836 2797 2805
f 2836 2831 2797
f 2837 2798 2806
f 2837 2806 2810
f 2837 2832 2798
f 2838 2833 2807
f 2839 2804 2808
f 2839 2835 2804
f 2840 2805 2809
f 2840 2836 2805
f 2841 2837 2810
f 2842 2807 2811
f 2842 2811 2815
f 2842 2838 2807
f 2843 2839 2808
f 2843 2808 2812
f 2844 2840 2809
f 2844 2809 2813
f 2845 2841 2810
f 2845 2810 2814
f 2846 2842 2815
f 2847 2812 2816
f 2847 2843 2812
f 2848 2813 2817
f 2848 2844 2813
f 2849 2814 2818
f 2849 2845 2814
f 2850 2846 2815
f 2850 2815 2819
f 2850 2819 2824
f 2851 2659 2820
f 2852 2816 2821
f 2852 2847 2816
f 2853 2848 2817
f 2853 2817 2822
f 2854 2818 2823
f 2854 2849 2818
f 2855 2850 2824
f 2856 2851 2820
f 2856 2825 2830
f 2856 2820 2825
f 2857 2852 2821
f 2857 2821 2826
f 2858 2853 2822
f 2858 2822 2827
f 2859 2854 2823
f 2859 2828 2833
f 2859 2823 2828
f 2860 2855 2824
f 2860 2824 2829
f 2861 2856 2830
f 2862 2857 2826
f 2862 2826 2831
f 2863 2827 2832
f 2863 2858 2827
f 2864 2859 2833
f 2865 2834 2802
f 2865 2860 2829
f 2865 2829 2834
f 2866 2830 2835
f 2866 2861 2830
f 2867 2836 2840
f 2867 2862 2831
f 2867 2831 2836
f 2868 2832 2837
f 2868 2863 2832
f 2869 2864 2833
f 2869 2833 2838
f 2870 2866 2835
f 2870 2835 2839
f 2871 2840 2844
f 2871 2867 2840
f 2872 2837 2841
f 2872 2868 2837
f 2873 2838 2842
f 2873 2842 2846
f 2873 2869 2838
f 2874 2870 2839
f 2874 2839 2843
f 2875 2871 2844
f 2876 2872 2841
f 2876 2841 2845
f 2877 2873 2846
f 2878 2874 2843
f 2878 2843 2847
f 2879 2875 2844
f 2879 2844 2848
f 2880 2876 2845
f 2880 2845 2849
f 2881 2877 2846
f 2881 2846 2850
f 2882 2659 2851
f 2883 2847 2852
f 2883 2878 2847
f 2884 2879 2848
f 2884 2848 2853
f 2885 2880 2849
f 2885 2849 2854
f 2885 2854 2859
f 2886 2881 2850
f 2886 2850 2855
f 2887 2851 2856
f 2887 2882 2851
f 2888 2883 2852
f 2888 2852 2857
f 2889 2853 2858
f 2889 2884 2853
f 2890 2885 2859
f 2890 2859 2864
f 2891 2886 2855
f 2891 2855 2860
f 2892 2856 2861
f 2892 2887 2856
f 2893 2888 2857
f 2893 2857 2862
f 2894 2889 2858
f 2894 2858 2863
f 2895 2890 2864
f 2896 2891 2860
f 2896 2865 2802
f 2896 2860 2865
f 2897 2892 2861
f 2897 2866 2870
f 2897 2861 2866
f 2898 2862 2867
f 2898 2893 2862
f 2899 2868 2872
f 2899 2894 2863
f 2899 2863 2868
f 2900 2895 2864
f 2900 2864 2869
f 2901 2897 2870
f 2901 2870 2874
f 2902 2898 2867
f 2902 2867 2871
f 2903 2899 2872
f 2904 2900 2869
f 2904 2869 2873
f 2905 2901 2874
f 2906 2875 2879
f 2906 2871 2875
f 2906 2902 2871
f 2907 2872 2876
f 2907 2903 2872
f 2908 2873 2877
f 2908 2904 2873
f 2909 2874 2878
f 2909 2905 2874
f 2910 2906 2879
f 2911 2876 2880
f 2911 2907 2876
f 2912 2908 2877
f 2912 2877 2881
f 2913 2659 2882
f 2913 2882 2887
f 2914 2878 2883
f 2914 2909 2878
f 2915 2879 2884
f 2915 2910 2879
f 2916 2911 2880
f 2916 2880 2885
f 2917 2912 2881
f 2917 2881 2886
f 2918 2913 2887
f 2919 2914 2883
f 2919 2883 2888
f 2920 2915 2884
f 2920 2884 2889
f 2921 2916 2885
f 2921 2885 2890
f 2922 2917 2886
f 2922 2886 2891
f 2923 2887 2892
f 2923 2918 2887
f 2924 2893 2898
f 2924 2919 2888
f 2924 2888 2893
f 2925 2920 2889
f 2925 2889 2894
f 2926 2895 2900
f 2926 2890 2895
f 2926 2921 2890
f 2927 2922 2891
f 2927 2891 2896
f 2927 2896 2802
f 2928 2923 2892
f 2928 2892 2897
f 2929 2924 2898
f 2930 2925 2894
f 2930 2894 2899
f 2930 2899 2903
f 2931 2926 2900
f 2932 2928 2897
f 2932 2901 2905
f 2932 2897 2901
f 2933 2898 2902
f 2933 2929 2898
f 2934 2930 2903
f 2935 2904 2908
f 2935 2900 2904
f 2935 2931 2900
f 2936 2932 2905
f 2937 2902 2906
f 2937 2906 2910
f 2937 2933 2902
f 2938 2934 2903
f 2938 2903 2907
f 2939 2935 2908
f 2940 2905 2909
f 2940 2909 2914
f 2940 2936 2905
f 2941 2937 2910
f 2942 2907 2911
f 2942 2938 2907
f 2943 2939 2908
f 2943 2908 2912
f 2944 2659 2913
f 2945 2940 2914
f 2946 2941 2910
f 2946 2910 2915
f 2947 2942 2911
f 2947 2911 2916
f 2948 2943 2912
f 2948 2912 2917
f 2949 2944 2913
f 2949 2913 2918
f 2950 2945 2914
f 2950 2914 2919
f 2951 2946 2915
f 2951 2915 2920
f 2952 2947 2916
f 2952 2916 2921
f 2953 2948 2917
f 2953 2917 2922
f 2954 2949 2918
f 2954 2918 2923
f 2955 2950 2919
f 2955 2919 2924
f 2956 2920 2925
f 2956 2951 2920
f 2957 2952 2921
f 2957 2921 2926
f 2958 2953 2922
f 2958 2927 2802
f 2958 2922 2927
f 2959 2954 2923
f 2959 2928 2932
f 2959 2923 2928
f 2960 2955 2924
f 2960 2924 2929
f 2961 2956 2925
f 2961 2925 2930
f 2961 2930 2934
f 2962 2926 2931
f 2962 2957 2926
f 2963 2959 2932
f 2964 2929 2933
f 2964 2960 2929
f 2965 2961 2934
f 2966 2962 2931
f 2966 2935 2939
f 2966 2931 2935
f 2967 2932 2936
f 2967 2936 2940
f 2967 2963 2932
f 2968 2933 2937
f 2968 2964 2933
f 2969 2965 2934
f 2969 2934 2938
f 2970 2966 2939
f 2971 2967 2940
f 2972 2937 2941
f 2972 2968 2937
f 2973 2938 2942
f 2973 2969 2938
f 2974 2939 2943
f 2974 2970 2939
f 2975 2659 2944
f 2976 2971 2940
f 2976 2940 2945
f 2977 2941 2946
f 2977 2972 2941
f 2978 2947 2952
f 2978 2942 2947
f 2978 2973 2942
f 2979 2943 2948
f 2979 2974 2943
f 2980 2975 2944
f 2980 2944 2949
f 2981 2950 2955
f 2981 2945 2950
f 2981 2976 2945
f 2982 2946 2951
f 2982 2977 2946
f 2983 2978 2952
f 2984 2979 2948
f 2984 2948 2953
f 2985 2980 2949
f 2985 2949 2954
f 2986 2981 2955
f 2987 2951 2956
f 2987 2982 2951
f 2988 2952 2957
f 2988 2983 2952
f 2989 2953 2958
f 2989 2984 2953
f 2989 2958 2802
f 2990 2985 2954
f 2990 2954 2959
f 2990 2959 2963
f 2991 2986 2955
f 2991 2955 2960
f 2992 2987 2956
f 2992 2956 2961
f 2993 2957 2962
f 2993 2988 2957
f 2994 2990 2963
f 2995 2964 2968
f 2995 2991 2960
f 2995 2960 2964
f 2996 2992 2961
f 2996 2961 2965
f 2997 2962 2966
f 2997 2993 2962
f 2997 2966 2970
f 2998 2963 2967
f 2998 2994 2963
f 2999 2995 2968
f 3000 2996 2965
f 3000 2965 2969
f 3001 2970 2974
f 3001 2997 2970
f 3002 2998 2967
f 3002 2967 2971
f 3003 2968 2972
f 3003 2999 2968
f 3004 2969 2973
f 3004 3000 2969
f 3005 3001 2974
f 3006 2659 2975
f 3007 3002 2971
f 3007 2971 2976
f 3008 2972 2977
f 3008 3003 2972
f 3009 2973 2978
f 3009 3004 2973
f 3010 2979 2984
f 3010 2974 2979
f 3010 3005 2974
f 3011 3006 2975
f 3011 2975 2980
f 3012 2976 2981
f 3012 3007 2976
f 3012 2981 2986
f 3013 2977 2982
f 3013 3008 2977
f 3014 3009 2978
f 3014 2978 2983
f 3015 3010 2984
f 3016 2985 2990
f 3016 3011 2980
f 3016 2980 2985
f 3017 3012 2986
f 3018 2982 2987
f 3018 2987 2992
f 3018 3013 2982
f 3019 3014 2983
f 3019 2983 2988
f 3020 3015 2984
f 3020 2984 2989
f 3020 2989 2802
f 3021 3016 2990
f 3022 3017 2986
f 3022 2986 2991
f 3023 3018 2992
f 3024 3019 2988
f 3024 2988 2993
f 3025 3021 2990
f 3025 2990 2994
f 3026 2991 2995
f 3026 3022 2991
f 3027 3023 2992
f 3027 2992 2996
f 3028 2993 2997
f 3028 3024 2993
f 3028 2997 3001
f 3029 2998 3002
f 3029 3025 2994
f 3029 2994 2998
f 3030 3026 2995
f 3030 2995 2999
f 3031 3027 2996
f 3031 2996 3000
f 3032 3028 3001
f 3033 3029 3002
f 3034 3030 2999
f 3034 2999 3003
f 3035 3031 3000
f 3035 3000 3004
f 3035 3004 3009
f 3036 3001 3005
f 3036 3032 3001
f 3037 2493 2659
f 3037 2659 3006
f 3038 3002 3007
f 3038 3033 3002
f 3039 3003 3008
f 3039 3034 3003
f 3039 3008 3013
f 3040 3035 3009
f 3041 3036 3005
f 3041 3005 3010
f 3041 3010 3015
f 3042 3037 3006
f 3042 3006 3011
f 3043 3012 3017
f 3043 3007 3012
f 3043 3038 3007
f 3044 3039 3013
f 3045 3009 3014
f 3045 3040 3009
f 3046 3041 3015
f 3047 3011 3016
f 3047 3016 3021
f 3047 3042 3011
f 3048 3043 3017
f 3049 3044 3013
f 3049 3013 3018
f 3050 3014 3019
f 3050 3045 3014
f 3051 3046 3015
f 3051 3015 3020
f 3051 3020 2802
f 3052 3047 3021
f 3052 3021 3025
f 3053 3017 3022
f 3053 3048 3017
f 3053 3022 3026
f 3054 3049 3018
f 3054 3018 3023
f 3055 3050 3019
f 3055 3019 3024
f 3055 3024 3028
f 3056 3052 3025
f 3057 3026 3030
f 3057 3053 3026
f 3058 3054 3023
f 3058 3023 3027
f 3059 3055 3028
f 3060 3025 3029
f 3060 3056 3025
f 3061 3057 3030
f 3062 3058 3027
f 3062 3027 3031
f 3063 3059 3028
f 3063 3028 3032
f 3064 3029 3033
f 3064 3060 3029
f 3065 3061 3030
f 3065 3030 3034
f 3066 3031 3035
f 3066 3062 3031
f 3067 3032 3036
f 3067 3063 3032
f 3068 2493 3037
f 3069 3064 3033
f 3069 3033 3038
f 3070 3039 3044
f 3070 3034 3039
f 3070 3065 3034
f 3071 3040 3045
f 3071 3035 3040
f 3071 3066 3035
f 3072 3041 3046
f 3072 3067 3036
f 3072 3036 3041
f 3073 3037 3042
f 3073 3042 3047
f 3073 3068 3037
f 3074 3043 3048
f 3074 3038 3043
f 3074 3069 3038
f 3075 3070 3044
f 3076 3071 3045
f 3077 3072 3046
f 3078 3073 3047
f 3079 3074 3048
f 3080 3044 3049
f 3080 3075 3044
f 3081 3076 3045
f 3081 3050 3055
f 3081 3045 3050
f 3082 3077 3046
f 3082 3046 3051
f 3082 3051 2802
f 3083 3047 3052
f 3083 3078 3047
f 3084 3079 3048
f 3084 3048 3053
f 3085 3080 3049
f 3085 3049 3054
f 3086 3081 3055
f 3087 3083 3052
f 3087 3052 3056
f 3088 3084 3053
f 3088 3053 3057
f 3089 3054 3058
f 3089 3085 3054
f 3090 3059 3063
f 3090 3086 3055
f 3090 3055 3059
f 3091 3056 3060
f 3091 3087 3056
f 3092 3088 3057
f 3092 3057 3061
f 3093 3089 3058
f 3093 3058 3062
f 3094 3090 3063
f 3095 3060 3064
f 3095 3091 3060
f 3096 3061 3065
f 3096 3092 3061
f 3097 3093 3062
f 3097 3062 3066
f 3098 3063 3067
f 3098 3094 3063
f 3099 2493 3068
f 3099 3068 3073
f 3100 3064 3069
f 3100 3095 3064
f 3101 3096 3065
f 3101 3065 3070
f 3102 3066 3071
f 3102 3097 3066
f 3103 3067 3072
f 3103 3098 3067
f 3103 3072 3077
f 3104 3073 3078
f 3104 3099 3073
f 3105 3069 3074
f 3105 3100 3069
f 3106 3070 3075
f 3106 3101 3070
f 3107 3076 3081
f 3107 3071 3076
f 3107 3102 3071
f 3108 3103 3077
f 3109 3104 3078
f 3110 3105 3074
f 3110 3074 3079
f 3111 3106 3075
f 3111 3075 3080
f 3112 3107 3081
f 3113 3108 3077
f 3113 3082 2802
f 3113 3077 3082
f 3114 3109 3078
f 3114 3078 3083
f 3115 3079 3084
f 3115 3110 3079
f 3116 3111 3080
f 3116 3080 3085
f 3117 3081 3086
f 3117 3112 3081
f 3118 3114 3083
f 3118 3083 3087
f 3119 3115 3084
f 3119 3084 3088
f 3120 3116 3085
f 3120 3085 3089
f 3120 3089 3093
f 3121 3117 3086
f 3121 3086 3090
f 3121 3090 3094
f 3122 3118 3087
f 3122 3087 3091
f 3123 3088 3092
f 3123 3119 3088
f 3124 3120 3093
f 3125 3121 3094
f 3126 3122 3091
f 3126 3091 3095
f 3127 3123 3092
f 3127 3092 3096
f 3128 3124 3093
f 3128 3093 3097
f 3129 3125 3094
f 3129 3094 3098
f 3130 2493 3099
f 3131 3126 3095
f 3131 3095 3100
f 3132 3127 3096
f 3132 3096 3101
f 3133 3128 3097
f 3133 3097 3102
f 3134 3103 3108
f 3134 3129 3098
f 3134 3098 3103
f 3135 3099 3104
f 3135 3104 3109
f 3135 3130 3099
f 3136 3131 3100
f 3136 3100 3105
f 3137 3101 3106
f 3137 3132 3101
f 3138 3107 3112
f 3138 3133 3102
f 3138 3102 3107
f 3139 3134 3108
f 3140 3135 3109
f 3141 3105 3110
f 3141 3136 3105
f 3142 3106 3111
f 3142 3137 3106
f 3143 3138 3112
f 3144 3139 3108
f 3144 3108 3113
f 3144 3113 2802
f 3145 3109 3114
f 3145 3140 3109
f 3146 3115 3119
f 3146 3110 3115
f 3146 3141 3110
f 3147 3111 3116
f 3147 3142 3111
f 3148 3143 3112
f 3148 3112 3117
f 3149 3114 3118
f 3149 3145 3114
f 3150 3146 3119
f 3150 3119 3123
f 3151 3147 3116
f 3151 3116 3120
f 3152 3148 3117
f 3152 3121 3125
f 3152 3117 3121
f 3153 3118 3122
f 3153 3149 3118
f 3154 3150 3123
f 3155 3151 3120
f 3155 3120 3124
f 3156 3152 3125
f 3157 3153 3122
f 3157 3122 3126
f 3158 3154 3123
f 3158 3123 3127
f 3159 3155 3124
f 3159 3124 3128
f 3160 3156 3125
f 3160 3125 3129
f 3161 2493 3130
f 3162 3157 3126
f 3162 3126 3131
f 3163 3158 3127
f 3163 3127 3132
f 3163 3132 3137
f 3164 3159 3128
f 3164 3128 3133
f 3165 3160 3129
f 3165 3129 3134
f 3166 3161 3130
f 3166 3130 3135
f 3166 3135 3140
f 3167 3131 3136
f 3167 3162 3131
f 3167 3136 3141
f 3168 3163 3137
f 3169 3164 3133
f 3169 3133 3138
f 3170 3134 3139
f 3170 3165 3134
f 3171 3166 3140
f 3171 3140 3145
f 3172 3167 3141
f 3173 3137 3142
f 3173 3168 3137
f 3174 3138 3143
f 3174 3169 3138
f 3175 3170 3139
f 3175 3139 3144
f 3175 3144 2802
f 3175 2802 2472
f 3176 3171 3145
f 3177 3141 3146
f 3177 3146 3150
f 3177 3172 3141
f 3178 3142 3147
f 3178 3173 3142
f 3179 3148 3152
f 3179 3143 3148
f 3179 3174 3143
f 3180 3176 3145
f 3180 3145 3149
f 3180 3149 3153
f 3181 3150 3154
f 3181 3177 3150
f 3182 3178 3147
f 3182 3147 3151
f 3183 3179 3152
f 3184 3180 3153
f 3185 3181 3154
f 3186 3182 3151
f 3186 3151 3155
f 3187 3152 3156
f 3187 3183 3152
f 3188 3153 3157
f 3188 3184 3153
f 3189 3185 3154
f 3189 3154 3158
f 3190 3155 3159
f 3190 3186 3155
f 3191 3156 3160
f 3191 3187 3156
f 3192 2493 3161
f 3192 3161 3166
f 3193 3188 3157
f 3193 3157 3162
f 3194 3158 3163
f 3194 3189 3158
f 3195 3190 3159
f 3195 3159 3164
f 3196 3191 3160
f 3196 3160 3165
f 3197 3192 3166
f 3198 3162 3167
f 3198 3193 3162
f 3199 3194 3163
f 3199 3163 3168
f 3200 3164 3169
f 3200 3195 3164
f 3200 3169 3174
f 3201 3196 3165
f 3201 3165 3170
f 3202 3166 3171
f 3202 3197 3166
f 3203 3198 3167
f 3203 3167 3172
f 3204 3168 3173
f 3204 3199 3168
f 3205 3200 3174
f 3206 3175 2472
f 3206 3201 3170
f 3206 3170 3175
f 3207 3171 3176
f 3207 3202 3171
f 3208 3172 3177
f 3208 3203 3172
f 3209 3204 3173
f 3209 3173 3178
f 3210 3174 3179
f 3210 3205 3174
f 3211 3180 3184
f 3211 3176 3180
f 3211 3207 3176
f 3212 3177 3181
f 3212 3208 3177
f 3212 3181 3185
f 3213 3178 3182
f 3213 3209 3178
f 3214 3210 3179
f 3214 3179 3183
f 3214 3183 3187
f 3215 3211 3184
f 3216 3212 3185
f 3217 3182 3186
f 3217 3213 3182
f 3218 3187 3191
f 3218 3214 3187
f 3219 3215 3184
f 3219 3184 3188
f 3220 3216 3185
f 3220 3189 3194
f 3220 3185 3189
f 3221 3217 3186
f 3221 3186 3190
f 3222 3218 3191
f 3223 2493 3192
f 3224 3219 3188
f 3224 3188 3193
f 3225 3220 3194
f 3226 3221 3190
f 3226 3190 3195
f 3227 3222 3191
f 3227 3191 3196
f 3228 3223 3192
f 3228 3192 3197
f 3229 3224 3193
f 3229 3193 3198
f 3230 3225 3194
f 3230 3194 3199
f 3231 3195 3200
f 3231 3226 3195
f 3231 3200 3205
f 3232 3227 3196
f 3232 3196 3201
f 3232 3201 3206
f 3233 3228 3197
f 3233 3197 3202
f 3234 3203 3208
f 3234 3229 3198
f 3234 3198 3203
f 3235 3204 3209
f 3235 3199 3204
f 3235 3230 3199
f 3236 3231 3205
f 3237 3206 2472
f 3237 3232 3206
f 3238 3202 3207
f 3238 3233 3202
f 3239 3234 3208
f 3240 3235 3209
f 3241 3236 3205
f 3241 3205 3210
f 3242 3238 3207
f 3242 3207 3211
f 3243 3212 3216
f 3243 3208 3212
f 3243 3239 3208
f 3244 3240 3209
f 3244 3209 3213
f 3245 3241 3210
f 3245 3214 3218
f 3245 3210 3214
f 3246 3211 3215
f 3246 3215 3219
f 3246 3242 3211
f 3247 3243 3216
f 3248 3213 3217
f 3248 3244 3213
f 3249 3218 3222
f 3249 3245 3218
f 3250 3246 3219
f 3251 3247 3216
f 3251 3216 3220
f 3252 3217 3221
f 3252 3248 3217
f 3253 3249 3222
f 3254 2493 3223
f 3255 3219 3224
f 3255 3250 3219
f 3256 3251 3220
f 3256 3225 3230
f 3256 3220 3225
f 3257 3252 3221
f 3257 3221 3226
f 3258 3253 3222
f 3258 3222 3227
f 3259 3254 3223
f 3259 3223 3228
f 3260 3224 3229
f 3260 3255 3224
f 3261 3256 3230
f 3261 3230 3235
f 3262 3257 3226
f 3262 3226 3231
f 3263 3258 3227
f 3263 3227 3232
f 3264 3259 3228
f 3264 3228 3233
f 3265 3260 3229
f 3265 3229 3234
f 3266 3261 3235
f 3267 3262 3231
f 3267 3231 3236
f 3268 3237 2472
f 3268 3263 3232
f 3268 3232 3237
f 3269 3233 3238
f 3269 3264 3233
f 3270 3265 3234
f 3270 3234 3239
f 3271 3240 3244
f 3271 3235 3240
f 3271 3266 3235
f 3272 3241 3245
f 3272 3267 3236
f 3272 3236 3241
f 3273 3238 3242
f 3273 3269 3238
f 3274 3270 3239
f 3274 3239 3243
f 3274 3243 3247
f 3275 3271 3244
f 3276 3272 3245
f 3277 3242 3246
f 3277 3273 3242
f 3278 3274 3247
f 3279 3244 3248
f 3279 3275 3244
f 3279 3248 3252
f 3280 3245 3249
f 3280 3276 3245
f 3281 3277 3246
f 3281 3246 3250
f 3282 3278 3247
f 3282 3247 3251
f 3283 3279 3252
f 3284 3280 3249
f 3284 3249 3253
f 3285 2493 3254
f 3286 3281 3250
f 3286 3250 3255
f 3287 3251 3256
f 3287 3282 3251
f 3288 3283 3252
f 3288 3252 3257
f 3289 3253 3258
f 3289 3284 3253
f 3289 3258 3263
f 3290 3285 3254
f 3290 3254 3259
f 3291 3286 3255
f 3291 3255 3260
f 3292 3287 3256
f 3292 3256 3261
f 3293 3288 3257
f 3293 3257 3262
f 3294 3289 3263
f 3295 3290 3259
f 3295 3259 3264
f 3296 3260 3265
f 3296 3291 3260
f 3297 3292 3261
f 3297 3261 3266
f 3298 3293 3262
f 3298 3262 3267
f 3298 3267 3272
f 3299 3268 2472
f 3299 3294 3263
f 3299 3263 3268
f 3300 3264 3269
f 3300 3295 3264
f 3301 3265 3270
f 3301 3296 3265
f 3302 3297 3266
f 3302 3266 3271
f 3303 3298 3272
f 3304 3269 3273
f 3304 3300 3269
f 3305 3301 3270
f 3305 3270 3274
f 3306 3275 3279
f 3306 3302 3271
f 3306 3271 3275
f 3307 3272 3276
f 3307 3303 3272
f 3308 3304 3273
f 3308 3273 3277
f 3308 3277 3281
f 3309 3274 3278
f 3309 3305 3274
f 3310 3306 3279
f 3311 3276 3280
f 3311 3280 3284
f 3311 3307 3276
f 3312 3308 3281
f 3313 3309 3278
f 3313 3278 3282
f 3314 3279 3283
f 3314 3310 3279
f 3315 3311 3284
f 3316 2493 3285
f 3317 3281 3286
f 3317 3312 3281
f 3318 3282 3287
f 3318 3313 3282
f 3319 3288 3293
f 3319 3283 3288
f 3319 3314 3283
f 3320 3284 3289
f 3320 3315 3284
f 3321 3316 3285
f 3321 3285 3290
f 3322 3286 3291
f 3322 3317 3286
f 3323 3287 3292
f 3323 3318 3287
f 3324 3319 3293
f 3325 3320 3289
f 3325 3289 3294
f 3326 3290 3295
f 3326 3321 3290
f 3327 3291 3296
f 3327 3322 3291
f 3328 3323 3292
f 3328 3292 3297
f 3329 3293 3298
f 3329 3324 3293
f 3330 3299 2472
f 3330 3325 3294
f 3330 3294 3299
f 3331 3326 3295
f 3331 3300 3304
f 3331 3295 3300
f 3332 3296 3301
f 3332 3327 3296
f 3333 3328 3297
f 3333 3297 3302
f 3334 3329 3298
f 3334 3298 3303
f 3335 3331 3304
f 3336 3301 3305
f 3336 3332 3301
f 3337 3306 3310
f 3337 3333 3302
f 3337 3302 3306
f 3338 3334 3303
f 3338 3303 3307
f 3339 3304 3308
f 3339 3308 3312
f 3339 3335 3304
f 3340 3336 3305
f 3340 3305 3309
f 3341 3337 3310
f 3342 3338 3307
f 3342 3307 3311
f 3343 3339 3312
f 3344 3340 3309
f 3344 3309 3313
f 3345 3310 3314
f 3345 3341 3310
f 3346 3311 3315
f 3346 3342 3311
f 3347 2493 3316
f 3348 3312 3317
f 3348 3343 3312
f 3349 3344 3313
f 3349 3313 3318
f 3350 3345 3314
f 3350 3314 3319
f 3351 3320 3325
f 3351 3315 3320
f 3351 3346 3315
f 3352 3316 3321
f 3352 3347 3316
f 3353 3317 3322
f 3353 3348 3317
f 3354 3349 3318
f 3354 3318 3323
f 3355 3319 3324
f 3355 3350 3319
f 3356 3351 3325
f 3357 3352 3321
f 3357 3321 3326
f 3358 3353 3322
f 3358 3322 3327
f 3358 3327 3332
f 3359 3354 3323
f 3359 3323 3328
f 3360 3324 3329
f 3360 3355 3324
f 3361 3356 3325
f 3361 3325 3330
f 3361 3330 2472
f 3362 3357 3326
f 3362 3326 3331
f 3362 3331 3335
f 3363 3358 3332
f 3364 3359 3328
f 3364 3328 3333
f 3365 3360 3329
f 3365 3329 3334
f 3366 3362 3335
f 3367 3363 3332
f 3367 3332 3336
f 3367 3336 3340
f 3368 3337 3341
f 3368 3364 3333
f 3368 3333 3337
f 3369 3334 3338
f 3369 3365 3334
f 3370 3366 3335
f 3370 3335 3339
f 3370 3339 3343
f 3371 3340 3344
f 3371 3367 3340
f 3372 3341 3345
f 3372 3368 3341
f 3373 3369 3338
f 3373 3338 3342
f 3374 3370 3343
f 3375 3371 3344
f 3376 3372 3345
f 3377 3342 3346
f 3377 3373 3342
f 3378 2493 3347
f 3379 3348 3353
f 3379 3343 3348
f 3379 3374 3343
f 3380 3349 3354
f 3380 3344 3349
f 3380 3375 3344
f 3381 3376 3345
f 3381 3345 3350
f 3382 3346 3351
f 3382 3377 3346
f 3383 3378 3347
f 3383 3347 3352
f 3384 3353 3358
f 3384 3379 3353
f 3385 3380 3354
f 3386 3381 3350
f 3386 3350 3355
f 3387 3351 3356
f 3387 3382 3351
f 3388 3383 3352
f 3388 3352 3357
f 3389 3358 3363
f 3389 3384 3358
f 3390 3385 3354
f 3390 3354 3359
f 3390 3359 3364
f 3391 3386 3355
f 3391 3355 3360
f 3392 3387 3356
f 3392 3356 3361
f 3392 3361 2472
f 3393 3357 3362
f 3393 3388 3357
f 3394 3389 3363
f 3395 3390 3364
f 3396 3365 3369
f 3396 3391 3360
f 3396 3360 3365
f 3397 3393 3362
f 3397 3362 3366
f 3398 3394 3363
f 3398 3363 3367
f 3399 3395 3364
f 3399 3364 3368
f 3399 3368 3372
f 3400 3396 3369
f 3401 3397 3366
f 3401 3366 3370
f 3402 3367 3371
f 3402 3398 3367
f 3403 3399 3372
f 3404 3373 3377
f 3404 3400 3369
f 3404 3369 3373
f 3405 3370 3374
f 3405 3401 3370
f 3406 3402 3371
f 3406 3371 3375
f 3407 3372 3376
f 3407 3403 3372
f 3408 3404 3377
f 3409 2493 3378
f 3409 2491 2490
f 3409 2490 2492
f 3409 2492 2493
f 3410 3405 3374
f 3410 3374 3379
f 3411 3406 3375
f 3411 3375 3380
f 3412 3381 3386
f 3412 3407 3376
f 3412 3376 3381
f 3413 3408 3377
f 3413 3377 3382
f 3413 3382 3387
f 3414 2491 3409
f 3414 3378 3383
f 3414 2496 2495
f 3414 2495 2491
f 3414 3409 3378
f 3415 3410 3379
f 3415 3379 3384
f 3416 3411 3380
f 3416 3380 3385
f 3417 3412 3386
f 3418 3413 3387
f 3419 3414 3383
f 3419 2499 2498
f 3419 2498 2496
f 3419 3383 3388
f 3419 2496 3414
f 3419 3388 3393
f 3420 3384 3389
f 3420 3415 3384
f 3421 3385 3390
f 3421 3416 3385
f 3422 3417 3386
f 3422 3386 3391
f 3423 3418 3387
f 3423 3387 3392
f 3423 3392 2472
f 3424 3419 3393
f 3424 3393 3397
f 3424 2503 2502
f 3424 2502 2499
f 3424 2499 3419
f 3425 3420 3389
f 3425 3389 3394
f 3426 3421 3390
f 3426 3390 3395
f 3427 3391 3396
f 3427 3422 3391
f 3427 3396 3400
f 3428 2507 2506
f 3428 2506 2503
f 3428 3424 3397
f 3428 2503 3424
f 3429 3394 3398
f 3429 3425 3394
f 3430 3395 3399
f 3430 3426 3395
f 3431 3427 3400
f 3432 2512 2511
f 3432 2511 2507
f 3432 3397 3401
f 3432 2507 3428
f 3432 3428 3397
f 3432 3401 3405
f 3433 3429 3398
f 3433 3398 3402
f 3434 3399 3403
f 3434 3430 3399
f 3435 3431 3400
f 3435 3400 3404
f 3435 3404 3408
f 3436 2517 2516
f 3436 2516 2512
f 3436 3432 3405
f 3436 2512 3432
f 3437 3433 3402
f 3437 3402 3406
f 3438 3434 3403
f 3438 3403 3407
f 3439 3435 3408
f 3440 2523 2522
f 3440 2522 2517
f 3440 2517 3436
f 3440 3436 3405
f 3440 3405 3410
f 3441 3406 3411
f 3441 3437 3406
f 3442 3407 3412
f 3442 3438 3407
f 3443 3413 3418
f 3443 3408 3413
f 3443 3439 3408
f 3444 2529 2528
f 3444 2528 2523
f 3444 3415 3420
f 3444 3440 3410
f 3444 2523 3440
f 3444 3410 3415
f 3445 3411 3416
f 3445 3441 3411
f 3446 3442 3412
f 3446 3412 3417
f 3447 3443 3418
f 3448 2535 2534
f 3448 2534 2529
f 3448 3444 3420
f 3448 2529 3444
f 3449 3445 3416
f 3449 3416 3421
f 3450 3417 3422
f 3450 3446 3417
f 3451 3447 3418
f 3451 3423 2472
f 3451 3418 3423
f 3452 2541 2540
f 3452 2540 2535
f 3452 2535 3448
f 3452 3420 3425
f 3452 3448 3420
f 3453 3449 3421
f 3453 3421 3426
f 3454 3450 3422
f 3454 3422 3427
f 3455 2547 2546
f 3455 2546 2541
f 3455 3452 3425
f 3455 3429 3433
f 3455 2541 3452
f 3455 3425 3429
f 3456 3426 3430
f 3456 3453 3426
f 3457 3454 3427
f 3457 3427 3431
f 3457 3431 3435
f 3458 2553 2552
f 3458 2552 2547
f 3458 3455 3433
f 3458 3433 3437
f 3458 2547 3455
f 3459 3456 3430
f 3459 3430 3434
f 3460 3457 3435
f 3461 3458 3437
f 3461 2553 3458
f 3461 2559 2558
f 3461 2558 2553
f 3462 3434 3438
f 3462 3459 3434
f 3463 3435 3439
f 3463 3460 3435
f 3464 3441 3445
f 3464 3461 3437
f 3464 2559 3461
f 3464 3437 3441
f 3464 2565 2564
f 3464 2564 2559
f 3465 3462 3438
f 3465 3438 3442
f 3466 3463 3439
f 3466 3439 3443
f 3467 2565 3464
f 3467 3445 3449
f 3467 2570 2565
f 3467 3464 3445
f 3468 3446 3450
f 3468 3442 3446
f 3468 3465 3442
f 3469 3466 3443
f 3469 3443 3447
f 3470 3467 3449
f 3470 2570 3467
f 3470 2576 2575
f 3470 2575 2570
f 3471 3468 3450
f 3472 3451 2472
f 3472 3447 3451
f 3472 3469 3447
f 3473 3470 3449
f 3473 3449 3453
f 3473 2576 3470
f 3473 2584 2583
f 3473 2583 2576
f 3474 3471 3450
f 3474 3450 3454
f 3475 3456 3459
f 3475 3473 3453
f 3475 2592 2591
f 3475 2591 2584
f 3475 2584 3473
f 3475 3453 3456
f 3476 3457 3460
f 3476 3474 3454
f 3476 3454 3457
f 3477 3459 3462
f 3477 2592 3475
f 3477 2600 2599
f 3477 2599 2592
f 3477 3475 3459
f 3478 3476 3460
f 3479 2600 3477
f 3479 2608 2607
f 3479 2607 2600
f 3479 3477 3462
f 3480 3478 3460
f 3480 3460 3463
f 3481 2608 3479
f 3481 3462 3465
f 3481 3465 3468
f 3481 3479 3462
f 3481 2616 2615
f 3481 2615 2608
f 3482 3480 3463
f 3482 3463 3466
f 3483 2616 3481
f 3483 3481 3468
f 3483 2624 2623
f 3483 2623 2616
f 3484 3482 3466
f 3484 3466 3469
f 3485 2624 3483
f 3485 3483 3468
f 3485 2632 2631
f 3485 2631 2624
f 3485 3471 3474
f 3485 3468 3471
f 3486 3472 2472
f 3486 3484 3469
f 3486 3469 3472
f 3487 3485 3474
f 3487 2632 3485
f 3487 2640 2639
f 3487 2639 2632
f 3488 3474 3476
f 3488 3487 3474
f 3488 2640 3487
f 3488 2647 2646
f 3488 2646 2640
f 3489 3476 3478
f 3489 2647 3488
f 3489 3478 3480
f 3489 2652 2651
f 3489 2651 2647
f 3489 3488 3476
f 3490 3489 3480
f 3490 2652 3489
f 3490 2452 2654
f 3490 2654 2652
f 3491 3482 3484
f 3491 3490 3480
f 3491 2452 3490
f 3491 2451 2450
f 3491 2450 2452
f 3491 3480 3482
f 3492 2451 3491
f 3492 3491 3484
f 3492 2466 2465
f 3492 2465 2451
f 3493 3484 3486
f 3493 3492 3484
f 3493 2466 3492
f 3493 2472 2471
f 3493 2471 2473
f 3493 2473 2466
f 3493 3486 2472
f 3494 3495 3496
f 3497 3495 3494
f 3498 3495 3497
f 3499 3500 3501
f 3496 3500 3499
f 3495 3500 3496
f 3502 3503 3504
f 3501 3503 3502
f 3500 3503 3501
f 3505 3506 3507
f 3504 3506 3505
f 3503 3506 3504
f 3508 3509 3510
f 3507 3509 3508
f 3506 3509 3507
f 3511 3512 3513
f 3510 3512 3511
f 3509 3512 3510
f 3514 3515 3516
f 3513 3515 3514
f 3512 3515 3513
f 3517 3518 3519
f 3516 3518 3517
f 3515 3518 3516
f 3498 3520 3495
f 3521 3522 3523
f 3519 3522 3521
f 3518 3522 3519
f 3520 3524 3495
f 3495 3524 3500
f 3525 3526 3527
f 3523 3526 3525
f 3522 3526 3523
f 3500 3528 3503
f 3524 3528 3500
f 3529 3530 3531
f 3527 3530 3529
f 3526 3530 3527
f 3528 3532 3503
f 3503 3532 3506
f 3533 3534 3535
f 3531 3534 3533
f 3530 3534 3531
f 3532 3536 3506
f 3506 3536 3509
f 3537 3538 3539
f 3535 3538 3537
f 3534 3538 3535
f 3536 3540 3509
f 3509 3540 3512
f 3539 3541 3542
f 3538 3541 3539
f 3542 3541 3543
f 3540 3544 3512
f 3512 3544 3515
f 3541 3545 3543
f 3546 3545 3547
f 3543 3545 3546
f 3515 3548 3518
f 3544 3548 3515
f 3498 3549 3520
f 3545 3550 3547
f 3547 3550 3551
f 3548 3552 3518
f 3518 3552 3522
f 3524 3553 3528
f 3549 3553 3520
f 3520 3553 3524
f 3550 3554 3551
f 3555 3554 3556
f 3551 3554 3555
f 3522 3557 3526
f 3552 3557 3522
f 3553 3558 3528
f 3554 3559 3556
f 3560 3559 3561
f 3556 3559 3560
f 3530 3562 3534
f 3557 3562 3526
f 3526 3562 3530
f 3558 3563 3528
f 3528 3563 3532
f 3559 3564 3561
f 3565 3564 3566
f 3561 3564 3565
f 3562 3567 3534
f 3532 3568 3536
f 3563 3568 3532
f 3536 3568 3540
f 3564 3569 3566
f 3570 3569 3571
f 3566 3569 3570
f 3534 3572 3538
f 3538 3572 3541
f 3567 3572 3534
f 3568 3573 3540
f 3574 3575 3576
f 3571 3575 3574
f 3569 3575 3571
f 3572 3577 3541
f 3540 3578 3544
f 3573 3578 3540
f 3575 3579 3576
f 3580 3579 3581
f 3576 3579 3580
f 3541 3582 3545
f 3577 3582 3541
f 3544 3583 3548
f 3578 3583 3544
f 3579 3584 3581
f 3585 3584 3586
f 3581 3584 3585
f 3498 3587 3549
f 3545 3588 3550
f 3582 3588 3545
f 3552 3589 3557
f 3583 3589 3548
f 3548 3589 3552
f 3590 3591 3592
f 3586 3591 3590
f 3584 3591 3586
f 3549 3593 3553
f 3587 3593 3549
f 3550 3594 3554
f 3588 3594 3550
f 3589 3595 3557
f 3591 3596 3592
f 3597 3596 3598
f 3592 3596 3597
f 3553 3599 3558
f 3593 3599 3553
f 3554 3600 3559
f 3594 3600 3554
f 3557 3601 3562
f 3595 3601 3557
f 3596 3602 3598
f 3603 3602 3604
f 3598 3602 3603
f 3558 3605 3563
f 3599 3605 3558
f 3600 3606 3559
f 3564 3606 3569
f 3559 3606 3564
f 3601 3607 3562
f 3562 3607 3567
f 3602 3608 3604
f 3609 3608 3610
f 3604 3608 3609
f 3605 3611 3563
f 3563 3611 3568
f 3606 3612 3569
f 3607 3613 3567
f 3567 3613 3572
f 3608 3614 3610
f 3615 3614 3616
f 3610 3614 3615
f 3611 3617 3568
f 3568 3617 3573
f 3569 3618 3575
f 3612 3618 3569
f 3613 3619 3572
f 3572 3619 3577
f 3614 3620 3616
f 3621 3620 3622
f 3616 3620 3621
f 3617 3623 3573
f 3573 3623 3578
f 3575 3624 3579
f 3579 3624 3584
f 3618 3624 3575
f 3619 3625 3577
f 3577 3625 3582
f 3620 3626 3622
f 3627 3626 3628
f 3622 3626 3627
f 3623 3629 3578
f 3578 3629 3583
f 3583 3629 3589
f 3624 3630 3584
f 3498 3631 3587
f 3625 3632 3582
f 3582 3632 3588
f 3633 3634 3635
f 3636 3634 3633
f 3628 3634 3636
f 3626 3634 3628
f 3629 3637 3589
f 3630 3638 3584
f 3584 3638 3591
f 3631 3639 3587
f 3587 3639 3593
f 3594 3640 3600
f 3632 3640 3588
f 3588 3640 3594
f 3637 3641 3589
f 3589 3641 3595
f 3595 3641 3601
f 3591 3642 3596
f 3638 3642 3591
f 3596 3642 3602
f 3593 3643 3599
f 3599 3643 3605
f 3639 3643 3593
f 3640 3644 3600
f 3641 3645 3601
f 3602 3646 3608
f 3642 3646 3602
f 3643 3647 3605
f 3605 3647 3611
f 3644 3648 3600
f 3600 3648 3606
f 3607 3649 3613
f 3645 3649 3601
f 3601 3649 3607
f 3646 3650 3608
f 3647 3651 3611
f 3648 3652 3606
f 3606 3652 3612
f 3649 3653 3613
f 3650 3654 3608
f 3608 3654 3614
f 3614 3654 3620
f 3611 3655 3617
f 3651 3655 3611
f 3652 3656 3612
f 3612 3656 3618
f 3653 3657 3613
f 3613 3657 3619
f 3654 3658 3620
f 3620 3658 3626
f 3617 3659 3623
f 3655 3659 3617
f 3656 3660 3618
f 3618 3660 3624
f 3624 3660 3630
f 3657 3661 3619
f 3619 3661 3625
f 3625 3661 3632
f 3658 3662 3626
f 3659 3663 3623
f 3623 3663 3629
f 3629 3663 3637
f 3660 3664 3630
f 3498 3665 3631
f 3661 3666 3632
f 3662 3667 3626
f 3626 3667 3634
f 3634 3667 3635
f 3663 3668 3637
f 3664 3669 3630
f 3630 3669 3638
f 3631 3670 3639
f 3665 3670 3631
f 3666 3671 3632
f 3640 3671 3644
f 3632 3671 3640
f 3637 3672 3641
f 3668 3672 3637
f 3641 3672 3645
f 3638 3673 3642
f 3669 3673 3638
f 3670 3674 3639
f 3639 3674 3643
f 3671 3675 3644
f 3672 3676 3645
f 3642 3677 3646
f 3673 3677 3642
f 3674 3678 3643
f 3643 3678 3647
f 3648 3679 3652
f 3644 3679 3648
f 3675 3679 3644
f 3676 3680 3645
f 3645 3680 3649
f 3646 3681 3650
f 3677 3681 3646
f 3647 3682 3651
f 3678 3682 3647
f 3679 3683 3652
f 3680 3684 3649
f 3649 3684 3653
f 3650 3685 3654
f 3654 3685 3658
f 3681 3685 3650
f 3682 3686 3651
f 3651 3686 3655
f 3652 3687 3656
f 3683 3687 3652
f 3684 3688 3653
f 3653 3688 3657
f 3685 3689 3658
f 3658 3689 3662
f 3686 3690 3655
f 3655 3690 3659
f 3687 3691 3656
f 3656 3691 3660
f 3688 3692 3657
f 3657 3692 3661
f 3689 3693 3662
f 3659 3694 3663
f 3690 3694 3659
f 3691 3695 3660
f 3664 3695 3669
f 3660 3695 3664
f 3498 3696 3665
f 3661 3697 3666
f 3692 3697 3661
f 3667 3698 3635
f 3693 3698 3662
f 3662 3698 3667
f 3694 3699 3663
f 3663 3699 3668
f 3695 3700 3669
f 3665 3701 3670
f 3670 3701 3674
f 3696 3701 3665
f 3671 3702 3675
f 3697 3702 3666
f 3666 3702 3671
f 3699 3703 3668
f 3668 3703 3672
f 3673 3704 3677
f 3700 3704 3669
f 3669 3704 3673
f 3701 3705 3674
f 3702 3706 3675
f 3672 3707 3676
f 3703 3707 3672
f 3704 3708 3677
f 3705 3709 3674
f 3674 3709 3678
f 3678 3709 3682
f 3675 3710 3679
f 3706 3710 3675
f 3707 3711 3676
f 3676 3711 3680
f 3677 3712 3681
f 3681 3712 3685
f 3708 3712 3677
f 3709 3713 3682
f 3679 3714 3683
f 3710 3714 3679
f 3684 3715 3688
f 3680 3715 3684
f 3711 3715 3680
f 3712 3716 3685
f 3682 3717 3686
f 3713 3717 3682
f 3683 3718 3687
f 3714 3718 3683
f 3715 3719 3688
f 3716 3720 3685
f 3685 3720 3689
f 3686 3721 3690
f 3717 3721 3686
f 3687 3722 3691
f 3718 3722 3687
f 3691 3722 3695
f 3719 3723 3688
f 3688 3723 3692
f 3720 3724 3689
f 3689 3724 3693
f 3721 3725 3690
f 3690 3725 3694
f 3722 3726 3695
f 3696 3727 3701
f 3498 3727 3696
f 3723 3728 3692
f 3692 3728 3697
f 3698 3729 3635
f 3724 3729 3693
f 3693 3729 3698
f 3694 3730 3699
f 3725 3730 3694
f 3695 3731 3700
f 3726 3731 3695
f 3727 3732 3701
f 3697 3733 3702
f 3728 3733 3697
f 3702 3733 3706
f 3730 3734 3699
f 3699 3734 3703
f 3700 3735 3704
f 3731 3735 3700
f 3704 3735 3708
f 3732 3736 3701
f 3705 3736 3709
f 3701 3736 3705
f 3733 3737 3706
f 3734 3738 3703
f 3703 3738 3707
f 3735 3739 3708
f 3709 3740 3713
f 3736 3740 3709
f 3706 3741 3710
f 3737 3741 3706
f 3707 3742 3711
f 3738 3742 3707
f 3711 3742 3715
f 3708 3743 3712
f 3739 3743 3708
f 3740 3744 3713
f 3710 3745 3714
f 3741 3745 3710
f 3742 3746 3715
f 3712 3747 3716
f 3743 3747 3712
f 3744 3748 3713
f 3713 3748 3717
f 3718 3749 3722
f 3714 3749 3718
f 3745 3749 3714
f 3719 3750 3723
f 3715 3750 3719
f 3746 3750 3715
f 3716 3751 3720
f 3747 3751 3716
f 3717 3752 3721
f 3748 3752 3717
f 3749 3753 3722
f 3750 3754 3723
f 3751 3755 3720
f 3720 3755 3724
f 3752 3756 3721
f 3721 3756 3725
f 3722 3757 3726
f 3753 3757 3722
f 3498 3758 3727
f 3754 3759 3723
f 3723 3759 3728
f 3755 3760 3724
f 3729 3760 3635
f 3724 3760 3729
f 3756 3761 3725
f 3725 3761 3730
f 3730 3761 3734
f 3757 3762 3726
f 3726 3762 3731
f 3758 3763 3727
f 3727 3763 3732
f 3759 3764 3728
f 3728 3764 3733
f 3761 3765 3734
f 3762 3766 3731
f 3731 3766 3735
f 3763 3767 3732
f 3732 3767 3736
f 3764 3768 3733
f 3733 3768 3737
f 3737 3768 3741
f 3734 3769 3738
f 3765 3769 3734
f 3738 3769 3742
f 3766 3770 3735
f 3735 3770 3739
f 3736 3771 3740
f 3767 3771 3736
f 3768 3772 3741
f 3769 3773 3742
f 3739 3774 3743
f 3770 3774 3739
f 3740 3775 3744
f 3771 3775 3740
f 3744 3775 3748
f 3741 3776 3745
f 3772 3776 3741
f 3746 3777 3750
f 3742 3777 3746
f 3773 3777 3742
f 3743 3778 3747
f 3774 3778 3743
f 3775 3779 3748
f 3745 3780 3749
f 3776 3780 3745
f 3777 3781 3750
f 3747 3782 3751
f 3778 3782 3747
f 3779 3783 3748
f 3748 3783 3752
f 3780 3784 3749
f 3749 3784 3753
f 3750 3785 3754
f 3781 3785 3750
f 3782 3786 3751
f 3751 3786 3755
f 3783 3787 3752
f 3752 3787 3756
f 3753 3788 3757
f 3784 3788 3753
f 3498 3789 3758
f 3758 3789 3763
f 3754 3790 3759
f 3785 3790 3754
f 3786 3791 3755
f 3760 3791 3635
f 3755 3791 3760
f 3787 3792 3756
f 3756 3792 3761
f 3761 3792 3765
f 3788 3793 3757
f 3757 3793 3762
f 3789 3794 3763
f 3790 3795 3759
f 3759 3795 3764
f 3764 3795 3768
f 3792 3796 3765
f 3793 3797 3762
f 3762 3797 3766
f 3794 3798 3763
f 3763 3798 3767
f 3795 3799 3768
f 3765 3800 3769
f 3796 3800 3765
f 3769 3800 3773
f 3766 3801 3770
f 3797 3801 3766
f 3770 3801 3774
f 3798 3802 3767
f 3771 3802 3775
f 3767 3802 3771
f 3768 3803 3772
f 3799 3803 3768
f 3772 3803 3776
f 3800 3804 3773
f 3801 3805 3774
f 3802 3806 3775
f 3803 3807 3776
f 3773 3808 3777
f 3777 3808 3781
f 3804 3808 3773
f 3774 3809 3778
f 3805 3809 3774
f 3775 3810 3779
f 3806 3810 3775
f 3779 3810 3783
f 3776 3811 3780
f 3780 3811 3784
f 3807 3811 3776
f 3808 3812 3781
f 3778 3813 3782
f 3809 3813 3778
f 3810 3814 3783
f 3811 3815 3784
f 3781 3816 3785
f 3812 3816 3781
f 3782 3817 3786
f 3813 3817 3782
f 3786 3817 3791
f 3814 3818 3783
f 3783 3818 3787
f 3784 3819 3788
f 3815 3819 3784
f 3498 3820 3789
f 3816 3821 3785
f 3785 3821 3790
f 3817 3822 3791
f 3791 3822 3635
f 3818 3823 3787
f 3787 3823 3792
f 3788 3824 3793
f 3819 3824 3788
f 3789 3825 3794
f 3794 3825 3798
f 3820 3825 3789
f 3821 3826 3790
f 3790 3826 3795
f 3823 3827 3792
f 3792 3827 3796
f 3793 3828 3797
f 3797 3828 3801
f 3824 3828 3793
f 3825 3829 3798
f 3826 3830 3795
f 3795 3830 3799
f 3796 3831 3800
f 3827 3831 3796
f 3800 3831 3804
f 3828 3832 3801
f 3829 3833 3798
f 3798 3833 3802
f 3799 3834 3803
f 3830 3834 3799
f 3803 3834 3807
f 3831 3835 3804
f 3832 3836 3801
f 3801 3836 3805
f 3805 3836 3809
f 3802 3837 3806
f 3833 3837 3802
f 3834 3838 3807
f 3835 3839 3804
f 3808 3839 3812
f 3804 3839 3808
f 3809 3840 3813
f 3836 3840 3809
f 3806 3841 3810
f 3837 3841 3806
f 3807 3842 3811
f 3838 3842 3807
f 3812 3843 3816
f 3839 3843 3812
f 3840 3844 3813
f 3810 3845 3814
f 3841 3845 3810
f 3811 3846 3815
f 3842 3846 3811
f 3843 3847 3816
f 3813 3848 3817
f 3844 3848 3813
f 3845 3849 3814
f 3814 3849 3818
f 3846 3850 3815
f 3815 3850 3819
f 3498 3851 3820
f 3847 3852 3816
f 3816 3852 3821
f 3848 3853 3817
f 3822 3853 3635
f 3817 3853 3822
f 3818 3854 3823
f 3849 3854 3818
f 3850 3855 3819
f 3819 3855 3824
f 3820 3856 3825
f 3851 3856 3820
f 3821 3857 3826
f 3852 3857 3821
f 3854 3858 3823
f 3823 3858 3827
f 3855 3859 3824
f 3824 3859 3828
f 3856 3860 3825
f 3825 3860 3829
f 3857 3861 3826
f 3826 3861 3830
f 3831 3862 3835
f 3858 3862 3827
f 3827 3862 3831
f 3859 3863 3828
f 3828 3863 3832
f 3860 3864 3829
f 3829 3864 3833
f 3833 3864 3837
f 3861 3865 3830
f 3830 3865 3834
f 3862 3866 3835
f 3863 3867 3832
f 3832 3867 3836
f 3864 3868 3837
f 3865 3869 3834
f 3834 3869 3838
f 3866 3870 3835
f 3835 3870 3839
f 3840 3871 3844
f 3867 3871 3836
f 3836 3871 3840
f 3841 3872 3845
f 3837 3872 3841
f 3868 3872 3837
f 3869 3873 3838
f 3838 3873 3842
f 3870 3874 3839
f 3839 3874 3843
f 3871 3875 3844
f 3872 3876 3845
f 3842 3877 3846
f 3873 3877 3842
f 3843 3878 3847
f 3874 3878 3843
f 3844 3879 3848
f 3875 3879 3844
f 3845 3880 3849
f 3876 3880 3845
f 3846 3881 3850
f 3877 3881 3846
f 3882 3883 3498
f 3498 3883 3851
f 3847 3884 3852
f 3878 3884 3847
f 3879 3885 3848
f 3853 3885 3635
f 3848 3885 3853
f 3880 3886 3849
f 3854 3886 3858
f 3849 3886 3854
f 3850 3887 3855
f 3881 3887 3850
f 3883 3888 3851
f 3851 3888 3856
f 3856 3888 3860
f 3884 3889 3852
f 3852 3889 3857
f 3886 3890 3858
f 3887 3891 3855
f 3855 3891 3859
f 3888 3892 3860
f 3857 3893 3861
f 3889 3893 3857
f 3862 3894 3866
f 3858 3894 3862
f 3890 3894 3858
f 3859 3895 3863
f 3891 3895 3859
f 3892 3896 3860
f 3860 3896 3864
f 3893 3897 3861
f 3861 3897 3865
f 3894 3898 3866
f 3895 3899 3863
f 3863 3899 3867
f 3867 3899 3871
f 3896 3900 3864
f 3864 3900 3868
f 3897 3901 3865
f 3865 3901 3869
f 3866 3902 3870
f 3870 3902 3874
f 3898 3902 3866
f 3899 3903 3871
f 3871 3903 3875
f 3868 3904 3872
f 3900 3904 3868
f 3901 3905 3869
f 3869 3905 3873
f 3874 3906 3878
f 3902 3906 3874
f 3903 3907 3875
f 3872 3908 3876
f 3904 3908 3872
f 3873 3909 3877
f 3905 3909 3873
f 3906 3910 3878
f 3875 3911 3879
f 3907 3911 3875
f 3876 3912 3880
f 3908 3912 3876
f 3877 3913 3881
f 3909 3913 3877
f 3883 3914 3888
f 3882 3914 3883
f 3878 3915 3884
f 3910 3915 3878
f 3885 3916 3635
f 3879 3916 3885
f 3911 3916 3879
f 3880 3917 3886
f 3912 3917 3880
f 3881 3918 3887
f 3913 3918 3881
f 3914 3919 3888
f 3884 3920 3889
f 3915 3920 3884
f 3917 3921 3886
f 3886 3921 3890
f 3918 3922 3887
f 3887 3922 3891
f 3888 3923 3892
f 3919 3923 3888
f 3892 3923 3896
f 3889 3924 3893
f 3920 3924 3889
f 3921 3925 3890
f 3890 3925 3894
f 3894 3925 3898
f 3922 3926 3891
f 3891 3926 3895
f 3923 3927 3896
f 3924 3928 3893
f 3893 3928 3897
f 3925 3929 3898
f 3895 3930 3899
f 3926 3930 3895
f 3927 3931 3896
f 3900 3931 3904
f 3896 3931 3900
f 3928 3932 3897
f 3897 3932 3901
f 3902 3933 3906
f 3898 3933 3902
f 3929 3933 3898
f 3930 3934 3899
f 3899 3934 3903
f 3903 3934 3907
f 3931 3935 3904
f 3904 3935 3908
f 3932 3936 3901
f 3901 3936 3905
f 3933 3937 3906
f 3934 3938 3907
f 3935 3939 3908
f 3936 3940 3905
f 3905 3940 3909
f 3937 3941 3906
f 3906 3941 3910
f 3938 3942 3907
f 3907 3942 3911
f 3908 3943 3912
f 3939 3943 3908
f 3909 3944 3913
f 3940 3944 3909
f 3882 3945 3914
f 3914 3945 3919
f 3941 3946 3910
f 3910 3946 3915
f 3916 3947 3635
f 3911 3947 3916
f 3942 3947 3911
f 3917 3948 3921
f 3912 3948 3917
f 3943 3948 3912
f 3913 3949 3918
f 3944 3949 3913
f 3945 3950 3919
f 3946 3951 3915
f 3915 3951 3920
f 3948 3952 3921
f 3949 3953 3918
f 3918 3953 3922
f 3950 3954 3919
f 3919 3954 3923
f 3951 3955 3920
f 3920 3955 3924
f 3952 3956 3921
f 3925 3956 3929
f 3921 3956 3925
f 3922 3957 3926
f 3953 3957 3922
f 3923 3958 3927
f 3954 3958 3923
f 3927 3958 3931
f 3924 3959 3928
f 3955 3959 3924
f 3956 3960 3929
f 3926 3961 3930
f 3930 3961 3934
f 3957 3961 3926
f 3958 3962 3931
f 3931 3962 3935
f 3959 3963 3928
f 3928 3963 3932
f 3929 3964 3933
f 3960 3964 3929
f 3961 3965 3934
f 3962 3966 3935
f 3963 3967 3932
f 3932 3967 3936
f 3964 3968 3933
f 3933 3968 3937
f 3965 3969 3934
f 3934 3969 3938
f 3938 3969 3942
f 3966 3970 3935
f 3935 3970 3939
f 3939 3970 3943
f 3967 3971 3936
f 3936 3971 3940
f 3941 3972 3946
f 3937 3972 3941
f 3968 3972 3937
f 3969 3973 3942
f 3970 3974 3943
f 3940 3975 3944
f 3971 3975 3940
f 3882 3976 3945
f 3972 3977 3946
f 3942 3978 3947
f 3973 3978 3942
f 3947 3978 3635
f 3943 3979 3948
f 3974 3979 3943
f 3975 3980 3944
f 3944 3980 3949
f 3945 3981 3950
f 3976 3981 3945
f 3946 3982 3951
f 3977 3982 3946
f 3948 3983 3952
f 3979 3983 3948
f 3980 3984 3949
f 3949 3984 3953
f 3950 3985 3954
f 3981 3985 3950
f 3955 3986 3959
f 3951 3986 3955
f 3982 3986 3951
f 3952 3987 3956
f 3983 3987 3952
f 3956 3987 3960
f 3984 3988 3953
f 3953 3988 3957
f 3954 3989 3958
f 3985 3989 3954
f 3986 3990 3959
f 3987 3991 3960
f 3988 3992 3957
f 3957 3992 3961
f 3961 3992 3965
f 3958 3993 3962
f 3989 3993 3958
f 3959 3994 3963
f 3990 3994 3959
f 3960 3995 3964
f 3991 3995 3960
f 3964 3995 3968
f 3992 3996 3965
f 3993 3997 3962
f 3962 3997 3966
f 3994 3998 3963
f 3963 3998 3967
f 3995 3999 3968
f 3996 4000 3965
f 3965 4000 3969
f 3966 4001 3970
f 3997 4001 3966
f 3998 4002 3967
f 3967 4002 3971
f 3972 4003 3977
f 3999 4003 3968
f 3968 4003 3972
f 4000 4004 3969
f 3969 4004 3973
f 3970 4005 3974
f 4001 4005 3970
f 4002 4006 3971
f 3971 4006 3975
f 3975 4006 3980
f 3882 4007 3976
f 4003 4008 3977
f 4004 4009 3973
f 3978 4009 3635
f 3973 4009 3978
f 4005 4010 3974
f 3974 4010 3979
f 4006 4011 3980
f 3976 4012 3981
f 4007 4012 3976
f 4008 4013 3977
f 3982 4013 3986
f 3977 4013 3982
f 3979 4014 3983
f 4010 4014 3979
f 3980 4015 3984
f 4011 4015 3980
f 4012 4016 3981
f 3981 4016 3985
f 3986 4017 3990
f 4013 4017 3986
f 3983 4018 3987
f 4014 4018 3983
f 3984 4019 3988
f 4015 4019 3984
f 4016 4020 3985
f 3985 4020 3989
f 4017 4021 3990
f 3987 4022 3991
f 4018 4022 3987
f 4019 4023 3988
f 3992 4023 3996
f 3988 4023 3992
f 4020 4024 3989
f 3989 4024 3993
f 3990 4025 3994
f 4021 4025 3990
f 3994 4025 3998
f 4022 4026 3991
f 3991 4026 3995
f 4023 4027 3996
f 3993 4028 3997
f 4024 4028 3993
f 4025 4029 3998
f 3995 4030 3999
f 4026 4030 3995
f 4027 4031 3996
f 3996 4031 4000
f 3997 4032 4001
f 4028 4032 3997
f 4029 4033 3998
f 3998 4033 4002
f 4030 4034 3999
f 3999 4034 4003
f 4031 4035 4000
f 4000 4035 4004
f 4001 4036 4005
f 4032 4036 4001
f 4002 4037 4006
f 4006 4037 4011
f 4033 4037 4002
f 3882 4038 4007
f 4007 4038 4012
f 4003 4039 4008
f 4034 4039 4003
f 3635 4040 4041
f 4009 4040 3635
f 4035 4040 4004
f 4004 4040 4009
f 4010 4042 4014
f 4036 4042 4005
f 4005 4042 4010
f 4037 4043 4011
f 4038 4044 4012
f 4008 4045 4013
f 4039 4045 4008
f 4042 4046 4014
f 4043 4047 4011
f 4011 4047 4015
f 4016 4048 4020
f 4012 4048 4016
f 4044 4048 4012
f 4017 4049 4021
f 4045 4049 4013
f 4013 4049 4017
f 4046 4050 4014
f 4014 4050 4018
f 4015 4051 4019
f 4047 4051 4015
f 4020 4052 4024
f 4048 4052 4020
f 4049 4053 4021
f 4018 4054 4022
f 4050 4054 4018
f 4019 4055 4023
f 4023 4055 4027
f 4051 4055 4019
f 4052 4056 4024
f 4021 4057 4025
f 4053 4057 4021
f 4022 4058 4026
f 4054 4058 4022
f 4055 4059 4027
f 4024 4060 4028
f 4056 4060 4024
f 4029 4061 4033
f 4057 4061 4025
f 4025 4061 4029
f 4058 4062 4026
f 4026 4062 4030
f 4059 4063 4027
f 4027 4063 4031
f 4028 4064 4032
f 4060 4064 4028
f 4061 4065 4033
f 4062 4066 4030
f 4030 4066 4034
f 4063 4067 4031
f 4031 4067 4035
f 4064 4068 4032
f 4032 4068 4036
f 4065 4069 4033
f 4033 4069 4037
f 4037 4069 4043
f 3882 4070 4038
f 4034 4071 4039
f 4066 4071 4034
f 4067 4072 4035
f 4040 4072 4041
f 4035 4072 4040
f 4042 4073 4046
f 4068 4073 4036
f 4036 4073 4042
f 4069 4074 4043
f 4070 4075 4038
f 4038 4075 4044
f 4071 4076 4039
f 4039 4076 4045
f 4046 4077 4050
f 4073 4077 4046
f 4074 4078 4043
f 4043 4078 4047
f 4075 4079 4044
f 4044 4079 4048
f 4076 4080 4045
f 4045 4080 4049
f 4077 4081 4050
f 4050 4081 4054
f 4047 4082 4051
f 4078 4082 4047
f 4048 4083 4052
f 4079 4083 4048
f 4049 4084 4053
f 4080 4084 4049
f 4081 4085 4054
f 4051 4086 4055
f 4055 4086 4059
f 4082 4086 4051
f 4052 4087 4056
f 4083 4087 4052
f 4053 4088 4057
f 4084 4088 4053
f 4054 4089 4058
f 4085 4089 4054
f 4086 4090 4059
f 4056 4091 4060
f 4087 4091 4056
f 4057 4092 4061
f 4088 4092 4057
f 4089 4093 4058
f 4058 4093 4062
f 4059 4094 4063
f 4090 4094 4059
f 4060 4095 4064
f 4091 4095 4060
f 4061 4096 4065
f 4092 4096 4061
f 4093 4097 4062
f 4066 4097 4071
f 4062 4097 4066
f 4063 4098 4067
f 4067 4098 4072
f 4094 4098 4063
f 4064 4099 4068
f 4095 4099 4064
f 4096 4100 4065
f 4065 4100 4069
f 3882 4101 4070
f 4097 4102 4071
f 4098 4103 4072
f 4072 4103 4041
f 4099 4104 4068
f 4068 4104 4073
f 4069 4105 4074
f 4100 4105 4069
f 4101 4106 4070
f 4070 4106 4075
f 4102 4107 4071
f 4071 4107 4076
f 4104 4108 4073
f 4073 4108 4077
f 4105 4109 4074
f 4074 4109 4078
f 4075 4110 4079
f 4106 4110 4075
f 4080 4111 4084
f 4107 4111 4076
f 4076 4111 4080
f 4108 4112 4077
f 4077 4112 4081
f 4078 4113 4082
f 4109 4113 4078
f 4110 4114 4079
f 4079 4114 4083
f 4084 4115 4088
f 4111 4115 4084
f 4081 4116 4085
f 4112 4116 4081
f 4082 4117 4086
f 4113 4117 4082
f 4083 4118 4087
f 4114 4118 4083
f 4088 4119 4092
f 4115 4119 4088
f 4085 4120 4089
f 4116 4120 4085
f 4117 4121 4086
f 4086 4121 4090
f 4118 4122 4087
f 4087 4122 4091
f 4119 4123 4092
f 4120 4124 4089
f 4089 4124 4093
f 4121 4125 4090
f 4090 4125 4094
f 4122 4126 4091
f 4091 4126 4095
f 4123 4127 4092
f 4092 4127 4096
f 4096 4127 4100
f 4093 4128 4097
f 4124 4128 4093
f 4125 4129 4094
f 4094 4129 4098
f 4098 4129 4103
f 4099 4130 4104
f 4095 4130 4099
f 4126 4130 4095
f 4127 4131 4100
f 3882 4132 4101
f 4128 4133 4097
f 4097 4133 4102
f 4103 4134 4041
f 4129 4134 4103
f 4130 4135 4104
f 4131 4136 4100
f 4100 4136 4105
f 4132 4137 4101
f 4101 4137 4106
f 4106 4137 4110
f 4133 4138 4102
f 4102 4138 4107
f 4135 4139 4104
f 4104 4139 4108
f 4136 4140 4105
f 4105 4140 4109
f 4137 4141 4110
f 4138 4142 4107
f 4107 4142 4111
f 4139 4143 4108
f 4108 4143 4112
f 4113 4144 4117
f 4140 4144 4109
f 4109 4144 4113
f 4141 4145 4110
f 4114 4145 4118
f 4110 4145 4114
f 4142 4146 4111
f 4111 4146 4115
f 4143 4147 4112
f 4112 4147 4116
f 4117 4148 4121
f 4144 4148 4117
f 4145 4149 4118
f 4118 4149 4122
f 4115 4150 4119
f 4146 4150 4115
f 4120 4151 4124
f 4147 4151 4116
f 4116 4151 4120
f 4148 4152 4121
f 4149 4153 4122
f 4150 4154 4119
f 4119 4154 4123
f 4151 4155 4124
f 4152 4156 4121
f 4121 4156 4125
f 4125 4156 4129
f 4153 4157 4122
f 4122 4157 4126
f 4123 4158 4127
f 4154 4158 4123
f 4124 4159 4128
f 4155 4159 4124
f 4156 4160 4129
f 4157 4161 4126
f 4130 4161 4135
f 4126 4161 4130
f 4158 4162 4127
f 4127 4162 4131
f 3882 4163 4132
f 4132 4163 4137
f 4128 4164 4133
f 4159 4164 4128
f 4133 4164 4138
f 4160 4165 4129
f 4129 4165 4134
f 4134 4165 4041
f 4161 4166 4135
f 4135 4166 4139
f 4131 4167 4136
f 4162 4167 4131
f 4163 4168 4137
f 4137 4168 4141
f 4164 4169 4138
f 4166 4170 4139
f 4167 4171 4136
f 4136 4171 4140
f 4168 4172 4141
f 4169 4173 4138
f 4138 4173 4142
f 4142 4173 4146
f 4139 4174 4143
f 4170 4174 4139
f 4171 4175 4140
f 4140 4175 4144
f 4141 4176 4145
f 4145 4176 4149
f 4172 4176 4141
f 4173 4177 4146
f 4146 4177 4150
f 4174 4178 4143
f 4143 4178 4147
f 4144 4179 4148
f 4175 4179 4144
f 4176 4180 4149
f 4177 4181 4150
f 4151 4182 4155
f 4147 4182 4151
f 4178 4182 4147
f 4148 4183 4152
f 4179 4183 4148
f 4149 4184 4153
f 4180 4184 4149
f 4153 4184 4157
f 4150 4185 4154
f 4181 4185 4150
f 4154 4185 4158
f 4182 4186 4155
f 4183 4187 4152
f 4152 4187 4156
f 4184 4188 4157
f 4185 4189 4158
f 4186 4190 4155
f 4155 4190 4159
f 4187 4191 4156
f 4156 4191 4160
f 4161 4192 4166
f 4188 4192 4157
f 4157 4192 4161
f 4189 4193 4158
f 4158 4193 4162
f 3882 4194 4163
f 4164 4195 4169
f 4190 4195 4159
f 4159 4195 4164
f 4191 4196 4160
f 4160 4196 4165
f 4165 4196 4041
f 4192 4197 4166
f 4193 4198 4162
f 4162 4198 4167
f 4194 4199 4163
f 4163 4199 4168
f 4195 4200 4169
f 4197 4201 4166
f 4166 4201 4170
f 4198 4202 4167
f 4167 4202 4171
f 4171 4202 4175
f 4199 4203 4168
f 4168 4203 4172
f 4200 4204 4169
f 4169 4204 4173
f 4173 4204 4177
f 4170 4205 4174
f 4201 4205 4170
f 4174 4205 4178
f 4202 4206 4175
f 4172 4207 4176
f 4203 4207 4172
f 4204 4208 4177
f 4205 4209 4178
f 4206 4210 4175
f 4175 4210 4179
f 4207 4211 4176
f 4176 4211 4180
f 4177 4212 4181
f 4208 4212 4177
f 4178 4213 4182
f 4209 4213 4178
f 4179 4214 4183
f 4210 4214 4179
f 4211 4215 4180
f 4180 4215 4184
f 4181 4216 4185
f 4185 4216 4189
f 4212 4216 4181
f 4182 4217 4186
f 4213 4217 4182
f 4183 4218 4187
f 4214 4218 4183
f 4184 4219 4188
f 4215 4219 4184
f 4216 4220 4189
f 4190 4221 4195
f 4217 4221 4186
f 4186 4221 4190
f 4218 4222 4187
f 4191 4222 4196
f 4187 4222 4191
f 4219 4223 4188
f 4188 4223 4192
f 4189 4224 4193
f 4220 4224 4189
f 3882 4225 4194
f 4195 4226 4200
f 4221 4226 4195
f 4222 4227 4196
f 4196 4227 4041
f 4223 4228 4192
f 4197 4228 4201
f 4192 4228 4197
f 4224 4229 4193
f 4193 4229 4198
f 4225 4230 4194
f 4199 4230 4203
f 4194 4230 4199
f 4226 4231 4200
f 4228 4232 4201
f 4201 4232 4205
f 4229 4233 4198
f 4198 4233 4202
f 4230 4234 4203
f 4231 4235 4200
f 4204 4235 4208
f 4200 4235 4204
f 4232 4236 4205
f 4233 4237 4202
f 4202 4237 4206
f 4234 4238 4203
f 4203 4238 4207
f 4235 4239 4208
f 4208 4239 4212
f 4209 4240 4213
f 4205 4240 4209
f 4236 4240 4205
f 4237 4241 4206
f 4206 4241 4210
f 4210 4241 4214
f 4238 4242 4207
f 4207 4242 4211
f 4239 4243 4212
f 4240 4244 4213
f 4213 4244 4217
f 4241 4245 4214
f 4211 4246 4215
f 4242 4246 4211
f 4212 4247 4216
f 4216 4247 4220
f 4243 4247 4212
f 4244 4248 4217
f 4214 4249 4218
f 4245 4249 4214
f 4246 4250 4215
f 4215 4250 4219
f 4247 4251 4220
f 4217 4252 4221
f 4221 4252 4226
f 4248 4252 4217
f 4218 4253 4222
f 4249 4253 4218
f 4219 4254 4223
f 4250 4254 4219
f 4220 4255 4224
f 4251 4255 4220
f 3882 4256 4225
f 4252 4257 4226
f 4253 4258 4222
f 4227 4258 4041
f 4222 4258 4227
f 4254 4259 4223
f 4228 4259 4232
f 4223 4259 4228
f 4255 4260 4224
f 4224 4260 4229
f 4230 4261 4234
f 4256 4261 4225
f 4225 4261 4230
f 4226 4262 4231
f 4257 4262 4226
f 4259 4263 4232
f 4232 4263 4236
f 4229 4264 4233
f 4260 4264 4229
f 4261 4265 4234
f 4231 4266 4235
f 4262 4266 4231
f 4263 4267 4236
f 4264 4268 4233
f 4233 4268 4237
f 4234 4269 4238
f 4265 4269 4234
f 4238 4269 4242
f 4266 4270 4235
f 4239 4270 4243
f 4235 4270 4239
f 4267 4271 4236
f 4236 4271 4240
f 4268 4272 4237
f 4237 4272 4241
f 4241 4272 4245
f 4269 4273 4242
f 4270 4274 4243
f 4244 4275 4248
f 4271 4275 4240
f 4240 4275 4244
f 4272 4276 4245
f 4242 4277 4246
f 4273 4277 4242
f 4243 4278 4247
f 4274 4278 4243
f 4248 4279 4252
f 4275 4279 4248
f 4276 4280 4245
f 4245 4280 4249
f 4246 4281 4250
f 4277 4281 4246
f 4247 4282 4251
f 4278 4282 4247
f 4279 4283 4252
f 4252 4283 4257
f 4249 4284 4253
f 4280 4284 4249
f 4250 4285 4254
f 4281 4285 4250
f 4251 4286 4255
f 4282 4286 4251
f 3882 4287 4256
f 4288 4287 4289
f 4289 4287 4290
f 4290 4287 3882
f 4283 4291 4257
f 4253 4292 4258
f 4258 4292 4041
f 4284 4292 4253
f 4254 4293 4259
f 4285 4293 4254
f 4286 4294 4255
f 4255 4294 4260
f 4288 4295 4287
f 4287 4295 4256
f 4256 4295 4261
f 4296 4295 4297
f 4297 4295 4288
f 4291 4298 4257
f 4262 4298 4266
f 4257 4298 4262
f 4293 4299 4259
f 4259 4299 4263
f 4260 4300 4264
f 4294 4300 4260
f 4296 4301 4295
f 4261 4301 4265
f 4295 4301 4261
f 4302 4301 4303
f 4303 4301 4296
f 4298 4304 4266
f 4299 4305 4263
f 4263 4305 4267
f 4264 4306 4268
f 4300 4306 4264
f 4265 4307 4269
f 4302 4307 4301
f 4301 4307 4265
f 4308 4307 4309
f 4309 4307 4302
f 4266 4310 4270
f 4270 4310 4274
f 4304 4310 4266
f 4305 4311 4267
f 4267 4311 4271
f 4306 4312 4268
f 4268 4312 4272
f 4272 4312 4276
f 4307 4313 4269
f 4269 4313 4273
f 4308 4313 4307
f 4314 4313 4315
f 4315 4313 4308
f 4310 4316 4274
f 4311 4317 4271
f 4271 4317 4275
f 4312 4318 4276
f 4313 4319 4273
f 4320 4319 4321
f 4273 4319 4277
f 4321 4319 4314
f 4314 4319 4313
f 4316 4322 4274
f 4274 4322 4278
f 4317 4323 4275
f 4275 4323 4279
f 4280 4324 4284
f 4318 4324 4276
f 4276 4324 4280
f 4319 4325 4277
f 4277 4325 4281
f 4326 4325 4327
f 4327 4325 4320
f 4281 4325 4285
f 4320 4325 4319
f 4282 4328 4286
f 4322 4328 4278
f 4278 4328 4282
f 4283 4329 4291
f 4323 4329 4279
f 4279 4329 4283
f 4324 4330 4284
f 4284 4330 4292
f 4325 4331 4285
f 4332 4331 4333
f 4333 4331 4326
f 4326 4331 4325
f 4328 4334 4286
f 4329 4335 4291
f 4292 4336 4041
f 4330 4336 4292
f 4285 4337 4293
f 4338 4337 4339
f 4339 4337 4332
f 4331 4337 4285
f 4293 4337 4299
f 4332 4337 4331
f 4286 4340 4294
f 4334 4340 4286
f 4291 4341 4298
f 4335 4341 4291
f 4299 4342 4305
f 4338 4342 4337
f 4343 4342 4344
f 4344 4342 4338
f 4337 4342 4299
f 4340 4345 4294
f 4294 4345 4300
f 4298 4346 4304
f 4341 4346 4298
f 4342 4347 4305
f 4348 4347 4349
f 4349 4347 4343
f 4343 4347 4342
f 4300 4350 4306
f 4345 4350 4300
f 4346 4351 4304
f 4304 4351 4310
f 4347 4352 4305
f 4348 4352 4347
f 4353 4352 4354
f 4354 4352 4348
f 4305 4352 4311
f 4350 4355 4306
f 4306 4355 4312
f 4312 4355 4318
f 4351 4356 4310
f 4310 4356 4316
f 4352 4357 4311
f 4311 4357 4317
f 4358 4357 4359
f 4359 4357 4353
f 4353 4357 4352
f 4317 4357 4323
f 4355 4360 4318
f 4356 4361 4316
f 4316 4361 4322
f 4358 4362 4357
f 4357 4362 4323
f 4363 4362 4364
f 4364 4362 4358
f 4323 4362 4329
f 4324 4365 4330
f 4360 4365 4318
f 4318 4365 4324
f 4361 4366 4322
f 4322 4366 4328
f 4367 4368 4369
f 4369 4368 4363
f 4363 4368 4362
f 4362 4368 4329
f 4330 4370 4336
f 4365 4370 4330
f 4366 4371 4328
f 4328 4371 4334
f 4329 4372 4335
f 4367 4372 4368
f 4373 4372 4367
f 4368 4372 4329
f 4336 4374 4041
f 4370 4374 4336
f 4334 4375 4340
f 4371 4375 4334
f 4376 4377 4378
f 4378 4377 4373
f 4372 4377 4335
f 4373 4377 4372
f 4335 4377 4341
f 4375 4379 4340
f 4340 4379 4345
f 4376 4380 4377
f 4381 4380 4382
f 4382 4380 4376
f 4341 4380 4346
f 4377 4380 4341
f 4379 4383 4345
f 4345 4383 4350
f 4381 4384 4380
f 4385 4384 4386
f 4386 4384 4381
f 4346 4384 4351
f 4380 4384 4346
f 4350 4387 4355
f 4383 4387 4350
f 4388 4389 4390
f 4390 4389 4385
f 4351 4389 4356
f 4385 4389 4384
f 4384 4389 4351
f 4387 4391 4355
f 4355 4391 4360
f 4392 4393 4394
f 4394 4393 4388
f 4356 4393 4361
f 4388 4393 4389
f 4389 4393 4356
f 4360 4395 4365
f 4391 4395 4360
f 4361 4396 4366
f 4397 4396 4398
f 4398 4396 4392
f 4393 4396 4361
f 4366 4396 4371
f 4392 4396 4393
f 4395 4399 4365
f 4365 4399 4370
f 4370 4399 4374
f 4400 4401 4402
f 4402 4401 4397
f 4396 4401 4371
f 4397 4401 4396
f 4399 4403 4374
f 4374 4403 4041
f 4371 4404 4375
f 4405 4404 4406
f 4406 4404 4400
f 4401 4404 4371
f 4400 4404 4401
f 4405 4407 4404
f 4408 4407 4409
f 4409 4407 4405
f 4404 4407 4375
f 4375 4407 4379
f 4379 4410 4383
f 4411 4410 4412
f 4408 4410 4407
f 4412 4410 4408
f 4407 4410 4379
f 4413 4414 4415
f 4415 4414 4411
f 4411 4414 4410
f 4410 4414 4383
f 4383 4414 4387
f 4416 4417 4418
f 4418 4417 4413
f 4413 4417 4414
f 4414 4417 4387
f 4387 4417 4391
f 4419 4420 4421
f 4421 4420 4416
f 4416 4420 4417
f 4417 4420 4391
f 4391 4420 4395
f 4422 4423 4424
f 4424 4423 4419
f 4399 4423 4403
f 4419 4423 4420
f 4420 4423 4395
f 4395 4423 4399
f 4041 4425 4426
f 4426 4425 4427
f 4403 4425 4041
f 4427 4425 4422
f 4423 4425 4403
f 4422 4425 4423
f 4289 4428 4288
f 4290 4428 4289
f 3882 4428 4290
f 4297 4429 4296
f 4288 4429 4297
f 4428 4429 4288
f 4303 4430 4302
f 4296 4430 4303
f 4429 4430 4296
f 3882 4431 4428
f 4432 4431 3882
f 4430 4433 4302
f 4309 4433 4308
f 4302 4433 4309
f 4431 4434 4428
f 4428 4434 4429
f 4315 4435 4314
f 4308 4435 4315
f 4433 4435 4308
f 4434 4436 4429
f 4429 4436 4430
f 4321 4437 4320
f 4314 4437 4321
f 4435 4437 4314
f 4432 4438 4431
f 4439 4438 4440
f 4440 4438 4441
f 4431 4438 4434
f 4441 4438 4432
f 4436 4442 4430
f 4430 4442 4433
f 4327 4443 4326
f 4320 4443 4327
f 4437 4443 4320
f 4438 4444 4434
f 4445 4444 4446
f 4446 4444 4439
f 4439 4444 4438
f 4433 4447 4435
f 4442 4447 4433
f 4333 4448 4332
f 4326 4448 4333
f 4443 4448 4326
f 4434 4449 4436
f 4450 4449 4451
f 4451 4449 4445
f 4436 4449 4442
f 4445 4449 4444
f 4444 4449 4434
f 4435 4452 4437
f 4437 4452 4443
f 4447 4452 4435
f 4339 4453 4338
f 4332 4453 4339
f 4448 4453 4332
f 4449 4454 4442
f 4450 4454 4449
f 4455 4454 4456
f 4456 4454 4450
f 4443 4457 4448
f 4452 4457 4443
f 4344 4458 4343
f 4338 4458 4344
f 4453 4458 4338
f 4442 4459 4447
f 4460 4459 4461
f 4461 4459 4455
f 4454 4459 4442
f 4455 4459 4454
f 4457 4462 4448
f 4349 4463 4348
f 4343 4463 4349
f 4458 4463 4343
f 4460 4464 4459
f 4452 4464 4457
f 4459 4464 4447
f 4447 4464 4452
f 4465 4464 4466
f 4466 4464 4460
f 4448 4467 4453
f 4462 4467 4448
f 4354 4468 4353
f 4348 4468 4354
f 4463 4468 4348
f 4465 4469 4464
f 4470 4469 4471
f 4471 4469 4465
f 4464 4469 4457
f 4467 4472 4453
f 4453 4472 4458
f 4359 4473 4358
f 4353 4473 4359
f 4468 4473 4353
f 4474 4475 4476
f 4476 4475 4470
f 4457 4475 4462
f 4470 4475 4469
f 4469 4475 4457
f 4458 4477 4463
f 4472 4477 4458
f 4358 4478 4364
f 4473 4478 4358
f 4364 4478 4363
f 4462 4479 4467
f 4474 4479 4475
f 4480 4479 4481
f 4481 4479 4474
f 4475 4479 4462
f 4463 4482 4468
f 4477 4482 4463
f 4478 4483 4363
f 4369 4483 4367
f 4363 4483 4369
f 4480 4484 4479
f 4479 4484 4467
f 4485 4484 4486
f 4486 4484 4480
f 4467 4484 4472
f 4468 4487 4473
f 4482 4487 4468
f 4483 4488 4367
f 4367 4488 4373
f 4484 4489 4472
f 4485 4489 4484
f 4490 4489 4491
f 4491 4489 4485
f 4472 4489 4477
f 4473 4492 4478
f 4487 4492 4473
f 4478 4492 4483
f 4488 4493 4373
f 4378 4493 4376
f 4373 4493 4378
f 4489 4494 4477
f 4490 4494 4489
f 4495 4494 4496
f 4496 4494 4490
f 4477 4494 4482
f 4492 4497 4483
f 4493 4498 4376
f 4382 4498 4381
f 4376 4498 4382
f 4495 4499 4494
f 4494 4499 4482
f 4500 4499 4501
f 4501 4499 4495
f 4482 4499 4487
f 4483 4502 4488
f 4497 4502 4483
f 4498 4503 4381
f 4386 4503 4385
f 4381 4503 4386
f 4504 4505 4506
f 4506 4505 4500
f 4487 4505 4492
f 4500 4505 4499
f 4499 4505 4487
f 4488 4507 4493
f 4502 4507 4488
f 4390 4508 4388
f 4385 4508 4390
f 4503 4508 4385
f 4492 4509 4497
f 4504 4509 4505
f 4510 4509 4511
f 4497 4509 4502
f 4511 4509 4504
f 4505 4509 4492
f 4493 4512 4498
f 4507 4512 4493
f 4498 4512 4503
f 4508 4513 4388
f 4394 4513 4392
f 4388 4513 4394
f 4509 4514 4502
f 4515 4514 4510
f 4510 4514 4509
f 4502 4514 4507
f 4512 4516 4503
f 4513 4517 4392
f 4398 4517 4397
f 4392 4517 4398
f 4515 4518 4514
f 4514 4518 4507
f 4519 4518 4520
f 4520 4518 4515
f 4503 4521 4508
f 4516 4521 4503
f 4517 4522 4397
f 4402 4522 4400
f 4397 4522 4402
f 4518 4523 4507
f 4519 4523 4518
f 4524 4523 4525
f 4525 4523 4519
f 4507 4523 4512
f 4521 4526 4508
f 4508 4526 4513
f 4522 4527 4400
f 4406 4527 4405
f 4400 4527 4406
f 4523 4528 4512
f 4512 4528 4516
f 4529 4528 4530
f 4530 4528 4524
f 4524 4528 4523
f 4526 4531 4513
f 4513 4531 4517
f 4527 4532 4405
f 4409 4532 4408
f 4405 4532 4409
f 4528 4533 4516
f 4516 4533 4521
f 4534 4533 4535
f 4535 4533 4529
f 4529 4533 4528
f 4531 4536 4517
f 4517 4536 4522
f 4532 4537 4408
f 4412 4537 4411
f 4408 4537 4412
f 4538 4539 4540
f 4540 4539 4534
f 4521 4539 4526
f 4534 4539 4533
f 4533 4539 4521
f 4536 4541 4522
f 4522 4541 4527
f 4537 4542 4411
f 4415 4542 4413
f 4411 4542 4415
f 4526 4543 4531
f 4544 4543 4545
f 4545 4543 4538
f 4538 4543 4539
f 4531 4543 4536
f 4539 4543 4526
f 4527 4546 4532
f 4541 4546 4527
f 4542 4547 4413
f 4418 4547 4416
f 4413 4547 4418
f 4548 4549 4550
f 4550 4549 4544
f 4544 4549 4543
f 4543 4549 4536
f 4532 4551 4537
f 4546 4551 4532
f 4421 4552 4419
f 4416 4552 4421
f 4547 4552 4416
f 4553 4554 4555
f 4555 4554 4548
f 4548 4554 4549
f 4536 4554 4541
f 4549 4554 4536
f 4537 4556 4542
f 4551 4556 4537
f 4424 4557 4422
f 4419 4557 4424
f 4552 4557 4419
f 4558 4559 4560
f 4560 4559 4553
f 4541 4559 4546
f 4553 4559 4554
f 4554 4559 4541
f 4542 4561 4547
f 4556 4561 4542
f 4426 4562 4041
f 4427 4562 4426
f 4422 4562 4427
f 4557 4562 4422
f 4563 4564 4565
f 4565 4564 4558
f 4546 4564 4551
f 4558 4564 4559
f 4559 4564 4546
f 4561 4566 4547
f 4547 4566 4552
f 4567 4568 4569
f 4569 4568 4563
f 4563 4568 4564
f 4556 4568 4561
f 4564 4568 4551
f 4551 4568 4556
f 4566 4570 4552
f 4552 4570 4557
f 4557 4570 4562
f 4567 4571 4568
f 4568 4571 4561
f 4572 4571 4573
f 4573 4571 4567
f 4561 4571 4566
f 4041 4574 4575
f 4570 4574 4562
f 4562 4574 4041
f 4572 4576 4571
f 4577 4576 4578
f 4578 4576 4572
f 4571 4576 4566
f 4579 4580 4581
f 4581 4580 4577
f 4576 4580 4566
f 4566 4580 4570
f 4577 4580 4576
f 4575 4582 4583
f 4583 4582 4584
f 4584 4582 4579
f 4574 4582 4575
f 4579 4582 4580
f 4570 4582 4574
f 4580 4582 4570
f 4585 4575 4586
f 4586 4583 4587
f 4575 4583 4586
f 4587 4584 4588
f 4583 4584 4587
f 4588 4579 4589
f 4584 4579 4588
f 4589 4581 4590
f 4579 4581 4589
f 4590 4577 4591
f 4581 4577 4590
f 4591 4578 4592
f 4577 4578 4591
f 4592 4572 4593
f 4578 4572 4592
f 4593 4573 4594
f 4572 4573 4593
f 4594 4567 4595
f 4573 4567 4594
f 4595 4569 4596
f 4567 4569 4595
f 4596 4563 4597
f 4569 4563 4596
f 4597 4565 4598
f 4563 4565 4597
f 4598 4558 4599
f 4565 4558 4598
f 4599 4560 4600
f 4558 4560 4599
f 4600 4553 4601
f 4560 4553 4600
f 4601 4555 4602
f 4553 4555 4601
f 4555 4548 4602
f 4602 4548 4603
f 4548 4550 4603
f 4603 4550 4604
f 4550 4544 4604
f 4604 4544 4605
f 4605 4545 4606
f 4544 4545 4605
f 4606 4538 4607
f 4545 4538 4606
f 4607 4540 4608
f 4538 4540 4607
f 4608 4534 4609
f 4540 4534 4608
f 4609 4535 4610
f 4534 4535 4609
f 4610 4529 4611
f 4535 4529 4610
f 4611 4530 4612
f 4529 4530 4611
f 4612 4524 4613
f 4530 4524 4612
f 4524 4525 4613
f 4613 4525 4614
f 4525 4519 4614
f 4614 4519 4615
f 4519 4520 4615
f 4615 4520 4616
f 4520 4515 4616
f 4616 4515 4617
f 4515 4510 4617
f 4617 4510 4618
f 4510 4511 4618
f 4618 4511 4619
f 4511 4504 4619
f 4619 4504 4620
f 4504 4506 4620
f 4620 4506 4621
f 4506 4500 4621
f 4621 4500 4622
f 4500 4501 4622
f 4622 4501 4623
f 4501 4495 4623
f 4623 4495 4624
f 4624 4496 4625
f 4495 4496 4624
f 4625 4490 4626
f 4496 4490 4625
f 4626 4491 4627
f 4490 4491 4626
f 4627 4485 4628
f 4491 4485 4627
f 4628 4486 4629
f 4485 4486 4628
f 4486 4480 4629
f 4629 4480 4630
f 4480 4481 4630
f 4481 4474 4630
f 4631 4474 4632
f 4630 4474 4631
f 4474 4476 4632
f 4632 4476 4633
f 4476 4470 4633
f 4470 4471 4633
f 4634 4471 4635
f 4633 4471 4634
f 4471 4465 4635
f 4635 4465 4636
f 4465 4466 4636
f 4636 4466 4637
f 4466 4460 4637
f 4637 4460 4638
f 4460 4461 4638
f 4638 4461 4639
f 4461 4455 4639
f 4639 4455 4640
f 4455 4456 4640
f 4640 4456 4641
f 4456 4450 4641
f 4450 4451 4641
f 4642 4451 4643
f 4641 4451 4642
f 4451 4445 4643
f 4643 4445 4644
f 4644 4446 4645
f 4445 4446 4644
f 4645 4439 4646
f 4446 4439 4645
f 4439 4440 4646
f 4646 4440 4647
f 4647 4441 4648
f 4440 4441 4647
f 4441 4432 4648
f 4648 4432 4649
f 4649 4650 4651
f 4432 4650 4649
f 4651 4652 4653
f 4650 4652 4651
f 4653 4654 4655
f 4652 4654 4653
f 4655 4656 4657
f 4654 4656 4655
f 4657 4658 4659
f 4656 4658 4657
f 4659 4660 4661
f 4658 4660 4659
f 4661 4662 4663
f 4660 4662 4661
f 4663 4664 4665
f 4662 4664 4663
f 4665 4666 4667
f 4664 4666 4665
f 4667 4668 4669
f 4666 4668 4667
f 4669 4670 4671
f 4668 4670 4669
f 4671 4672 4673
f 4670 4672 4671
f 4672 4674 4673
f 4675 4676 4677
f 4673 4676 4675
f 4674 4676 4673
f 4677 4678 4679
f 4676 4678 4677
f 4679 4680 4681
f 4678 4680 4679
f 4680 4682 4681
f 4681 4683 4684
f 4682 4683 4681
f 4683 4685 4684
f 4684 4685 4686
f 4686 4687 4688
f 4685 4687 4686
f 4689 4690 4691
f 4688 4690 4689
f 4687 4690 4688
f 4690 4692 4691
f 4691 4693 4694
f 4692 4693 4691
f 4694 4695 4696
f 4693 4695 4694
f 4696 4697 4698
f 4695 4697 4696
f 4698 4699 4700
f 4697 4699 4698
f 4700 4701 4702
f 4699 4701 4700
f 4702 4701 4703
f 4701 4704 4703
f 4704 4705 4703
f 4703 4705 4706
f 4705 4707 4706
f 4706 4707 4708
f 4707 4709 4708
f 4708 4709 4710
f 4709 4711 4710
f 4712 4711 4713
f 4710 4711 4712
f 4711 4714 4713
f 4714 4715 4713
f 4716 4715 4717
f 4713 4715 4716
f 4715 4718 4717
f 4718 4719 4717
f 4717 4719 4720
f 4719 4721 4720
f 4720 4721 4722
f 4721 4723 4722
f 4722 4723 4724
f 4724 4725 4726
f 4723 4725 4724
f 4726 4727 4728
f 4725 4727 4726
f 4728 4729 4730
f 4727 4729 4728
f 4730 4731 4732
f 4729 4731 4730
f 4731 4733 4732
f 4732 4733 4734
f 4733 4735 4734
f 4734 4735 4736
f 4735 4737 4736
f 4736 4737 4738
f 4737 4739 4738
f 4738 4739 4740
f 4739 4741 4740
f 4742 4741 4743
f 4740 4741 4742
f 4741 4744 4743
f 4744 4745 4743
f 4746 4745 4747
f 4743 4745 4746
f 4745 4748 4747
f 4748 4749 4747
f 4750 4749 4751
f 4747 4749 4750
f 4749 4752 4751
f 4752 4753 4751
f 4754 4753 4755
f 4751 4753 4754
f 4753 4756 4755
f 4756 4757 4755
f 4758 4757 4759
f 4755 4757 4758
f 4757 4760 4759
f 4759 4760 4761
f 4760 4762 4761
f 4762 4763 4761
f 4761 4763 4764
f 4765 4766 4767
f 4764 4766 4765
f 4763 4766 4764
f 4767 4768 4769
f 4766 4768 4767
f 4768 4770 4769
f 4771 4772 4585
f 4769 4772 4771
f 4770 4772 4769
f 4772 4575 4585
f 4773 4774 4775
f 4776 4774 4773
f 4041 4774 4776
f 4777 4778 4779
f 4775 4778 4777
f 4774 4778 4775
f 4780 4781 4782
f 4779 4781 4780
f 4778 4781 4779
f 4041 4783 4774
f 4575 4783 4041
f 4781 4784 4782
f 4785 4784 4786
f 4782 4784 4785
f 4774 4787 4778
f 4783 4787 4774
f 4784 4788 4786
f 4789 4788 4790
f 4786 4788 4789
f 4787 4791 4778
f 4778 4791 4781
f 4792 4793 4794
f 4790 4793 4792
f 4788 4793 4790
f 4575 4795 4783
f 4768 4795 4770
f 4770 4795 4772
f 4772 4795 4575
f 4781 4796 4784
f 4791 4796 4781
f 4797 4798 4799
f 4794 4798 4797
f 4793 4798 4794
f 4795 4800 4783
f 4783 4800 4787
f 4763 4800 4766
f 4766 4800 4768
f 4768 4800 4795
f 4796 4801 4784
f 4784 4801 4788
f 4798 4802 4799
f 4803 4802 4804
f 4799 4802 4803
f 4791 4805 4796
f 4787 4805 4791
f 4760 4805 4762
f 4762 4805 4763
f 4800 4805 4787
f 4763 4805 4800
f 4801 4806 4788
f 4788 4806 4793
f 4807 4808 4809
f 4804 4808 4807
f 4802 4808 4804
f 4805 4810 4796
f 4760 4810 4805
f 4756 4810 4757
f 4757 4810 4760
f 4806 4811 4793
f 4793 4811 4798
f 4812 4813 4814
f 4809 4813 4812
f 4808 4813 4809
f 4810 4815 4796
f 4752 4815 4753
f 4753 4815 4756
f 4756 4815 4810
f 4796 4815 4801
f 4811 4816 4798
f 4802 4816 4808
f 4798 4816 4802
f 4817 4818 4819
f 4814 4818 4817
f 4813 4818 4814
f 4752 4820 4815
f 4801 4820 4806
f 4748 4820 4749
f 4749 4820 4752
f 4815 4820 4801
f 4816 4821 4808
f 4822 4823 4824
f 4819 4823 4822
f 4818 4823 4819
f 4748 4825 4820
f 4806 4825 4811
f 4744 4825 4745
f 4745 4825 4748
f 4820 4825 4806
f 4811 4825 4816
f 4808 4826 4813
f 4821 4826 4808
f 4827 4828 4829
f 4824 4828 4827
f 4823 4828 4824
f 4825 4830 4816
f 4739 4830 4741
f 4741 4830 4744
f 4744 4830 4825
f 4826 4831 4813
f 4813 4831 4818
f 4828 4832 4829
f 4833 4832 4834
f 4829 4832 4833
f 4830 4835 4816
f 4816 4835 4821
f 4735 4835 4737
f 4737 4835 4739
f 4739 4835 4830
f 4831 4836 4818
f 4818 4836 4823
f 4823 4836 4828
f 4832 4837 4834
f 4838 4837 4839
f 4834 4837 4838
f 4826 4840 4831
f 4735 4840 4835
f 4821 4840 4826
f 4731 4840 4733
f 4733 4840 4735
f 4835 4840 4821
f 4836 4841 4828
f 4837 4842 4839
f 4839 4842 4843
f 4731 4844 4840
f 4727 4844 4729
f 4729 4844 4731
f 4840 4844 4831
f 4828 4845 4832
f 4841 4845 4828
f 4842 4846 4843
f 4847 4846 4848
f 4843 4846 4847
f 4727 4849 4844
f 4844 4849 4831
f 4723 4849 4725
f 4725 4849 4727
f 4831 4849 4836
f 4836 4849 4841
f 4832 4850 4837
f 4837 4850 4842
f 4845 4850 4832
f 4846 4851 4848
f 4852 4851 4853
f 4848 4851 4852
f 4719 4854 4721
f 4721 4854 4723
f 4849 4854 4841
f 4723 4854 4849
f 4850 4855 4842
f 4851 4856 4853
f 4857 4856 4858
f 4853 4856 4857
f 4715 4859 4718
f 4718 4859 4719
f 4719 4859 4854
f 4841 4859 4845
f 4854 4859 4841
f 4842 4860 4846
f 4855 4860 4842
f 4861 4862 4863
f 4858 4862 4861
f 4856 4862 4858
f 4711 4864 4714
f 4714 4864 4715
f 4845 4864 4850
f 4859 4864 4845
f 4850 4864 4855
f 4715 4864 4859
f 4846 4865 4851
f 4860 4865 4846
f 4862 4866 4863
f 4867 4866 4868
f 4863 4866 4867
f 4864 4869 4855
f 4709 4869 4711
f 4711 4869 4864
f 4865 4870 4851
f 4851 4870 4856
f 4866 4871 4868
f 4872 4871 4873
f 4868 4871 4872
f 4705 4874 4707
f 4707 4874 4709
f 4869 4874 4855
f 4709 4874 4869
f 4855 4874 4860
f 4870 4875 4856
f 4856 4875 4862
f 4871 4876 4873
f 4877 4876 4878
f 4873 4876 4877
f 4874 4879 4860
f 4705 4879 4874
f 4701 4879 4704
f 4704 4879 4705
f 4860 4879 4865
f 4862 4880 4866
f 4875 4880 4862
f 4876 4881 4878
f 4882 4881 4883
f 4878 4881 4882
f 4701 4884 4879
f 4697 4884 4699
f 4699 4884 4701
f 4879 4884 4865
f 4870 4884 4875
f 4865 4884 4870
f 4866 4885 4871
f 4880 4885 4866
f 4881 4886 4883
f 4887 4886 4888
f 4883 4886 4887
f 4697 4889 4884
f 4884 4889 4875
f 4693 4889 4695
f 4695 4889 4697
f 4876 4890 4881
f 4885 4890 4871
f 4871 4890 4876
f 4886 4891 4888
f 4892 4891 4893
f 4888 4891 4892
f 4875 4894 4880
f 4690 4894 4692
f 4692 4894 4693
f 4889 4894 4875
f 4693 4894 4889
f 4880 4894 4885
f 4881 4895 4886
f 4890 4895 4881
f 4891 4896 4893
f 4897 4896 4898
f 4893 4896 4897
f 4690 4899 4894
f 4685 4899 4687
f 4687 4899 4690
f 4885 4899 4890
f 4894 4899 4885
f 4895 4900 4886
f 4896 4901 4898
f 4902 4901 4903
f 4898 4901 4902
f 4682 4904 4683
f 4683 4904 4685
f 4899 4904 4890
f 4685 4904 4899
f 4886 4905 4891
f 4900 4905 4886
f 4906 4907 4908
f 4903 4907 4906
f 4901 4907 4903
f 4678 4909 4680
f 4680 4909 4682
f 4904 4909 4890
f 4682 4909 4904
f 4890 4909 4895
f 4895 4909 4900
f 4891 4910 4896
f 4905 4910 4891
f 4911 4912 4913
f 4908 4912 4911
f 4907 4912 4908
f 4674 4914 4676
f 4676 4914 4678
f 4678 4914 4909
f 4900 4914 4905
f 4909 4914 4900
f 4896 4915 4901
f 4910 4915 4896
f 4916 4917 3882
f 4918 4917 4916
f 4913 4917 4918
f 4912 4917 4913
f 4670 4919 4672
f 4672 4919 4674
f 4674 4919 4914
f 4914 4919 4905
f 4901 4920 4907
f 4915 4920 4901
f 4919 4921 4905
f 4666 4921 4668
f 4668 4921 4670
f 4905 4921 4910
f 4910 4921 4915
f 4670 4921 4919
f 4920 4922 4907
f 4907 4922 4912
f 4912 4922 4917
f 4662 4923 4664
f 4921 4923 4915
f 4664 4923 4666
f 4666 4923 4921
f 4915 4923 4920
f 4922 4924 4917
f 3882 4924 4432
f 4917 4924 3882
f 4662 4925 4923
f 4658 4925 4660
f 4660 4925 4662
f 4923 4925 4920
f 4654 4926 4656
f 4656 4926 4658
f 4925 4926 4920
f 4920 4926 4922
f 4658 4926 4925
f 4432 4927 4650
f 4650 4927 4652
f 4652 4927 4654
f 4654 4927 4926
f 4922 4927 4924
f 4926 4927 4922
f 4924 4927 4432
f 4928 4929 4930
f 4931 4929 4928
f 3635 4929 4931
f 4932 4933 4934
f 4930 4933 4932
f 4929 4933 4930
f 4935 4936 4937
f 4934 4936 4935
f 4933 4936 4934
f 4938 4939 4940
f 4937 4939 4938
f 4936 4939 4937
f 4941 4942 4943
f 4940 4942 4941
f 4939 4942 4940
f 4944 4945 4946
f 4943 4945 4944
f 4942 4945 4943
f 4947 4948 4949
f 4946 4948 4947
f 4945 4948 4946
f 4950 4951 4952
f 4949 4951 4950
f 4948 4951 4949
f 3635 4953 4929
f 4954 4955 4956
f 4952 4955 4954
f 4951 4955 4952
f 4953 4957 4929
f 4929 4957 4933
f 4958 4959 4960
f 4956 4959 4958
f 4955 4959 4956
f 4957 4961 4933
f 4933 4961 4936
f 4962 4963 4964
f 4960 4963 4962
f 4959 4963 4960
f 4961 4965 4936
f 4936 4965 4939
f 4966 4967 4968
f 4964 4967 4966
f 4963 4967 4964
f 4965 4969 4939
f 4939 4969 4942
f 4970 4971 4972
f 4968 4971 4970
f 4967 4971 4968
f 4942 4973 4945
f 4969 4973 4942
f 4971 4974 4972
f 4975 4974 4976
f 4972 4974 4975
f 4973 4977 4945
f 4945 4977 4948
f 4974 4978 4976
f 4979 4978 4980
f 4976 4978 4979
f 4948 4981 4951
f 4977 4981 4948
f 3635 4982 4953
f 4978 4983 4980
f 4980 4983 4984
f 4981 4985 4951
f 4951 4985 4955
f 4953 4986 4957
f 4982 4986 4953
f 4983 4987 4984
f 4988 4987 4989
f 4984 4987 4988
f 4985 4990 4955
f 4959 4990 4963
f 4955 4990 4959
f 4986 4991 4957
f 4957 4991 4961
f 4987 4992 4989
f 4993 4992 4994
f 4989 4992 4993
f 4990 4995 4963
f 4961 4996 4965
f 4991 4996 4961
f 4997 4998 4999
f 4994 4998 4997
f 4992 4998 4994
f 4963 5000 4967
f 4995 5000 4963
f 4967 5000 4971
f 4965 5001 4969
f 4996 5001 4965
f 4998 5002 4999
f 5003 5002 5004
f 4999 5002 5003
f 5000 5005 4971
f 5001 5006 4969
f 4969 5006 4973
f 5002 5007 5004
f 5008 5007 5009
f 5004 5007 5008
f 4974 5010 4978
f 5005 5010 4971
f 4971 5010 4974
f 5006 5011 4973
f 4973 5011 4977
f 5007 5012 5009
f 5013 5012 5014
f 5009 5012 5013
f 5010 5015 4978
f 5011 5016 4977
f 4977 5016 4981
f 5012 5017 5014
f 5018 5017 5019
f 5014 5017 5018
f 3635 5020 4982
f 4978 5021 4983
f 4983 5021 4987
f 5015 5021 4978
f 5016 5022 4981
f 4981 5022 4985
f 5023 5024 5025
f 5019 5024 5023
f 5017 5024 5019
f 5020 5026 4982
f 4982 5026 4986
f 5021 5027 4987
f 4990 5028 4995
f 4985 5028 4990
f 5022 5028 4985
f 5029 5030 5031
f 5025 5030 5029
f 5024 5030 5025
f 5026 5032 4986
f 4991 5032 4996
f 4986 5032 4991
f 4987 5033 4992
f 5027 5033 4987
f 5028 5034 4995
f 5030 5035 5031
f 5036 5035 5037
f 5031 5035 5036
f 5032 5038 4996
f 4998 5039 5002
f 4992 5039 4998
f 5033 5039 4992
f 4995 5040 5000
f 5034 5040 4995
f 5035 5041 5037
f 5042 5041 5043
f 5037 5041 5042
f 4996 5044 5001
f 5038 5044 4996
f 5039 5045 5002
f 5040 5046 5000
f 5000 5046 5005
f 5041 5047 5043
f 5048 5047 5049
f 5043 5047 5048
f 5001 5050 5006
f 5044 5050 5001
f 5002 5051 5007
f 5045 5051 5002
f 5046 5052 5005
f 5010 5052 5015
f 5005 5052 5010
f 5047 5053 5049
f 5054 5053 5055
f 5049 5053 5054
f 5006 5056 5011
f 5050 5056 5006
f 5012 5057 5017
f 5007 5057 5012
f 5051 5057 5007
f 5052 5058 5015
f 5053 5059 5055
f 5060 5059 5061
f 5055 5059 5060
f 5016 5062 5022
f 5011 5062 5016
f 5056 5062 5011
f 5057 5063 5017
f 3635 5064 5020
f 5058 5065 5015
f 5015 5065 5021
f 5066 5067 3498
f 5068 5067 5066
f 5061 5067 5068
f 5059 5067 5061
f 5062 5069 5022
f 5017 5070 5024
f 5063 5070 5017
f 5064 5071 5020
f 5026 5071 5032
f 5020 5071 5026
f 5027 5072 5033
f 5021 5072 5027
f 5065 5072 5021
f 5022 5073 5028
f 5028 5073 5034
f 5069 5073 5022
f 5024 5074 5030
f 5070 5074 5024
f 5071 5075 5032
f 5072 5076 5033
f 5073 5077 5034
f 5030 5078 5035
f 5074 5078 5030
f 5035 5078 5041
f 5075 5079 5032
f 5032 5079 5038
f 5033 5080 5039
f 5076 5080 5033
f 5034 5081 5040
f 5077 5081 5034
f 5078 5082 5041
f 5038 5083 5044
f 5079 5083 5038
f 5080 5084 5039
f 5039 5084 5045
f 5040 5085 5046
f 5081 5085 5040
f 5041 5086 5047
f 5082 5086 5041
f 5047 5086 5053
f 5083 5087 5044
f 5044 5087 5050
f 5084 5088 5045
f 5045 5088 5051
f 5046 5089 5052
f 5085 5089 5046
f 5086 5090 5053
f 5087 5091 5050
f 5050 5091 5056
f 5057 5092 5063
f 5051 5092 5057
f 5088 5092 5051
f 5089 5093 5052
f 5052 5093 5058
f 5053 5094 5059
f 5090 5094 5053
f 5091 5095 5056
f 5056 5095 5062
f 5092 5096 5063
f 3635 5097 5064
f 5093 5098 5058
f 5058 5098 5065
f 5067 5099 3498
f 5094 5099 5059
f 5059 5099 5067
f 5095 5100 5062
f 5062 5100 5069
f 5096 5101 5063
f 5063 5101 5070
f 5064 5102 5071
f 5097 5102 5064
f 5098 5103 5065
f 5065 5103 5072
f 5069 5104 5073
f 5073 5104 5077
f 5100 5104 5069
f 5070 5105 5074
f 5074 5105 5078
f 5101 5105 5070
f 5071 5106 5075
f 5102 5106 5071
f 5072 5107 5076
f 5103 5107 5072
f 5104 5108 5077
f 5105 5109 5078
f 5075 5110 5079
f 5106 5110 5075
f 5076 5111 5080
f 5107 5111 5076
f 5108 5112 5077
f 5081 5112 5085
f 5077 5112 5081
f 5078 5113 5082
f 5109 5113 5078
f 5079 5114 5083
f 5110 5114 5079
f 5080 5115 5084
f 5111 5115 5080
f 5112 5116 5085
f 5113 5117 5082
f 5082 5117 5086
f 5086 5117 5090
f 5083 5118 5087
f 5114 5118 5083
f 5084 5119 5088
f 5115 5119 5084
f 5116 5120 5085
f 5085 5120 5089
f 5117 5121 5090
f 5090 5121 5094
f 5087 5122 5091
f 5118 5122 5087
f 5119 5123 5088
f 5088 5123 5092
f 5092 5123 5096
f 5120 5124 5089
f 5089 5124 5093
f 5121 5125 5094
f 5091 5126 5095
f 5122 5126 5091
f 5123 5127 5096
f 3635 5128 5097
f 5124 5129 5093
f 5093 5129 5098
f 5094 5130 5099
f 5125 5130 5094
f 5099 5130 3498
f 5095 5131 5100
f 5126 5131 5095
f 5127 5132 5096
f 5096 5132 5101
f 5097 5133 5102
f 5128 5133 5097
f 5102 5133 5106
f 5129 5134 5098
f 5098 5134 5103
f 5131 5135 5100
f 5100 5135 5104
f 5101 5136 5105
f 5132 5136 5101
f 5133 5137 5106
f 5103 5138 5107
f 5134 5138 5103
f 5107 5138 5111
f 5104 5139 5108
f 5135 5139 5104
f 5109 5140 5113
f 5136 5140 5105
f 5105 5140 5109
f 5137 5141 5106
f 5106 5141 5110
f 5138 5142 5111
f 5108 5143 5112
f 5139 5143 5108
f 5112 5143 5116
f 5140 5144 5113
f 5141 5145 5110
f 5110 5145 5114
f 5142 5146 5111
f 5111 5146 5115
f 5143 5147 5116
f 5113 5148 5117
f 5144 5148 5113
f 5114 5149 5118
f 5145 5149 5114
f 5115 5150 5119
f 5146 5150 5115
f 5119 5150 5123
f 5116 5151 5120
f 5147 5151 5116
f 5117 5152 5121
f 5148 5152 5117
f 5118 5153 5122
f 5149 5153 5118
f 5150 5154 5123
f 5120 5155 5124
f 5151 5155 5120
f 5152 5156 5121
f 5121 5156 5125
f 5122 5157 5126
f 5153 5157 5122
f 5154 5158 5123
f 5123 5158 5127
f 5128 5159 5133
f 3635 5159 5128
f 5124 5160 5129
f 5155 5160 5124
f 5130 5161 3498
f 5156 5161 5125
f 5125 5161 5130
f 5157 5162 5126
f 5126 5162 5131
f 5158 5163 5127
f 5127 5163 5132
f 5159 5164 5133
f 5160 5165 5129
f 5129 5165 5134
f 5162 5166 5131
f 5131 5166 5135
f 5132 5167 5136
f 5163 5167 5132
f 5164 5168 5133
f 5137 5168 5141
f 5133 5168 5137
f 5138 5169 5142
f 5134 5169 5138
f 5165 5169 5134
f 5166 5170 5135
f 5135 5170 5139
f 5167 5171 5136
f 5136 5171 5140
f 5140 5171 5144
f 5141 5172 5145
f 5168 5172 5141
f 5169 5173 5142
f 5139 5174 5143
f 5170 5174 5139
f 5171 5175 5144
f 5172 5176 5145
f 5173 5177 5142
f 5142 5177 5146
f 5143 5178 5147
f 5174 5178 5143
f 5144 5179 5148
f 5175 5179 5144
f 5145 5180 5149
f 5176 5180 5145
f 5177 5181 5146
f 5150 5181 5154
f 5146 5181 5150
f 5147 5182 5151
f 5178 5182 5147
f 5148 5183 5152
f 5179 5183 5148
f 5149 5184 5153
f 5180 5184 5149
f 5181 5185 5154
f 5182 5186 5151
f 5155 5186 5160
f 5151 5186 5155
f 5183 5187 5152
f 5152 5187 5156
f 5157 5188 5162
f 5153 5188 5157
f 5184 5188 5153
f 5185 5189 5154
f 5154 5189 5158
f 3635 5190 5159
f 5186 5191 5160
f 5161 5192 3498
f 5187 5192 5156
f 5156 5192 5161
f 5188 5193 5162
f 5158 5194 5163
f 5189 5194 5158
f 5190 5195 5159
f 5159 5195 5164
f 5160 5196 5165
f 5191 5196 5160
f 5162 5197 5166
f 5193 5197 5162
f 5163 5198 5167
f 5194 5198 5163
f 5164 5199 5168
f 5195 5199 5164
f 5196 5200 5165
f 5165 5200 5169
f 5169 5200 5173
f 5166 5201 5170
f 5197 5201 5166
f 5171 5202 5175
f 5198 5202 5167
f 5167 5202 5171
f 5199 5203 5168
f 5168 5203 5172
f 5200 5204 5173
f 5170 5205 5174
f 5201 5205 5170
f 5202 5206 5175
f 5172 5207 5176
f 5203 5207 5172
f 5204 5208 5173
f 5173 5208 5177
f 5205 5209 5174
f 5174 5209 5178
f 5206 5210 5175
f 5175 5210 5179
f 5207 5211 5176
f 5176 5211 5180
f 5177 5212 5181
f 5208 5212 5177
f 5178 5213 5182
f 5209 5213 5178
f 5182 5213 5186
f 5179 5214 5183
f 5210 5214 5179
f 5180 5215 5184
f 5211 5215 5180
f 5181 5216 5185
f 5212 5216 5181
f 5185 5216 5189
f 5213 5217 5186
f 5214 5218 5183
f 5183 5218 5187
f 5215 5219 5184
f 5184 5219 5188
f 5216 5220 5189
f 3635 5221 5190
f 5217 5222 5186
f 5191 5222 5196
f 5186 5222 5191
f 5218 5223 5187
f 5187 5223 5192
f 5192 5223 3498
f 5219 5224 5188
f 5188 5224 5193
f 5193 5224 5197
f 5220 5225 5189
f 5189 5225 5194
f 5190 5226 5195
f 5221 5226 5190
f 5222 5227 5196
f 5224 5228 5197
f 5225 5229 5194
f 5194 5229 5198
f 5226 5230 5195
f 5195 5230 5199
f 5227 5231 5196
f 5196 5231 5200
f 5228 5232 5197
f 5197 5232 5201
f 5202 5233 5206
f 5229 5233 5198
f 5198 5233 5202
f 5199 5234 5203
f 5230 5234 5199
f 5204 5235 5208
f 5231 5235 5200
f 5200 5235 5204
f 5232 5236 5201
f 5201 5236 5205
f 5233 5237 5206
f 5234 5238 5203
f 5203 5238 5207
f 5235 5239 5208
f 5236 5240 5205
f 5205 5240 5209
f 5210 5241 5214
f 5206 5241 5210
f 5237 5241 5206
f 5207 5242 5211
f 5211 5242 5215
f 5238 5242 5207
f 5212 5243 5216
f 5208 5243 5212
f 5239 5243 5208
f 5213 5244 5217
f 5240 5244 5209
f 5209 5244 5213
f 5241 5245 5214
f 5242 5246 5215
f 5243 5247 5216
f 5244 5248 5217
f 5245 5249 5214
f 5214 5249 5218
f 5246 5250 5215
f 5219 5250 5224
f 5215 5250 5219
f 5247 5251 5216
f 5216 5251 5220
f 3635 5252 5221
f 5248 5253 5217
f 5222 5253 5227
f 5217 5253 5222
f 5249 5254 5218
f 5218 5254 5223
f 5223 5254 3498
f 5250 5255 5224
f 5220 5256 5225
f 5251 5256 5220
f 5252 5257 5221
f 5221 5257 5226
f 5253 5258 5227
f 5224 5259 5228
f 5255 5259 5224
f 5256 5260 5225
f 5225 5260 5229
f 5226 5261 5230
f 5257 5261 5226
f 5258 5262 5227
f 5227 5262 5231
f 5259 5263 5228
f 5228 5263 5232
f 5260 5264 5229
f 5229 5264 5233
f 5261 5265 5230
f 5230 5265 5234
f 5235 5266 5239
f 5262 5266 5231
f 5231 5266 5235
f 5263 5267 5232
f 5232 5267 5236
f 5264 5268 5233
f 5233 5268 5237
f 5234 5269 5238
f 5265 5269 5234
f 5266 5270 5239
f 5236 5271 5240
f 5267 5271 5236
f 5240 5271 5244
f 5268 5272 5237
f 5237 5272 5241
f 5238 5273 5242
f 5269 5273 5238
f 5270 5274 5239
f 5239 5274 5243
f 5271 5275 5244
f 5241 5276 5245
f 5272 5276 5241
f 5242 5277 5246
f 5273 5277 5242
f 5243 5278 5247
f 5274 5278 5243
f 5244 5279 5248
f 5275 5279 5244
f 5249 5280 5254
f 5245 5280 5249
f 5276 5280 5245
f 5277 5281 5246
f 5246 5281 5250
f 5278 5282 5247
f 5247 5282 5251
f 3635 5283 5252
f 5248 5284 5253
f 5279 5284 5248
f 5254 5285 3498
f 5280 5285 5254
f 5250 5286 5255
f 5281 5286 5250
f 5251 5287 5256
f 5282 5287 5251
f 5283 5288 5252
f 5257 5288 5261
f 5252 5288 5257
f 5253 5289 5258
f 5284 5289 5253
f 5286 5290 5255
f 5255 5290 5259
f 5256 5291 5260
f 5287 5291 5256
f 5288 5292 5261
f 5289 5293 5258
f 5258 5293 5262
f 5290 5294 5259
f 5259 5294 5263
f 5291 5295 5260
f 5260 5295 5264
f 5261 5296 5265
f 5292 5296 5261
f 5265 5296 5269
f 5293 5297 5262
f 5262 5297 5266
f 5266 5297 5270
f 5294 5298 5263
f 5267 5298 5271
f 5263 5298 5267
f 5295 5299 5264
f 5264 5299 5268
f 5296 5300 5269
f 5297 5301 5270
f 5298 5302 5271
f 5299 5303 5268
f 5268 5303 5272
f 5300 5304 5269
f 5273 5304 5277
f 5269 5304 5273
f 5270 5305 5274
f 5301 5305 5270
f 5271 5306 5275
f 5302 5306 5271
f 5275 5306 5279
f 5272 5307 5276
f 5303 5307 5272
f 5304 5308 5277
f 5274 5309 5278
f 5305 5309 5274
f 5278 5309 5282
f 5306 5310 5279
f 5276 5311 5280
f 5307 5311 5276
f 5280 5311 5285
f 5277 5312 5281
f 5308 5312 5277
f 5309 5313 5282
f 4041 5314 3635
f 3635 5314 5283
f 5279 5315 5284
f 5310 5315 5279
f 5311 5316 5285
f 5285 5316 3498
f 5281 5317 5286
f 5312 5317 5281
f 5286 5317 5290
f 5282 5318 5287
f 5313 5318 5282
f 5314 5319 5283
f 5283 5319 5288
f 5284 5320 5289
f 5315 5320 5284
f 5317 5321 5290
f 5318 5322 5287
f 5287 5322 5291
f 5288 5323 5292
f 5319 5323 5288
f 5289 5324 5293
f 5320 5324 5289
f 5321 5325 5290
f 5290 5325 5294
f 5322 5326 5291
f 5291 5326 5295
f 5292 5327 5296
f 5296 5327 5300
f 5323 5327 5292
f 5293 5328 5297
f 5324 5328 5293
f 5297 5328 5301
f 5325 5329 5294
f 5294 5329 5298
f 5326 5330 5295
f 5295 5330 5299
f 5299 5330 5303
f 5327 5331 5300
f 5328 5332 5301
f 5329 5333 5298
f 5298 5333 5302
f 5302 5333 5306
f 5330 5334 5303
f 5331 5335 5300
f 5300 5335 5304
f 5301 5336 5305
f 5332 5336 5301
f 5333 5337 5306
f 5303 5338 5307
f 5334 5338 5303
f 5335 5339 5304
f 5304 5339 5308
f 5309 5340 5313
f 5336 5340 5305
f 5305 5340 5309
f 5306 5341 5310
f 5337 5341 5306
f 5307 5342 5311
f 5338 5342 5307
f 5311 5342 5316
f 5339 5343 5308
f 5308 5343 5312
f 5340 5344 5313
f 4041 5345 5314
f 5314 5345 5319
f 5310 5346 5315
f 5341 5346 5310
f 5316 5347 3498
f 5342 5347 5316
f 5312 5348 5317
f 5343 5348 5312
f 5313 5349 5318
f 5344 5349 5313
f 5345 5350 5319
f 5315 5351 5320
f 5346 5351 5315
f 5317 5352 5321
f 5348 5352 5317
f 5349 5353 5318
f 5318 5353 5322
f 5350 5354 5319
f 5323 5354 5327
f 5319 5354 5323
f 5320 5355 5324
f 5351 5355 5320
f 5321 5356 5325
f 5352 5356 5321
f 5353 5357 5322
f 5322 5357 5326
f 5354 5358 5327
f 5324 5359 5328
f 5355 5359 5324
f 5328 5359 5332
f 5325 5360 5329
f 5356 5360 5325
f 5357 5361 5326
f 5326 5361 5330
f 5331 5362 5335
f 5358 5362 5327
f 5327 5362 5331
f 5359 5363 5332
f 5329 5364 5333
f 5360 5364 5329
f 5361 5365 5330
f 5330 5365 5334
f 5362 5366 5335
f 5335 5366 5339
f 5363 5367 5332
f 5332 5367 5336
f 5364 5368 5333
f 5333 5368 5337
f 5365 5369 5334
f 5334 5369 5338
f 5366 5370 5339
f 5340 5371 5344
f 5367 5371 5336
f 5336 5371 5340
f 5337 5372 5341
f 5368 5372 5337
f 5342 5373 5347
f 5369 5373 5338
f 5338 5373 5342
f 5370 5374 5339
f 5339 5374 5343
f 5371 5375 5344
f 5345 5376 5350
f 4041 5376 5345
f 5372 5377 5341
f 5341 5377 5346
f 5347 5378 3498
f 5373 5378 5347
f 5343 5379 5348
f 5348 5379 5352
f 5374 5379 5343
f 5344 5380 5349
f 5375 5380 5344
f 5376 5381 5350
f 5346 5382 5351
f 5377 5382 5346
f 5352 5383 5356
f 5379 5383 5352
f 5349 5384 5353
f 5380 5384 5349
f 5350 5385 5354
f 5381 5385 5350
f 5351 5386 5355
f 5382 5386 5351
f 5356 5387 5360
f 5383 5387 5356
f 5384 5388 5353
f 5353 5388 5357
f 5358 5389 5362
f 5385 5389 5354
f 5354 5389 5358
f 5355 5390 5359
f 5386 5390 5355
f 5387 5391 5360
f 5388 5392 5357
f 5357 5392 5361
f 5361 5392 5365
f 5362 5393 5366
f 5389 5393 5362
f 5390 5394 5359
f 5359 5394 5363
f 5391 5395 5360
f 5364 5395 5368
f 5360 5395 5364
f 5392 5396 5365
f 5393 5397 5366
f 5394 5398 5363
f 5363 5398 5367
f 5395 5399 5368
f 5396 5400 5365
f 5365 5400 5369
f 5397 5401 5366
f 5366 5401 5370
f 5370 5401 5374
f 5398 5402 5367
f 5367 5402 5371
f 5372 5403 5377
f 5399 5403 5368
f 5368 5403 5372
f 5373 5404 5378
f 5400 5404 5369
f 5369 5404 5373
f 5401 5405 5374
f 5371 5406 5375
f 5402 5406 5371
f 4041 5407 5376
f 5376 5407 5381
f 5403 5408 5377
f 5404 5409 5378
f 5378 5409 3498
f 5374 5410 5379
f 5379 5410 5383
f 5405 5410 5374
f 5375 5411 5380
f 5406 5411 5375
f 5407 5412 5381
f 5377 5413 5382
f 5408 5413 5377
f 5410 5414 5383
f 5383 5414 5387
f 5411 5415 5380
f 5380 5415 5384
f 5412 5416 5381
f 5381 5416 5385
f 5385 5416 5389
f 5382 5417 5386
f 5413 5417 5382
f 5414 5418 5387
f 5387 5418 5391
f 5415 5419 5384
f 5384 5419 5388
f 5416 5420 5389
f 5417 5421 5386
f 5386 5421 5390
f 5418 5422 5391
f 5388 5423 5392
f 5392 5423 5396
f 5419 5423 5388
f 5420 5424 5389
f 5389 5424 5393
f 5421 5425 5390
f 5390 5425 5394
f 5391 5426 5395
f 5422 5426 5391
f 5395 5426 5399
f 5423 5427 5396
f 5424 5428 5393
f 5397 5428 5401
f 5393 5428 5397
f 5425 5429 5394
f 5394 5429 5398
f 5426 5430 5399
f 5427 5431 5396
f 5396 5431 5400
f 5428 5432 5401
f 5402 5433 5406
f 5429 5433 5398
f 5398 5433 5402
f 5430 5434 5399
f 5399 5434 5403
f 5431 5435 5400
f 5400 5435 5404
f 5432 5436 5401
f 5401 5436 5405
f 5433 5437 5406
f 4041 5438 5407
f 5403 5439 5408
f 5434 5439 5403
f 3498 5440 3882
f 5435 5440 5404
f 5409 5440 3498
f 5404 5440 5409
f 5410 5441 5414
f 5405 5441 5410
f 5436 5441 5405
f 5406 5442 5411
f 5437 5442 5406
f 5407 5443 5412
f 5438 5443 5407
f 5439 5444 5408
f 5408 5444 5413
f 5441 5445 5414
f 5442 5446 5411
f 5411 5446 5415
f 5412 5447 5416
f 5443 5447 5412
f 5413 5448 5417
f 5417 5448 5421
f 5444 5448 5413
f 5414 5449 5418
f 5418 5449 5422
f 5445 5449 5414
f 5446 5450 5415
f 5419 5450 5423
f 5415 5450 5419
f 5447 5451 5416
f 5416 5451 5420
f 5448 5452 5421
f 5421 5452 5425
f 5449 5453 5422
f 5450 5454 5423
f 5451 5455 5420
f 5420 5455 5424
f 5452 5456 5425
f 5453 5457 5422
f 5426 5457 5430
f 5422 5457 5426
f 5454 5458 5423
f 5423 5458 5427
f 5455 5459 5424
f 5424 5459 5428
f 5425 5460 5429
f 5456 5460 5425
f 5430 5461 5434
f 5457 5461 5430
f 5458 5462 5427
f 5427 5462 5431
f 5428 5463 5432
f 5459 5463 5428
f 5429 5464 5433
f 5460 5464 5429
f 5433 5464 5437
f 5461 5465 5434
f 5462 5466 5431
f 5431 5466 5435
f 5432 5467 5436
f 5463 5467 5432
f 5464 5468 5437
f 4041 5469 5438
f 5438 5469 5443
f 5465 5470 5434
f 5434 5470 5439
f 5440 5471 3882
f 5435 5471 5440
f 5466 5471 5435
f 5436 5472 5441
f 5467 5472 5436
f 5468 5473 5437
f 5437 5473 5442
f 5469 5474 5443
f 5439 5475 5444
f 5470 5475 5439
f 5441 5476 5445
f 5472 5476 5441
f 5473 5477 5442
f 5442 5477 5446
f 5443 5478 5447
f 5447 5478 5451
f 5474 5478 5443
f 5444 5479 5448
f 5475 5479 5444
f 5445 5480 5449
f 5476 5480 5445
f 5477 5481 5446
f 5446 5481 5450
f 5478 5482 5451
f 5451 5482 5455
f 5448 5483 5452
f 5479 5483 5448
f 5449 5484 5453
f 5480 5484 5449
f 5450 5485 5454
f 5481 5485 5450
f 5482 5486 5455
f 5452 5487 5456
f 5456 5487 5460
f 5483 5487 5452
f 5484 5488 5453
f 5453 5488 5457
f 5485 5489 5454
f 5454 5489 5458
f 5486 5490 5455
f 5455 5490 5459
f 5487 5491 5460
f 5457 5492 5461
f 5488 5492 5457
f 5489 5493 5458
f 5458 5493 5462
f 5462 5493 5466
f 5490 5494 5459
f 5459 5494 5463
f 5491 5495 5460
f 5460 5495 5464
f 5464 5495 5468
f 5492 5496 5461
f 5461 5496 5465
f 5493 5497 5466
f 5494 5498 5463
f 5463 5498 5467
f 5495 5499 5468
f 4041 5500 5469
f 5465 5501 5470
f 5496 5501 5465
f 5471 5502 3882
f 5497 5502 5466
f 5466 5502 5471
f 5498 5503 5467
f 5467 5503 5472
f 5472 5503 5476
f 5499 5504 5468
f 5468 5504 5473
f 5500 5505 5469
f 5469 5505 5474
f 5501 5506 5470
f 5470 5506 5475
f 5476 5507 5480
f 5503 5507 5476
f 5504 5508 5473
f 5473 5508 5477
f 5505 5509 5474
f 5474 5509 5478
f 5475 5510 5479
f 5506 5510 5475
f 5480 5511 5484
f 5507 5511 5480
f 5508 5512 5477
f 5477 5512 5481
f 5478 5513 5482
f 5509 5513 5478
f 5479 5514 5483
f 5483 5514 5487
f 5510 5514 5479
f 5511 5515 5484
f 5481 5516 5485
f 5512 5516 5481
f 5513 5517 5482
f 5482 5517 5486
f 5514 5518 5487
f 5515 5519 5484
f 5484 5519 5488
f 5488 5519 5492
f 5485 5520 5489
f 5489 5520 5493
f 5516 5520 5485
f 5517 5521 5486
f 5486 5521 5490
f 5487 5522 5491
f 5518 5522 5487
f 5519 5523 5492
f 5520 5524 5493
f 5521 5525 5490
f 5490 5525 5494
f 5522 5526 5491
f 5491 5526 5495
f 5523 5527 5492
f 5492 5527 5496
f 5496 5527 5501
f 5524 5528 5493
f 5493 5528 5497
f 5494 5529 5498
f 5525 5529 5494
f 5495 5530 5499
f 5526 5530 5495
f 4041 5531 5500
f 5527 5532 5501
f 5528 5533 5497
f 5497 5533 5502
f 5502 5533 3882
f 5529 5534 5498
f 5498 5534 5503
f 5530 5535 5499
f 5499 5535 5504
f 5505 5536 5509
f 5531 5536 5500
f 5500 5536 5505
f 5501 5537 5506
f 5532 5537 5501
f 5503 5538 5507
f 5534 5538 5503
f 5504 5539 5508
f 5535 5539 5504
f 5536 5540 5509
f 5537 5541 5506
f 5506 5541 5510
f 5510 5541 5514
f 5507 5542 5511
f 5538 5542 5507
f 5539 5543 5508
f 5508 5543 5512
f 5509 5544 5513
f 5540 5544 5509
f 5514 5545 5518
f 5541 5545 5514
f 5542 5546 5511
f 5511 5546 5515
f 5512 5547 5516
f 5543 5547 5512
f 5544 5548 5513
f 5513 5548 5517
f 5518 5549 5522
f 5545 5549 5518
f 5546 5550 5515
f 5515 5550 5519
f 5547 5551 5516
f 5516 5551 5520
f 5548 5552 5517
f 5517 5552 5521
f 5549 5553 5522
f 5550 5554 5519
f 5519 5554 5523
f 5551 5555 5520
f 5520 5555 5524
f 5521 5556 5525
f 5552 5556 5521
f 5522 5557 5526
f 5553 5557 5522
f 5554 5558 5523
f 5523 5558 5527
f 5555 5559 5524
f 5524 5559 5528
f 5556 5560 5525
f 5525 5560 5529
f 5526 5561 5530
f 5557 5561 5526
f 4041 5562 5531
f 5558 5563 5527
f 5527 5563 5532
f 5559 5564 5528
f 5528 5564 5533
f 5533 5564 3882
f 5529 5565 5534
f 5560 5565 5529
f 5561 5566 5530
f 5530 5566 5535
f 5562 5567 5531
f 5531 5567 5536
f 5563 5568 5532
f 5532 5568 5537
f 5565 5569 5534
f 5534 5569 5538
f 5566 5570 5535
f 5535 5570 5539
f 5536 5571 5540
f 5567 5571 5536
f 5568 5572 5537
f 5537 5572 5541
f 5569 5573 5538
f 5538 5573 5542
f 5543 5574 5547
f 5570 5574 5539
f 5539 5574 5543
f 5571 5575 5540
f 5540 5575 5544
f 5541 5576 5545
f 5572 5576 5541
f 5542 5577 5546
f 5573 5577 5542
f 5547 5578 5551
f 5574 5578 5547
f 5544 5579 5548
f 5575 5579 5544
f 5545 5580 5549
f 5576 5580 5545
f 5546 5581 5550
f 5577 5581 5546
f 5551 5582 5555
f 5578 5582 5551
f 5579 5583 5548
f 5548 5583 5552
f 5549 5584 5553
f 5580 5584 5549
f 5581 5585 5550
f 5550 5585 5554
f 5582 5586 5555
f 5552 5587 5556
f 5583 5587 5552
f 5584 5588 5553
f 5553 5588 5557
f 5557 5588 5561
f 5585 5589 5554
f 5554 5589 5558
f 5586 5590 5555
f 5555 5590 5559
f 5559 5590 5564
f 5556 5591 5560
f 5587 5591 5556
f 5588 5592 5561
f 4041 5593 5562
f 5589 5594 5558
f 5558 5594 5563
f 5590 5595 5564
f 5564 5595 3882
f 5565 5596 5569
f 5560 5596 5565
f 5591 5596 5560
f 5592 5597 5561
f 5561 5597 5566
f 5593 5598 5562
f 5567 5598 5571
f 5562 5598 5567
f 5563 5599 5568
f 5594 5599 5563
f 5596 5600 5569
f 5566 5601 5570
f 5597 5601 5566
f 5598 5602 5571
f 5572 5603 5576
f 5599 5603 5568
f 5568 5603 5572
f 5569 5604 5573
f 5600 5604 5569
f 5601 5605 5570
f 5570 5605 5574
f 5575 5606 5579
f 5602 5606 5571
f 5571 5606 5575
f 5603 5607 5576
f 5604 5608 5573
f 5573 5608 5577
f 5574 5609 5578
f 5605 5609 5574
f 5606 5610 5579
f 5576 5611 5580
f 5607 5611 5576
f 5577 5612 5581
f 5608 5612 5577
f 5581 5612 5585
f 5609 5613 5578
f 5578 5613 5582
f 5610 5614 5579
f 5579 5614 5583
f 5580 5615 5584
f 5611 5615 5580
f 5612 5616 5585
f 5582 5617 5586
f 5613 5617 5582
f 5614 5618 5583
f 5583 5618 5587
f 5584 5619 5588
f 5588 5619 5592
f 5615 5619 5584
f 5585 5620 5589
f 5616 5620 5585
f 5617 5621 5586
f 5586 5621 5590
f 5618 5622 5587
f 5587 5622 5591
f 5591 5622 5596
f 5619 5623 5592
f 4041 5624 5593
f 5589 5625 5594
f 5620 5625 5589
f 5595 5626 3882
f 5621 5626 5590
f 5590 5626 5595
f 5622 5627 5596
f 5623 5628 5592
f 5592 5628 5597
f 5593 5629 5598
f 5624 5629 5593
f 5625 5630 5594
f 5594 5630 5599
f 5599 5630 5603
f 5627 5631 5596
f 5596 5631 5600
f 5597 5632 5601
f 5601 5632 5605
f 5628 5632 5597
f 5598 5633 5602
f 5629 5633 5598
f 5630 5634 5603
f 5603 5634 5607
f 5631 5635 5600
f 5600 5635 5604
f 5632 5636 5605
f 5633 5637 5602
f 5602 5637 5606
f 5634 5638 5607
f 5604 5639 5608
f 5635 5639 5604
f 5636 5640 5605
f 5605 5640 5609
f 5637 5641 5606
f 5606 5641 5610
f 5607 5642 5611
f 5638 5642 5607
f 5608 5643 5612
f 5639 5643 5608
f 5609 5644 5613
f 5613 5644 5617
f 5640 5644 5609
f 5610 5645 5614
f 5641 5645 5610
f 5611 5646 5615
f 5642 5646 5611
f 5612 5647 5616
f 5643 5647 5612
f 5617 5648 5621
f 5644 5648 5617
f 5614 5649 5618
f 5645 5649 5614
f 5615 5650 5619
f 5646 5650 5615
f 5619 5650 5623
f 5647 5651 5616
f 5616 5651 5620
f 5648 5652 5621
f 5618 5653 5622
f 5649 5653 5618
f 5650 5654 5623
f 4041 5655 5624
f 5620 5656 5625
f 5651 5656 5620
f 5652 5657 5621
f 5621 5657 5626
f 5626 5657 3882
f 5653 5658 5622
f 5622 5658 5627
f 5623 5659 5628
f 5654 5659 5623
f 5655 5660 5624
f 5624 5660 5629
f 5656 5661 5625
f 5630 5661 5634
f 5625 5661 5630
f 5627 5662 5631
f 5658 5662 5627
f 5628 5663 5632
f 5659 5663 5628
f 5660 5664 5629
f 5629 5664 5633
f 5661 5665 5634
f 5662 5666 5631
f 5631 5666 5635
f 5663 5667 5632
f 5632 5667 5636
f 5636 5667 5640
f 5637 5668 5641
f 5664 5668 5633
f 5633 5668 5637
f 5665 5669 5634
f 5634 5669 5638
f 5666 5670 5635
f 5635 5670 5639
f 5667 5671 5640
f 5668 5672 5641
f 5669 5673 5638
f 5638 5673 5642
f 5643 5674 5647
f 5639 5674 5643
f 5670 5674 5639
f 5640 5675 5644
f 5671 5675 5640
f 5644 5675 5648
f 5672 5676 5641
f 5641 5676 5645
f 5673 5677 5642
f 5642 5677 5646
f 5674 5678 5647
f 5648 5679 5652
f 5675 5679 5648
f 5645 5680 5649
f 5676 5680 5645
f 5650 5681 5654
f 5646 5681 5650
f 5677 5681 5646
f 5678 5682 5647
f 5647 5682 5651
f 5679 5683 5652
f 5649 5684 5653
f 5680 5684 5649
f 5681 5685 5654
f 4041 5686 5655
f 5651 5687 5656
f 5682 5687 5651
f 5652 5688 5657
f 5657 5688 3882
f 5683 5688 5652
f 5653 5689 5658
f 5684 5689 5653
f 5658 5689 5662
f 5654 5690 5659
f 5685 5690 5654
f 5655 5691 5660
f 5686 5691 5655
f 5660 5691 5664
f 5656 5692 5661
f 5687 5692 5656
f 5662 5693 5666
f 5689 5693 5662
f 5690 5694 5659
f 5659 5694 5663
f 5691 5695 5664
f 5661 5696 5665
f 5692 5696 5661
f 5693 5697 5666
f 5694 5698 5663
f 5663 5698 5667
f 5668 5699 5672
f 5695 5699 5664
f 5664 5699 5668
f 5696 5700 5665
f 5665 5700 5669
f 5666 5701 5670
f 5697 5701 5666
f 5667 5702 5671
f 5698 5702 5667
f 5671 5702 5675
f 5699 5703 5672
f 5700 5704 5669
f 5669 5704 5673
f 5701 5705 5670
f 5670 5705 5674
f 5675 5706 5679
f 5702 5706 5675
f 5703 5707 5672
f 5672 5707 5676
f 5704 5708 5673
f 5673 5708 5677
f 5705 5709 5674
f 5678 5709 5682
f 5674 5709 5678
f 5706 5710 5679
f 5676 5711 5680
f 5707 5711 5676
f 5708 5712 5677
f 5677 5712 5681
f 5682 5713 5687
f 5709 5713 5682
f 5679 5714 5683
f 5683 5714 5688
f 5710 5714 5679
f 5680 5715 5684
f 5711 5715 5680
f 5712 5716 5681
f 5681 5716 5685
f 4775 5717 4773
f 4773 5717 4776
f 4776 5717 4041
f 4041 5717 5686
f 5713 5718 5687
f 5688 5719 3882
f 5714 5719 5688
f 5715 5720 5684
f 5684 5720 5689
f 5685 5721 5690
f 5716 5721 5685
f 5717 5722 5686
f 4779 5722 4777
f 4777 5722 4775
f 5686 5722 5691
f 4775 5722 5717
f 5718 5723 5687
f 5687 5723 5692
f 5689 5724 5693
f 5720 5724 5689
f 5690 5725 5694
f 5694 5725 5698
f 5721 5725 5690
f 5722 5726 5691
f 5695 5726 5699
f 4779 5726 5722
f 4782 5726 4780
f 4780 5726 4779
f 5691 5726 5695
f 5692 5727 5696
f 5723 5727 5692
f 5693 5728 5697
f 5724 5728 5693
f 5725 5729 5698
f 5726 5730 5699
f 4782 5730 5726
f 4786 5730 4785
f 4785 5730 4782
f 5727 5731 5696
f 5696 5731 5700
f 5701 5732 5705
f 5728 5732 5697
f 5697 5732 5701
f 5729 5733 5698
f 5698 5733 5702
f 5730 5734 5699
f 4790 5734 4789
f 4789 5734 4786
f 4786 5734 5730
f 5699 5734 5703
f 5731 5735 5700
f 5700 5735 5704
f 5705 5736 5709
f 5732 5736 5705
f 5733 5737 5702
f 5702 5737 5706
f 5706 5737 5710
f 4790 5738 5734
f 4794 5738 4792
f 4792 5738 4790
f 5734 5738 5703
f 5703 5738 5707
f 5704 5739 5708
f 5735 5739 5704
f 5709 5740 5713
f 5736 5740 5709
f 5737 5741 5710
f 4794 5742 5738
f 4799 5742 4797
f 4797 5742 4794
f 5711 5742 5715
f 5738 5742 5707
f 5707 5742 5711
f 5708 5743 5712
f 5739 5743 5708
f 5740 5744 5713
f 5713 5744 5718
f 5710 5745 5714
f 5741 5745 5710
f 4804 5746 4803
f 4803 5746 4799
f 4799 5746 5742
f 5742 5746 5715
f 5743 5747 5712
f 5712 5747 5716
f 5744 5748 5718
f 5719 5749 3882
f 5714 5749 5719
f 5745 5749 5714
f 4804 5750 5746
f 5720 5750 5724
f 4809 5750 4807
f 4807 5750 4804
f 5715 5750 5720
f 5746 5750 5715
f 5716 5751 5721
f 5747 5751 5716
f 5718 5752 5723
f 5748 5752 5718
f 5723 5752 5727
f 5750 5753 5724
f 4814 5753 4812
f 4812 5753 4809
f 4809 5753 5750
f 5751 5754 5721
f 5725 5754 5729
f 5721 5754 5725
f 5752 5755 5727
f 4814 5756 5753
f 5728 5756 5732
f 4819 5756 4817
f 4817 5756 4814
f 5724 5756 5728
f 5753 5756 5724
f 5729 5757 5733
f 5754 5757 5729
f 5727 5758 5731
f 5755 5758 5727
f 4824 5759 4822
f 4822 5759 4819
f 5756 5759 5732
f 4819 5759 5756
f 5757 5760 5733
f 5731 5761 5735
f 5758 5761 5731
f 4824 5762 5759
f 5759 5762 5732
f 4829 5762 4827
f 4827 5762 4824
f 5736 5762 5740
f 5732 5762 5736
f 5760 5763 5733
f 5733 5763 5737
f 5737 5763 5741
f 5761 5764 5735
f 5735 5764 5739
f 4834 5765 4833
f 4833 5765 4829
f 4829 5765 5762
f 5762 5765 5740
f 5763 5766 5741
f 5764 5767 5739
f 5739 5767 5743
f 4834 5768 5765
f 4839 5768 4838
f 4838 5768 4834
f 5765 5768 5740
f 5740 5768 5744
f 5745 5769 5749
f 5766 5769 5741
f 5741 5769 5745
f 5767 5770 5743
f 5743 5770 5747
f 5744 5771 5748
f 4839 5771 5768
f 4843 5771 4839
f 5768 5771 5744
f 5749 5772 3882
f 5769 5772 5749
f 5747 5773 5751
f 5770 5773 5747
f 5771 5774 5748
f 4843 5774 5771
f 4848 5774 4847
f 4847 5774 4843
f 5748 5774 5752
f 5751 5775 5754
f 5754 5775 5757
f 5773 5775 5751
f 5752 5776 5755
f 4848 5776 5774
f 4853 5776 4852
f 4852 5776 4848
f 5774 5776 5752
f 5775 5777 5757
f 4853 5778 5776
f 4858 5778 4857
f 4857 5778 4853
f 5755 5778 5758
f 5776 5778 5755
f 5760 5779 5763
f 5757 5779 5760
f 5777 5779 5757
f 5778 5780 5758
f 4858 5780 5778
f 4863 5780 4861
f 4861 5780 4858
f 5758 5780 5761
f 5779 5781 5763
f 4863 5782 5780
f 4868 5782 4867
f 4867 5782 4863
f 5761 5782 5764
f 5780 5782 5761
f 5781 5783 5763
f 5763 5783 5766
f 5782 5784 5764
f 4873 5784 4872
f 4872 5784 4868
f 4868 5784 5782
f 5764 5784 5767
f 5783 5785 5766
f 5766 5785 5769
f 5784 5786 5767
f 5770 5786 5773
f 4878 5786 4877
f 4877 5786 4873
f 5767 5786 5770
f 4873 5786 5784
f 5785 5787 5769
f 5772 5787 3882
f 5769 5787 5772
f 4878 5788 5786
f 4883 5788 4882
f 4882 5788 4878
f 5786 5788 5773
f 4888 5789 4887
f 4887 5789 4883
f 5788 5789 5773
f 4883 5789 5788
f 5773 5789 5775
f 4893 5790 4892
f 4892 5790 4888
f 5789 5790 5775
f 5775 5790 5777
f 5777 5790 5779
f 4888 5790 5789
f 4898 5791 4897
f 4897 5791 4893
f 5790 5791 5779
f 4893 5791 5790
f 5779 5791 5781
f 4903 5792 4902
f 4902 5792 4898
f 5791 5792 5781
f 4898 5792 5791
f 4908 5793 4906
f 4906 5793 4903
f 4903 5793 5792
f 5792 5793 5781
f 5783 5793 5785
f 5781 5793 5783
f 5785 5794 5787
f 4913 5794 4911
f 4911 5794 4908
f 5793 5794 5785
f 4908 5794 5793
f 3882 5795 4916
f 4916 5795 4918
f 4918 5795 4913
f 5787 5795 3882
f 5794 5795 5787
f 4913 5795 5794
f 5796 3516 5797
f 5797 3516 3517
f 5797 3519 5798
f 3517 3519 5797
f 5799 3514 5796
f 5796 3514 3516
f 5798 3521 5800
f 3519 3521 5798
f 5801 3513 5799
f 5799 3513 3514
f 5800 3523 5802
f 3521 3523 5800
f 5801 3511 3513
f 5803 3511 5801
f 5802 3525 5804
f 3523 3525 5802
f 5805 3510 5803
f 5803 3510 3511
f 5804 3527 5806
f 3525 3527 5804
f 5807 3508 5805
f 5805 3508 3510
f 5806 3529 5808
f 3527 3529 5806
f 5809 3507 5807
f 5807 3507 3508
f 5808 3531 5810
f 3529 3531 5808
f 5809 3505 3507
f 5811 3505 5809
f 5810 3533 5812
f 3531 3533 5810
f 5811 3504 3505
f 5813 3504 5811
f 5812 3535 5814
f 3533 3535 5812
f 5815 3502 5813
f 5813 3502 3504
f 5814 3537 5816
f 3535 3537 5814
f 5815 3501 3502
f 5817 3501 5815
f 3537 3539 5816
f 5816 3539 5818
f 5819 3499 5817
f 5817 3499 3501
f 3539 3542 5818
f 5818 3542 5820
f 5821 3496 5819
f 5819 3496 3499
f 3542 3543 5820
f 5820 3543 5822
f 5823 3494 5821
f 5821 3494 3496
f 3543 3546 5822
f 5822 3546 5824
f 5823 3497 3494
f 5825 3497 5823
f 5824 3547 5826
f 3546 3547 5824
f 2802 3498 5825
f 5825 3498 3497
f 3547 3551 5826
f 5826 3551 5827
f 2801 5066 2802
f 2802 5066 3498
f 3551 3555 5827
f 5827 3555 5828
f 2803 5068 2801
f 2801 5068 5066
f 3555 3556 5828
f 5828 3556 5829
f 2795 5061 2803
f 2803 5061 5068
f 3556 3560 5829
f 5829 3560 5830
f 2794 5060 2795
f 2795 5060 5061
f 3560 3561 5830
f 5830 3561 5831
f 2788 5055 2794
f 2794 5055 5060
f 3561 3565 5831
f 5831 3565 5832
f 2787 5054 2788
f 2788 5054 5055
f 3565 3566 5832
f 5832 3566 5833
f 2781 5049 2787
f 2787 5049 5054
f 3566 3570 5833
f 5833 3570 5834
f 2780 5048 2781
f 2781 5048 5049
f 3570 3571 5834
f 5834 3571 5835
f 2775 5043 2780
f 2780 5043 5048
f 3571 3574 5835
f 5835 3574 5836
f 2774 5042 2775
f 2775 5042 5043
f 3574 3576 5836
f 5836 3576 5837
f 2769 5037 2774
f 2774 5037 5042
f 3576 3580 5837
f 5837 3580 5838
f 2768 5036 2769
f 2769 5036 5037
f 3580 3581 5838
f 5838 3581 5839
f 2763 5031 2768
f 2768 5031 5036
f 5839 3585 5840
f 3581 3585 5839
f 2762 5029 2763
f 2763 5029 5031
f 5840 3586 5841
f 3585 3586 5840
f 2757 5025 2762
f 2762 5025 5029
f 5841 3590 5842
f 3586 3590 5841
f 5025 2756 5023
f 2757 2756 5025
f 3592 5843 3590
f 3590 5843 5842
f 5023 2751 5019
f 2756 2751 5023
f 3597 5844 3592
f 3592 5844 5843
f 2751 2750 5019
f 5019 2750 5018
f 5018 2750 5014
f 3597 5845 5844
f 3598 5845 3597
f 2750 2745 5014
f 5014 2745 5013
f 3603 5846 3598
f 3598 5846 5845
f 3604 5846 3603
f 2745 2744 5013
f 3604 5847 5846
f 2744 2739 5013
f 5013 2739 5009
f 5009 2739 5008
f 3604 5848 5847
f 3609 5848 3604
f 2739 2738 5008
f 3609 5849 5848
f 3610 5849 3609
f 5008 2734 5004
f 2738 2734 5008
f 3610 5850 5849
f 3615 5850 3610
f 5004 2733 5003
f 2734 2733 5004
f 3615 5851 5850
f 3621 5851 3616
f 3616 5851 3615
f 5003 2729 4999
f 2733 2729 5003
f 3621 5852 5851
f 4999 2728 4997
f 2729 2728 4999
f 3621 5853 5852
f 3622 5853 3621
f 4997 2724 4994
f 2728 2724 4997
f 3622 5854 5853
f 3627 5854 3622
f 4994 2723 4993
f 2724 2723 4994
f 3627 5855 5854
f 3628 5855 3627
f 2723 2719 4993
f 4993 2719 4989
f 3628 5856 5855
f 3636 5856 3628
f 2719 2718 4989
f 4989 2718 4988
f 4988 2718 4984
f 3636 5857 5856
f 3633 5857 3636
f 2718 2714 4984
f 3633 2659 5857
f 3635 2659 3633
f 2714 2710 4984
f 4984 2710 4980
f 4931 2658 3635
f 3635 2658 2659
f 2710 2709 4980
f 4980 2709 4979
f 4928 2656 4931
f 4931 2656 2658
f 4979 2705 4976
f 2709 2705 4979
f 4928 2657 2656
f 4930 2657 4928
f 4976 2704 4975
f 4975 2704 4972
f 2705 2704 4976
f 4930 2661 2657
f 4932 2661 4930
f 2704 2701 4972
f 4932 2662 2661
f 4935 2662 4934
f 4934 2662 4932
f 4972 2700 4970
f 2701 2700 4972
f 4935 2664 2662
f 2700 2697 4970
f 4970 2697 4968
f 4968 2697 4966
f 4935 2665 2664
f 4937 2665 4935
f 2697 2696 4966
f 4937 2667 2665
f 4940 2667 4938
f 4938 2667 4937
f 2696 2693 4966
f 4966 2693 4964
f 4940 2668 2667
f 2693 2692 4964
f 4964 2692 4962
f 4940 2670 2668
f 4943 2670 4941
f 4941 2670 4940
f 2692 2689 4962
f 4962 2689 4960
f 4943 2671 2670
f 2689 2688 4960
f 4960 2688 4958
f 4943 2673 2671
f 4944 2673 4943
f 2688 2685 4958
f 4958 2685 4956
f 4956 2685 4954
f 4944 2674 2673
f 4947 2674 4946
f 4946 2674 4944
f 2685 2684 4954
f 4947 2676 2674
f 2684 2681 4954
f 4954 2681 4952
f 4947 2677 2676
f 4949 2677 4947
f 2681 2680 4952
f 4949 2680 2677
f 4952 2680 4950
f 4950 2680 4949
f 5858 5823 5821
f 5858 5825 5823
f 5858 2802 5825
f 5859 5819 5817
f 5859 5821 5819
f 5859 5858 5821
f 5860 5815 5813
f 5860 5817 5815
f 5860 5859 5817
f 5861 5811 5809
f 5861 5813 5811
f 5861 5860 5813
f 5862 5807 5805
f 5862 5809 5807
f 5862 5861 5809
f 5863 5803 5801
f 5863 5805 5803
f 5863 5862 5805
f 5864 5799 5796
f 5864 5801 5799
f 5864 5863 5801
f 5865 2802 5858
f 5866 5864 5796
f 5866 5797 5798
f 5866 5796 5797
f 5867 5865 5858
f 5867 5858 5859
f 5868 5800 5802
f 5868 5798 5800
f 5868 5866 5798
f 5869 5867 5859
f 5869 5859 5860
f 5870 5868 5802
f 5870 5804 5806
f 5870 5802 5804
f 5871 5860 5861
f 5871 5869 5860
f 5872 5808 5810
f 5872 5806 5808
f 5872 5870 5806
f 5873 5861 5862
f 5873 5871 5861
f 5874 5812 5814
f 5874 5810 5812
f 5874 5872 5810
f 5875 5862 5863
f 5875 5873 5862
f 5876 5816 5818
f 5876 5814 5816
f 5876 5874 5814
f 5877 5863 5864
f 5877 5875 5863
f 5878 5876 5818
f 5878 5820 5822
f 5878 5818 5820
f 5879 2802 5865
f 5880 5877 5864
f 5880 5864 5866
f 5881 5824 5826
f 5881 5822 5824
f 5881 5878 5822
f 5882 5865 5867
f 5882 5879 5865
f 5883 5880 5866
f 5883 5866 5868
f 5884 5826 5827
f 5884 5881 5826
f 5885 5882 5867
f 5885 5867 5869
f 5886 5868 5870
f 5886 5883 5868
f 5887 5828 5829
f 5887 5827 5828
f 5887 5884 5827
f 5888 5885 5869
f 5888 5869 5871
f 5889 5870 5872
f 5889 5886 5870
f 5890 5830 5831
f 5890 5829 5830
f 5890 5887 5829
f 5891 5888 5871
f 5891 5871 5873
f 5892 5889 5872
f 5892 5872 5874
f 5893 5832 5833
f 5893 5831 5832
f 5893 5890 5831
f 5894 5891 5873
f 5894 5873 5875
f 5895 5874 5876
f 5895 5892 5874
f 5896 5834 5835
f 5896 5833 5834
f 5896 5893 5833
f 5897 5894 5875
f 5897 5875 5877
f 5898 5876 5878
f 5898 5895 5876
f 5899 5836 5837
f 5899 5835 5836
f 5899 5896 5835
f 5900 2802 5879
f 5901 5897 5877
f 5901 5877 5880
f 5901 5880 5883
f 5902 5898 5878
f 5902 5878 5881
f 5903 5838 5839
f 5903 5837 5838
f 5903 5899 5837
f 5904 5879 5882
f 5904 5900 5879
f 5905 5901 5883
f 5906 5881 5884
f 5906 5884 5887
f 5906 5902 5881
f 5907 5840 5841
f 5907 5839 5840
f 5907 5903 5839
f 5908 5882 5885
f 5908 5904 5882
f 5908 5885 5888
f 5909 5883 5886
f 5909 5905 5883
f 5910 5906 5887
f 5911 5842 5843
f 5911 5841 5842
f 5911 5907 5841
f 5912 5908 5888
f 5913 5886 5889
f 5913 5909 5886
f 5914 5887 5890
f 5914 5890 5893
f 5914 5910 5887
f 5915 5911 5843
f 5915 5844 5845
f 5915 5843 5844
f 5916 5912 5888
f 5916 5888 5891
f 5917 5889 5892
f 5917 5913 5889
f 5918 5914 5893
f 5919 5846 5847
f 5919 5845 5846
f 5919 5915 5845
f 5920 5891 5894
f 5920 5916 5891
f 5921 5917 5892
f 5921 5892 5895
f 5921 5895 5898
f 5922 5893 5896
f 5922 5918 5893
f 5923 5848 5849
f 5923 5847 5848
f 5923 5919 5847
f 5924 5920 5894
f 5924 5894 5897
f 5925 5921 5898
f 5926 5922 5896
f 5926 5896 5899
f 5926 5899 5903
f 5927 5850 5851
f 5927 5849 5850
f 5927 5923 5849
f 5928 2802 5900
f 5929 5924 5897
f 5929 5897 5901
f 5930 5925 5898
f 5930 5898 5902
f 5931 5926 5903
f 5932 5852 5853
f 5932 5851 5852
f 5932 5927 5851
f 5933 5928 5900
f 5933 5900 5904
f 5934 5905 5909
f 5934 5929 5901
f 5934 5901 5905
f 5935 5930 5902
f 5935 5902 5906
f 5936 5907 5911
f 5936 5931 5903
f 5936 5903 5907
f 5937 5854 5855
f 5937 5853 5854
f 5937 5932 5853
f 5938 5908 5912
f 5938 5933 5904
f 5938 5904 5908
f 5939 5934 5909
f 5940 5910 5914
f 5940 5935 5906
f 5940 5906 5910
f 5941 5936 5911
f 5942 5857 2659
f 5942 5856 5857
f 5942 5855 5856
f 5942 5937 5855
f 5943 5938 5912
f 5943 5912 5916
f 5944 5909 5913
f 5944 5939 5909
f 5945 5940 5914
f 5946 5911 5915
f 5946 5941 5911
f 5947 5943 5916
f 5948 5913 5917
f 5948 5944 5913
f 5949 5945 5914
f 5949 5914 5918
f 5950 5915 5919
f 5950 5919 5923
f 5950 5946 5915
f 5951 5920 5924
f 5951 5947 5916
f 5951 5916 5920
f 5952 5917 5921
f 5952 5948 5917
f 5953 5918 5922
f 5953 5949 5918
f 5954 5950 5923
f 5955 5951 5924
f 5956 5952 5921
f 5956 5921 5925
f 5957 5953 5922
f 5957 5926 5931
f 5957 5922 5926
f 5958 5954 5923
f 5958 5923 5927
f 5958 5927 5932
f 5959 2802 5928
f 5960 5924 5929
f 5960 5929 5934
f 5960 5955 5924
f 5961 5956 5925
f 5961 5925 5930
f 5962 5957 5931
f 5963 5958 5932
f 5964 5928 5933
f 5964 5959 5928
f 5965 5960 5934
f 5966 5961 5930
f 5966 5930 5935
f 5966 5935 5940
f 5967 5962 5931
f 5967 5931 5936
f 5967 5936 5941
f 5968 5963 5932
f 5968 5932 5937
f 5969 5964 5933
f 5969 5933 5938
f 5969 5938 5943
f 5970 5934 5939
f 5970 5965 5934
f 5971 5966 5940
f 5972 5967 5941
f 5973 5942 2659
f 5973 5937 5942
f 5973 5968 5937
f 5974 5969 5943
f 5975 5939 5944
f 5975 5970 5939
f 5976 5940 5945
f 5976 5945 5949
f 5976 5971 5940
f 5977 5972 5941
f 5977 5941 5946
f 5978 5974 5943
f 5978 5943 5947
f 5979 5944 5948
f 5979 5948 5952
f 5979 5975 5944
f 5980 5976 5949
f 5981 5946 5950
f 5981 5977 5946
f 5982 5978 5947
f 5982 5947 5951
f 5983 5979 5952
f 5984 5980 5949
f 5984 5949 5953
f 5985 5950 5954
f 5985 5981 5950
f 5986 5982 5951
f 5986 5951 5955
f 5987 5952 5956
f 5987 5983 5952
f 5988 5953 5957
f 5988 5984 5953
f 5988 5957 5962
f 5989 5985 5954
f 5989 5954 5958
f 5990 2802 5959
f 5991 5986 5955
f 5991 5955 5960
f 5992 5956 5961
f 5992 5987 5956
f 5993 5988 5962
f 5994 5989 5958
f 5994 5958 5963
f 5994 5963 5968
f 5995 5990 5959
f 5995 5959 5964
f 5996 5960 5965
f 5996 5991 5960
f 5996 5965 5970
f 5997 5992 5961
f 5997 5961 5966
f 5998 5993 5962
f 5998 5962 5967
f 5998 5967 5972
f 5999 5994 5968
f 6000 5995 5964
f 6000 5964 5969
f 6001 5996 5970
f 6002 5997 5966
f 6002 5966 5971
f 6002 5971 5976
f 6003 5998 5972
f 6004 5999 5968
f 6004 5968 5973
f 6004 5973 2659
f 6005 5969 5974
f 6005 6000 5969
f 6006 5975 5979
f 6006 5970 5975
f 6006 6001 5970
f 6007 6002 5976
f 6008 5972 5977
f 6008 6003 5972
f 6009 5974 5978
f 6009 6005 5974
f 6010 6006 5979
f 6011 5976 5980
f 6011 6007 5976
f 6012 5977 5981
f 6012 5981 5985
f 6012 6008 5977
f 6013 6009 5978
f 6013 5978 5982
f 6014 5979 5983
f 6014 6010 5979
f 6015 6011 5980
f 6015 5980 5984
f 6016 6012 5985
f 6017 5982 5986
f 6017 6013 5982
f 6018 6014 5983
f 6018 5983 5987
f 6018 5987 5992
f 6019 6015 5984
f 6019 5984 5988
f 6019 5988 5993
f 6020 6016 5985
f 6020 5985 5989
f 6021 2802 5990
f 6022 6017 5986
f 6022 5991 5996
f 6022 5986 5991
f 6023 6018 5992
f 6023 5992 5997
f 6024 6019 5993
f 6025 6020 5989
f 6025 5989 5994
f 6026 6021 5990
f 6026 5990 5995
f 6027 6022 5996
f 6028 5997 6002
f 6028 6023 5997
f 6029 6024 5993
f 6029 5993 5998
f 6029 5998 6003
f 6030 6025 5994
f 6030 5999 6004
f 6030 5994 5999
f 6031 5995 6000
f 6031 6026 5995
f 6032 6027 5996
f 6032 5996 6001
f 6033 6028 6002
f 6034 6029 6003
f 6035 6030 6004
f 6035 6004 2659
f 6036 6000 6005
f 6036 6031 6000
f 6037 6001 6006
f 6037 6032 6001
f 6038 6033 6002
f 6038 6002 6007
f 6038 6007 6011
f 6039 6003 6008
f 6039 6034 6003
f 6040 6005 6009
f 6040 6036 6005
f 6041 6006 6010
f 6041 6037 6006
f 6042 6038 6011
f 6043 6012 6016
f 6043 6039 6008
f 6043 6008 6012
f 6044 6040 6009
f 6044 6009 6013
f 6045 6010 6014
f 6045 6041 6010
f 6046 6011 6015
f 6046 6042 6011
f 6047 6043 6016
f 6048 6044 6013
f 6048 6013 6017
f 6049 6014 6018
f 6049 6045 6014
f 6050 6046 6015
f 6050 6015 6019
f 6051 6047 6016
f 6051 6016 6020
f 6051 6020 6025
f 6052 2802 6021
f 6053 6017 6022
f 6053 6022 6027
f 6053 6048 6017
f 6054 6018 6023
f 6054 6023 6028
f 6054 6049 6018
f 6055 6050 6019
f 6055 6019 6024
f 6056 6051 6025
f 6057 6052 6021
f 6057 6026 6031
f 6057 6021 6026
f 6058 6053 6027
f 6059 6054 6028
f 6060 6024 6029
f 6060 6055 6024
f 6060 6029 6034
f 6061 6056 6025
f 6061 6025 6030
f 6061 6030 6035
f 6062 6057 6031
f 6063 6058 6027
f 6063 6027 6032
f 6064 6059 6028
f 6064 6028 6033
f 6065 6060 6034
f 6066 6061 6035
f 6066 6035 2659
f 6067 6036 6040
f 6067 6062 6031
f 6067 6031 6036
f 6068 6032 6037
f 6068 6063 6032
f 6069 6064 6033
f 6069 6033 6038
f 6069 6038 6042
f 6070 6065 6034
f 6070 6034 6039
f 6071 6067 6040
f 6072 6068 6037
f 6072 6037 6041
f 6073 6069 6042
f 6074 6039 6043
f 6074 6070 6039
f 6075 6044 6048
f 6075 6071 6040
f 6075 6040 6044
f 6076 6041 6045
f 6076 6072 6041
f 6077 6042 6046
f 6077 6073 6042
f 6078 6074 6043
f 6078 6043 6047
f 6079 6075 6048
f 6080 6045 6049
f 6080 6076 6045
f 6081 6046 6050
f 6081 6077 6046
f 6082 6078 6047
f 6082 6047 6051
f 6083 2802 6052
f 6084 6079 6048
f 6084 6048 6053
f 6085 6080 6049
f 6085 6049 6054
f 6086 6050 6055
f 6086 6081 6050
f 6087 6051 6056
f 6087 6056 6061
f 6087 6082 6051
f 6088 6052 6057
f 6088 6083 6052
f 6089 6053 6058
f 6089 6084 6053
f 6090 6085 6054
f 6090 6054 6059
f 6090 6059 6064
f 6091 6060 6065
f 6091 6086 6055
f 6091 6055 6060
f 6092 6087 6061
f 6093 6057 6062
f 6093 6088 6057
f 6094 6089 6058
f 6094 6058 6063
f 6095 6090 6064
f 6096 6091 6065
f 6097 6061 6066
f 6097 6092 6061
f 6097 6066 2659
f 6098 6093 6062
f 6098 6062 6067
f 6099 6068 6072
f 6099 6094 6063
f 6099 6063 6068
f 6100 6095 6064
f 6100 6064 6069
f 6100 6069 6073
f 6101 6065 6070
f 6101 6096 6065
f 6102 6098 6067
f 6102 6067 6071
f 6103 6099 6072
f 6103 6072 6076
f 6104 6100 6073
f 6105 6101 6070
f 6105 6070 6074
f 6106 6071 6075
f 6106 6102 6071
f 6107 6103 6076
f 6108 6073 6077
f 6108 6104 6073
f 6109 6105 6074
f 6109 6074 6078
f 6110 6075 6079
f 6110 6106 6075
f 6111 6076 6080
f 6111 6107 6076
f 6112 6108 6077
f 6112 6077 6081
f 6113 6082 6087
f 6113 6078 6082
f 6113 6109 6078
f 6114 2802 6083
f 6115 6110 6079
f 6115 6079 6084
f 6116 6085 6090
f 6116 6111 6080
f 6116 6080 6085
f 6117 6086 6091
f 6117 6081 6086
f 6117 6112 6081
f 6118 6113 6087
f 6119 6083 6088
f 6119 6114 6083
f 6120 6115 6084
f 6120 6084 6089
f 6121 6116 6090
f 6122 6117 6091
f 6123 6087 6092
f 6123 6092 6097
f 6123 6118 6087
f 6124 6119 6088
f 6124 6088 6093
f 6125 6089 6094
f 6125 6120 6089
f 6126 6090 6095
f 6126 6121 6090
f 6127 6122 6091
f 6127 6091 6096
f 6128 6123 6097
f 6128 6097 2659
f 6129 6124 6093
f 6129 6093 6098
f 6130 6125 6094
f 6130 6094 6099
f 6131 6100 6104
f 6131 6126 6095
f 6131 6095 6100
f 6132 6127 6096
f 6132 6096 6101
f 6133 6098 6102
f 6133 6129 6098
f 6134 6130 6099
f 6134 6099 6103
f 6134 6103 6107
f 6135 6131 6104
f 6136 6132 6101
f 6136 6101 6105
f 6137 6133 6102
f 6137 6102 6106
f 6138 6134 6107
f 6139 6135 6104
f 6139 6104 6108
f 6140 6136 6105
f 6140 6105 6109
f 6141 6106 6110
f 6141 6137 6106
f 6142 6107 6111
f 6142 6138 6107
f 6143 6139 6108
f 6143 6108 6112
f 6144 6109 6113
f 6144 6140 6109
f 6145 2802 6114
f 6146 6110 6115
f 6146 6141 6110
f 6147 6111 6116
f 6147 6142 6111
f 6148 6112 6117
f 6148 6143 6112
f 6149 6113 6118
f 6149 6144 6113
f 6150 6114 6119
f 6150 6145 6114
f 6151 6115 6120
f 6151 6146 6115
f 6152 6147 6116
f 6152 6116 6121
f 6153 6122 6127
f 6153 6117 6122
f 6153 6148 6117
f 6154 6118 6123
f 6154 6149 6118
f 6154 6123 6128
f 6155 6119 6124
f 6155 6150 6119
f 6156 6120 6125
f 6156 6151 6120
f 6157 6121 6126
f 6157 6152 6121
f 6158 6153 6127
f 6159 6154 6128
f 6159 6128 2659
f 6160 6129 6133
f 6160 6155 6124
f 6160 6124 6129
f 6161 6125 6130
f 6161 6156 6125
f 6162 6126 6131
f 6162 6157 6126
f 6163 6158 6127
f 6163 6127 6132
f 6164 6160 6133
f 6165 6130 6134
f 6165 6161 6130
f 6165 6134 6138
f 6166 6162 6131
f 6166 6131 6135
f 6167 6163 6132
f 6167 6132 6136
f 6168 6164 6133
f 6168 6133 6137
f 6169 6165 6138
f 6170 6166 6135
f 6170 6135 6139
f 6171 6140 6144
f 6171 6167 6136
f 6171 6136 6140
f 6172 6137 6141
f 6172 6168 6137
f 6173 6169 6138
f 6173 6138 6142
f 6173 6142 6147
f 6174 6143 6148
f 6174 6139 6143
f 6174 6170 6139
f 6175 6171 6144
f 6176 2472 2802
f 6176 2802 6145
f 6177 6172 6141
f 6177 6141 6146
f 6178 6173 6147
f 6179 6174 6148
f 6180 6175 6144
f 6180 6144 6149
f 6181 6145 6150
f 6181 6176 6145
f 6182 6146 6151
f 6182 6177 6146
f 6183 6178 6147
f 6183 6152 6157
f 6183 6147 6152
f 6184 6148 6153
f 6184 6179 6148
f 6185 6180 6149
f 6185 6149 6154
f 6186 6150 6155
f 6186 6181 6150
f 6187 6182 6151
f 6187 6156 6161
f 6187 6151 6156
f 6188 6183 6157
f 6189 6184 6153
f 6189 6153 6158
f 6190 6185 6154
f 6190 6154 6159
f 6190 6159 2659
f 6191 6155 6160
f 6191 6186 6155
f 6192 6187 6161
f 6193 6188 6157
f 6193 6157 6162
f 6193 6162 6166
f 6194 6189 6158
f 6194 6158 6163
f 6195 6160 6164
f 6195 6191 6160
f 6196 6161 6165
f 6196 6192 6161
f 6196 6165 6169
f 6197 6193 6166
f 6198 6194 6163
f 6198 6163 6167
f 6198 6167 6171
f 6199 6195 6164
f 6199 6164 6168
f 6200 6196 6169
f 6201 6197 6166
f 6201 6166 6170
f 6202 6198 6171
f 6203 6199 6168
f 6203 6168 6172
f 6204 6200 6169
f 6204 6169 6173
f 6205 6201 6170
f 6205 6170 6174
f 6206 6171 6175
f 6206 6202 6171
f 6207 2472 6176
f 6208 6203 6172
f 6208 6172 6177
f 6209 6173 6178
f 6209 6204 6173
f 6210 6205 6174
f 6210 6174 6179
f 6211 6206 6175
f 6211 6175 6180
f 6212 6176 6181
f 6212 6207 6176
f 6213 6177 6182
f 6213 6208 6177
f 6214 6183 6188
f 6214 6178 6183
f 6214 6209 6178
f 6215 6179 6184
f 6215 6210 6179
f 6216 6180 6185
f 6216 6211 6180
f 6217 6212 6181
f 6217 6181 6186
f 6218 6182 6187
f 6218 6213 6182
f 6219 6188 6193
f 6219 6214 6188
f 6220 6184 6189
f 6220 6215 6184
f 6221 6216 6185
f 6221 6190 2659
f 6221 6185 6190
f 6222 6217 6186
f 6222 6186 6191
f 6223 6218 6187
f 6223 6187 6192
f 6224 6219 6193
f 6225 6189 6194
f 6225 6220 6189
f 6226 6195 6199
f 6226 6222 6191
f 6226 6191 6195
f 6227 6223 6192
f 6227 6196 6200
f 6227 6192 6196
f 6228 6224 6193
f 6228 6193 6197
f 6229 6225 6194
f 6229 6194 6198
f 6229 6198 6202
f 6230 6226 6199
f 6231 6227 6200
f 6232 6228 6197
f 6232 6197 6201
f 6233 6229 6202
f 6234 6230 6199
f 6234 6199 6203
f 6235 6231 6200
f 6235 6200 6204
f 6236 6201 6205
f 6236 6205 6210
f 6236 6232 6201
f 6237 6233 6202
f 6237 6202 6206
f 6238 2472 6207
f 6238 6207 6212
f 6239 6234 6203
f 6239 6203 6208
f 6240 6235 6204
f 6240 6204 6209
f 6241 6236 6210
f 6242 6206 6211
f 6242 6237 6206
f 6243 6238 6212
f 6244 6208 6213
f 6244 6239 6208
f 6245 6240 6209
f 6245 6209 6214
f 6246 6210 6215
f 6246 6241 6210
f 6246 6215 6220
f 6247 6211 6216
f 6247 6242 6211
f 6248 6212 6217
f 6248 6243 6212
f 6249 6213 6218
f 6249 6244 6213
f 6250 6214 6219
f 6250 6219 6224
f 6250 6245 6214
f 6251 6246 6220
f 6252 6216 6221
f 6252 6221 2659
f 6252 6247 6216
f 6253 6217 6222
f 6253 6248 6217
f 6254 6249 6218
f 6254 6218 6223
f 6254 6223 6227
f 6255 6250 6224
f 6256 6251 6220
f 6256 6220 6225
f 6257 6222 6226
f 6257 6253 6222
f 6258 6254 6227
f 6259 6255 6224
f 6259 6224 6228
f 6260 6256 6225
f 6260 6225 6229
f 6260 6229 6233
f 6261 6226 6230
f 6261 6257 6226
f 6262 6258 6227
f 6262 6227 6231
f 6263 6259 6228
f 6263 6228 6232
f 6264 6260 6233
f 6265 6261 6230
f 6265 6230 6234
f 6266 6262 6231
f 6266 6231 6235
f 6267 6263 6232
f 6267 6232 6236
f 6267 6236 6241
f 6268 6233 6237
f 6268 6264 6233
f 6269 2472 6238
f 6270 6265 6234
f 6270 6234 6239
f 6271 6266 6235
f 6271 6235 6240
f 6272 6267 6241
f 6273 6268 6237
f 6273 6237 6242
f 6274 6238 6243
f 6274 6243 6248
f 6274 6269 6238
f 6275 6239 6244
f 6275 6270 6239
f 6276 6240 6245
f 6276 6271 6240
f 6277 6272 6241
f 6277 6241 6246
f 6278 6273 6242
f 6278 6242 6247
f 6279 6274 6248
f 6280 6249 6254
f 6280 6244 6249
f 6280 6275 6244
f 6281 6276 6245
f 6281 6245 6250
f 6282 6277 6246
f 6282 6246 6251
f 6283 6247 6252
f 6283 6252 2659
f 6283 6278 6247
f 6284 6279 6248
f 6284 6248 6253
f 6285 6280 6254
f 6286 6281 6250
f 6286 6250 6255
f 6287 6251 6256
f 6287 6282 6251
f 6288 6257 6261
f 6288 6284 6253
f 6288 6253 6257
f 6289 6285 6254
f 6289 6258 6262
f 6289 6254 6258
f 6290 6286 6255
f 6290 6255 6259
f 6291 6256 6260
f 6291 6287 6256
f 6292 6288 6261
f 6293 6289 6262
f 6294 6259 6263
f 6294 6290 6259
f 6295 6291 6260
f 6295 6260 6264
f 6296 6261 6265
f 6296 6292 6261
f 6297 6262 6266
f 6297 6293 6262
f 6297 6266 6271
f 6298 6263 6267
f 6298 6294 6263
f 6299 6295 6264
f 6299 6264 6268
f 6299 6268 6273
f 6300 2472 6269
f 6301 6270 6275
f 6301 6296 6265
f 6301 6265 6270
f 6302 6297 6271
f 6303 6267 6272
f 6303 6298 6267
f 6303 6272 6277
f 6304 6299 6273
f 6305 6300 6269
f 6305 6269 6274
f 6306 6275 6280
f 6306 6301 6275
f 6307 6271 6276
f 6307 6302 6271
f 6307 6276 6281
f 6308 6303 6277
f 6309 6273 6278
f 6309 6304 6273
f 6310 6279 6284
f 6310 6305 6274
f 6310 6274 6279
f 6311 6306 6280
f 6312 6281 6286
f 6312 6307 6281
f 6313 6277 6282
f 6313 6308 6277
f 6314 6283 2659
f 6314 6278 6283
f 6314 6309 6278
f 6314 2659 2493
f 6315 6310 6284
f 6316 6280 6285
f 6316 6311 6280
f 6317 6312 6286
f 6318 6282 6287
f 6318 6313 6282
f 6319 6315 6284
f 6319 6284 6288
f 6320 6285 6289
f 6320 6316 6285
f 6321 6286 6290
f 6321 6317 6286
f 6322 6318 6287
f 6322 6287 6291
f 6323 6319 6288
f 6323 6288 6292
f 6324 6320 6289
f 6324 6289 6293
f 6325 6321 6290
f 6325 6290 6294
f 6326 6291 6295
f 6326 6322 6291
f 6327 6292 6296
f 6327 6323 6292
f 6328 6324 6293
f 6328 6293 6297
f 6329 6325 6294
f 6329 6294 6298
f 6330 6326 6295
f 6330 6295 6299
f 6330 6299 6304
f 6331 6300 6305
f 6331 2472 6300
f 6332 6296 6301
f 6332 6327 6296
f 6333 6297 6302
f 6333 6328 6297
f 6334 6298 6303
f 6334 6329 6298
f 6335 6330 6304
f 6336 6331 6305
f 6337 6332 6301
f 6337 6301 6306
f 6338 6302 6307
f 6338 6333 6302
f 6339 6303 6308
f 6339 6334 6303
f 6340 6335 6304
f 6340 6304 6309
f 6341 6336 6305
f 6341 6305 6310
f 6342 6306 6311
f 6342 6337 6306
f 6343 6307 6312
f 6343 6312 6317
f 6343 6338 6307
f 6344 6308 6313
f 6344 6339 6308
f 6345 6309 6314
f 6345 6314 2493
f 6345 6340 6309
f 6346 6310 6315
f 6346 6341 6310
f 6347 6311 6316
f 6347 6316 6320
f 6347 6342 6311
f 6348 6343 6317
f 6349 6313 6318
f 6349 6344 6313
f 6350 6346 6315
f 6350 6315 6319
f 6351 6347 6320
f 6352 6317 6321
f 6352 6348 6317
f 6353 6318 6322
f 6353 6349 6318
f 6354 6319 6323
f 6354 6350 6319
f 6354 6323 6327
f 6355 6351 6320
f 6355 6320 6324
f 6356 6352 6321
f 6356 6325 6329
f 6356 6321 6325
f 6357 6353 6322
f 6357 6322 6326
f 6358 6354 6327
f 6359 6355 6324
f 6359 6324 6328
f 6360 6356 6329
f 6361 6357 6326
f 6361 6326 6330
f 6361 6330 6335
f 6362 2472 6331
f 6363 6358 6327
f 6363 6327 6332
f 6364 6328 6333
f 6364 6359 6328
f 6365 6360 6329
f 6365 6329 6334
f 6366 6361 6335
f 6367 6362 6331
f 6367 6331 6336
f 6368 6363 6332
f 6368 6337 6342
f 6368 6332 6337
f 6369 6364 6333
f 6369 6333 6338
f 6370 6334 6339
f 6370 6365 6334
f 6371 6366 6335
f 6371 6335 6340
f 6372 6336 6341
f 6372 6367 6336
f 6373 6342 6347
f 6373 6368 6342
f 6374 6369 6338
f 6374 6338 6343
f 6375 6370 6339
f 6375 6344 6349
f 6375 6339 6344
f 6376 6340 6345
f 6376 6371 6340
f 6376 6345 2493
f 6377 6372 6341
f 6377 6341 6346
f 6378 6373 6347
f 6378 6347 6351
f 6379 6348 6352
f 6379 6374 6343
f 6379 6343 6348
f 6380 6375 6349
f 6381 6346 6350
f 6381 6377 6346
f 6382 6378 6351
f 6383 6379 6352
f 6384 6349 6353
f 6384 6353 6357
f 6384 6380 6349
f 6385 6350 6354
f 6385 6381 6350
f 6386 6351 6355
f 6386 6355 6359
f 6386 6382 6351
f 6387 6383 6352
f 6387 6352 6356
f 6388 6384 6357
f 6389 6385 6354
f 6389 6354 6358
f 6390 6386 6359
f 6391 6387 6356
f 6391 6356 6360
f 6392 6388 6357
f 6392 6357 6361
f 6392 6361 6366
f 6393 2472 6362
f 6394 6358 6363
f 6394 6389 6358
f 6394 6363 6368
f 6395 6390 6359
f 6395 6359 6364
f 6396 6360 6365
f 6396 6365 6370
f 6396 6391 6360
f 6397 6392 6366
f 6398 6393 6362
f 6398 6362 6367
f 6399 6394 6368
f 6400 6395 6364
f 6400 6364 6369
f 6401 6396 6370
f 6402 6366 6371
f 6402 6397 6366
f 6403 6398 6367
f 6403 6367 6372
f 6404 6368 6373
f 6404 6399 6368
f 6405 6400 6369
f 6405 6369 6374
f 6406 6401 6370
f 6406 6370 6375
f 6407 6402 6371
f 6407 6371 6376
f 6407 6376 2493
f 6408 6403 6372
f 6408 6372 6377
f 6409 6373 6378
f 6409 6404 6373
f 6410 6374 6379
f 6410 6405 6374
f 6411 6375 6380
f 6411 6380 6384
f 6411 6406 6375
f 6412 6408 6377
f 6412 6377 6381
f 6413 6382 6386
f 6413 6409 6378
f 6413 6378 6382
f 6414 6379 6383
f 6414 6383 6387
f 6414 6410 6379
f 6415 6411 6384
f 6416 6385 6389
f 6416 6381 6385
f 6416 6412 6381
f 6417 6413 6386
f 6418 6414 6387
f 6419 6384 6388
f 6419 6415 6384
f 6420 6416 6389
f 6421 6386 6390
f 6421 6417 6386
f 6422 6387 6391
f 6422 6418 6387
f 6423 6419 6388
f 6423 6388 6392
f 6423 6392 6397
f 6424 2472 6393
f 6425 6420 6389
f 6425 6394 6399
f 6425 6389 6394
f 6426 6421 6390
f 6426 6390 6395
f 6427 6391 6396
f 6427 6422 6391
f 6428 6423 6397
f 6429 6424 6393
f 6429 6393 6398
f 6430 6425 6399
f 6431 6395 6400
f 6431 6426 6395
f 6432 6396 6401
f 6432 6427 6396
f 6433 6397 6402
f 6433 6428 6397
f 6434 6429 6398
f 6434 6398 6403
f 6435 6404 6409
f 6435 6430 6399
f 6435 6399 6404
f 6436 6400 6405
f 6436 6405 6410
f 6436 6431 6400
f 6437 6432 6401
f 6437 6401 6406
f 6437 6406 6411
f 6438 6433 6402
f 6438 6407 2493
f 6438 6402 6407
f 6439 6434 6403
f 6439 6403 6408
f 6440 6435 6409
f 6441 6436 6410
f 6442 6437 6411
f 6443 6439 6408
f 6443 6408 6412
f 6444 6409 6413
f 6444 6440 6409
f 6444 6413 6417
f 6445 6414 6418
f 6445 6410 6414
f 6445 6441 6410
f 6446 6411 6415
f 6446 6442 6411
f 6447 6412 6416
f 6447 6443 6412
f 6448 6417 6421
f 6448 6444 6417
f 6449 6445 6418
f 6450 6415 6419
f 6450 6446 6415
f 6451 6447 6416
f 6451 6416 6420
f 6452 6448 6421
f 6453 6418 6422
f 6453 6449 6418
f 6453 6422 6427
f 6454 6450 6419
f 6454 6419 6423
f 6455 2472 6424
f 6456 6420 6425
f 6456 6451 6420
f 6457 6421 6426
f 6457 6452 6421
f 6458 6453 6427
f 6459 6454 6423
f 6459 6423 6428
f 6459 6428 6433
f 6460 6455 6424
f 6460 6424 6429
f 6461 6456 6425
f 6461 6425 6430
f 6462 6426 6431
f 6462 6457 6426
f 6463 6432 6437
f 6463 6458 6427
f 6463 6427 6432
f 6464 6459 6433
f 6464 6433 6438
f 6465 6434 6439
f 6465 6429 6434
f 6465 6460 6429
f 6466 6430 6435
f 6466 6461 6430
f 6467 6431 6436
f 6467 6462 6431
f 6467 6436 6441
f 6468 6463 6437
f 6469 6464 6438
f 6469 6438 2493
f 6470 6439 6443
f 6470 6465 6439
f 6471 6435 6440
f 6471 6466 6435
f 6471 6440 6444
f 6472 6467 6441
f 6473 6442 6446
f 6473 6468 6437
f 6473 6437 6442
f 6474 6470 6443
f 6475 6471 6444
f 6476 6445 6449
f 6476 6472 6441
f 6476 6441 6445
f 6477 6473 6446
f 6478 6474 6443
f 6478 6447 6451
f 6478 6443 6447
f 6479 6444 6448
f 6479 6475 6444
f 6480 6476 6449
f 6481 6446 6450
f 6481 6477 6446
f 6482 6478 6451
f 6483 6448 6452
f 6483 6479 6448
f 6484 6480 6449
f 6484 6453 6458
f 6484 6449 6453
f 6485 6450 6454
f 6485 6481 6450
f 6485 6454 6459
f 6486 6455 6460
f 6486 2472 6455
f 6487 6451 6456
f 6487 6482 6451
f 6488 6483 6452
f 6488 6452 6457
f 6489 6484 6458
f 6490 6485 6459
f 6491 6486 6460
f 6492 6487 6456
f 6492 6456 6461
f 6492 6461 6466
f 6493 6457 6462
f 6493 6488 6457
f 6494 6458 6463
f 6494 6489 6458
f 6494 6463 6468
f 6495 6490 6459
f 6495 6459 6464
f 6495 6464 6469
f 6496 6491 6460
f 6496 6460 6465
f 6496 6465 6470
f 6497 6492 6466
f 6498 6493 6462
f 6498 6462 6467
f 6499 6494 6468
f 6500 6495 6469
f 6500 6469 2493
f 6501 6496 6470
f 6502 6466 6471
f 6502 6497 6466
f 6503 6467 6472
f 6503 6498 6467
f 6504 6499 6468
f 6504 6473 6477
f 6504 6468 6473
f 6505 6501 6470
f 6505 6470 6474
f 6506 6502 6471
f 6506 6471 6475
f 6507 6503 6472
f 6507 6472 6476
f 6508 6504 6477
f 6509 6505 6474
f 6509 6478 6482
f 6509 6474 6478
f 6510 6475 6479
f 6510 6506 6475
f 6511 6507 6476
f 6511 6476 6480
f 6512 6477 6481
f 6512 6508 6477
f 6513 6509 6482
f 6514 6510 6479
f 6514 6479 6483
f 6515 6480 6484
f 6515 6511 6480
f 6516 6481 6485
f 6516 6485 6490
f 6516 6512 6481
f 6517 2472 6486
f 6518 6482 6487
f 6518 6513 6482
f 6519 6514 6483
f 6519 6483 6488
f 6520 6484 6489
f 6520 6515 6484
f 6521 6516 6490
f 6522 6486 6491
f 6522 6517 6486
f 6523 6518 6487
f 6523 6487 6492
f 6524 6488 6493
f 6524 6519 6488
f 6525 6520 6489
f 6525 6489 6494
f 6526 6521 6490
f 6526 6490 6495
f 6526 6495 6500
f 6527 6491 6496
f 6527 6522 6491
f 6528 6492 6497
f 6528 6523 6492
f 6529 6524 6493
f 6529 6493 6498
f 6530 6525 6494
f 6530 6494 6499
f 6531 6526 6500
f 6531 6500 2493
f 6532 6527 6496
f 6532 6496 6501
f 6532 6501 6505
f 6533 6497 6502
f 6533 6528 6497
f 6534 6529 6498
f 6534 6498 6503
f 6535 6499 6504
f 6535 6504 6508
f 6535 6530 6499
f 6536 6532 6505
f 6537 6506 6510
f 6537 6533 6502
f 6537 6502 6506
f 6538 6534 6503
f 6538 6507 6511
f 6538 6503 6507
f 6539 6535 6508
f 6540 6536 6505
f 6540 6505 6509
f 6540 6509 6513
f 6541 6537 6510
f 6542 6538 6511
f 6543 6539 6508
f 6543 6508 6512
f 6544 6540 6513
f 6545 6510 6514
f 6545 6541 6510
f 6546 6511 6515
f 6546 6542 6511
f 6547 6516 6521
f 6547 6512 6516
f 6547 6543 6512
f 6548 6549 6550
f 6548 6550 6551
f 6548 6551 2472
f 6548 2472 6517
f 6552 6513 6518
f 6552 6544 6513
f 6553 6545 6514
f 6553 6514 6519
f 6554 6515 6520
f 6554 6546 6515
f 6555 6547 6521
f 6556 6548 6517
f 6556 6557 6558
f 6556 6558 6549
f 6556 6549 6548
f 6556 6517 6522
f 6559 6518 6523
f 6559 6552 6518
f 6560 6519 6524
f 6560 6553 6519
f 6561 6520 6525
f 6561 6554 6520
f 6562 6521 6526
f 6562 6555 6521
f 6563 6556 6522
f 6563 6564 6565
f 6563 6565 6557
f 6563 6522 6527
f 6563 6557 6556
f 6566 6523 6528
f 6566 6559 6523
f 6567 6524 6529
f 6567 6560 6524
f 6568 6525 6530
f 6568 6561 6525
f 6569 6562 6526
f 6569 6526 6531
f 6569 6531 2493
f 6570 6527 6532
f 6570 6571 6572
f 6570 6572 6564
f 6570 6563 6527
f 6570 6564 6563
f 6570 6532 6536
f 6573 6528 6533
f 6573 6566 6528
f 6574 6529 6534
f 6574 6567 6529
f 6575 6530 6535
f 6575 6568 6530
f 6576 6577 6578
f 6576 6578 6571
f 6576 6570 6536
f 6576 6571 6570
f 6579 6533 6537
f 6579 6573 6533
f 6579 6537 6541
f 6580 6534 6538
f 6580 6574 6534
f 6581 6575 6535
f 6581 6535 6539
f 6582 6540 6544
f 6582 6583 6584
f 6582 6584 6577
f 6582 6536 6540
f 6582 6577 6576
f 6582 6576 6536
f 6585 6579 6541
f 6586 6580 6538
f 6586 6538 6542
f 6587 6581 6539
f 6587 6539 6543
f 6588 6589 6590
f 6588 6590 6583
f 6588 6583 6582
f 6588 6582 6544
f 6591 6541 6545
f 6591 6585 6541
f 6592 6586 6542
f 6592 6542 6546
f 6593 6547 6555
f 6593 6543 6547
f 6593 6587 6543
f 6594 6595 6596
f 6594 6596 6589
f 6594 6589 6588
f 6594 6544 6552
f 6594 6588 6544
f 6597 6545 6553
f 6597 6591 6545
f 6598 6546 6554
f 6598 6592 6546
f 6599 6593 6555
f 6600 6601 6602
f 6600 6602 6595
f 6600 6594 6552
f 6600 6559 6566
f 6600 6552 6559
f 6600 6595 6594
f 6603 6553 6560
f 6603 6597 6553
f 6604 6561 6568
f 6604 6554 6561
f 6604 6598 6554
f 6605 6599 6555
f 6605 6555 6562
f 6606 6607 6608
f 6606 6608 6601
f 6606 6601 6600
f 6606 6600 6566
f 6609 6560 6567
f 6609 6567 6574
f 6609 6603 6560
f 6610 6604 6568
f 6611 6605 6562
f 6611 6562 6569
f 6611 6569 2493
f 6612 6613 6614
f 6612 6614 6607
f 6612 6566 6573
f 6612 6607 6606
f 6612 6606 6566
f 6615 6609 6574
f 6616 6575 6581
f 6616 6610 6568
f 6616 6568 6575
f 6617 6618 6619
f 6617 6619 6613
f 6617 6613 6612
f 6617 6612 6573
f 6617 6573 6579
f 6617 6579 6585
f 6620 6574 6580
f 6620 6615 6574
f 6621 6616 6581
f 6621 6581 6587
f 6622 6623 6624
f 6622 6624 6618
f 6622 6617 6585
f 6622 6618 6617
f 6625 6580 6586
f 6625 6620 6580
f 6626 6621 6587
f 6627 6628 6623
f 6627 6622 6585
f 6627 6623 6622
f 6627 6585 6591
f 6627 6629 6628
f 6630 6592 6598
f 6630 6586 6592
f 6630 6625 6586
f 6631 6626 6587
f 6631 6587 6593
f 6631 6593 6599
f 6632 6591 6597
f 6632 6629 6627
f 6632 6633 6634
f 6632 6634 6629
f 6632 6627 6591
f 6635 6630 6598
f 6636 6631 6599
f 6637 6603 6609
f 6637 6633 6632
f 6637 6597 6603
f 6637 6638 6633
f 6637 6632 6597
f 6639 6635 6598
f 6639 6598 6604
f 6639 6604 6610
f 6640 6599 6605
f 6640 6636 6599
f 6640 6605 6611
f 6641 6637 6609
f 6641 6638 6637
f 6641 6642 6643
f 6641 6643 6638
f 6644 6639 6610
f 6645 6611 2493
f 6645 6640 6611
f 6646 6641 6609
f 6646 6609 6615
f 6646 6642 6641
f 6646 6647 6648
f 6646 6648 6642
f 6649 6616 6621
f 6649 6610 6616
f 6649 6644 6610
f 6650 6620 6625
f 6650 6646 6615
f 6650 6615 6620
f 6650 6651 6652
f 6650 6647 6646
f 6650 6652 6647
f 6653 6649 6621
f 6654 6651 6650
f 6654 6650 6625
f 6654 6655 6656
f 6654 6656 6651
f 6657 6621 6626
f 6657 6653 6621
f 6658 6655 6654
f 6658 6654 6625
f 6658 6659 6660
f 6658 6660 6655
f 6658 6625 6630
f 6661 6657 6626
f 6661 6631 6636
f 6661 6626 6631
f 6662 6659 6658
f 6662 6658 6630
f 6662 6663 6664
f 6662 6664 6659
f 6662 6630 6635
f 6665 6661 6636
f 6666 6662 6635
f 6666 6663 6662
f 6666 6639 6644
f 6666 6635 6639
f 6666 6667 6668
f 6666 6668 6663
f 6669 6665 6636
f 6669 6636 6640
f 6670 6667 6666
f 6670 6666 6644
f 6670 6671 6672
f 6670 6672 6667
f 6673 6669 6640
f 6673 6645 2493
f 6673 6640 6645
f 6674 6670 6644
f 6674 6671 6670
f 6674 6644 6649
f 6674 6649 6653
f 6674 6675 6676
f 6674 6676 6671
f 6677 6675 6674
f 6677 6674 6653
f 6677 6653 6657
f 6677 6678 6679
f 6677 6679 6675
f 6680 6678 6677
f 6680 6677 6657
f 6680 6681 6682
f 6680 6682 6678
f 6683 6657 6661
f 6683 6680 6657
f 6683 6681 6680
f 6683 6684 6685
f 6683 6685 6681
f 6686 6661 6665
f 6686 6683 6661
f 6686 6684 6683
f 6686 6687 6688
f 6686 6688 6684
f 6689 6665 6669
f 6689 6686 6665
f 6689 6687 6686
f 6689 6690 6691
f 6689 6691 6687
f 6692 6673 2493
f 6692 6690 6689
f 6692 2493 6693
f 6692 6693 6694
f 6692 6694 6690
f 6692 6689 6669
f 6692 6669 6673
f 6695 6688 6687
f 6695 6684 6688
f 6695 6696 6684
f 6697 6698 6699
f 6697 6699 6700
f 6701 6702 6703
f 6701 6704 6702
f 6705 6706 6707
f 6705 6708 6704
f 6705 6709 6708
f 6705 6710 6711
f 6705 6711 6706
f 6705 6707 6709
f 6712 6691 6690
f 6712 6687 6691
f 6712 6695 6687
f 6713 6700 6696
f 6713 6697 6700
f 6714 6701 6703
f 6714 6703 6698
f 6715 6705 6704
f 6715 6710 6705
f 6715 6716 6717
f 6715 6717 6710
f 6718 6693 2493
f 6718 6694 6693
f 6718 6690 6694
f 6718 6712 6690
f 6719 6696 6695
f 6719 6713 6696
f 6720 6698 6697
f 6720 6714 6698
f 6721 6704 6701
f 6721 6715 6704
f 6721 6716 6715
f 6721 6722 6723
f 6721 6723 6716
f 6724 6719 6695
f 6724 6695 6712
f 6725 6697 6713
f 6725 6720 6697
f 6726 6721 6701
f 6726 6701 6714
f 6726 6714 6720
f 6726 6727 6728
f 6726 6728 6722
f 6726 6722 6721
f 6729 6718 2493
f 6729 6712 6718
f 6729 6724 6712
f 6730 6713 6719
f 6730 6725 6713
f 6731 6726 6720
f 6731 6732 6733
f 6731 6733 6727
f 6731 6727 6726
f 6734 6730 6719
f 6734 6719 6724
f 6735 6720 6725
f 6735 6732 6731
f 6735 6736 6737
f 6735 6737 6732
f 6735 6731 6720
f 6738 2493 1259
f 6738 6729 2493
f 6738 6734 6724
f 6738 6724 6729
f 6739 6735 6725
f 6739 6740 6741
f 6739 6741 6736
f 6739 6736 6735
f 6739 6725 6730
f 6742 6739 6730
f 6742 6743 6744
f 6742 6744 6740
f 6742 6740 6739
f 6742 6730 6734
f 6745 6742 6734
f 6745 1259 6746
f 6745 6746 6747
f 6745 6743 6742
f 6745 6747 6743
f 6745 6734 6738
f 6745 6738 1259
f 6748 6550 6549
f 6748 6551 6550
f 6748 2472 6551
f 6749 6748 6549
f 6749 6558 6557
f 6749 6549 6558
f 6750 6565 6564
f 6750 6557 6565
f 6750 6749 6557
f 6751 2472 6748
f 6752 6572 6571
f 6752 6564 6572
f 6752 6750 6564
f 6753 6751 6748
f 6753 6748 6749
f 6754 6578 6577
f 6754 6571 6578
f 6754 6752 6571
f 6755 6749 6750
f 6755 6753 6749
f 6756 42 2472
f 6756 2472 6751
f 6757 6584 6583
f 6757 6577 6584
f 6757 6754 6577
f 6758 6755 6750
f 6758 6750 6752
f 6759 6756 6751
f 6759 6751 6753
f 6760 6757 6583
f 6760 6590 6589
f 6760 6583 6590
f 6761 6752 6754
f 6761 6758 6752
f 6762 6759 6753
f 6762 6753 6755
f 6763 6764 6765
f 6763 6765 6766
f 6763 6766 42
f 6763 42 6756
f 6763 6756 6759
f 6767 6596 6595
f 6767 6589 6596
f 6767 6760 6589
f 6768 6761 6754
f 6768 6754 6757
f 6768 6757 6760
f 6769 6755 6758
f 6769 6762 6755
f 6770 6771 6772
f 6770 6772 6764
f 6770 6764 6763
f 6770 6763 6759
f 6773 6767 6595
f 6773 6602 6601
f 6773 6595 6602
f 6774 6760 6767
f 6774 6768 6760
f 6775 6769 6758
f 6775 6758 6761
f 6776 6777 6778
f 6776 6778 6771
f 6776 6771 6770
f 6776 6759 6762
f 6776 6770 6759
f 6779 6608 6607
f 6779 6601 6608
f 6779 6773 6601
f 6780 6774 6767
f 6781 6775 6761
f 6781 6761 6768
f 6782 6769 6775
f 6782 6783 6784
f 6782 6784 6777
f 6782 6762 6769
f 6782 6776 6762
f 6782 6777 6776
f 6785 6614 6613
f 6785 6607 6614
f 6785 6779 6607
f 6786 6767 6773
f 6786 6780 6767
f 6787 6781 6768
f 6787 6768 6774
f 6788 6789 6790
f 6788 6790 6783
f 6788 6782 6775
f 6788 6783 6782
f 6791 6785 6613
f 6791 6619 6618
f 6791 6613 6619
f 6792 6773 6779
f 6792 6786 6773
f 6793 6787 6774
f 6793 6774 6780
f 6794 6775 6781
f 6794 6795 6796
f 6794 6796 6789
f 6794 6789 6788
f 6794 6781 6787
f 6794 6788 6775
f 6797 6624 6623
f 6797 6618 6624
f 6797 6791 6618
f 6798 6792 6779
f 6798 6779 6785
f 6799 6793 6780
f 6799 6780 6786
f 6800 6801 6802
f 6800 6794 6787
f 6800 6802 6795
f 6800 6795 6794
f 6803 6628 6629
f 6803 6623 6628
f 6803 6797 6623
f 6804 6798 6785
f 6804 6785 6791
f 6805 6799 6786
f 6805 6786 6792
f 6806 6807 6808
f 6806 6808 6801
f 6806 6801 6800
f 6806 6787 6793
f 6806 6800 6787
f 6809 6634 6633
f 6809 6629 6634
f 6809 6803 6629
f 6810 6804 6791
f 6810 6791 6797
f 6811 6792 6798
f 6811 6805 6792
f 6812 6813 6814
f 6812 6814 6807
f 6812 6793 6799
f 6812 6799 6805
f 6812 6806 6793
f 6812 6807 6806
f 6815 6633 6638
f 6815 6809 6633
f 6816 6810 6797
f 6816 6797 6803
f 6817 6798 6804
f 6817 6811 6798
f 6818 6819 6820
f 6818 6820 6813
f 6818 6813 6812
f 6818 6812 6805
f 6821 6643 6642
f 6821 6638 6643
f 6821 6815 6638
f 6822 6809 6815
f 6822 6803 6809
f 6822 6816 6803
f 6823 6817 6804
f 6823 6804 6810
f 6823 6810 6816
f 6824 6811 6817
f 6824 6818 6805
f 6824 6825 6826
f 6824 6826 6819
f 6824 6819 6818
f 6824 6805 6811
f 6827 6648 6647
f 6827 6642 6648
f 6827 6821 6642
f 6828 6822 6815
f 6829 6823 6816
f 6830 6831 6832
f 6830 6832 6825
f 6830 6825 6824
f 6830 6824 6817
f 6833 6652 6651
f 6833 6647 6652
f 6833 6827 6647
f 6834 6828 6815
f 6834 6815 6821
f 6835 6816 6822
f 6835 6822 6828
f 6835 6829 6816
f 6836 6837 6838
f 6836 6838 6831
f 6836 6817 6823
f 6836 6830 6817
f 6836 6823 6829
f 6836 6831 6830
f 6839 6833 6651
f 6839 6656 6655
f 6839 6651 6656
f 6840 6834 6821
f 6840 6821 6827
f 6841 6835 6828
f 6841 6828 6834
f 6842 6843 6837
f 6842 6836 6829
f 6842 6837 6836
f 6842 6844 6843
f 6845 6660 6659
f 6845 6655 6660
f 6845 6839 6655
f 6846 6827 6833
f 6846 6840 6827
f 6847 6841 6834
f 6848 6835 6841
f 6848 6829 6835
f 6848 6842 6829
f 6848 6844 6842
f 6848 6849 6850
f 6848 6850 6844
f 6851 6664 6663
f 6851 6659 6664
f 6851 6845 6659
f 6852 6833 6839
f 6852 6846 6833
f 6853 6834 6840
f 6853 6847 6834
f 6854 6848 6841
f 6854 6849 6848
f 6854 6855 6849
f 6856 6668 6667
f 6856 6663 6668
f 6856 6851 6663
f 6857 6852 6839
f 6857 6839 6845
f 6858 6840 6846
f 6858 6853 6840
f 6859 6854 6841
f 6859 6841 6847
f 6859 6855 6854
f 6859 6860 6861
f 6859 6861 6855
f 6862 6672 6671
f 6862 6667 6672
f 6862 6856 6667
f 6863 6845 6851
f 6863 6857 6845
f 6864 6846 6852
f 6864 6858 6846
f 6865 6859 6847
f 6865 6860 6859
f 6865 6866 6867
f 6865 6867 6860
f 6865 6847 6853
f 6868 6862 6671
f 6868 6676 6675
f 6868 6671 6676
f 6869 6851 6856
f 6869 6863 6851
f 6870 6857 6863
f 6870 6852 6857
f 6870 6864 6852
f 6871 6853 6858
f 6871 6858 6864
f 6871 6865 6853
f 6871 6872 6873
f 6871 6873 6866
f 6871 6866 6865
f 6699 6679 6678
f 6699 6675 6679
f 6699 6868 6675
f 6702 6869 6856
f 6702 6856 6862
f 6709 6870 6863
f 6874 6872 6871
f 6874 6875 6876
f 6874 6876 6872
f 6874 6871 6864
f 6700 6682 6681
f 6700 6678 6682
f 6700 6699 6678
f 6703 6862 6868
f 6703 6702 6862
f 6708 6709 6863
f 6708 6863 6869
f 6877 6864 6870
f 6877 6875 6874
f 6877 6878 6879
f 6877 6879 6875
f 6877 6874 6864
f 6696 6685 6684
f 6696 6681 6685
f 6696 6700 6681
f 6698 6868 6699
f 6698 6703 6868
f 6704 6869 6702
f 6704 6708 6869
f 6707 6870 6709
f 6707 6878 6877
f 6707 6877 6870
f 6707 6706 6880
f 6707 6880 6878
f 6881 1247 1230
f 6882 6881 1230
f 6883 6882 1230
f 6884 6883 1230
f 6885 6884 1230
f 6885 6886 6884
f 6887 6886 6885
f 6888 6887 6885
f 6889 6888 6885
f 6890 6889 6885
f 6891 6890 6885
f 6892 6891 6885
f 6893 6892 6885
f 6894 6893 6885
f 6895 6894 6885
f 6896 6895 6885
f 6897 6896 6885
f 6898 6899 6897
f 6898 6897 6885
f 1259 1266 6900
f 1259 6900 6901
f 1259 6901 6902
f 1259 6902 6903
f 1259 6903 6886
f 6904 6899 6898
f 6905 6904 6898
f 6906 6905 6898
f 6907 6906 6898
f 6908 6907 6898
f 6909 6908 6898
f 6910 6909 6898
f 6911 6910 6898
f 6912 6913 6914
f 6915 6913 6912
f 6916 6912 6917
f 6916 6915 6912
f 6918 6917 6919
f 6918 6916 6917
f 6920 6911 6898
f 6921 6919 6922
f 6921 6918 6919
f 6923 6922 6924
f 6923 6921 6922
f 6925 6924 6926
f 6925 6923 6924
f 6927 6926 6928
f 6927 6925 6926
f 6929 6928 6930
f 6929 6927 6928
f 6931 6920 6898
f 6932 6930 6933
f 6932 6929 6930
f 6934 6933 6935
f 6934 6932 6933
f 6936 6934 6935
f 6937 6934 6936
f 6938 6937 6936
f 6939 6931 6898
f 6940 6937 6938
f 6941 6940 6938
f 6942 6941 6943
f 6942 6940 6941
f 6944 6939 6898
f 6945 6943 6946
f 6947 6945 6946
f 6947 6946 6948
f 6949 6944 6898
f 6950 6949 6898
f 6951 6952 6953
f 6951 6954 6952
f 6955 6951 6953
f 6956 6950 6898
f 6957 6958 6959
f 6960 6959 6961
f 6960 6957 6959
f 6962 6963 6956
f 6962 6956 6898
f 6746 6887 6964
f 6746 6964 6965
f 6746 6965 6966
f 6746 6966 6967
f 6746 6967 6968
f 6746 6968 6969
f 6746 6969 6970
f 6746 6970 6971
f 6746 6886 6887
f 6746 1259 6886
f 6972 6963 6962
f 6973 6960 6974
f 6975 6973 6974
f 6976 6975 6977
f 6978 6972 6962
f 6979 6976 6977
f 6980 6978 6962
f 6981 6982 6983
f 6984 6980 6962
f 6985 6983 6986
f 6985 6981 6983
f 6987 6984 6962
f 6988 6989 6990
f 6988 6990 6991
f 6992 6987 6962
f 6993 6992 6962
f 6994 6993 6962
f 6995 6994 6962
f 6996 6995 6962
f 6997 6996 6962
f 6998 6997 6962
f 6999 7000 7001
f 7002 6998 6962
f 7003 7001 7004
f 7005 7002 6962
f 6747 6971 7006
f 6747 7006 7007
f 6747 7007 7008
f 6747 7008 7009
f 6747 7009 7010
f 6747 6746 6971
f 6747 7010 7011
f 6747 7011 7012
f 6747 7012 7013
f 6747 7013 7014
f 6747 7014 7015
f 6747 7015 7016
f 6747 7016 7017
f 6747 7017 7018
f 6747 7018 7019
f 6747 7019 7020
f 6747 7020 7021
f 6747 7021 7022
f 6747 7022 7023
f 6747 7023 7024
f 6747 7024 7025
f 7026 7002 7005
f 7027 7026 7005
f 7028 7029 7030
f 7031 7028 7030
f 7031 7030 7032
f 7033 7034 7005
f 7035 7036 7037
f 7035 7037 7038
f 7039 7040 7005
f 7041 7039 7005
f 7042 7041 7005
f 7043 7044 7045
f 7046 7047 7048
f 7049 7042 7005
f 6743 6747 7025
f 6743 7025 7050
f 6743 7050 7051
f 6743 7051 7052
f 6743 7052 7053
f 6743 7053 7054
f 6743 7054 7055
f 6743 7055 7056
f 6743 7056 7057
f 6743 7057 7058
f 6743 7058 7059
f 6743 7059 7060
f 7061 7042 7049
f 7062 7063 7064
f 7065 7061 7049
f 7066 7065 7049
f 7067 7068 7069
f 7070 7068 7067
f 7071 7066 7049
f 7072 7071 7049
f 7073 7072 7049
f 7074 7075 7076
f 7077 7073 7049
f 7078 7079 7080
f 7081 7077 7049
f 7082 7079 7078
f 7083 7081 7049
f 7084 7082 7085
f 7086 7083 7049
f 7087 7088 7089
f 7090 7086 7049
f 7090 7091 7086
f 6744 6743 7060
f 6744 7060 7092
f 6744 7092 7093
f 6744 7093 7094
f 6744 7094 7095
f 6744 7095 7096
f 6744 7096 7097
f 7098 7088 7087
f 7099 7098 7087
f 7100 7091 7090
f 7101 7100 7090
f 7102 7103 7104
f 7105 7102 7106
f 7107 7101 7090
f 7108 7105 7106
f 7109 7107 7090
f 7110 7109 7090
f 7111 7112 7113
f 7114 7110 7090
f 7115 7114 7090
f 7116 7115 7090
f 7117 7116 7090
f 7118 7117 7090
f 7119 7118 7090
f 7120 7119 7090
f 7121 7120 7090
f 7122 7121 7090
f 6740 7123 7124
f 6740 7124 7125
f 6740 7125 7126
f 6740 7126 7127
f 6740 6744 7128
f 6740 7128 7129
f 6740 7129 7130
f 6740 7130 7131
f 6740 7131 7132
f 6740 7132 7123
f 7133 7121 7122
f 7134 7133 7122
f 7135 7134 7122
f 6741 7127 7136
f 6741 7136 7137
f 6741 7137 7138
f 6741 7138 7139
f 6741 7139 7140
f 6741 7140 7141
f 6741 7141 7142
f 6741 7142 7143
f 6741 7143 7144
f 6741 7144 7145
f 6741 7145 7146
f 6741 7146 7147
f 6741 7147 7148
f 6741 7148 7149
f 6741 7149 7150
f 6741 6740 7127
f 6736 7150 7151
f 6736 7151 7152
f 6736 7152 7134
f 6736 6741 7150
f 6737 7134 7135
f 6737 6736 7134
f 6732 6737 7135
f 6732 7135 7153
f 6732 7153 7154
f 6733 6732 7154
f 6733 7154 7155
f 6727 7155 7156
f 6727 6733 7155
f 6728 6727 7156
f 6722 7156 7157
f 6722 7157 7158
f 6722 6728 7156
f 6723 7158 7159
f 6723 6722 7158
f 6716 6723 7159
f 6717 7159 7160
f 6717 6716 7159
f 6710 7160 7161
f 6710 6717 7160
f 6711 7161 7162
f 6711 7162 7163
f 6711 6710 7161
f 6706 6711 7163
f 6880 7163 7164
f 6880 7164 7165
f 6880 6706 7163
f 6878 6880 7165
f 6879 7165 7166
f 6879 7166 7167
f 6879 6878 7165
f 6875 6879 7167
f 6876 7167 7168
f 6876 6875 7167
f 6872 7168 7169
f 6872 6876 7168
f 6873 7169 7170
f 6873 7170 7171
f 6873 6872 7169
f 6866 6873 7171
f 6867 7171 7172
f 6867 6866 7171
f 6860 7172 7173
f 6860 6867 7172
f 6861 6860 7173
f 6861 7173 7174
f 6855 6861 7174
f 6855 7174 7175
f 6849 6855 7175
f 6849 7175 7176
f 6850 6849 7176
f 6850 7176 7177
f 6844 6850 7177
f 6844 7177 7178
f 6844 7178 7179
f 6843 6844 7179
f 6837 6843 7179
f 6837 7179 7180
f 6838 6837 7180
f 6838 7180 7181
f 6831 6838 7181
f 6831 7181 7182
f 6831 7182 7183
f 6832 6831 7183
f 6825 6832 7183
f 6825 7183 7184
f 6826 7184 7185
f 6826 6825 7184
f 6819 7185 7186
f 6819 6826 7185
f 6820 7186 7187
f 6820 6819 7186
f 6813 7187 7188
f 6813 7188 7189
f 6813 6820 7187
f 6814 6813 7189
f 6814 7189 7190
f 6807 6814 7190
f 6808 7190 7191
f 6808 6807 7190
f 6801 7191 7192
f 6801 6808 7191
f 6802 7192 7193
f 6802 6801 7192
f 6795 7193 7194
f 6795 7194 7195
f 6795 6802 7193
f 6796 6795 7195
f 6789 7195 7196
f 6789 7196 7197
f 6789 6796 7195
f 6790 6789 7197
f 6783 7197 7198
f 6783 6790 7197
f 6784 6783 7198
f 6784 7198 7199
f 6777 6784 7199
f 6777 7199 7200
f 6778 6777 7200
f 6778 7200 7201
f 6771 6778 7201
f 6771 7201 7202
f 6772 6771 7202
f 6772 7202 7203
f 6764 6772 7203
f 6764 7203 7204
f 6765 6764 7204
f 6765 7204 7205
f 6766 6765 7205
f 6766 7205 7206
f 42 6766 7206
f 42 7206 40
f 6886 2444 6884
f 2445 6884 2444
f 7134 7207 7133
f 7207 7111 7208
f 7208 7111 7209
f 7112 7210 7211
f 7210 7105 7108
f 7103 7098 7099
f 7088 7212 7089
f 7212 7084 7213
f 7079 7214 7080
f 7214 7074 7215
f 7075 7216 7217
f 7216 7070 7218
f 7218 7070 7067
f 7068 7062 7069
f 7063 7046 7048
f 7046 7043 7047
f 7044 7219 7045
f 7045 7219 7220
f 7219 7221 7222
f 7219 7222 7223
f 7219 7223 7220
f 7221 7035 7038
f 7221 7038 7222
f 7036 7031 7032
f 7036 7032 7037
f 7028 7224 7029
f 7224 7003 7004
f 7224 7004 7225
f 7003 6999 7001
f 6999 7226 7000
f 7226 7227 7228
f 7226 7228 7000
f 7227 7229 7230
f 7227 7230 7228
f 7229 7231 7232
f 7229 7232 7230
f 7231 7233 7234
f 7233 6988 6991
f 7233 6991 7235
f 6989 6985 6986
f 6981 6979 6982
f 6976 6973 6975
f 6957 6955 6958
f 6954 6947 6948
f 6945 6942 6943
f 6948 6952 6954
f 6953 6958 6955
f 6961 6974 6960
f 6977 6982 6979
f 6986 6990 6989
f 7235 7234 7233
f 7234 7232 7231
f 7225 7029 7224
f 7045 7047 7043
f 7048 7064 7063
f 7064 7069 7062
f 7218 7217 7216
f 7217 7076 7075
f 7076 7215 7074
f 7215 7080 7214
f 7078 7085 7082
f 7085 7213 7084
f 7213 7089 7212
f 7099 7104 7103
f 7104 7106 7102
f 7108 7211 7210
f 7211 7113 7112
f 7113 7209 7111
f 7208 7133 7207
f 7040 7033 7005
f 7034 7027 7005
f 7097 7128 6744
f 7236 4601 7237
f 7236 4600 4601
f 7238 4600 7236
f 7237 4602 7239
f 4601 4602 7237
f 7240 4599 7238
f 7238 4599 4600
f 4602 4603 7239
f 7241 4598 7240
f 7240 4598 4599
f 4603 4604 7239
f 7242 4597 7241
f 7241 4597 4598
f 4604 4605 7239
f 7243 4596 7242
f 7242 4596 4597
f 4605 4606 7239
f 7244 4595 7243
f 7243 4595 4596
f 4606 4607 7239
f 7245 4594 7244
f 7244 4594 4595
f 4607 4608 7239
f 7246 4593 7245
f 7245 4593 4594
f 4608 4609 7239
f 7247 4592 7246
f 7246 4592 4593
f 4609 4610 7239
f 7248 4591 7247
f 7247 4591 4592
f 4610 4611 7239
f 7248 4590 4591
f 7249 4590 7248
f 4611 4612 7239
f 7250 4589 7249
f 7249 4589 4590
f 4612 4613 7239
f 7250 4588 4589
f 7251 4588 7250
f 4613 4614 7239
f 7252 4587 7251
f 7251 4587 4588
f 4614 4615 7239
f 7252 4586 4587
f 7253 4586 7252
f 4615 4616 7239
f 7253 4585 4586
f 7254 4585 7253
f 4616 4617 7239
f 7254 4771 4585
f 7255 4771 7254
f 7256 4769 7255
f 7255 4769 4771
f 7256 4767 4769
f 7257 4767 7256
f 7257 4765 4767
f 7258 4765 7257
f 7258 4764 4765
f 7259 4764 7258
f 7259 4761 4764
f 7260 4761 7259
f 7260 4759 4761
f 7261 4759 7260
f 7261 4758 4759
f 7262 4758 7261
f 7262 4755 4758
f 7263 4755 7262
f 7263 4754 4755
f 7264 4754 7263
f 7264 4751 4754
f 7265 4751 7264
f 7266 4750 7265
f 7265 4750 4751
f 4617 2 7239
f 4629 2 4628
f 4628 2 4627
f 4627 2 4626
f 4626 2 4625
f 4625 2 4624
f 4624 2 4623
f 4623 2 4622
f 4622 2 4621
f 4621 2 4620
f 4620 2 4619
f 4619 2 4618
f 4618 2 4617
f 7267 4747 7266
f 7266 4747 4750
f 4629 4630 2
f 7267 4746 4747
f 7268 4746 7267
f 2 4631 3
f 4630 4631 2
f 7268 4743 4746
f 7268 7269 4743
f 4631 4632 3
f 7269 4742 4743
f 4632 6 3
f 4632 4633 6
f 4742 7270 4740
f 7269 7270 4742
f 4634 8 4633
f 4633 8 6
f 7270 7271 4740
f 4740 7271 4738
f 7271 4736 4738
f 4634 10 8
f 4635 10 4634
f 7271 4734 4736
f 7271 4732 4734
f 4635 12 10
f 4636 12 4635
f 7271 4730 4732
f 4636 14 12
f 4637 14 4636
f 7271 4728 4730
f 7271 4726 4728
f 4637 16 14
f 4638 16 4637
f 7271 4724 4726
f 7271 4722 4724
f 4639 18 4638
f 4638 18 16
f 7271 4720 4722
f 7271 4717 4720
f 4640 20 4639
f 4639 20 18
f 7271 4716 4717
f 7271 4713 4716
f 4641 22 4640
f 4640 22 20
f 7271 4712 4713
f 4642 24 4641
f 4641 24 22
f 4643 25 4642
f 4642 25 24
f 4644 28 4643
f 4643 28 25
f 4644 30 28
f 4645 30 4644
f 4645 32 30
f 4646 32 4645
f 4647 34 4646
f 4646 34 32
f 4648 36 4647
f 4647 36 34
f 4648 38 36
f 4649 7272 4648
f 4648 7272 38
f 4651 7273 4649
f 4649 7273 7272
f 4653 7274 4651
f 4651 7274 7273
f 4655 7275 4653
f 4653 7275 7274
f 4657 7276 4655
f 4655 7276 7275
f 4659 7277 4657
f 4657 7277 7276
f 4661 7278 4659
f 4659 7278 7277
f 4663 7279 4661
f 4661 7279 7278
f 4665 7280 4663
f 4663 7280 7279
f 4667 7281 4665
f 4665 7281 7280
f 4669 7282 4667
f 4667 7282 7281
f 4671 7283 4669
f 4669 7283 7282
f 4673 7284 4671
f 4671 7284 7283
f 4673 7285 7284
f 4675 7285 4673
f 4710 7286 4708
f 4708 7286 4706
f 4706 7286 4703
f 4703 7286 4702
f 4702 7286 4700
f 4700 7286 4698
f 4698 7286 4696
f 4696 7286 4694
f 4694 7286 4691
f 4691 7286 4689
f 4689 7286 4688
f 4688 7286 4686
f 4686 7286 4684
f 4684 7286 4681
f 4677 7287 4675
f 4675 7287 7285
f 4681 7288 4679
f 7286 7288 4681
f 4679 7289 4677
f 7288 7289 4679
f 4677 7289 7287
f 7271 7286 4710
f 7271 4710 4712
f 7160 7290 7291
f 7159 7292 7290
f 7159 7290 7160
f 7161 7291 7293
f 7161 7160 7291
f 7158 7294 7292
f 7158 7292 7159
f 7162 7161 7293
f 7157 7295 7294
f 7157 7294 7158
f 7163 7162 7293
f 7156 7296 7295
f 7156 7295 7157
f 7164 7163 7293
f 7155 7297 7296
f 7155 7296 7156
f 7165 7164 7293
f 7154 7298 7297
f 7154 7297 7155
f 7166 7165 7293
f 7153 7299 7298
f 7153 7298 7154
f 7167 7166 7293
f 7135 7300 7299
f 7135 7299 7153
f 7168 7167 7293
f 7122 7301 7300
f 7122 7300 7135
f 7169 7168 7293
f 7090 7302 7301
f 7090 7301 7122
f 7170 7169 7293
f 7049 7303 7302
f 7049 7302 7090
f 7171 7170 7293
f 7005 7304 7303
f 7005 7303 7049
f 7172 7171 7293
f 6962 7304 7005
f 6962 7305 7304
f 7173 7172 7293
f 6898 7306 7305
f 6898 7305 6962
f 7174 7173 7293
f 6885 7307 7306
f 6885 7306 6898
f 7175 7174 7293
f 1230 7307 6885
f 1230 7308 7307
f 1207 7309 7308
f 1207 7308 1230
f 1182 7309 1207
f 1182 7310 7309
f 1153 7311 7310
f 1153 7310 1182
f 1136 7312 7311
f 1136 7311 1153
f 1115 7313 7312
f 1115 7312 1136
f 1117 7314 7313
f 1117 7313 1115
f 1297 7315 7314
f 1297 7314 1117
f 1107 7316 7315
f 1107 7315 1297
f 1081 7317 7316
f 1081 7316 1107
f 1057 7318 7317
f 1057 7317 1081
f 1024 7318 1057
f 1024 7319 7318
f 990 7320 7319
f 990 7319 1024
f 913 7321 7320
f 913 7320 990
f 4 7175 7293
f 4 7176 7175
f 4 7177 7176
f 4 7178 7177
f 4 7179 7178
f 4 7180 7179
f 4 7181 7180
f 4 7182 7181
f 4 7183 7182
f 4 7184 7183
f 4 7185 7184
f 4 7186 7185
f 4 7187 7186
f 4 7188 7187
f 7189 7188 4
f 848 7322 7321
f 848 7321 913
f 7190 7189 4
f 1 7190 4
f 773 7322 848
f 7323 7322 773
f 7191 7190 1
f 747 7323 773
f 5 7191 1
f 7192 7191 5
f 7324 7323 747
f 699 7324 747
f 7 7192 5
f 7193 7192 7
f 7325 699 669
f 7325 7324 699
f 9 7193 7
f 9 7194 7193
f 632 7325 669
f 609 7325 632
f 11 7194 9
f 11 7195 7194
f 578 7325 609
f 13 7195 11
f 13 7196 7195
f 555 7325 578
f 531 7325 555
f 15 7196 13
f 15 7197 7196
f 509 7325 531
f 17 7197 15
f 17 7198 7197
f 485 7325 509
f 461 7325 485
f 19 7198 17
f 19 7199 7198
f 439 7325 461
f 417 7325 439
f 21 7199 19
f 21 7200 7199
f 366 7325 417
f 23 7200 21
f 23 7201 7200
f 26 7201 23
f 26 7202 7201
f 27 7202 26
f 27 7203 7202
f 29 7203 27
f 29 7204 7203
f 31 7204 29
f 31 7205 7204
f 33 7205 31
f 33 7206 7205
f 35 7206 33
f 35 40 7206
f 37 40 35
f 7326 40 37
f 7326 41 40
f 7327 41 7326
f 7327 44 41
f 7328 44 7327
f 7328 46 44
f 7329 46 7328
f 7329 48 46
f 7330 48 7329
f 7330 50 48
f 7331 50 7330
f 7331 52 50
f 7332 52 7331
f 7332 54 52
f 7333 54 7332
f 7333 56 54
f 7334 56 7333
f 7334 58 56
f 7335 58 7334
f 7335 60 58
f 7336 60 7335
f 7336 62 60
f 7337 62 7336
f 7337 64 62
f 7338 64 7337
f 7338 66 64
f 7339 66 7338
f 7339 68 66
f 7340 277 276
f 7340 281 277
f 7340 76 74
f 7340 78 76
f 7340 80 78
f 7340 81 80
f 7340 150 81
f 7340 2299 150
f 7340 2301 2299
f 7340 2303 2301
f 7340 2305 2303
f 7340 276 2305
f 7341 68 7339
f 7341 70 68
f 7342 74 72
f 7342 7340 74
f 7343 7342 72
f 7343 72 70
f 7343 70 7341
f 7340 7325 293
f 293 7325 297
f 297 7325 366
f 7340 293 289
f 7340 289 285
f 7340 285 281
f 7324 7325 7271
f 7324 7271 7270
f 7323 7270 7269
f 7323 7324 7270
f 7322 7269 7268
f 7322 7323 7269
f 7321 7267 7266
f 7321 7268 7267
f 7321 7322 7268
f 7320 7321 7266
f 7319 7320 7266
f 7319 7266 7265
f 7318 7319 7265
f 7318 7264 7263
f 7318 7265 7264
f 7317 7318 7263
f 7316 7317 7263
f 7316 7263 7262
f 7315 7316 7262
f 7315 7261 7260
f 7315 7262 7261
f 7314 7315 7260
f 7313 7314 7260
f 7313 7260 7259
f 7312 7313 7259
f 7312 7258 7257
f 7312 7259 7258
f 7311 7312 7257
f 7310 7311 7257
f 7310 7257 7256
f 7309 7310 7256
f 7309 7256 7255
f 7308 7309 7255
f 7308 7255 7254
f 7307 7308 7254
f 7307 7253 7252
f 7307 7254 7253
f 7306 7307 7252
f 7305 7252 7251
f 7305 7306 7252
f 7304 7305 7251
f 7304 7251 7250
f 7303 7250 7249
f 7303 7304 7250
f 7302 7303 7249
f 7302 7249 7248
f 7301 7248 7247
f 7301 7302 7248
f 7300 7247 7246
f 7300 7301 7247
f 7299 7246 7245
f 7299 7300 7246
f 7298 7245 7244
f 7298 7299 7245
f 7297 7244 7243
f 7297 7298 7244
f 7296 7243 7242
f 7296 7297 7243
f 7295 7241 7240
f 7295 7242 7241
f 7295 7296 7242
f 7294 7295 7240
f 7292 7294 7240
f 7292 7240 7238
f 7290 7292 7238
f 7290 7238 7236
f 7291 7290 7236
f 7291 7236 7237
f 7293 7291 7237
f 7293 7237 7239
f 7325 7340 7271
f 7271 7340 7286
f 7326 37 38
f 7326 38 7272
f 7327 7272 7273
f 7327 7326 7272
f 7328 7273 7274
f 7328 7327 7273
f 7329 7275 7276
f 7329 7274 7275
f 7329 7328 7274
f 7330 7276 7277
f 7330 7329 7276
f 7331 7330 7277
f 7332 7277 7278
f 7332 7331 7277
f 7333 7278 7279
f 7333 7332 7278
f 7334 7279 7280
f 7334 7333 7279
f 7335 7281 7282
f 7335 7280 7281
f 7335 7334 7280
f 7336 7335 7282
f 7337 7282 7283
f 7337 7336 7282
f 7338 7283 7284
f 7338 7337 7283
f 7339 7284 7285
f 7339 7338 7284
f 7341 7339 7285
f 7341 7285 7287
f 7343 7287 7289
f 7343 7341 7287
f 7342 7343 7289
f 7342 7289 7288
f 7340 7288 7286
f 7340 7342 7288
f 2 4 7239
f 7239 4 7293
f 779 7344 744
f 7345 7344 779
f 7346 713 724
f 7347 724 740
f 7347 7346 724
f 7348 7347 740
f 7344 740 744
f 7344 7348 740
f 713 7349 1272
f 7346 7349 713
f 1270 7350 678
f 7351 7350 1270
f 714 7351 1270
f 7352 714 1272
f 7352 7351 714
f 7349 7352 1272
f 7350 7353 678
f 7353 1267 678
f 7353 1268 1267
f 7353 7354 1268
f 7354 1269 1268
f 1269 7355 779
f 7354 7355 1269
f 7355 7345 779
f 7353 7350 7351
f 7352 7353 7351
f 7354 7353 7352
f 7349 7346 7347
f 7349 7347 7348
f 7349 7348 7344
f 7349 7354 7352
f 7355 7354 7349
f 7345 7349 7344
f 7345 7355 7349
f 687 7356 688
f 7357 7356 687
f 7358 1274 1273
f 7359 1273 682
f 7359 7358 1273
f 7360 7359 682
f 7356 682 688
f 7356 7360 682
f 1274 7361 1283
f 7358 7361 1274
f 652 7362 634
f 7363 7362 652
f 1278 7363 652
f 7364 1278 1283
f 7364 7363 1278
f 7361 7364 1283
f 7362 7365 634
f 7365 1271 634
f 7365 715 1271
f 7365 7366 715
f 7366 725 715
f 725 7367 687
f 7366 7367 725
f 7367 7357 687
f 7365 7362 7363
f 7364 7365 7363
f 7366 7365 7364
f 7361 7358 7359
f 7361 7359 7360
f 7361 7360 7356
f 7361 7366 7364
f 7367 7366 7361
f 7357 7361 7356
f 7357 7367 7361
f 7368 7369 1032
f 7370 1033 7369
f 7369 1033 1032
f 7370 1034 1033
f 7370 1035 1034
f 7371 1035 7370
f 7371 1036 1035
f 7372 1036 7371
f 7372 1062 1036
f 7373 1062 7372
f 7373 1063 1062
f 7374 1063 7373
f 7374 1064 1063
f 7375 1064 7374
f 7375 1065 1064
f 7376 1065 7375
f 7376 1066 1065
f 7377 1066 7376
f 7377 1067 1066
f 7378 1067 7377
f 7378 1068 1067
f 7379 1068 7378
f 7379 1069 1068
f 7380 1069 7379
f 7380 1070 1069
f 7381 1070 7380
f 7381 1071 1070
f 7382 1071 7381
f 7382 1072 1071
f 7383 1072 7382
f 7383 1073 1072
f 7384 1073 7383
f 7384 1074 1073
f 7385 1074 7384
f 7386 1075 7385
f 7385 1075 1074
f 7386 1083 1075
f 7387 1083 7386
f 7388 1084 7387
f 7387 1084 1083
f 7389 1085 7388
f 7388 1085 1084
f 7390 1086 7389
f 7389 1086 1085
f 7391 1087 7390
f 7390 1087 1086
f 7392 1088 7391
f 7391 1088 1087
f 7393 1089 7392
f 7392 1089 1088
f 7393 7394 1089
f 7394 1090 1089
f 7394 7395 1090
f 7395 1091 1090
f 7395 7396 1091
f 7396 1092 1091
f 7396 7397 1092
f 7397 1093 1092
f 7397 1094 1093
f 7398 1094 7397
f 7398 1095 1094
f 7399 1095 7398
f 7399 1096 1095
f 7400 1096 7399
f 7400 1097 1096
f 7401 1097 7400
f 7401 1098 1097
f 7402 1098 7401
f 7402 1099 1098
f 7402 7403 1099
f 7403 1100 1099
f 7403 7404 1100
f 7404 1101 1100
f 7404 7405 1101
f 7405 1102 1101
f 7405 7406 1102
f 7406 1103 1102
f 7406 7407 1103
f 7407 1109 1103
f 7407 7408 1109
f 7408 1110 1109
f 7408 7409 1110
f 7409 1111 1110
f 7409 7410 1111
f 7410 1112 1111
f 7410 7411 1112
f 7411 1113 1112
f 7411 1079 1113
f 7412 1079 7411
f 7413 1078 7412
f 7412 1078 1079
f 7414 1077 7413
f 7413 1077 1078
f 7415 1076 7414
f 7414 1076 1077
f 7416 1058 7415
f 7415 1058 1076
f 7417 1059 7416
f 7416 1059 1058
f 7417 1296 1059
f 7418 1296 7417
f 7418 1055 1296
f 7419 1055 7418
f 7419 1052 1055
f 7420 1052 7419
f 7420 1053 1052
f 7421 1053 7420
f 7421 1295 1053
f 7422 1295 7421
f 7422 1050 1295
f 7423 1050 7422
f 7423 7424 1050
f 7424 1047 1050
f 7424 7425 1047
f 7425 1048 1047
f 7425 7426 1048
f 7426 1045 1048
f 7426 7427 1045
f 7427 1044 1045
f 7427 7428 1044
f 7428 1042 1044
f 7428 7429 1042
f 7429 1041 1042
f 7429 7430 1041
f 7430 1039 1041
f 7430 7431 1039
f 7431 1040 1039
f 7431 7432 1040
f 7432 1037 1040
f 7432 7433 1037
f 7433 1023 1037
f 7433 7434 1023
f 7434 1022 1023
f 7434 7435 1022
f 7435 1021 1022
f 7435 7436 1021
f 7436 1020 1021
f 7437 1019 7436
f 7436 1019 1020
f 7438 1018 7437
f 7437 1018 1019
f 7439 1017 7438
f 7438 1017 1018
f 7440 1016 7439
f 7439 1016 1017
f 7440 7441 1016
f 7441 1015 1016
f 7441 7442 1015
f 7442 1014 1015
f 7442 7443 1014
f 7443 1013 1014
f 7443 7444 1013
f 7444 1012 1013
f 7444 7445 1012
f 7445 991 1012
f 7445 983 991
f 7446 983 7445
f 7446 7447 983
f 7447 979 983
f 7447 7448 979
f 7448 975 979
f 7448 969 975
f 7449 969 7448
f 7449 7450 969
f 7451 966 7450
f 7450 966 969
f 7452 963 7451
f 7451 963 966
f 7452 959 963
f 7452 7453 959
f 7453 956 959
f 7453 7454 956
f 7454 943 956
f 7454 7455 943
f 7455 938 943
f 7455 7456 938
f 7456 917 938
f 7456 7457 917
f 7457 910 917
f 7457 7458 910
f 7458 911 910
f 7458 7459 911
f 7459 903 911
f 7459 7460 903
f 7460 898 903
f 7460 7461 898
f 7461 894 898
f 7461 7462 894
f 7462 890 894
f 7462 7463 890
f 7463 887 890
f 7463 884 887
f 7464 884 7463
f 7464 1291 884
f 7465 1291 7464
f 7465 876 1291
f 7466 876 7465
f 7466 877 876
f 7467 877 7466
f 7468 873 7467
f 7467 873 877
f 7468 869 873
f 7469 869 7468
f 7470 851 7469
f 7469 851 869
f 7470 7471 851
f 7471 849 851
f 7471 7472 849
f 7472 845 849
f 7473 842 7472
f 7472 842 845
f 7474 843 7473
f 7473 843 842
f 7475 837 7474
f 7474 837 843
f 7476 838 7475
f 7475 838 837
f 7476 7477 838
f 7477 833 838
f 7477 7478 833
f 7478 834 833
f 7478 7479 834
f 7479 829 834
f 7479 7480 829
f 7480 827 829
f 7480 7481 827
f 7481 825 827
f 7481 7482 825
f 7482 823 825
f 7482 7483 823
f 7483 822 823
f 7483 7484 822
f 7484 819 822
f 7484 7485 819
f 7485 818 819
f 7485 7486 818
f 7486 815 818
f 7486 7487 815
f 7487 814 815
f 7487 7488 814
f 7488 811 814
f 7488 7489 811
f 7489 812 811
f 7489 7490 812
f 7490 807 812
f 7490 7491 807
f 7491 801 807
f 7491 808 801
f 7492 808 7491
f 7493 923 7492
f 7492 923 808
f 7494 924 7493
f 7493 924 923
f 7494 7495 924
f 7495 925 924
f 7495 7496 925
f 7496 926 925
f 7496 7497 926
f 7497 927 926
f 7497 7498 927
f 7498 928 927
f 7498 7499 928
f 7499 929 928
f 7499 7500 929
f 7500 930 929
f 7500 7501 930
f 7501 931 930
f 7501 932 931
f 7502 932 7501
f 7502 933 932
f 7503 933 7502
f 7503 934 933
f 7504 934 7503
f 7504 7505 934
f 7505 920 934
f 7505 7506 920
f 7506 921 920
f 7506 7507 921
f 7507 922 921
f 7507 7508 922
f 7508 998 922
f 7508 7509 998
f 7509 999 998
f 7509 7510 999
f 7510 1000 999
f 7510 7511 1000
f 7511 1001 1000
f 7511 7512 1001
f 7512 1002 1001
f 7513 1003 7512
f 7512 1003 1002
f 7514 1004 7513
f 7513 1004 1003
f 7515 1005 7514
f 7514 1005 1004
f 7516 1006 7515
f 7515 1006 1005
f 7517 1007 7516
f 7516 1007 1006
f 7518 1008 7517
f 7517 1008 1007
f 7519 1009 7518
f 7518 1009 1008
f 7520 1010 7519
f 7519 1010 1009
f 7521 1011 7520
f 7520 1011 1010
f 7522 1026 7521
f 7521 1026 1011
f 7522 1027 1026
f 7523 1027 7522
f 7523 1028 1027
f 7524 1028 7523
f 7524 7525 1028
f 7525 1029 1028
f 7525 7526 1029
f 7526 1030 1029
f 7527 1030 7526
f 7527 1031 1030
f 7528 1031 7527
f 7528 7368 1031
f 7368 1032 1031
f 7529 7473 7472
f 7530 7474 7473
f 7530 7475 7474
f 7530 7473 7529
f 7531 7529 7472
f 7532 7472 7471
f 7532 7531 7472
f 7533 7476 7475
f 7533 7477 7476
f 7533 7475 7530
f 7534 7471 7470
f 7534 7532 7471
f 7535 7534 7470
f 7535 7470 7469
f 7536 7535 7469
f 7537 7478 7477
f 7537 7479 7478
f 7537 7477 7533
f 7538 7469 7468
f 7538 7536 7469
f 7539 7538 7468
f 7539 7468 7467
f 7540 7480 7479
f 7540 7481 7480
f 7540 7482 7481
f 7540 7483 7482
f 7540 7484 7483
f 7540 7479 7537
f 7541 7539 7467
f 7542 7541 7467
f 7542 7467 7466
f 7543 7466 7465
f 7543 7542 7466
f 7544 7465 7464
f 7544 7543 7465
f 7545 7485 7484
f 7545 7486 7485
f 7545 7487 7486
f 7545 7488 7487
f 7545 7489 7488
f 7545 7490 7489
f 7545 7484 7540
f 7546 7544 7464
f 7547 7464 7463
f 7547 7546 7464
f 7548 7463 7462
f 7548 7547 7463
f 7549 7492 7491
f 7549 7490 7545
f 7549 7491 7490
f 7550 7548 7462
f 7551 7462 7461
f 7551 7550 7462
f 7552 7461 7460
f 7552 7551 7461
f 7553 7493 7492
f 7553 7494 7493
f 7553 7492 7549
f 7554 7460 7459
f 7554 7552 7460
f 7555 7554 7459
f 7556 7495 7494
f 7556 7496 7495
f 7556 7497 7496
f 7556 7494 7553
f 7557 7459 7458
f 7557 7555 7459
f 7558 7498 7497
f 7558 7499 7498
f 7558 7497 7556
f 7559 7458 7457
f 7559 7557 7458
f 7560 7457 7456
f 7560 7559 7457
f 7561 7500 7499
f 7561 7499 7558
f 7562 7456 7455
f 7562 7560 7456
f 7563 7500 7561
f 7501 7500 7563
f 7564 7455 7454
f 7564 7562 7455
f 7502 7563 7565
f 7502 7501 7563
f 7566 7502 7565
f 7567 7564 7454
f 7568 7454 7453
f 7568 7567 7454
f 7503 7566 7569
f 7503 7502 7566
f 7570 7568 7453
f 7571 7453 7452
f 7571 7570 7453
f 7504 7503 7569
f 7504 7569 7572
f 7573 7452 7451
f 7573 7571 7452
f 7574 7573 7451
f 7575 7451 7450
f 7575 7574 7451
f 7505 7504 7572
f 7505 7576 7577
f 7505 7572 7576
f 7578 7575 7450
f 7506 7505 7577
f 7506 7577 7579
f 7580 7450 7449
f 7580 7578 7450
f 7507 7506 7579
f 7507 7581 7582
f 7507 7579 7581
f 7583 7580 7449
f 7583 7449 7448
f 7508 7507 7582
f 7508 7582 7584
f 7509 7508 7584
f 7509 7585 7586
f 7509 7584 7585
f 7587 7583 7448
f 7587 7447 7446
f 7587 7448 7447
f 7588 7587 7446
f 7510 7586 7589
f 7510 7509 7586
f 7590 7446 7445
f 7590 7588 7446
f 7591 7590 7445
f 7511 7592 7593
f 7511 7594 7592
f 7511 7589 7594
f 7511 7510 7589
f 7595 7445 7444
f 7595 7591 7445
f 7596 7595 7444
f 7512 7597 7598
f 7512 7593 7597
f 7512 7511 7593
f 7599 7596 7444
f 7599 7444 7443
f 7600 7599 7443
f 7513 7601 7602
f 7513 7598 7601
f 7513 7512 7598
f 7603 7600 7443
f 7603 7443 7442
f 7604 7603 7442
f 7514 7605 7606
f 7514 7602 7605
f 7514 7513 7602
f 7607 7604 7442
f 7607 7442 7441
f 7608 7607 7441
f 7515 7609 7610
f 7515 7606 7609
f 7515 7514 7606
f 7611 7608 7441
f 7611 7441 7440
f 7516 7515 7610
f 7516 7610 7612
f 7613 7611 7440
f 7613 7440 7439
f 7517 7516 7612
f 7517 7612 7614
f 7615 7613 7439
f 7518 7616 7617
f 7518 7614 7616
f 7518 7517 7614
f 7618 7615 7439
f 7618 7439 7438
f 7619 7438 7437
f 7619 7618 7438
f 7519 7617 7620
f 7519 7518 7617
f 7621 7619 7437
f 7520 7622 7623
f 7520 7620 7622
f 7520 7519 7620
f 7624 7437 7436
f 7624 7621 7437
f 7625 7624 7436
f 7521 7520 7623
f 7521 7623 7626
f 7627 7625 7436
f 7627 7436 7435
f 7628 7627 7435
f 7522 7521 7626
f 7522 7629 7630
f 7522 7626 7629
f 7631 7435 7434
f 7631 7628 7435
f 7523 7522 7630
f 7523 7630 7632
f 7633 7631 7434
f 7634 7633 7434
f 7634 7434 7433
f 7524 7523 7632
f 7524 7635 7636
f 7524 7632 7635
f 7637 7634 7433
f 7637 7433 7432
f 7525 7524 7636
f 7525 7638 7639
f 7525 7636 7638
f 7640 7637 7432
f 7641 7640 7432
f 7641 7432 7431
f 7526 7525 7639
f 7526 7639 7642
f 7527 7526 7642
f 7643 7641 7431
f 7643 7431 7430
f 7528 7642 7644
f 7528 7527 7642
f 7645 7643 7430
f 7646 7645 7430
f 7646 7430 7429
f 7368 7528 7644
f 7647 7429 7428
f 7647 7646 7429
f 7648 7428 7427
f 7648 7647 7428
f 7369 7649 7650
f 7369 7644 7649
f 7369 7368 7644
f 7370 7651 7652
f 7370 7650 7651
f 7370 7369 7650
f 7653 7648 7427
f 7653 7426 7425
f 7653 7427 7426
f 7654 7653 7425
f 7654 7425 7424
f 7371 7655 7656
f 7371 7652 7655
f 7371 7370 7652
f 7657 7424 7423
f 7657 7654 7424
f 7422 7657 7423
f 7372 7656 7658
f 7372 7371 7656
f 7659 7657 7422
f 7421 7659 7422
f 7373 7372 7658
f 7373 7660 7661
f 7373 7658 7660
f 7420 7659 7421
f 7420 7662 7659
f 7374 7661 7663
f 7374 7373 7661
f 7419 7662 7420
f 7419 7664 7662
f 7375 7663 7665
f 7375 7374 7663
f 7376 7375 7665
f 7376 7666 7667
f 7376 7665 7666
f 7418 7664 7419
f 7377 7667 7668
f 7377 7376 7667
f 7417 7664 7418
f 7378 7668 7669
f 7378 7377 7668
f 7379 7670 7671
f 7379 7669 7670
f 7379 7378 7669
f 7416 7664 7417
f 7416 7672 7664
f 7380 7673 7674
f 7380 7671 7673
f 7380 7379 7671
f 7381 7674 7675
f 7381 7380 7674
f 7415 7672 7416
f 7382 7675 7676
f 7382 7381 7675
f 7383 7676 7677
f 7383 7382 7676
f 7384 7678 7679
f 7384 7677 7678
f 7384 7383 7677
f 7414 7680 7672
f 7414 7672 7415
f 7385 7679 7681
f 7385 7384 7679
f 7386 7385 7681
f 7386 7681 7682
f 7413 7683 7680
f 7413 7680 7414
f 7387 7386 7682
f 7387 7682 7684
f 7388 7387 7684
f 7388 7684 7685
f 7389 7388 7685
f 7390 7389 7685
f 7390 7685 7686
f 7412 7683 7413
f 7391 7390 7686
f 7391 7686 7687
f 7392 7391 7687
f 7393 7392 7687
f 7393 7687 7688
f 7411 7683 7412
f 7411 7689 7683
f 7394 7393 7688
f 7394 7688 7690
f 7395 7394 7690
f 7396 7395 7690
f 7396 7690 7691
f 7410 7689 7411
f 7397 7396 7691
f 7397 7691 7692
f 7409 7689 7410
f 7398 7397 7692
f 7408 7689 7409
f 7399 7398 7692
f 7399 7692 7693
f 7400 7399 7693
f 7407 7689 7408
f 7401 7400 7693
f 7406 7689 7407
f 7406 7694 7689
f 7402 7401 7693
f 7402 7693 7694
f 7405 7694 7406
f 7403 7402 7694
f 7404 7694 7405
f 7404 7403 7694
f 7587 7695 7583
f 7583 7695 7696
f 7588 7697 7587
f 7587 7697 7695
f 7590 7698 7588
f 7588 7698 7697
f 7591 7699 7590
f 7590 7699 7698
f 7595 7700 7591
f 7591 7700 7699
f 7596 7701 7595
f 7595 7701 7700
f 7599 7702 7596
f 7596 7702 7701
f 7599 7703 7702
f 7600 7703 7599
f 7600 7704 7703
f 7603 7704 7600
f 7603 7705 7704
f 7604 7705 7603
f 7604 7706 7705
f 7607 7706 7604
f 7607 7707 7706
f 7608 7707 7607
f 7608 7708 7707
f 7611 7708 7608
f 7611 7709 7708
f 7613 7709 7611
f 7613 7710 7709
f 7615 7710 7613
f 7615 7711 7710
f 7618 7711 7615
f 7618 7712 7711
f 7619 7712 7618
f 7619 7713 7712
f 7621 7713 7619
f 7621 7714 7713
f 7624 7714 7621
f 7624 7715 7714
f 7625 7715 7624
f 7627 7715 7625
f 7627 7716 7715
f 7628 7716 7627
f 7631 7717 7628
f 7628 7717 7716
f 7633 7718 7631
f 7631 7718 7717
f 7634 7719 7633
f 7633 7719 7718
f 7637 7720 7634
f 7634 7720 7719
f 7640 7721 7637
f 7637 7721 7720
f 7641 7722 7640
f 7640 7722 7721
f 7641 7723 7722
f 7641 7643 7723
f 7643 7724 7723
f 7643 7645 7724
f 7645 7725 7724
f 7646 7726 7645
f 7645 7726 7725
f 7647 7727 7646
f 7646 7727 7726
f 7648 7728 7647
f 7647 7728 7727
f 7648 7653 7728
f 7653 7729 7728
f 7653 7654 7729
f 7654 7730 7729
f 7654 7657 7730
f 7657 7731 7730
f 7659 7732 7657
f 7657 7732 7731
f 7659 7662 7732
f 7662 7733 7732
f 7662 7664 7733
f 7664 7734 7733
f 7664 7672 7734
f 7672 7735 7734
f 7672 7680 7735
f 7680 7736 7735
f 7680 7683 7736
f 7683 7737 7736
f 7683 7689 7737
f 7689 7738 7737
f 7689 7694 7738
f 7694 7739 7738
f 7694 7693 7739
f 7693 7740 7739
f 7693 7692 7740
f 7692 7741 7740
f 7692 7691 7741
f 7691 7742 7741
f 7691 7690 7742
f 7690 7743 7742
f 7690 7688 7743
f 7688 7744 7743
f 7688 7687 7744
f 7687 7745 7744
f 7687 7686 7745
f 7686 7746 7745
f 7686 7685 7746
f 7685 7747 7746
f 7685 7684 7747
f 7684 7748 7747
f 7682 7748 7684
f 7682 7749 7748
f 7682 7681 7749
f 7681 7750 7749
f 7681 7751 7750
f 7679 7751 7681
f 7679 7752 7751
f 7678 7752 7679
f 7678 7753 7752
f 7677 7753 7678
f 7677 7754 7753
f 7676 7754 7677
f 7676 7755 7754
f 7675 7755 7676
f 7674 7755 7675
f 7674 7756 7755
f 7673 7756 7674
f 7673 7757 7756
f 7671 7757 7673
f 7670 7757 7671
f 7669 7758 7670
f 7670 7758 7757
f 7668 7759 7669
f 7669 7759 7758
f 7667 7760 7668
f 7668 7760 7759
f 7666 7761 7667
f 7667 7761 7760
f 7665 7762 7666
f 7666 7762 7761
f 7663 7763 7665
f 7665 7763 7762
f 7661 7764 7663
f 7663 7764 7763
f 7660 7765 7661
f 7661 7765 7764
f 7658 7766 7660
f 7660 7766 7765
f 7656 7767 7658
f 7658 7767 7766
f 7656 7768 7767
f 7655 7768 7656
f 7655 7769 7768
f 7652 7769 7655
f 7652 7770 7769
f 7652 7771 7770
f 7651 7771 7652
f 7651 7772 7771
f 7650 7772 7651
f 7650 7773 7772
f 7649 7773 7650
f 7649 7774 7773
f 7644 7774 7649
f 7644 7642 7774
f 7642 7775 7774
f 7642 7639 7775
f 7638 7776 7639
f 7639 7776 7775
f 7638 7777 7776
f 7638 7636 7777
f 7636 7778 7777
f 7635 7778 7636
f 7635 7779 7778
f 7632 7779 7635
f 7632 7780 7779
f 7630 7780 7632
f 7629 7780 7630
f 7629 7781 7780
f 7626 7781 7629
f 7626 7782 7781
f 7623 7782 7626
f 7623 7783 7782
f 7622 7783 7623
f 7622 7784 7783
f 7620 7784 7622
f 7620 7785 7784
f 7617 7785 7620
f 7617 7786 7785
f 7616 7786 7617
f 7614 7786 7616
f 7614 7787 7786
f 7612 7787 7614
f 7612 7788 7787
f 7610 7788 7612
f 7610 7789 7788
f 7609 7789 7610
f 7609 7790 7789
f 7606 7790 7609
f 7605 7791 7606
f 7606 7791 7790
f 7602 7792 7605
f 7605 7792 7791
f 7601 7793 7602
f 7598 7793 7601
f 7602 7793 7792
f 7597 7794 7598
f 7598 7794 7793
f 7593 7795 7597
f 7597 7795 7794
f 7592 7796 7593
f 7593 7796 7795
f 7594 7797 7592
f 7592 7797 7796
f 7589 7798 7594
f 7594 7798 7797
f 7586 7799 7589
f 7589 7799 7798
f 7586 7800 7799
f 7585 7800 7586
f 7585 7801 7800
f 7585 7584 7801
f 7584 7802 7801
f 7584 7582 7802
f 7582 7803 7802
f 7581 7803 7582
f 7581 7804 7803
f 7579 7804 7581
f 7579 7805 7804
f 7577 7805 7579
f 7577 7806 7805
f 7576 7806 7577
f 7576 7807 7806
f 7572 7807 7576
f 7572 7569 7807
f 7569 7808 7807
f 7569 7566 7808
f 7566 7809 7808
f 7566 7565 7809
f 7565 7810 7809
f 7563 7810 7565
f 7563 7811 7810
f 7561 7811 7563
f 7561 7812 7811
f 7561 7558 7812
f 7558 7813 7812
f 7558 7556 7813
f 7556 7814 7813
f 7556 7553 7814
f 7553 7815 7814
f 7553 7549 7815
f 7549 7816 7815
f 7549 7545 7816
f 7545 7817 7816
f 7545 7540 7817
f 7540 7818 7817
f 7540 7537 7818
f 7537 7819 7818
f 7537 7533 7819
f 7533 7820 7819
f 7533 7530 7820
f 7530 7821 7820
f 7530 7529 7821
f 7529 7822 7821
f 7529 7531 7822
f 7531 7823 7822
f 7531 7532 7823
f 7532 7824 7823
f 7532 7534 7824
f 7534 7825 7824
f 7534 7535 7825
f 7536 7826 7535
f 7535 7826 7825
f 7538 7827 7536
f 7536 7827 7826
f 7538 7539 7827
f 7541 7828 7539
f 7539 7828 7827
f 7542 7829 7541
f 7541 7829 7828
f 7543 7830 7542
f 7542 7830 7829
f 7544 7831 7543
f 7543 7831 7830
f 7546 7832 7544
f 7544 7832 7831
f 7547 7833 7546
f 7546 7833 7832
f 7548 7834 7547
f 7547 7834 7833
f 7550 7835 7548
f 7548 7835 7834
f 7550 7551 7835
f 7551 7836 7835
f 7551 7552 7836
f 7552 7837 7836
f 7552 7554 7837
f 7555 7838 7554
f 7554 7838 7837
f 7557 7839 7555
f 7555 7839 7838
f 7559 7840 7557
f 7557 7840 7839
f 7560 7841 7559
f 7559 7841 7840
f 7562 7842 7560
f 7560 7842 7841
f 7564 7843 7562
f 7562 7843 7842
f 7567 7844 7564
f 7564 7844 7843
f 7568 7845 7567
f 7567 7845 7844
f 7568 7846 7845
f 7570 7846 7568
f 7570 7847 7846
f 7571 7847 7570
f 7571 7848 7847
f 7573 7848 7571
f 7573 7849 7848
f 7574 7849 7573
f 7574 7850 7849
f 7575 7850 7574
f 7575 7851 7850
f 7578 7851 7575
f 7578 7852 7851
f 7580 7852 7578
f 7580 7696 7852
f 7583 7696 7580
f 7820 7821 7822
f 7820 7822 7823
f 7820 7823 7824
f 7820 7824 7825
f 7819 7820 7825
f 7818 7825 7826
f 7818 7819 7825
f 7817 7826 7827
f 7817 7827 7828
f 7817 7828 7829
f 7817 7818 7826
f 7816 7829 7830
f 7816 7830 7831
f 7816 7817 7829
f 7807 7808 7809
f 7807 7809 7810
f 7806 7810 7811
f 7806 7807 7810
f 7805 7806 7811
f 7804 7811 7812
f 7804 7805 7811
f 7803 7812 7813
f 7803 7804 7812
f 7802 7813 7814
f 7802 7803 7813
f 7801 7802 7814
f 7800 7814 7815
f 7800 7801 7814
f 7799 7815 7816
f 7799 7800 7815
f 7798 7799 7816
f 7797 7831 7832
f 7797 7798 7816
f 7797 7816 7831
f 7796 7797 7832
f 7795 7832 7833
f 7795 7796 7832
f 7794 7833 7834
f 7794 7795 7833
f 7793 7834 7835
f 7793 7794 7834
f 7792 7793 7835
f 7791 7835 7836
f 7791 7792 7835
f 7790 7791 7836
f 7790 7836 7837
f 7789 7837 7838
f 7789 7790 7837
f 7788 7789 7838
f 7787 7788 7838
f 7787 7838 7839
f 7786 7787 7839
f 7786 7839 7840
f 7785 7840 7841
f 7785 7786 7840
f 7784 7785 7841
f 7783 7784 7841
f 7783 7841 7842
f 7782 7783 7842
f 7782 7842 7843
f 7781 7782 7843
f 7781 7843 7844
f 7780 7781 7844
f 7780 7844 7845
f 7779 7780 7845
f 7779 7845 7846
f 7778 7846 7847
f 7778 7847 7848
f 7778 7779 7846
f 7777 7848 7849
f 7777 7778 7848
f 7776 7849 7850
f 7776 7850 7851
f 7776 7777 7849
f 7775 7776 7851
f 7775 7851 7852
f 7774 7852 7696
f 7774 7775 7852
f 7773 7696 7695
f 7773 7774 7696
f 7772 7695 7697
f 7772 7773 7695
f 7771 7772 7697
f 7770 7697 7698
f 7770 7771 7697
f 7731 7729 7730
f 7769 7698 7699
f 7769 7770 7698
f 7768 7699 7700
f 7768 7769 7699
f 7767 7700 7701
f 7767 7768 7700
f 7766 7767 7701
f 7766 7701 7702
f 7733 7731 7732
f 7765 7702 7703
f 7765 7703 7704
f 7765 7766 7702
f 7764 7704 7705
f 7764 7765 7704
f 7734 7731 7733
f 7734 7729 7731
f 7763 7705 7706
f 7763 7706 7707
f 7763 7764 7705
f 7762 7707 7708
f 7762 7763 7707
f 7761 7708 7709
f 7761 7762 7708
f 7736 7729 7734
f 7736 7734 7735
f 7760 7709 7710
f 7760 7761 7709
f 7759 7710 7711
f 7759 7760 7710
f 7758 7711 7712
f 7758 7759 7711
f 7757 7712 7713
f 7757 7758 7712
f 7756 7713 7714
f 7756 7757 7713
f 7738 7736 7737
f 7755 7714 7715
f 7755 7756 7714
f 7754 7715 7716
f 7754 7755 7715
f 7753 7716 7717
f 7753 7717 7718
f 7753 7754 7716
f 7752 7718 7719
f 7752 7753 7718
f 7751 7719 7720
f 7751 7752 7719
f 7750 7751 7720
f 7750 7720 7721
f 7749 7721 7722
f 7749 7722 7723
f 7749 7750 7721
f 7748 7749 7723
f 7748 7723 7724
f 7748 7724 7725
f 7748 7725 7726
f 7747 7726 7727
f 7747 7727 7728
f 7747 7748 7726
f 7742 7739 7740
f 7742 7740 7741
f 7746 7747 7728
f 7746 7729 7736
f 7746 7736 7738
f 7746 7728 7729
f 7743 7738 7739
f 7743 7739 7742
f 7745 7746 7738
f 7744 7738 7743
f 7744 7745 7738
f 7853 1286 637
f 7853 7854 1286
f 7854 7855 1286
f 7855 653 1286
f 7856 654 7855
f 7855 654 653
f 7857 655 7856
f 7856 655 654
f 7857 7858 655
f 7858 1282 655
f 7858 7859 1282
f 7859 1281 1282
f 7859 7860 1281
f 7860 1280 1281
f 7861 1279 7860
f 7860 1279 1280
f 7862 1287 7861
f 7861 1287 1279
f 7862 7863 1287
f 7863 1285 1287
f 7863 7864 1285
f 7864 1284 1285
f 7864 7865 1284
f 7865 1288 1284
f 7865 7866 1288
f 7866 1276 1288
f 7866 7867 1276
f 7867 1275 1276
f 7867 7868 1275
f 7868 1289 1275
f 7868 7869 1289
f 7869 1277 1289
f 7869 7870 1277
f 7870 1290 1277
f 7870 7871 1290
f 7871 683 1290
f 7871 7872 683
f 7872 681 683
f 7872 7873 681
f 7873 689 681
f 7873 7874 689
f 7874 696 689
f 7874 7875 696
f 7875 695 696
f 7876 698 7875
f 7875 698 695
f 7877 702 7876
f 7876 702 698
f 7878 745 7877
f 7877 745 702
f 7879 746 7878
f 7878 746 745
f 7880 780 7879
f 7879 780 746
f 7880 781 780
f 7881 781 7880
f 7881 782 781
f 7882 782 7881
f 7882 783 782
f 7883 783 7882
f 7883 784 783
f 7884 784 7883
f 7884 785 784
f 7885 785 7884
f 7885 786 785
f 7886 786 7885
f 7886 787 786
f 7887 787 7886
f 7888 787 7887
f 7888 788 787
f 7889 788 7888
f 7889 789 788
f 7890 789 7889
f 7891 789 7890
f 7891 790 789
f 7892 790 7891
f 7892 791 790
f 7893 791 7892
f 7894 791 7893
f 7894 792 791
f 7895 792 7894
f 7896 793 7895
f 7895 793 792
f 7897 793 7896
f 7898 794 7897
f 7897 794 793
f 7899 795 7898
f 7898 795 794
f 7900 860 7899
f 7899 860 795
f 7901 861 7900
f 7900 861 860
f 7902 862 7901
f 7901 862 861
f 7903 863 7902
f 7902 863 862
f 7904 864 7903
f 7903 864 863
f 7905 865 7904
f 7904 865 864
f 7905 866 865
f 7905 7906 866
f 7906 867 866
f 7906 7907 867
f 7907 868 867
f 7907 7908 868
f 7908 853 868
f 7909 854 7908
f 7908 854 853
f 7910 855 7909
f 7909 855 854
f 7911 856 7910
f 7910 856 855
f 7912 857 7911
f 7911 857 856
f 7913 858 7912
f 7912 858 857
f 7914 859 7913
f 7913 859 858
f 7915 809 7914
f 7914 809 859
f 7916 802 7915
f 7915 802 809
f 7917 803 7916
f 7916 803 802
f 7918 804 7917
f 7917 804 803
f 7919 805 7918
f 7918 805 804
f 7920 806 7919
f 7919 806 805
f 7920 813 806
f 7920 7921 813
f 7921 816 813
f 7921 7922 816
f 7922 820 816
f 7922 826 820
f 7923 826 7922
f 7923 830 826
f 7924 830 7923
f 7924 835 830
f 7924 7925 835
f 7925 839 835
f 7925 7926 839
f 7926 844 839
f 7926 7927 844
f 7927 846 844
f 7927 7928 846
f 7928 850 846
f 7928 7929 850
f 7929 870 850
f 7929 7930 870
f 7930 872 870
f 7930 7931 872
f 7931 878 872
f 7931 7932 878
f 7932 885 878
f 7933 883 7932
f 7932 883 885
f 7934 891 7933
f 7933 891 883
f 7934 7935 891
f 7935 895 891
f 7935 7936 895
f 7936 899 895
f 7936 7937 899
f 7937 904 899
f 7937 1292 904
f 7938 1292 7937
f 7938 1293 1292
f 7939 1293 7938
f 7939 912 1293
f 7940 912 7939
f 7940 918 912
f 7941 918 7940
f 7941 1294 918
f 7942 1294 7941
f 7942 7943 1294
f 7943 939 1294
f 7943 7944 939
f 7944 944 939
f 7944 7945 944
f 7945 946 944
f 7945 7946 946
f 7946 945 946
f 7946 7947 945
f 7947 960 945
f 7947 7948 960
f 7948 961 960
f 7948 7949 961
f 7949 962 961
f 7949 7950 962
f 7950 964 962
f 7950 7951 964
f 7951 967 964
f 7951 7952 967
f 7952 968 967
f 7952 7953 968
f 7953 970 968
f 7953 7954 970
f 7954 971 970
f 7954 7955 971
f 7955 972 971
f 7955 7956 972
f 7956 973 972
f 7956 7957 973
f 7957 976 973
f 7957 7958 976
f 7958 977 976
f 7958 7959 977
f 7959 978 977
f 7960 980 7959
f 7959 980 978
f 7960 7961 980
f 7961 981 980
f 7961 7962 981
f 7962 982 981
f 7962 7963 982
f 7963 984 982
f 7963 985 984
f 7964 985 7963
f 7964 986 985
f 7965 986 7964
f 7965 987 986
f 7966 987 7965
f 7966 988 987
f 7967 988 7966
f 7967 992 988
f 7968 992 7967
f 7968 993 992
f 7969 993 7968
f 7969 994 993
f 7970 994 7969
f 7970 995 994
f 7971 995 7970
f 7971 996 995
f 7972 996 7971
f 996 7973 989
f 7972 7973 996
f 7973 974 989
f 7974 965 974
f 7974 974 7973
f 7975 965 7974
f 7976 947 965
f 7976 965 7975
f 7976 958 947
f 7976 7977 958
f 7978 957 7977
f 7977 957 958
f 7979 955 7978
f 7978 955 957
f 7980 948 7979
f 7979 948 955
f 7981 949 7980
f 7980 949 948
f 7981 950 949
f 7982 950 7981
f 7982 951 950
f 7983 951 7982
f 7983 952 951
f 7984 952 7983
f 7984 953 952
f 7985 953 7984
f 7986 953 7985
f 7986 954 953
f 7987 954 7986
f 7987 942 954
f 7988 942 7987
f 7988 941 942
f 7988 940 941
f 7989 940 7988
f 7989 937 940
f 7990 937 7989
f 7990 936 937
f 7991 936 7990
f 7991 935 936
f 7992 935 7991
f 7992 916 935
f 7993 916 7992
f 7993 915 916
f 7994 915 7993
f 7994 914 915
f 7995 914 7994
f 7995 909 914
f 7996 909 7995
f 7997 908 7996
f 7996 908 909
f 7998 907 7997
f 7997 907 908
f 7999 906 7998
f 7998 906 907
f 8000 905 7999
f 7999 905 906
f 8001 902 8000
f 8000 902 905
f 8002 901 8001
f 8001 901 902
f 8003 900 8002
f 8004 900 8003
f 8002 900 901
f 8004 897 900
f 8005 896 8004
f 8006 896 8005
f 8004 896 897
f 8007 893 8006
f 8006 893 896
f 8007 892 893
f 8008 892 8007
f 8008 889 892
f 8009 889 8008
f 8009 888 889
f 8010 888 8009
f 8010 886 888
f 8011 886 8010
f 8011 882 886
f 8011 881 882
f 8012 881 8011
f 8012 880 881
f 8013 880 8012
f 8014 880 8013
f 8014 879 880
f 8015 879 8014
f 8015 875 879
f 8016 875 8015
f 8016 874 875
f 8016 8017 874
f 8017 871 874
f 8017 8018 871
f 8018 847 871
f 8019 841 8018
f 8020 841 8019
f 8018 841 847
f 8020 840 841
f 8020 8021 840
f 8021 836 840
f 8021 8022 836
f 8022 832 836
f 8022 8023 832
f 8023 831 832
f 8023 8024 831
f 8024 828 831
f 8024 8025 828
f 8025 824 828
f 8025 8026 824
f 8026 821 824
f 8026 8027 821
f 8027 817 821
f 8027 8028 817
f 8028 810 817
f 8028 8029 810
f 8029 800 810
f 8029 8030 800
f 8030 799 800
f 8030 798 799
f 8031 798 8030
f 8031 797 798
f 8032 797 8031
f 8032 796 797
f 8033 796 8032
f 8033 776 796
f 8034 776 8033
f 8034 775 776
f 8035 775 8034
f 8036 774 8035
f 8035 774 775
f 8036 772 774
f 8037 772 8036
f 8038 771 8037
f 8037 771 772
f 8039 770 8038
f 8038 770 771
f 8040 769 8039
f 8039 769 770
f 8041 768 8040
f 8040 768 769
f 8042 767 8041
f 8041 767 768
f 8043 766 8042
f 8042 766 767
f 8043 8044 766
f 8044 765 766
f 8044 764 765
f 8045 764 8044
f 8045 763 764
f 8046 763 8045
f 8046 762 763
f 8047 762 8046
f 8047 761 762
f 8048 761 8047
f 8048 760 761
f 8049 760 8048
f 8049 759 760
f 8050 759 8049
f 8050 8051 759
f 8051 758 759
f 8051 8052 758
f 8052 757 758
f 8052 756 757
f 8053 756 8052
f 8053 755 756
f 8054 755 8053
f 8054 8055 755
f 8055 754 755
f 8055 753 754
f 8056 753 8055
f 8056 750 753
f 8057 750 8056
f 8057 751 750
f 8058 751 8057
f 8058 752 751
f 8059 752 8058
f 752 8060 749
f 8059 8060 752
f 8061 8062 731
f 8061 731 743
f 8061 743 748
f 8063 748 749
f 8063 8061 748
f 8060 8063 749
f 731 8064 742
f 8062 8064 731
f 8065 741 8064
f 8064 741 742
f 8066 739 8065
f 8065 739 741
f 8066 732 739
f 8067 732 8066
f 8067 8068 732
f 8068 733 732
f 8069 733 8068
f 8069 734 733
f 8069 735 734
f 8070 735 8069
f 8070 736 735
f 8071 736 8070
f 8071 737 736
f 8072 737 8071
f 8073 737 8072
f 8073 738 737
f 8074 738 8073
f 8074 730 738
f 8075 730 8074
f 8075 729 730
f 8076 729 8075
f 8076 728 729
f 8077 728 8076
f 8077 727 728
f 8078 727 8077
f 8078 726 727
f 8079 726 8078
f 8079 723 726
f 8080 723 8079
f 8080 722 723
f 8081 722 8080
f 8081 721 722
f 8082 721 8081
f 8083 720 8082
f 8082 720 721
f 8084 719 8083
f 8083 719 720
f 8085 718 8084
f 8086 718 8085
f 8084 718 719
f 8087 717 8086
f 8086 717 718
f 8088 716 8087
f 8087 716 717
f 8089 712 8088
f 8088 712 716
f 8090 711 8089
f 8089 711 712
f 8091 710 8090
f 8090 710 711
f 8092 709 8091
f 8091 709 710
f 8093 708 8092
f 8092 708 709
f 8093 707 708
f 8094 707 8093
f 8094 706 707
f 8095 706 8094
f 8095 705 706
f 8096 705 8095
f 8096 703 705
f 8097 703 8096
f 8097 701 703
f 8098 701 8097
f 8099 701 8098
f 8099 700 701
f 8100 700 8099
f 8100 697 700
f 8101 697 8100
f 8101 694 697
f 8102 694 8101
f 8102 693 694
f 8103 693 8102
f 8103 692 693
f 8104 692 8103
f 8104 691 692
f 8105 691 8104
f 8105 690 691
f 8106 690 8105
f 8106 686 690
f 8106 8107 686
f 8107 684 686
f 8107 685 684
f 8108 685 8107
f 8108 8109 685
f 8109 680 685
f 8110 679 8109
f 8109 679 680
f 8110 677 679
f 8111 677 8110
f 8112 677 8111
f 8112 676 677
f 8113 676 8112
f 8114 676 8113
f 8114 675 676
f 8115 675 8114
f 8115 674 675
f 8116 674 8115
f 8116 671 674
f 8117 671 8116
f 8117 670 671
f 8118 670 8117
f 8118 668 670
f 8118 8119 668
f 8119 667 668
f 8119 666 667
f 8120 666 8119
f 8120 665 666
f 8121 665 8120
f 8121 664 665
f 8122 664 8121
f 8122 663 664
f 8123 663 8122
f 8123 662 663
f 8124 662 8123
f 8124 661 662
f 8125 661 8124
f 8125 660 661
f 8126 660 8125
f 8126 659 660
f 8126 8127 659
f 8127 658 659
f 8128 657 8127
f 8127 657 658
f 8129 656 8128
f 8128 656 657
f 8130 651 8129
f 8129 651 656
f 8131 650 8130
f 8130 650 651
f 8132 649 8131
f 8131 649 650
f 8133 648 8132
f 8132 648 649
f 8134 647 8133
f 8133 647 648
f 8134 646 647
f 8134 8135 646
f 8135 645 646
f 8136 644 8135
f 8135 644 645
f 8136 643 644
f 8137 643 8136
f 8137 642 643
f 8138 642 8137
f 8138 640 642
f 8139 640 8138
f 8139 639 640
f 8140 639 8139
f 8140 638 639
f 8141 638 8140
f 8141 633 638
f 8142 633 8141
f 8142 631 633
f 8142 8143 631
f 8143 630 631
f 8143 8144 630
f 8144 629 630
f 8144 8145 629
f 8145 625 629
f 8145 8146 625
f 8146 624 625
f 8147 624 8146
f 8147 621 624
f 8148 621 8147
f 8148 622 621
f 8149 622 8148
f 8149 623 622
f 8150 623 8149
f 623 8151 620
f 8150 8151 623
f 8152 8153 608
f 8152 608 613
f 8154 613 615
f 8154 8152 613
f 8151 615 620
f 8151 8154 615
f 608 8155 610
f 8153 8155 608
f 8155 8156 610
f 610 8156 635
f 635 8157 636
f 636 8157 637
f 8156 8157 635
f 8157 7853 637
f 8150 8153 8152
f 8150 8152 8154
f 8150 8154 8151
f 8149 8153 8150
f 8155 8153 8149
f 8155 8146 8145
f 8155 8147 8146
f 8155 8148 8147
f 8155 8149 8148
f 7854 8156 8155
f 7854 8155 8145
f 7854 8138 8137
f 7854 8139 8138
f 7854 8140 8139
f 7854 8141 8140
f 7854 8142 8141
f 7854 8143 8142
f 7854 8144 8143
f 7854 8145 8144
f 8136 7854 8137
f 8157 8156 7854
f 7855 8134 8133
f 7855 8135 8134
f 7855 8136 8135
f 7855 7854 8136
f 7853 8157 7854
f 7856 8132 8131
f 7856 8133 8132
f 7856 7855 8133
f 7857 8130 8129
f 7857 8131 8130
f 7857 7856 8131
f 7858 8129 8128
f 7858 7857 8129
f 7859 8128 8127
f 7859 7858 8128
f 7860 8127 8126
f 7860 7859 8127
f 7861 8125 8124
f 7861 8126 8125
f 7861 7860 8126
f 7862 8123 8122
f 7862 8124 8123
f 7862 7861 8124
f 7863 8121 8120
f 7863 8122 8121
f 7863 7862 8122
f 7864 8119 8118
f 7864 8120 8119
f 7864 7863 8120
f 7865 7864 8118
f 7865 8118 8117
f 7866 8117 8116
f 7866 7865 8117
f 7867 7866 8116
f 7867 8115 8114
f 7867 8116 8115
f 7868 7867 8114
f 7868 8113 8112
f 7868 8114 8113
f 7869 8111 8110
f 7869 8112 8111
f 7869 7868 8112
f 7870 8110 8109
f 7870 7869 8110
f 7871 8109 8108
f 7871 7870 8109
f 7872 7871 8108
f 7873 7872 8108
f 7873 8107 8106
f 7873 8108 8107
f 8064 8062 8061
f 7874 7873 8106
f 7874 8104 8103
f 7874 8105 8104
f 7874 8106 8105
f 7875 7874 8103
f 7875 8102 8101
f 7875 8103 8102
f 7876 8100 8099
f 7876 8101 8100
f 7876 7875 8101
f 7877 7876 8099
f 7877 8098 8097
f 7877 8099 8098
f 7878 7877 8097
f 7878 8097 8096
f 7879 7878 8096
f 7879 8095 8094
f 7879 8096 8095
f 8059 8064 8061
f 8059 8061 8063
f 8059 8063 8060
f 7880 7879 8094
f 7880 8093 8092
f 7880 8094 8093
f 7881 7880 8092
f 7881 8091 8090
f 7881 8092 8091
f 8058 8064 8059
f 7882 7881 8090
f 7882 8089 8088
f 7882 8090 8089
f 7883 7882 8088
f 7883 8087 8086
f 7883 8088 8087
f 8057 8064 8058
f 7884 7883 8086
f 7884 8085 8084
f 7884 8086 8085
f 7885 8083 8082
f 7885 8084 8083
f 7885 7884 8084
f 8056 8064 8057
f 8056 8065 8064
f 7886 7885 8082
f 7886 8081 8080
f 7886 8082 8081
f 7887 8080 8079
f 7887 7886 8080
f 8055 8065 8056
f 7888 8079 8078
f 7888 7887 8079
f 7889 8077 8076
f 7889 8078 8077
f 7889 7888 8078
f 7890 8076 8075
f 7890 7889 8076
f 7891 8075 8074
f 7891 7890 8075
f 7892 7891 8074
f 7892 8074 8073
f 7893 8073 8072
f 7893 7892 8073
f 7894 7893 8072
f 7895 7894 8072
f 7895 8072 8071
f 7896 7895 8071
f 7897 8071 8070
f 7897 7896 8071
f 7898 7897 8070
f 7898 8070 8069
f 7899 7898 8069
f 7900 8069 8068
f 7900 7899 8069
f 7901 7900 8068
f 7902 7901 8068
f 7902 8068 8067
f 7903 7902 8067
f 7904 7903 8067
f 7905 7904 8067
f 7905 8067 8066
f 7906 7905 8066
f 7908 8051 8050
f 7908 8052 8051
f 7908 8053 8052
f 7908 8054 8053
f 7908 8055 8054
f 7908 8066 8065
f 7908 8065 8055
f 7907 8066 7908
f 7907 7906 8066
f 8049 7908 8050
f 8048 7908 8049
f 7909 7908 8048
f 7909 8047 8046
f 7909 8048 8047
f 7910 8046 8045
f 7910 7909 8046
f 7911 8044 8043
f 7911 8045 8044
f 7911 7910 8045
f 7912 8042 8041
f 7912 8043 8042
f 7912 7911 8043
f 7913 8040 8039
f 7913 8041 8040
f 7913 7912 8041
f 7914 8038 8037
f 7914 8039 8038
f 7914 7913 8039
f 7915 8037 8036
f 7915 7914 8037
f 7916 8035 8034
f 7916 8036 8035
f 7916 7915 8036
f 7917 8034 8033
f 7917 7916 8034
f 7918 8032 8031
f 7918 8033 8032
f 7918 7917 8033
f 7919 8031 8030
f 7919 7918 8031
f 7920 8029 8028
f 7920 8030 8029
f 7920 7919 8030
f 7921 8028 8027
f 7921 7920 8028
f 7922 8027 8026
f 7922 7921 8027
f 7923 8025 8024
f 7923 8026 8025
f 7923 7922 8026
f 7924 8024 8023
f 7924 7923 8024
f 7925 8022 8021
f 7925 8023 8022
f 7925 7924 8023
f 7926 7925 8021
f 7926 8021 8020
f 7927 7926 8020
f 7927 8020 8019
f 7928 7927 8019
f 7928 8019 8018
f 7929 7928 8018
f 7929 8018 8017
f 7930 7929 8017
f 7931 7930 8017
f 7931 8015 8014
f 7931 8016 8015
f 7931 8017 8016
f 7932 7931 8014
f 7932 8013 8012
f 7932 8014 8013
f 7977 7976 7975
f 7933 8011 8010
f 7933 8012 8011
f 7933 7932 8012
f 7934 7933 8010
f 7934 8010 8009
f 7935 8008 8007
f 7935 8009 8008
f 7935 7934 8009
f 7936 7935 8007
f 7936 8006 8005
f 7936 8007 8006
f 7937 7936 8005
f 7937 8005 8004
f 7938 7937 8004
f 7938 8003 8002
f 7938 8004 8003
f 7939 7938 8002
f 7939 8002 8001
f 7940 7939 8001
f 7940 8000 7999
f 7940 8001 8000
f 7941 7940 7999
f 7941 7999 7998
f 7942 7941 7998
f 7942 7997 7996
f 7942 7998 7997
f 7943 7942 7996
f 7943 7995 7994
f 7943 7996 7995
f 7972 7977 7975
f 7972 7975 7974
f 7972 7974 7973
f 7944 7943 7994
f 7944 7994 7993
f 7945 7992 7991
f 7945 7993 7992
f 7945 7944 7993
f 7971 7977 7972
f 7946 7945 7991
f 7946 7991 7990
f 7947 7989 7988
f 7947 7990 7989
f 7947 7946 7990
f 7970 7977 7971
f 7970 7978 7977
f 7948 7988 7987
f 7948 7947 7988
f 7949 7948 7987
f 7949 7986 7985
f 7949 7987 7986
f 7969 7978 7970
f 7950 7985 7984
f 7950 7949 7985
f 7951 7984 7983
f 7951 7950 7984
f 7968 7978 7969
f 7952 7983 7982
f 7952 7951 7983
f 7967 7978 7968
f 7953 7952 7982
f 7966 7979 7978
f 7966 7978 7967
f 7954 7982 7981
f 7954 7953 7982
f 7955 7954 7981
f 7965 7979 7966
f 7956 7981 7980
f 7956 7955 7981
f 7964 7979 7965
f 7957 7956 7980
f 7963 7979 7964
f 7958 7957 7980
f 7962 7979 7963
f 7959 7958 7980
f 7959 7980 7979
f 7961 7979 7962
f 7960 7959 7979
f 7960 7979 7961
f 1060 8158 1056
f 8159 8158 1060
f 8158 1051 1056
f 8160 1046 1051
f 8160 1051 8158
f 8161 1038 1046
f 8161 1046 8160
f 8162 1038 8161
f 1038 8163 1043
f 8162 8163 1038
f 1054 8159 1060
f 1049 8164 1054
f 1054 8164 8159
f 1043 8165 1049
f 1049 8165 8164
f 1043 8163 8165
f 8165 8163 8162
f 8165 8162 8161
f 8164 8161 8160
f 8164 8165 8161
f 8159 8160 8158
f 8159 8164 8160
f 1105 1106 8166
f 8167 1105 8166
f 8168 1104 1105
f 8168 1105 8167
f 8169 1080 1104
f 8169 1104 8168
f 8169 8170 1080
f 8170 1140 1080
f 1116 1142 8171
f 1142 8172 8171
f 1142 1141 8172
f 1141 8173 8172
f 1140 8170 1141
f 1141 8170 8173
f 8171 8166 1116
f 8166 1106 1116
f 8170 8169 8168
f 8170 8168 8167
f 8170 8167 8166
f 8173 8170 8166
f 8172 8173 8166
f 8171 8172 8166
f 8174 2440 8175
f 8175 2440 2442
f 8176 2438 8174
f 8174 2438 2440
f 8177 2436 8176
f 8176 2436 2438
f 8178 2434 8177
f 8177 2434 2436
f 8179 2432 8178
f 8178 2432 2434
f 8180 2430 8179
f 8179 2430 2432
f 8180 2428 2430
f 8180 8181 2428
f 8181 2426 2428
f 8181 8182 2426
f 8182 2424 2426
f 8183 2422 8182
f 8182 2422 2424
f 8184 2420 8183
f 8183 2420 2422
f 8184 2418 2420
f 8184 8185 2418
f 8185 2416 2418
f 8185 8186 2416
f 8186 2414 2416
f 8186 2412 2414
f 8187 2412 8186
f 8187 2410 2412
f 8188 2410 8187
f 8188 2408 2410
f 8188 8189 2408
f 8189 2406 2408
f 8189 2404 2406
f 8190 2404 8189
f 8190 2402 2404
f 8191 2402 8190
f 8191 2400 2402
f 8191 8192 2400
f 8192 2398 2400
f 8192 8193 2398
f 8193 2396 2398
f 8193 8194 2396
f 8194 2394 2396
f 8195 2391 8194
f 8194 2391 2394
f 8196 2389 8195
f 8195 2389 2391
f 8196 8197 2389
f 8197 2387 2389
f 8197 8198 2387
f 8198 2385 2387
f 8198 8199 2385
f 8199 2383 2385
f 8199 8200 2383
f 8200 2380 2383
f 8200 8201 2380
f 8201 2378 2380
f 8202 2378 8201
f 8202 2376 2378
f 8203 2376 8202
f 8203 2374 2376
f 8204 2374 8203
f 8204 8205 2374
f 8205 2372 2374
f 8206 2372 8205
f 8206 2370 2372
f 8207 2370 8206
f 8207 8208 2370
f 8208 2368 2370
f 8209 2368 8208
f 8209 2366 2368
f 8210 2366 8209
f 8210 2364 2366
f 8211 2364 8210
f 8211 8212 2364
f 8212 2361 2364
f 8212 8213 2361
f 8213 2359 2361
f 8213 8214 2359
f 8214 2357 2359
f 8214 8215 2357
f 8215 2355 2357
f 8215 8216 2355
f 8216 2352 2355
f 8216 8217 2352
f 8217 2350 2352
f 8217 8218 2350
f 8218 2348 2350
f 8218 8219 2348
f 8219 2346 2348
f 8219 8220 2346
f 8220 2344 2346
f 8220 8221 2344
f 8221 2341 2344
f 8221 8222 2341
f 8222 2339 2341
f 8222 8223 2339
f 8223 2337 2339
f 8223 8224 2337
f 8224 2335 2337
f 8224 8225 2335
f 8225 2333 2335
f 8225 8226 2333
f 8226 2331 2333
f 8226 8227 2331
f 8227 2329 2331
f 8227 8228 2329
f 8228 2327 2329
f 8228 8229 2327
f 8229 2325 2327
f 8229 8230 2325
f 8230 2323 2325
f 8230 8231 2323
f 8231 2322 2323
f 8231 8232 2322
f 8232 2320 2322
f 8232 8233 2320
f 8233 2319 2320
f 8233 8234 2319
f 8234 2318 2319
f 8234 8235 2318
f 8235 2315 2318
f 8235 8236 2315
f 8236 2316 2315
f 8236 8237 2316
f 8237 2317 2316
f 8237 8238 2317
f 8238 2313 2317
f 8238 8239 2313
f 8239 2314 2313
f 8240 2307 8239
f 8239 2307 2314
f 8240 8241 2307
f 8242 2308 8241
f 8241 2308 2307
f 8242 2309 2308
f 8242 8243 2309
f 8243 2310 2309
f 8243 2311 2310
f 8244 2311 8243
f 8244 2312 2311
f 8245 2312 8244
f 8245 2321 2312
f 8246 2321 8245
f 8246 2324 2321
f 8246 8247 2324
f 8247 2326 2324
f 8247 2328 2326
f 8248 2328 8247
f 8248 2330 2328
f 8249 2330 8248
f 8249 2332 2330
f 8250 2332 8249
f 8250 2334 2332
f 8250 8251 2334
f 8251 2336 2334
f 8251 2338 2336
f 8252 2338 8251
f 8252 2340 2338
f 8253 2340 8252
f 8253 2342 2340
f 8254 2342 8253
f 8254 2343 2342
f 8254 8255 2343
f 8255 2345 2343
f 8256 2347 8255
f 8255 2347 2345
f 8257 2349 8256
f 8256 2349 2347
f 8258 2351 8257
f 8257 2351 2349
f 8259 2353 8258
f 8258 2353 2351
f 8260 2354 8259
f 8259 2354 2353
f 8261 2356 8260
f 8260 2356 2354
f 8262 2358 8261
f 8261 2358 2356
f 8263 2360 8262
f 8262 2360 2358
f 8264 2362 8263
f 8263 2362 2360
f 8265 2363 8264
f 8264 2363 2362
f 8265 2365 2363
f 8266 2365 8265
f 8266 2367 2365
f 8267 2367 8266
f 8267 2369 2367
f 8268 2369 8267
f 8268 2371 2369
f 8269 2371 8268
f 8269 2373 2371
f 8270 2373 8269
f 8270 2375 2373
f 8271 2375 8270
f 8271 2377 2375
f 8272 2377 8271
f 8272 2379 2377
f 8273 2379 8272
f 8273 2381 2379
f 8274 2381 8273
f 8274 2382 2381
f 8275 2382 8274
f 8275 2384 2382
f 8276 2384 8275
f 8276 2386 2384
f 8277 2386 8276
f 8277 2388 2386
f 8278 2388 8277
f 8278 2390 2388
f 8279 2390 8278
f 8279 2392 2390
f 8279 8280 2392
f 8280 2393 2392
f 8280 2395 2393
f 8281 2395 8280
f 8282 2397 8281
f 8281 2397 2395
f 8283 2399 8282
f 8282 2399 2397
f 8284 2401 8283
f 8283 2401 2399
f 8284 8285 2401
f 8285 2403 2401
f 8285 8286 2403
f 8286 2405 2403
f 8286 8287 2405
f 8287 2407 2405
f 8287 8288 2407
f 8288 2409 2407
f 8288 8289 2409
f 8289 2411 2409
f 8289 8290 2411
f 8290 2413 2411
f 8290 8291 2413
f 8291 2415 2413
f 8291 8292 2415
f 8292 2417 2415
f 8292 8293 2417
f 8293 2419 2417
f 8293 2421 2419
f 8294 2421 8293
f 8294 8295 2421
f 8295 2423 2421
f 8295 8296 2423
f 8296 2425 2423
f 8296 8297 2425
f 8297 2427 2425
f 8297 8298 2427
f 8298 2429 2427
f 8298 8299 2429
f 8299 2431 2429
f 8299 2433 2431
f 8300 2433 8299
f 8300 2435 2433
f 8301 2435 8300
f 8301 8302 2435
f 8302 2437 2435
f 8302 8303 2437
f 8303 2439 2437
f 8303 2441 2439
f 8304 2441 8303
f 8304 2443 2441
f 8305 2443 8304
f 8305 2445 2443
f 8306 6884 2445
f 8305 8306 2445
f 8307 6883 8306
f 8306 6883 6884
f 8308 6882 8307
f 8307 6882 6883
f 8309 6881 8308
f 8308 6881 6882
f 8310 1247 8309
f 8309 1247 6881
f 8311 1246 8310
f 8310 1246 1247
f 8312 1245 8311
f 8311 1245 1246
f 8312 1244 1245
f 8312 8313 1244
f 8313 1243 1244
f 8313 8314 1243
f 8314 1242 1243
f 8315 1231 8314
f 8314 1231 1242
f 8315 1229 1231
f 8315 8316 1229
f 8316 1228 1229
f 8316 8317 1228
f 8317 1227 1228
f 8317 1226 1227
f 8318 1226 8317
f 8318 1225 1226
f 8318 8319 1225
f 8319 1224 1225
f 8319 8320 1224
f 8320 1223 1224
f 8320 1222 1223
f 8321 1222 8320
f 8321 1221 1222
f 8321 8322 1221
f 8322 1220 1221
f 8322 1219 1220
f 8323 1219 8322
f 8323 1208 1219
f 8324 1208 8323
f 8324 1206 1208
f 8324 8325 1206
f 8325 1205 1206
f 8325 8326 1205
f 8326 1204 1205
f 8326 1203 1204
f 8327 1203 8326
f 8327 8328 1203
f 8329 1202 8328
f 8328 1202 1203
f 8329 1201 1202
f 8329 8330 1201
f 8330 1200 1201
f 8331 1199 8330
f 8330 1199 1200
f 8332 1181 8331
f 8331 1181 1199
f 8333 1180 8332
f 8332 1180 1181
f 8333 1179 1180
f 8334 1179 8333
f 8334 1178 1179
f 8335 1178 8334
f 8335 1177 1178
f 8336 1177 8335
f 8336 1176 1177
f 8337 1176 8336
f 8337 1175 1176
f 8338 1175 8337
f 8338 1174 1175
f 8339 1174 8338
f 8339 8340 1174
f 8340 1173 1174
f 8341 1173 8340
f 8341 1172 1173
f 8342 1172 8341
f 8342 8343 1172
f 8343 1152 1172
f 8344 1152 8343
f 8344 1151 1152
f 8345 1151 8344
f 8345 8346 1151
f 8346 1150 1151
f 8347 1150 8346
f 8347 1149 1150
f 8348 1149 8347
f 8348 8349 1149
f 8349 1148 1149
f 8350 1148 8349
f 8351 1147 8350
f 8350 1147 1148
f 8351 8352 1147
f 8353 1146 8352
f 8352 1146 1147
f 8354 1145 8353
f 8353 1145 1146
f 8355 1144 8354
f 8354 1144 1145
f 8356 1143 8355
f 8355 1143 1144
f 8357 1137 8356
f 8356 1137 1143
f 8358 1135 8357
f 8357 1135 1137
f 8359 1134 8358
f 8358 1134 1135
f 8360 1133 8359
f 8359 1133 1134
f 8360 1132 1133
f 8361 1132 8360
f 8361 1131 1132
f 8362 1131 8361
f 8362 1130 1131
f 8363 1130 8362
f 8363 1129 1130
f 8364 1129 8363
f 8364 1128 1129
f 8365 1128 8364
f 8365 1127 1128
f 8366 1127 8365
f 8366 1126 1127
f 8367 1126 8366
f 8367 1125 1126
f 8368 1125 8367
f 8368 1124 1125
f 8369 1124 8368
f 8369 1123 1124
f 8370 1123 8369
f 8370 1122 1123
f 8371 1122 8370
f 8371 1121 1122
f 8372 1121 8371
f 8372 1120 1121
f 8373 1120 8372
f 8373 1119 1120
f 8374 1119 8373
f 8374 1118 1119
f 8375 1118 8374
f 8375 8376 1118
f 8376 1155 1118
f 8376 8377 1155
f 8377 1156 1155
f 8377 8378 1156
f 8378 1157 1156
f 8378 8379 1157
f 8379 1158 1157
f 8379 8380 1158
f 8380 1159 1158
f 8380 8381 1159
f 8381 1160 1159
f 8381 8382 1160
f 8382 1161 1160
f 8382 8383 1161
f 8383 1162 1161
f 8383 8384 1162
f 8384 1163 1162
f 8384 8385 1163
f 8385 1164 1163
f 8385 8386 1164
f 8386 1165 1164
f 8386 8387 1165
f 8387 1166 1165
f 8387 8388 1166
f 8388 1167 1166
f 8388 8389 1167
f 8389 1168 1167
f 8389 8390 1168
f 8390 1169 1168
f 8390 8391 1169
f 8391 1170 1169
f 8391 8392 1170
f 8392 1171 1170
f 8393 1184 8392
f 8392 1184 1171
f 8394 1185 8393
f 8393 1185 1184
f 8395 1186 8394
f 8394 1186 1185
f 8396 1187 8395
f 8395 1187 1186
f 8397 1188 8396
f 8396 1188 1187
f 8398 1189 8397
f 8397 1189 1188
f 8399 1190 8398
f 8398 1190 1189
f 8400 1191 8399
f 8399 1191 1190
f 8401 1192 8400
f 8400 1192 1191
f 8401 1193 1192
f 8402 1193 8401
f 8402 1194 1193
f 8403 1194 8402
f 8403 1195 1194
f 8404 1195 8403
f 8404 1196 1195
f 8405 1196 8404
f 8405 1197 1196
f 8406 1197 8405
f 8406 1198 1197
f 8407 1198 8406
f 8407 1210 1198
f 8408 1210 8407
f 8408 1211 1210
f 8409 1211 8408
f 8409 1212 1211
f 8410 1212 8409
f 8410 1213 1212
f 8411 1213 8410
f 8411 1214 1213
f 8412 1214 8411
f 8412 1215 1214
f 8413 1215 8412
f 8413 1216 1215
f 8414 1216 8413
f 8414 8415 1216
f 8415 1217 1216
f 8416 1217 8415
f 8416 1218 1217
f 8417 1218 8416
f 8417 1233 1218
f 8418 1233 8417
f 8418 1234 1233
f 8418 8419 1234
f 8419 1235 1234
f 8419 8420 1235
f 8420 1236 1235
f 8421 1236 8420
f 8422 1237 8421
f 8421 1237 1236
f 8422 1238 1237
f 8422 8423 1238
f 8423 1239 1238
f 8423 8424 1239
f 8424 1240 1239
f 8424 8425 1240
f 8425 1241 1240
f 8425 1249 1241
f 8425 8426 1249
f 8426 1250 1249
f 8427 1251 8426
f 8426 1251 1250
f 8427 1252 1251
f 8427 8428 1252
f 8428 1253 1252
f 8428 8429 1253
f 8429 1254 1253
f 8429 8430 1254
f 8430 1255 1254
f 8430 8431 1255
f 8432 1256 8431
f 8431 1256 1255
f 8432 1257 1256
f 8433 1257 8432
f 8433 1258 1257
f 8434 1258 8433
f 8434 1260 1258
f 8435 1260 8434
f 8435 1261 1260
f 8436 1261 8435
f 8436 1262 1261
f 8437 1262 8436
f 8437 1263 1262
f 8438 1263 8437
f 8438 1264 1263
f 8439 1264 8438
f 8439 1265 1264
f 8440 1265 8439
f 8440 1266 1265
f 8441 1266 8440
f 8441 6900 1266
f 8442 6900 8441
f 8442 6901 6900
f 8443 6901 8442
f 8444 6902 8443
f 8443 6902 6901
f 8445 6903 8444
f 8444 6903 6902
f 8446 6886 8445
f 8445 6886 6903
f 8446 2444 6886
f 8175 2442 2444
f 8446 8175 2444
f 8246 8357 8247
f 8246 8358 8357
f 8248 8247 8357
f 8248 8357 8356
f 8245 8358 8246
f 8245 8359 8358
f 8249 8248 8356
f 8249 8356 8355
f 8244 8360 8359
f 8244 8359 8245
f 8250 8249 8355
f 8243 8361 8360
f 8243 8362 8361
f 8243 8360 8244
f 8251 8250 8355
f 8251 8355 8354
f 8242 8363 8362
f 8242 8362 8243
f 8252 8251 8354
f 8241 8364 8363
f 8241 8365 8364
f 8241 8363 8242
f 8253 8252 8354
f 8253 8354 8353
f 8240 8366 8365
f 8240 8367 8366
f 8240 8368 8367
f 8240 8369 8368
f 8240 8365 8241
f 8254 8253 8353
f 8254 8353 8352
f 8255 8254 8352
f 8255 8352 8351
f 8239 8370 8369
f 8239 8371 8370
f 8239 8372 8371
f 8239 8373 8372
f 8239 8374 8373
f 8239 8375 8374
f 8239 8376 8375
f 8239 8377 8376
f 8239 8378 8377
f 8239 8379 8378
f 8239 8380 8379
f 8239 8369 8240
f 8256 8255 8351
f 8256 8351 8350
f 8257 8350 8349
f 8257 8256 8350
f 8238 8381 8380
f 8238 8382 8381
f 8238 8383 8382
f 8238 8380 8239
f 8258 8349 8348
f 8258 8257 8349
f 8259 8258 8348
f 8237 8384 8383
f 8237 8385 8384
f 8237 8383 8238
f 8260 8348 8347
f 8260 8259 8348
f 8236 8385 8237
f 8236 8386 8385
f 8261 8260 8347
f 8261 8347 8346
f 8235 8386 8236
f 8235 8387 8386
f 8235 8388 8387
f 8262 8261 8346
f 8262 8346 8345
f 8234 8388 8235
f 8263 8262 8345
f 8389 8388 8234
f 8233 8389 8234
f 8264 8263 8345
f 8264 8345 8344
f 8390 8389 8233
f 8390 8233 8232
f 8265 8264 8344
f 8265 8344 8343
f 8266 8265 8343
f 8266 8343 8342
f 8391 8390 8232
f 8391 8232 8231
f 8267 8266 8342
f 8267 8342 8341
f 8268 8267 8341
f 8268 8341 8340
f 8392 8231 8230
f 8392 8391 8231
f 8269 8268 8340
f 8269 8340 8339
f 8393 8229 8228
f 8393 8230 8229
f 8393 8392 8230
f 8270 8269 8339
f 8270 8339 8338
f 8394 8228 8227
f 8394 8393 8228
f 8271 8337 8336
f 8271 8338 8337
f 8271 8270 8338
f 8395 8227 8226
f 8395 8394 8227
f 8272 8271 8336
f 8396 8226 8225
f 8396 8395 8226
f 8273 8336 8335
f 8273 8272 8336
f 8397 8396 8225
f 8397 8224 8223
f 8397 8225 8224
f 8274 8273 8335
f 8274 8335 8334
f 8398 8397 8223
f 8398 8223 8222
f 8275 8274 8334
f 8275 8334 8333
f 8276 8275 8333
f 8399 8398 8222
f 8399 8222 8221
f 8277 8333 8332
f 8277 8276 8333
f 8400 8399 8221
f 8400 8220 8219
f 8400 8221 8220
f 8278 8277 8332
f 8278 8332 8331
f 8401 8219 8218
f 8401 8400 8219
f 8279 8278 8331
f 8402 8218 8217
f 8402 8401 8218
f 8280 8279 8331
f 8280 8331 8330
f 8403 8217 8216
f 8403 8402 8217
f 8404 8215 8214
f 8404 8216 8215
f 8404 8403 8216
f 8281 8330 8329
f 8281 8280 8330
f 8405 8214 8213
f 8405 8404 8214
f 8282 8281 8329
f 8282 8328 8327
f 8282 8329 8328
f 8406 8212 8211
f 8406 8213 8212
f 8406 8405 8213
f 8283 8282 8327
f 8407 8210 8209
f 8407 8211 8210
f 8407 8406 8211
f 8284 8327 8326
f 8284 8283 8327
f 8408 8209 8208
f 8408 8407 8209
f 8285 8326 8325
f 8285 8284 8326
f 8409 8207 8206
f 8409 8208 8207
f 8409 8408 8208
f 8286 8325 8324
f 8286 8285 8325
f 8410 8206 8205
f 8410 8409 8206
f 8287 8286 8324
f 8288 8287 8324
f 8288 8324 8323
f 8411 8205 8204
f 8411 8410 8205
f 8289 8288 8323
f 8289 8323 8322
f 8412 8203 8202
f 8412 8204 8203
f 8412 8411 8204
f 8290 8289 8322
f 8413 8412 8202
f 8413 8202 8201
f 8291 8290 8322
f 8291 8322 8321
f 8414 8413 8201
f 8414 8201 8200
f 8292 8321 8320
f 8292 8291 8321
f 8415 8200 8199
f 8415 8414 8200
f 8293 8292 8320
f 8294 8320 8319
f 8294 8293 8320
f 8416 8199 8198
f 8416 8415 8199
f 8295 8319 8318
f 8295 8294 8319
f 8417 8197 8196
f 8417 8198 8197
f 8417 8416 8198
f 8296 8295 8318
f 8418 8196 8195
f 8418 8417 8196
f 8297 8318 8317
f 8297 8296 8318
f 8298 8317 8316
f 8298 8297 8317
f 8419 8195 8194
f 8419 8418 8195
f 8299 8298 8316
f 8420 8419 8194
f 8300 8316 8315
f 8300 8299 8316
f 8421 8194 8193
f 8421 8420 8194
f 8301 8315 8314
f 8301 8300 8315
f 8302 8301 8314
f 8303 8302 8314
f 8303 8314 8313
f 8422 8421 8193
f 8422 8192 8191
f 8422 8193 8192
f 8304 8303 8313
f 8304 8313 8312
f 8423 8422 8191
f 8423 8191 8190
f 8305 8311 8310
f 8305 8312 8311
f 8305 8304 8312
f 8309 8305 8310
f 8424 8423 8190
f 8424 8190 8189
f 8308 8305 8309
f 8425 8424 8189
f 8425 8188 8187
f 8425 8189 8188
f 8307 8305 8308
f 8426 8425 8187
f 8426 8187 8186
f 8306 8305 8307
f 8427 8426 8186
f 8427 8186 8185
f 8428 8185 8184
f 8428 8427 8185
f 8429 8184 8183
f 8429 8428 8184
f 8430 8183 8182
f 8430 8429 8183
f 8431 8430 8182
f 8431 8182 8181
f 8432 8180 8179
f 8432 8181 8180
f 8432 8431 8181
f 8433 8179 8178
f 8433 8432 8179
f 8434 8178 8177
f 8434 8433 8178
f 8435 8177 8176
f 8435 8434 8177
f 8436 8176 8174
f 8436 8435 8176
f 8437 8174 8175
f 8437 8436 8174
f 8438 8437 8175
f 8439 8438 8175
f 8440 8439 8175
f 8441 8440 8175
f 8442 8441 8175
f 8443 8442 8175
f 8444 8443 8175
f 8445 8444 8175
f 8446 8445 8175
f 8447 7111 8448
f 8448 7111 7207
f 8449 7112 8447
f 8447 7112 7111
f 8450 7210 8449
f 8449 7210 7112
f 8451 7105 8450
f 8450 7105 7210
f 8452 7102 8451
f 8451 7102 7105
f 8453 7103 8452
f 8452 7103 7102
f 8453 7098 7103
f 8453 8454 7098
f 8454 7088 7098
f 8454 8455 7088
f 8455 7212 7088
f 8456 7084 8455
f 8455 7084 7212
f 8457 7082 8456
f 8456 7082 7084
f 8457 7079 7082
f 8457 8458 7079
f 8458 7214 7079
f 8458 8459 7214
f 8459 7074 7214
f 8459 7075 7074
f 8460 7075 8459
f 8460 7216 7075
f 8461 7216 8460
f 8461 7070 7216
f 8461 8462 7070
f 8462 7068 7070
f 8462 7062 7068
f 8463 7062 8462
f 8463 7063 7062
f 8464 7063 8463
f 8464 7046 7063
f 8464 8465 7046
f 8465 7043 7046
f 8465 8466 7043
f 8466 7044 7043
f 8466 8467 7044
f 8467 7219 7044
f 8468 7221 8467
f 8467 7221 7219
f 8469 7035 8468
f 8468 7035 7221
f 8469 8470 7035
f 8470 7036 7035
f 8470 8471 7036
f 8471 7031 7036
f 8471 8472 7031
f 8472 7028 7031
f 8472 8473 7028
f 8473 7224 7028
f 8473 8474 7224
f 8474 7003 7224
f 8475 7003 8474
f 8475 6999 7003
f 8476 6999 8475
f 8476 7226 6999
f 8477 7226 8476
f 8477 8478 7226
f 8478 7227 7226
f 8479 7227 8478
f 8479 7229 7227
f 8480 7229 8479
f 8480 8481 7229
f 8481 7231 7229
f 8482 7231 8481
f 8482 7233 7231
f 8483 7233 8482
f 8483 6988 7233
f 8484 6988 8483
f 8484 8485 6988
f 8485 6989 6988
f 8485 8486 6989
f 8486 6985 6989
f 8486 8487 6985
f 8487 6981 6985
f 8487 8488 6981
f 8488 6979 6981
f 8488 8489 6979
f 8489 6976 6979
f 8489 8490 6976
f 8490 6973 6976
f 8490 8491 6973
f 8491 6960 6973
f 8491 8492 6960
f 8492 6957 6960
f 8492 8493 6957
f 8493 6955 6957
f 8493 8494 6955
f 8494 6951 6955
f 8494 8495 6951
f 8495 6954 6951
f 8495 8496 6954
f 8496 6947 6954
f 8496 8497 6947
f 8497 6945 6947
f 8497 8498 6945
f 8498 6942 6945
f 8498 8499 6942
f 8499 6940 6942
f 8499 8500 6940
f 8500 6937 6940
f 8500 8501 6937
f 8501 6934 6937
f 8501 8502 6934
f 8502 6932 6934
f 8502 8503 6932
f 8503 6929 6932
f 8503 8504 6929
f 8504 6927 6929
f 8504 8505 6927
f 8505 6925 6927
f 8505 8506 6925
f 8506 6923 6925
f 8506 8507 6923
f 8507 6921 6923
f 8507 8508 6921
f 8508 6918 6921
f 8508 8509 6918
f 8509 6916 6918
f 8509 8510 6916
f 8510 6915 6916
f 8510 8511 6915
f 8511 6913 6915
f 8511 8512 6913
f 8512 6914 6913
f 8513 6912 8512
f 8512 6912 6914
f 8513 8514 6912
f 8515 6917 8514
f 8514 6917 6912
f 8515 6919 6917
f 8515 8516 6919
f 8516 6922 6919
f 8516 6924 6922
f 8517 6924 8516
f 8517 6926 6924
f 8518 6926 8517
f 8518 6928 6926
f 8519 6928 8518
f 8519 6930 6928
f 8519 8520 6930
f 8520 6933 6930
f 8520 6935 6933
f 8521 6935 8520
f 8521 6936 6935
f 8522 6936 8521
f 8522 6938 6936
f 8523 6938 8522
f 8523 6941 6938
f 8523 8524 6941
f 8524 6943 6941
f 8524 6946 6943
f 8525 6946 8524
f 8525 6948 6946
f 8526 6948 8525
f 8526 6952 6948
f 8527 6952 8526
f 8527 6953 6952
f 8527 8528 6953
f 8528 6958 6953
f 8529 6959 8528
f 8528 6959 6958
f 8530 6961 8529
f 8529 6961 6959
f 8531 6974 8530
f 8530 6974 6961
f 8532 6975 8531
f 8531 6975 6974
f 8533 6977 8532
f 8532 6977 6975
f 8534 6982 8533
f 8533 6982 6977
f 8535 6983 8534
f 8534 6983 6982
f 8536 6986 8535
f 8535 6986 6983
f 8537 6990 8536
f 8536 6990 6986
f 8538 6991 8537
f 8537 6991 6990
f 8538 7235 6991
f 8539 7235 8538
f 8539 7234 7235
f 8540 7234 8539
f 8540 7232 7234
f 8541 7232 8540
f 8541 7230 7232
f 8542 7230 8541
f 8542 7228 7230
f 8543 7228 8542
f 8543 7000 7228
f 8544 7000 8543
f 8544 7001 7000
f 8545 7001 8544
f 8545 7004 7001
f 8546 7004 8545
f 8546 7225 7004
f 8547 7225 8546
f 8547 7029 7225
f 8548 7029 8547
f 8548 7030 7029
f 8549 7030 8548
f 8549 7032 7030
f 8550 7032 8549
f 8550 7037 7032
f 8551 7037 8550
f 8551 7038 7037
f 8552 7038 8551
f 8552 7222 7038
f 8552 8553 7222
f 8553 7223 7222
f 8553 7220 7223
f 8554 7220 8553
f 8555 7045 8554
f 8554 7045 7220
f 8556 7047 8555
f 8555 7047 7045
f 8557 7048 8556
f 8556 7048 7047
f 8557 8558 7048
f 8558 7064 7048
f 8558 8559 7064
f 8559 7069 7064
f 8559 8560 7069
f 8560 7067 7069
f 8560 8561 7067
f 8561 7218 7067
f 8561 8562 7218
f 8562 7217 7218
f 8562 8563 7217
f 8563 7076 7217
f 8563 8564 7076
f 8564 7215 7076
f 8564 8565 7215
f 8565 7080 7215
f 8565 8566 7080
f 8566 7078 7080
f 8566 7085 7078
f 8567 7085 8566
f 8567 8568 7085
f 8568 7213 7085
f 8568 8569 7213
f 8569 7089 7213
f 8569 8570 7089
f 8570 7087 7089
f 8570 8571 7087
f 8571 7099 7087
f 8571 8572 7099
f 8572 7104 7099
f 8572 7106 7104
f 8573 7106 8572
f 8573 7108 7106
f 8574 7108 8573
f 8574 8575 7108
f 8575 7211 7108
f 8575 8576 7211
f 8576 7113 7211
f 8576 7209 7113
f 8577 7209 8576
f 8577 7208 7209
f 8578 7208 8577
f 8578 8579 7208
f 8579 7133 7208
f 8580 7121 8579
f 8579 7121 7133
f 8581 7120 8580
f 8580 7120 7121
f 8582 7119 8581
f 8581 7119 7120
f 8583 7118 8582
f 8582 7118 7119
f 8584 7117 8583
f 8583 7117 7118
f 8584 7116 7117
f 8584 8585 7116
f 8585 7115 7116
f 8585 8586 7115
f 8586 7114 7115
f 8587 7110 8586
f 8586 7110 7114
f 8588 7109 8587
f 8587 7109 7110
f 8588 7107 7109
f 8588 8589 7107
f 8589 7101 7107
f 8589 8590 7101
f 8590 7100 7101
f 8590 7091 7100
f 8591 7091 8590
f 8591 7086 7091
f 8592 7086 8591
f 8592 7083 7086
f 8592 8593 7083
f 8593 7081 7083
f 8593 8594 7081
f 8594 7077 7081
f 8594 7073 7077
f 8595 7073 8594
f 8595 7072 7073
f 8596 7072 8595
f 8596 7071 7072
f 8596 8597 7071
f 8597 7066 7071
f 8597 8598 7066
f 8598 7065 7066
f 8598 8599 7065
f 8599 7061 7065
f 8599 8600 7061
f 8600 7042 7061
f 8600 8601 7042
f 8601 7041 7042
f 8601 8602 7041
f 8602 7039 7041
f 8602 8603 7039
f 8603 7040 7039
f 8604 7033 8603
f 8603 7033 7040
f 8604 7034 7033
f 8605 7034 8604
f 8605 7027 7034
f 8606 7027 8605
f 8606 7026 7027
f 8607 7026 8606
f 8607 7002 7026
f 8608 7002 8607
f 8608 6998 7002
f 8609 6998 8608
f 8609 6997 6998
f 8610 6997 8609
f 8610 6996 6997
f 8611 6996 8610
f 8611 6995 6996
f 8612 6995 8611
f 8612 6994 6995
f 8613 6994 8612
f 8613 8614 6994
f 8614 6993 6994
f 8614 6992 6993
f 8615 6992 8614
f 8615 6987 6992
f 8616 6987 8615
f 8616 6984 6987
f 8617 6984 8616
f 8617 6980 6984
f 8618 6980 8617
f 8618 6978 6980
f 8619 6978 8618
f 8619 6972 6978
f 8620 6972 8619
f 8621 6963 8620
f 8620 6963 6972
f 8621 6956 6963
f 8622 6956 8621
f 8623 6950 8622
f 8622 6950 6956
f 8624 6949 8623
f 8623 6949 6950
f 8625 6944 8624
f 8624 6944 6949
f 8626 6939 8625
f 8625 6939 6944
f 8627 6931 8626
f 8626 6931 6939
f 8628 6920 8627
f 8627 6920 6931
f 8629 6911 8628
f 8628 6911 6920
f 8630 6910 8629
f 8629 6910 6911
f 8630 6909 6910
f 8631 6909 8630
f 8631 6908 6909
f 8632 6908 8631
f 8632 6907 6908
f 8633 6907 8632
f 8633 8634 6907
f 8634 6906 6907
f 8634 8635 6906
f 8635 6905 6906
f 8635 8636 6905
f 8636 6904 6905
f 8636 8637 6904
f 8637 6899 6904
f 8637 8638 6899
f 8638 6897 6899
f 8638 8639 6897
f 8639 6896 6897
f 8639 8640 6896
f 8640 6895 6896
f 8640 8641 6895
f 8641 6894 6895
f 8641 8642 6894
f 8642 6893 6894
f 8642 6892 6893
f 8643 6892 8642
f 8643 6891 6892
f 8644 6891 8643
f 8644 8645 6891
f 8645 6890 6891
f 8645 8646 6890
f 8646 6889 6890
f 8646 6888 6889
f 8647 6888 8646
f 8647 6887 6888
f 8648 6887 8647
f 8648 8649 6887
f 8649 6964 6887
f 8649 8650 6964
f 8650 6965 6964
f 8650 8651 6965
f 8651 6966 6965
f 8651 8652 6966
f 8652 6967 6966
f 8652 8653 6967
f 8653 6968 6967
f 8653 8654 6968
f 8654 6969 6968
f 8654 8655 6969
f 8655 6970 6969
f 8655 8656 6970
f 8656 6971 6970
f 8656 8657 6971
f 8657 7006 6971
f 8657 8658 7006
f 8658 7007 7006
f 8658 8659 7007
f 8659 7008 7007
f 8659 8660 7008
f 8660 7009 7008
f 8660 8661 7009
f 8661 7010 7009
f 8661 8662 7010
f 8662 7011 7010
f 8662 8663 7011
f 8663 7012 7011
f 8663 8664 7012
f 8664 7013 7012
f 8664 8665 7013
f 8665 7014 7013
f 8666 7015 8665
f 8665 7015 7014
f 8667 7016 8666
f 8666 7016 7015
f 8668 7017 8667
f 8667 7017 7016
f 8669 7018 8668
f 8668 7018 7017
f 8670 7019 8669
f 8669 7019 7018
f 8671 7020 8670
f 8670 7020 7019
f 8672 7021 8671
f 8671 7021 7020
f 8673 7022 8672
f 8672 7022 7021
f 8674 7023 8673
f 8673 7023 7022
f 8674 7024 7023
f 8675 7024 8674
f 8675 7025 7024
f 8676 7025 8675
f 8676 7050 7025
f 8677 7050 8676
f 8677 7051 7050
f 8678 7051 8677
f 8678 7052 7051
f 8679 7052 8678
f 8679 7053 7052
f 8680 7053 8679
f 8680 7054 7053
f 8681 7054 8680
f 8681 7055 7054
f 8682 7055 8681
f 8682 7056 7055
f 8683 7056 8682
f 8683 7057 7056
f 8684 7057 8683
f 8684 7058 7057
f 8685 7058 8684
f 8685 7059 7058
f 8686 7059 8685
f 8686 7060 7059
f 8687 7060 8686
f 8687 8688 7060
f 8688 7092 7060
f 8689 7092 8688
f 8689 7093 7092
f 8690 7093 8689
f 8690 7094 7093
f 8691 7094 8690
f 8691 7095 7094
f 8691 8692 7095
f 8692 7096 7095
f 8692 8693 7096
f 8693 7097 7096
f 8694 7097 8693
f 8695 7128 8694
f 8694 7128 7097
f 8696 7129 8695
f 8695 7129 7128
f 8697 7130 8696
f 8696 7130 7129
f 8697 8698 7130
f 8698 7131 7130
f 8699 7132 8698
f 8698 7132 7131
f 8699 7123 7132
f 8699 8700 7123
f 8700 7124 7123
f 8700 8701 7124
f 8701 7125 7124
f 8701 8702 7125
f 8702 7126 7125
f 8702 8703 7126
f 8703 7127 7126
f 8703 8704 7127
f 8704 7136 7127
f 8704 8705 7136
f 8705 7137 7136
f 8705 8706 7137
f 8706 7138 7137
f 8706 8707 7138
f 8707 7139 7138
f 8707 8708 7139
f 8708 7140 7139
f 8708 8709 7140
f 8709 7141 7140
f 8709 8710 7141
f 8710 7142 7141
f 8710 8711 7142
f 8711 7143 7142
f 8711 7144 7143
f 8712 7144 8711
f 8712 7145 7144
f 8713 7145 8712
f 8713 7146 7145
f 8713 7147 7146
f 8714 7147 8713
f 8714 7148 7147
f 8715 7148 8714
f 8715 7149 7148
f 8716 7149 8715
f 8716 7150 7149
f 8717 7151 8716
f 8716 7151 7150
f 8718 7152 8717
f 8717 7152 7151
f 8719 7134 8718
f 8718 7134 7152
f 8719 8448 7134
f 8448 7207 7134
f 8519 8630 8520
f 8519 8631 8630
f 8521 8520 8630
f 8521 8630 8629
f 8518 8631 8519
f 8518 8632 8631
f 8522 8521 8629
f 8522 8629 8628
f 8517 8633 8632
f 8517 8632 8518
f 8523 8522 8628
f 8516 8634 8633
f 8516 8635 8634
f 8516 8633 8517
f 8524 8523 8628
f 8524 8628 8627
f 8515 8636 8635
f 8515 8635 8516
f 8525 8524 8627
f 8514 8637 8636
f 8514 8638 8637
f 8514 8636 8515
f 8526 8525 8627
f 8526 8627 8626
f 8513 8639 8638
f 8513 8640 8639
f 8513 8641 8640
f 8513 8642 8641
f 8513 8638 8514
f 8527 8526 8626
f 8527 8626 8625
f 8528 8527 8625
f 8528 8625 8624
f 8512 8643 8642
f 8512 8644 8643
f 8512 8645 8644
f 8512 8646 8645
f 8512 8647 8646
f 8512 8648 8647
f 8512 8649 8648
f 8512 8650 8649
f 8512 8651 8650
f 8512 8652 8651
f 8512 8653 8652
f 8512 8642 8513
f 8529 8528 8624
f 8529 8624 8623
f 8530 8623 8622
f 8530 8529 8623
f 8511 8654 8653
f 8511 8655 8654
f 8511 8656 8655
f 8511 8653 8512
f 8531 8622 8621
f 8531 8530 8622
f 8532 8531 8621
f 8510 8657 8656
f 8510 8658 8657
f 8510 8656 8511
f 8533 8621 8620
f 8533 8532 8621
f 8509 8658 8510
f 8509 8659 8658
f 8534 8533 8620
f 8534 8620 8619
f 8508 8659 8509
f 8508 8660 8659
f 8508 8661 8660
f 8535 8534 8619
f 8535 8619 8618
f 8507 8661 8508
f 8536 8535 8618
f 8662 8661 8507
f 8506 8662 8507
f 8537 8536 8618
f 8537 8618 8617
f 8663 8662 8506
f 8663 8506 8505
f 8538 8537 8617
f 8538 8617 8616
f 8539 8538 8616
f 8539 8616 8615
f 8664 8663 8505
f 8664 8505 8504
f 8540 8539 8615
f 8540 8615 8614
f 8541 8540 8614
f 8541 8614 8613
f 8665 8504 8503
f 8665 8664 8504
f 8542 8541 8613
f 8542 8613 8612
f 8666 8502 8501
f 8666 8503 8502
f 8666 8665 8503
f 8543 8542 8612
f 8543 8612 8611
f 8667 8501 8500
f 8667 8666 8501
f 8544 8610 8609
f 8544 8611 8610
f 8544 8543 8611
f 8668 8500 8499
f 8668 8667 8500
f 8545 8544 8609
f 8669 8499 8498
f 8669 8668 8499
f 8546 8609 8608
f 8546 8545 8609
f 8670 8669 8498
f 8670 8497 8496
f 8670 8498 8497
f 8547 8546 8608
f 8547 8608 8607
f 8671 8670 8496
f 8671 8496 8495
f 8548 8547 8607
f 8548 8607 8606
f 8549 8548 8606
f 8672 8671 8495
f 8672 8495 8494
f 8550 8606 8605
f 8550 8549 8606
f 8673 8672 8494
f 8673 8493 8492
f 8673 8494 8493
f 8551 8550 8605
f 8551 8605 8604
f 8674 8492 8491
f 8674 8673 8492
f 8552 8551 8604
f 8675 8491 8490
f 8675 8674 8491
f 8553 8552 8604
f 8553 8604 8603
f 8676 8490 8489
f 8676 8675 8490
f 8677 8488 8487
f 8677 8489 8488
f 8677 8676 8489
f 8554 8603 8602
f 8554 8553 8603
f 8678 8487 8486
f 8678 8677 8487
f 8555 8554 8602
f 8555 8601 8600
f 8555 8602 8601
f 8679 8485 8484
f 8679 8486 8485
f 8679 8678 8486
f 8556 8555 8600
f 8680 8483 8482
f 8680 8484 8483
f 8680 8679 8484
f 8557 8600 8599
f 8557 8556 8600
f 8681 8482 8481
f 8681 8680 8482
f 8558 8599 8598
f 8558 8557 8599
f 8682 8480 8479
f 8682 8481 8480
f 8682 8681 8481
f 8559 8598 8597
f 8559 8558 8598
f 8683 8479 8478
f 8683 8682 8479
f 8560 8559 8597
f 8561 8560 8597
f 8561 8597 8596
f 8684 8478 8477
f 8684 8683 8478
f 8562 8561 8596
f 8562 8596 8595
f 8685 8476 8475
f 8685 8477 8476
f 8685 8684 8477
f 8563 8562 8595
f 8686 8685 8475
f 8686 8475 8474
f 8564 8563 8595
f 8564 8595 8594
f 8687 8686 8474
f 8687 8474 8473
f 8565 8594 8593
f 8565 8564 8594
f 8688 8473 8472
f 8688 8687 8473
f 8566 8565 8593
f 8567 8593 8592
f 8567 8566 8593
f 8689 8472 8471
f 8689 8688 8472
f 8568 8592 8591
f 8568 8567 8592
f 8690 8470 8469
f 8690 8471 8470
f 8690 8689 8471
f 8569 8568 8591
f 8691 8469 8468
f 8691 8690 8469
f 8570 8591 8590
f 8570 8569 8591
f 8571 8590 8589
f 8571 8570 8590
f 8692 8468 8467
f 8692 8691 8468
f 8572 8571 8589
f 8693 8692 8467
f 8573 8589 8588
f 8573 8572 8589
f 8694 8467 8466
f 8694 8693 8467
f 8574 8588 8587
f 8574 8573 8588
f 8575 8574 8587
f 8576 8575 8587
f 8576 8587 8586
f 8695 8694 8466
f 8695 8465 8464
f 8695 8466 8465
f 8577 8576 8586
f 8577 8586 8585
f 8696 8695 8464
f 8696 8464 8463
f 8578 8584 8583
f 8578 8585 8584
f 8578 8577 8585
f 8582 8578 8583
f 8697 8696 8463
f 8697 8463 8462
f 8581 8578 8582
f 8698 8697 8462
f 8698 8461 8460
f 8698 8462 8461
f 8580 8578 8581
f 8699 8698 8460
f 8699 8460 8459
f 8579 8578 8580
f 8700 8699 8459
f 8700 8459 8458
f 8701 8458 8457
f 8701 8700 8458
f 8702 8457 8456
f 8702 8701 8457
f 8703 8456 8455
f 8703 8702 8456
f 8704 8703 8455
f 8704 8455 8454
f 8705 8453 8452
f 8705 8454 8453
f 8705 8704 8454
f 8706 8452 8451
f 8706 8705 8452
f 8707 8451 8450
f 8707 8706 8451
f 8708 8450 8449
f 8708 8707 8450
f 8709 8449 8447
f 8709 8708 8449
f 8710 8447 8448
f 8710 8709 8447
f 8711 8710 8448
f 8712 8711 8448
f 8713 8712 8448
f 8714 8713 8448
f 8715 8714 8448
f 8716 8715 8448
f 8717 8716 8448
f 8718 8717 8448
f 8719 8718 8448
f 8720 8721 400
f 8720 400 399
f 8722 8723 199
f 199 8723 260
f 260 8724 1299
f 8723 8724 260
f 1299 8725 1301
f 8724 8725 1299
f 8725 1303 1301
f 8725 8726 1303
f 8726 1305 1303
f 8726 8727 1305
f 8727 1307 1305
f 8727 8728 1307
f 8728 1309 1307
f 8728 8729 1309
f 8729 1311 1309
f 8729 8730 1311
f 8730 1313 1311
f 8730 8731 1313
f 8731 1315 1313
f 8731 8732 1315
f 8732 1317 1315
f 8732 8733 1317
f 8733 399 1317
f 8733 8720 399
f 198 8722 199
f 8734 8722 198
f 8735 198 258
f 8735 8734 198
f 8736 258 1319
f 8736 8735 258
f 8737 1319 1321
f 8737 8736 1319
f 1323 8737 1321
f 8738 8737 1323
f 1325 8738 1323
f 8739 8738 1325
f 1327 8739 1325
f 8740 8739 1327
f 1329 8740 1327
f 8741 8740 1329
f 1331 8741 1329
f 8742 8741 1331
f 1333 8742 1331
f 8743 8742 1333
f 1335 8743 1333
f 8744 8743 1335
f 1337 8744 1335
f 8745 8744 1337
f 400 8745 1337
f 8721 8745 400
f 8723 8722 8734
f 8723 8734 8735
f 8724 8735 8736
f 8724 8723 8735
f 8725 8736 8737
f 8725 8724 8736
f 8726 8737 8738
f 8726 8725 8737
f 8727 8738 8739
f 8727 8726 8738
f 8728 8739 8740
f 8728 8727 8739
f 8729 8740 8741
f 8729 8728 8740
f 8730 8741 8742
f 8730 8729 8741
f 8731 8742 8743
f 8731 8730 8742
f 8732 8743 8744
f 8732 8731 8743
f 8733 8744 8745
f 8733 8732 8744
f 8720 8745 8721
f 8720 8733 8745
f 673 8746 641
f 8747 8746 673
f 8748 8749 212
f 212 8749 2653
f 2653 8750 2649
f 8749 8750 2653
f 2649 8751 2650
f 8750 8751 2649
f 2650 8752 2644
f 8751 8752 2650
f 2644 8753 2645
f 8752 8753 2644
f 2645 8754 2636
f 8753 8754 2645
f 2636 8755 2637
f 8754 8755 2636
f 2637 8756 2628
f 8755 8756 2637
f 2628 8757 2629
f 8756 8757 2628
f 2629 8758 2620
f 8757 8758 2629
f 2620 8759 2621
f 8758 8759 2620
f 8759 2612 2621
f 8759 8760 2612
f 8760 2613 2612
f 8760 8761 2613
f 8761 2605 2613
f 8761 8762 2605
f 8762 2604 2605
f 8762 8763 2604
f 8763 2596 2604
f 8763 8764 2596
f 8764 2597 2596
f 8764 8765 2597
f 8765 2588 2597
f 8765 8766 2588
f 8766 2589 2588
f 8766 8767 2589
f 8767 2580 2589
f 8767 8768 2580
f 8768 2581 2580
f 8768 8769 2581
f 8769 673 2581
f 8769 8747 673
f 8770 8748 212
f 8770 212 211
f 8771 211 267
f 8771 8770 211
f 8772 267 266
f 8772 8771 267
f 8773 266 269
f 8773 8772 266
f 8774 269 271
f 8774 8773 269
f 8775 271 273
f 8775 8774 271
f 8776 273 278
f 8776 8775 273
f 8777 278 282
f 8777 8776 278
f 8778 282 286
f 8778 8777 282
f 8779 286 290
f 8779 8778 286
f 8780 290 294
f 8780 8779 290
f 8781 294 333
f 8781 8780 294
f 8782 333 403
f 8782 8781 333
f 8783 403 428
f 8783 8782 403
f 8784 428 451
f 8784 8783 428
f 8785 8784 451
f 8785 451 473
f 8786 8785 473
f 8786 473 494
f 8787 8786 494
f 8787 494 517
f 8788 517 538
f 8788 8787 517
f 8789 538 560
f 8789 8788 538
f 8790 560 583
f 8790 8789 560
f 8791 583 603
f 8791 8790 583
f 641 8791 603
f 8746 8791 641
f 8749 8748 8770
f 8749 8770 8771
f 8750 8771 8772
f 8750 8749 8771
f 8751 8772 8773
f 8751 8750 8772
f 8752 8773 8774
f 8752 8751 8773
f 8753 8774 8775
f 8753 8752 8774
f 8754 8775 8776
f 8754 8753 8775
f 8755 8776 8777
f 8755 8754 8776
f 8756 8777 8778
f 8756 8755 8777
f 8757 8778 8779
f 8757 8756 8778
f 8758 8779 8780
f 8758 8780 8781
f 8758 8757 8779
f 8759 8758 8781
f 8760 8781 8782
f 8760 8759 8781
f 8761 8760 8782
f 8761 8782 8783
f 8762 8761 8783
f 8762 8783 8784
f 8763 8762 8784
f 8763 8784 8785
f 8764 8763 8785
f 8764 8785 8786
f 8765 8764 8786
f 8765 8786 8787
f 8766 8787 8788
f 8766 8765 8787
f 8767 8788 8789
f 8767 8766 8788
f 8768 8789 8790
f 8768 8767 8789
f 8769 8790 8791
f 8769 8768 8790
f 8747 8791 8746
f 8747 8769 8791
f 8792 8793 406
f 8792 406 407
f 8794 8795 208
f 208 8795 265
f 265 8796 268
f 8795 8796 265
f 268 8797 270
f 8796 8797 268
f 8797 272 270
f 8797 8798 272
f 8798 274 272
f 8798 8799 274
f 8799 279 274
f 8799 8800 279
f 8800 283 279
f 8800 8801 283
f 8801 287 283
f 8801 8802 287
f 8802 291 287
f 8802 8803 291
f 8803 295 291
f 8803 8804 295
f 8804 334 295
f 8804 8805 334
f 8805 407 334
f 8805 8792 407
f 207 8794 208
f 8806 8794 207
f 8807 207 264
f 8807 8806 207
f 8808 264 1340
f 8808 8807 264
f 8809 1340 1341
f 8809 8808 1340
f 1342 8809 1341
f 8810 8809 1342
f 1350 8810 1342
f 8811 8810 1350
f 1351 8811 1350
f 8812 8811 1351
f 1352 8812 1351
f 8813 8812 1352
f 1353 8813 1352
f 8814 8813 1353
f 1357 8814 1353
f 8815 8814 1357
f 1358 8815 1357
f 8816 8815 1358
f 1359 8816 1358
f 8817 8816 1359
f 406 8817 1359
f 8793 8817 406
f 8795 8794 8806
f 8795 8806 8807
f 8796 8807 8808
f 8796 8795 8807
f 8797 8808 8809
f 8797 8796 8808
f 8798 8809 8810
f 8798 8797 8809
f 8799 8810 8811
f 8799 8798 8810
f 8800 8811 8812
f 8800 8799 8811
f 8801 8812 8813
f 8801 8800 8812
f 8802 8813 8814
f 8802 8801 8813
f 8803 8814 8815
f 8803 8802 8814
f 8804 8815 8816
f 8804 8803 8815
f 8805 8816 8817
f 8805 8804 8816
f 8792 8817 8793
f 8792 8805 8817
f 404 8818 405
f 8819 8818 404
f 8820 8821 205
f 205 8821 263
f 263 8822 1343
f 8821 8822 263
f 1343 8823 1344
f 8822 8823 1343
f 8823 1345 1344
f 8823 8824 1345
f 8824 1346 1345
f 8824 8825 1346
f 8825 1347 1346
f 8825 8826 1347
f 8826 1348 1347
f 8826 8827 1348
f 8827 1349 1348
f 8827 8828 1349
f 8828 1354 1349
f 8828 8829 1354
f 8829 1355 1354
f 8829 8830 1355
f 8830 1356 1355
f 8830 8831 1356
f 8831 404 1356
f 8831 8819 404
f 8832 8820 205
f 8832 205 204
f 8833 204 261
f 8833 8832 204
f 8834 261 1360
f 8834 8833 261
f 8835 1360 1361
f 8835 8834 1360
f 1362 8835 1361
f 8836 8835 1362
f 1364 8836 1362
f 8837 8836 1364
f 1367 8837 1364
f 8838 8837 1367
f 1368 8838 1367
f 8839 8838 1368
f 1369 8839 1368
f 8840 8839 1369
f 1377 8840 1369
f 8841 8840 1377
f 1378 8841 1377
f 8842 8841 1378
f 1379 8842 1378
f 8843 8842 1379
f 405 8843 1379
f 8818 8843 405
f 8821 8820 8832
f 8821 8832 8833
f 8822 8833 8834
f 8822 8821 8833
f 8823 8834 8835
f 8823 8822 8834
f 8824 8835 8836
f 8824 8823 8835
f 8825 8836 8837
f 8825 8824 8836
f 8826 8837 8838
f 8826 8825 8837
f 8827 8838 8839
f 8827 8826 8838
f 8828 8839 8840
f 8828 8827 8839
f 8829 8840 8841
f 8829 8841 8842
f 8829 8828 8840
f 8830 8829 8842
f 8831 8842 8843
f 8831 8830 8842
f 8819 8843 8818
f 8819 8831 8843
f 8844 8845 398
f 8844 398 397
f 8846 8847 203
f 203 8847 262
f 262 8848 1363
f 8847 8848 262
f 1363 8849 1365
f 8848 8849 1363
f 8849 1366 1365
f 8849 8850 1366
f 8850 1370 1366
f 8850 8851 1370
f 8851 1371 1370
f 8851 8852 1371
f 8852 1372 1371
f 8852 8853 1372
f 8853 1373 1372
f 8853 8854 1373
f 8854 1374 1373
f 8854 8855 1374
f 8855 1375 1374
f 8855 8856 1375
f 8856 1376 1375
f 8856 8857 1376
f 8857 397 1376
f 8857 8844 397
f 202 8846 203
f 8858 8846 202
f 8859 202 259
f 8859 8858 202
f 8860 259 1300
f 8860 8859 259
f 8861 1300 1302
f 8861 8860 1300
f 1304 8861 1302
f 8862 8861 1304
f 1306 8862 1304
f 8863 8862 1306
f 1308 8863 1306
f 8864 8863 1308
f 1310 8864 1308
f 8865 8864 1310
f 1312 8865 1310
f 8866 8865 1312
f 1314 8866 1312
f 8867 8866 1314
f 1316 8867 1314
f 8868 8867 1316
f 1318 8868 1316
f 8869 8868 1318
f 398 8869 1318
f 8845 8869 398
f 8847 8846 8858
f 8847 8858 8859
f 8848 8859 8860
f 8848 8847 8859
f 8849 8860 8861
f 8849 8848 8860
f 8850 8861 8862
f 8850 8849 8861
f 8851 8862 8863
f 8851 8850 8862
f 8852 8863 8864
f 8852 8851 8863
f 8853 8864 8865
f 8853 8852 8864
f 8854 8865 8866
f 8854 8853 8865
f 8855 8866 8867
f 8855 8854 8866
f 8856 8867 8868
f 8856 8855 8867
f 8857 8868 8869
f 8857 8856 8868
f 8844 8869 8845
f 8844 8857 8869
f 193 8870 194
f 8871 8870 193
f 8872 8871 193
f 8872 193 1380
f 8873 1380 1381
f 8873 8872 1380
f 8874 1381 1383
f 8874 8873 1381
f 8875 1383 1385
f 8875 8874 1383
f 8876 1385 1387
f 8876 8875 1385
f 8877 1387 1389
f 8877 8876 1387
f 8878 1389 1391
f 8878 8877 1389
f 8879 1391 1393
f 8879 8878 1391
f 8880 1393 1395
f 8880 8879 1393
f 8881 1395 1397
f 8881 8880 1395
f 8882 1397 1399
f 8882 8881 1397
f 8883 1399 391
f 8883 8882 1399
f 8884 391 424
f 8884 8883 391
f 8885 8884 424
f 8885 424 447
f 8886 447 468
f 8886 8885 447
f 8887 8886 468
f 8887 468 490
f 8888 8887 490
f 8888 490 512
f 8889 512 534
f 8889 8888 512
f 8890 534 556
f 8890 8889 534
f 8891 556 579
f 8891 8890 556
f 8892 579 600
f 8892 8891 579
f 626 8892 600
f 8893 8892 626
f 8894 8893 626
f 8894 626 628
f 8870 8895 194
f 194 8895 1320
f 1320 8896 1322
f 8895 8896 1320
f 1322 8897 1324
f 8896 8897 1322
f 1324 8898 1326
f 8897 8898 1324
f 1326 8899 1328
f 8898 8899 1326
f 1328 8900 1330
f 8899 8900 1328
f 1330 8901 1332
f 8900 8901 1330
f 1332 8902 1334
f 8901 8902 1332
f 1334 8903 1336
f 8902 8903 1334
f 1336 8904 1338
f 8903 8904 1336
f 1338 8905 1339
f 8904 8905 1338
f 1339 8906 396
f 8905 8906 1339
f 396 8907 429
f 8906 8907 396
f 429 8908 448
f 8907 8908 429
f 8908 8909 448
f 448 8909 470
f 8909 8910 470
f 470 8910 495
f 8910 8911 495
f 495 8911 514
f 8911 8912 514
f 514 8912 539
f 8912 8913 539
f 539 8913 561
f 8913 8914 561
f 561 8914 580
f 8914 8915 580
f 580 8915 604
f 8915 8894 604
f 604 8894 628
f 8895 8870 8871
f 8895 8871 8872
f 8896 8872 8873
f 8896 8895 8872
f 8897 8873 8874
f 8897 8896 8873
f 8898 8874 8875
f 8898 8897 8874
f 8899 8875 8876
f 8899 8898 8875
f 8900 8876 8877
f 8900 8899 8876
f 8901 8877 8878
f 8901 8900 8877
f 8902 8878 8879
f 8902 8901 8878
f 8903 8879 8880
f 8903 8902 8879
f 8904 8880 8881
f 8904 8881 8882
f 8904 8903 8880
f 8905 8904 8882
f 8906 8882 8883
f 8906 8905 8882
f 8907 8906 8883
f 8907 8883 8884
f 8908 8907 8884
f 8908 8884 8885
f 8909 8908 8885
f 8909 8885 8886
f 8910 8909 8886
f 8910 8886 8887
f 8911 8910 8887
f 8911 8887 8888
f 8912 8911 8888
f 8912 8888 8889
f 8913 8912 8889
f 8913 8889 8890
f 8914 8913 8890
f 8914 8890 8891
f 8915 8914 8891
f 8915 8891 8892
f 8894 8915 8892
f 8894 8892 8893
f 8916 8917 179
f 8916 179 250
f 8918 250 1401
f 8918 8916 250
f 8919 1401 1403
f 8919 8918 1401
f 1405 8919 1403
f 8920 8919 1405
f 1407 8920 1405
f 8921 8920 1407
f 1409 8921 1407
f 8922 8921 1409
f 1411 8922 1409
f 8923 8922 1411
f 1413 8923 1411
f 8924 8923 1413
f 1415 8924 1413
f 8925 8924 1415
f 1417 8925 1415
f 8926 8925 1417
f 1419 8926 1417
f 8927 8926 1419
f 386 8927 1419
f 8928 8927 386
f 8917 8929 180
f 8917 180 179
f 180 8930 252
f 8929 8930 180
f 252 8931 1422
f 8930 8931 252
f 1422 8932 1424
f 8931 8932 1422
f 8932 1425 1424
f 8932 8933 1425
f 8933 1426 1425
f 8933 8934 1426
f 8934 1427 1426
f 8934 8935 1427
f 8935 1428 1427
f 8935 8936 1428
f 8936 1429 1428
f 8936 8937 1429
f 8937 1436 1429
f 8937 8938 1436
f 8938 1437 1436
f 8938 8939 1437
f 8939 1438 1437
f 8939 8940 1438
f 8940 385 1438
f 8940 8941 385
f 8941 8928 386
f 8941 386 385
f 8930 8929 8917
f 8930 8917 8916
f 8931 8916 8918
f 8931 8930 8916
f 8932 8918 8919
f 8932 8931 8918
f 8933 8919 8920
f 8933 8932 8919
f 8934 8920 8921
f 8934 8933 8920
f 8935 8921 8922
f 8935 8934 8921
f 8936 8922 8923
f 8936 8935 8922
f 8937 8923 8924
f 8937 8936 8923
f 8938 8924 8925
f 8938 8937 8924
f 8939 8925 8926
f 8939 8938 8925
f 8940 8926 8927
f 8940 8939 8926
f 8941 8927 8928
f 8941 8940 8927
f 8942 8943 189
f 8942 189 255
f 8944 255 1442
f 8944 8942 255
f 8945 1442 1444
f 8945 8944 1442
f 1446 8945 1444
f 8946 8945 1446
f 1448 8946 1446
f 8947 8946 1448
f 1450 8947 1448
f 8948 8947 1450
f 1452 8948 1450
f 8949 8948 1452
f 1454 8949 1452
f 8950 8949 1454
f 1456 8950 1454
f 8951 8950 1456
f 1458 8951 1456
f 8952 8951 1458
f 1460 8952 1458
f 8953 8952 1460
f 393 8953 1460
f 8954 8953 393
f 189 8955 190
f 8943 8955 189
f 190 8956 257
f 8955 8956 190
f 257 8957 1382
f 8956 8957 257
f 1382 8958 1384
f 8957 8958 1382
f 8958 1386 1384
f 8958 8959 1386
f 8959 1388 1386
f 8959 8960 1388
f 8960 1390 1388
f 8960 8961 1390
f 8961 1392 1390
f 8961 8962 1392
f 8962 1394 1392
f 8962 8963 1394
f 8963 1396 1394
f 8963 8964 1396
f 8964 1398 1396
f 8964 8965 1398
f 8965 1400 1398
f 8965 8966 1400
f 8966 392 1400
f 8966 8967 392
f 8967 8954 393
f 8967 393 392
f 8956 8955 8943
f 8956 8943 8942
f 8957 8942 8944
f 8957 8956 8942
f 8958 8944 8945
f 8958 8957 8944
f 8959 8945 8946
f 8959 8958 8945
f 8960 8946 8947
f 8960 8959 8946
f 8961 8947 8948
f 8961 8960 8947
f 8962 8948 8949
f 8962 8961 8948
f 8963 8949 8950
f 8963 8962 8949
f 8964 8950 8951
f 8964 8951 8952
f 8964 8963 8950
f 8965 8964 8952
f 8966 8952 8953
f 8966 8965 8952
f 8967 8953 8954
f 8967 8966 8953
f 8968 8969 186
f 8968 186 253
f 8970 253 1462
f 8970 8968 253
f 8971 1462 1463
f 8971 8970 1462
f 1464 8971 1463
f 8972 8971 1464
f 1466 8972 1464
f 8973 8972 1466
f 1469 8973 1466
f 8974 8973 1469
f 1470 8974 1469
f 8975 8974 1470
f 1471 8975 1470
f 8976 8975 1471
f 1479 8976 1471
f 8977 8976 1479
f 1480 8977 1479
f 8978 8977 1480
f 1481 8978 1480
f 8979 8978 1481
f 394 8979 1481
f 8980 8979 394
f 8969 8981 187
f 8969 187 186
f 187 8982 256
f 8981 8982 187
f 256 8983 1443
f 8982 8983 256
f 1443 8984 1445
f 8983 8984 1443
f 8984 1447 1445
f 8984 8985 1447
f 8985 1449 1447
f 8985 8986 1449
f 8986 1451 1449
f 8986 8987 1451
f 8987 1453 1451
f 8987 8988 1453
f 8988 1455 1453
f 8988 8989 1455
f 8989 1457 1455
f 8989 8990 1457
f 8990 1459 1457
f 8990 8991 1459
f 8991 1461 1459
f 8991 8992 1461
f 8992 395 1461
f 8992 8993 395
f 8993 8980 394
f 8993 394 395
f 8982 8981 8969
f 8982 8969 8968
f 8983 8968 8970
f 8983 8982 8968
f 8984 8970 8971
f 8984 8983 8970
f 8985 8971 8972
f 8985 8984 8971
f 8986 8972 8973
f 8986 8985 8972
f 8987 8973 8974
f 8987 8986 8973
f 8988 8974 8975
f 8988 8987 8974
f 8989 8975 8976
f 8989 8988 8975
f 8990 8976 8977
f 8990 8977 8978
f 8990 8989 8976
f 8991 8990 8978
f 8992 8978 8979
f 8992 8991 8978
f 8993 8979 8980
f 8993 8992 8979
f 8994 8995 184
f 8994 184 251
f 8996 251 1423
f 8996 8994 251
f 8997 1423 1430
f 8997 8996 1423
f 1431 8997 1430
f 8998 8997 1431
f 1432 8998 1431
f 8999 8998 1432
f 1433 8999 1432
f 9000 8999 1433
f 1434 9000 1433
f 9001 9000 1434
f 1435 9001 1434
f 9002 9001 1435
f 1439 9002 1435
f 9003 9002 1439
f 1440 9003 1439
f 9004 9003 1440
f 1441 9004 1440
f 9005 9004 1441
f 387 9005 1441
f 9006 9005 387
f 184 9007 185
f 8995 9007 184
f 185 9008 254
f 9007 9008 185
f 254 9009 1465
f 9008 9009 254
f 1465 9010 1467
f 9009 9010 1465
f 9010 1468 1467
f 9010 9011 1468
f 9011 1472 1468
f 9011 9012 1472
f 9012 1473 1472
f 9012 9013 1473
f 9013 1474 1473
f 9013 9014 1474
f 9014 1475 1474
f 9014 9015 1475
f 9015 1476 1475
f 9015 9016 1476
f 9016 1477 1476
f 9016 9017 1477
f 9017 1478 1477
f 9017 9018 1478
f 9018 388 1478
f 9018 9019 388
f 9019 9006 387
f 9019 387 388
f 9008 9007 8995
f 9008 8995 8994
f 9009 8994 8996
f 9009 9008 8994
f 9010 8996 8997
f 9010 9009 8996
f 9011 8997 8998
f 9011 9010 8997
f 9012 8998 8999
f 9012 9011 8998
f 9013 8999 9000
f 9013 9012 8999
f 9014 9000 9001
f 9014 9013 9000
f 9015 9001 9002
f 9015 9014 9001
f 9016 9002 9003
f 9016 9015 9002
f 9017 9003 9004
f 9017 9016 9003
f 9018 9004 9005
f 9018 9017 9004
f 9019 9005 9006
f 9019 9018 9005
f 9020 9021 176
f 9020 176 175
f 9022 9020 175
f 9022 175 1482
f 9023 1482 1483
f 9023 9022 1482
f 9024 1483 1485
f 9024 9023 1483
f 9025 1485 1487
f 9025 9024 1485
f 9026 1487 1489
f 9026 9025 1487
f 9027 1489 1491
f 9027 9026 1489
f 9028 1491 1493
f 9028 9027 1491
f 9029 1493 1495
f 9029 9028 1493
f 9030 1495 1497
f 9030 9029 1495
f 9031 1497 1499
f 9031 9030 1497
f 9032 1499 1501
f 9032 9031 1499
f 9033 1501 379
f 9033 9032 1501
f 9034 379 420
f 9034 9033 379
f 9035 9034 420
f 9035 420 442
f 9036 442 464
f 9036 9035 442
f 9037 9036 464
f 9037 464 486
f 9038 9037 486
f 9038 486 507
f 9039 507 529
f 9039 9038 507
f 9040 529 552
f 9040 9039 529
f 9041 552 574
f 9041 9040 552
f 9042 574 595
f 9042 9041 574
f 618 9042 595
f 9043 9042 618
f 627 9043 618
f 9044 9043 627
f 9021 9045 176
f 176 9045 1402
f 1402 9046 1404
f 9045 9046 1402
f 1404 9047 1406
f 9046 9047 1404
f 1406 9048 1408
f 9047 9048 1406
f 1408 9049 1410
f 9048 9049 1408
f 1410 9050 1412
f 9049 9050 1410
f 1412 9051 1414
f 9050 9051 1412
f 1414 9052 1416
f 9051 9052 1414
f 1416 9053 1418
f 9052 9053 1416
f 1418 9054 1420
f 9053 9054 1418
f 1420 9055 1421
f 9054 9055 1420
f 1421 9056 384
f 9055 9056 1421
f 384 9057 425
f 9056 9057 384
f 425 9058 444
f 9057 9058 425
f 9058 9059 444
f 444 9059 469
f 9059 9060 469
f 469 9060 491
f 9060 9061 491
f 491 9061 513
f 9061 9062 513
f 513 9062 535
f 9062 9063 535
f 535 9063 557
f 9063 9064 557
f 557 9064 575
f 9064 9065 575
f 575 9065 597
f 9065 9044 597
f 597 9044 627
f 9045 9021 9020
f 9045 9020 9022
f 9046 9022 9023
f 9046 9045 9022
f 9047 9023 9024
f 9047 9046 9023
f 9048 9024 9025
f 9048 9047 9024
f 9049 9025 9026
f 9049 9048 9025
f 9050 9026 9027
f 9050 9049 9026
f 9051 9027 9028
f 9051 9050 9027
f 9052 9028 9029
f 9052 9051 9028
f 9053 9029 9030
f 9053 9052 9029
f 9054 9030 9031
f 9054 9031 9032
f 9054 9053 9030
f 9055 9054 9032
f 9056 9032 9033
f 9056 9055 9032
f 9057 9056 9033
f 9057 9033 9034
f 9058 9057 9034
f 9058 9034 9035
f 9059 9058 9035
f 9059 9035 9036
f 9060 9059 9036
f 9060 9036 9037
f 9061 9060 9037
f 9061 9037 9038
f 9062 9061 9038
f 9062 9038 9039
f 9063 9062 9039
f 9063 9039 9040
f 9064 9063 9040
f 9064 9040 9041
f 9065 9064 9041
f 9065 9041 9042
f 9044 9065 9042
f 9044 9042 9043
f 9066 9067 161
f 9066 161 242
f 9068 242 1503
f 9068 9066 242
f 9069 1503 1505
f 9069 9068 1503
f 1507 9069 1505
f 9070 9069 1507
f 1509 9070 1507
f 9071 9070 1509
f 1511 9071 1509
f 9072 9071 1511
f 1513 9072 1511
f 9073 9072 1513
f 1515 9073 1513
f 9074 9073 1515
f 1517 9074 1515
f 9075 9074 1517
f 1519 9075 1517
f 9076 9075 1519
f 1521 9076 1519
f 9077 9076 1521
f 376 9077 1521
f 9078 9077 376
f 161 9079 162
f 9067 9079 161
f 162 9080 244
f 9079 9080 162
f 244 9081 1524
f 9080 9081 244
f 1524 9082 1526
f 9081 9082 1524
f 9082 1527 1526
f 9082 9083 1527
f 9083 1528 1527
f 9083 9084 1528
f 9084 1529 1528
f 9084 9085 1529
f 9085 1530 1529
f 9085 9086 1530
f 9086 1531 1530
f 9086 9087 1531
f 9087 1538 1531
f 9087 9088 1538
f 9088 1539 1538
f 9088 9089 1539
f 9089 1540 1539
f 9089 9090 1540
f 9090 374 1540
f 9090 9091 374
f 9091 9078 376
f 9091 376 374
f 9080 9079 9067
f 9080 9067 9066
f 9081 9066 9068
f 9081 9080 9066
f 9082 9068 9069
f 9082 9081 9068
f 9083 9069 9070
f 9083 9082 9069
f 9084 9070 9071
f 9084 9083 9070
f 9085 9071 9072
f 9085 9084 9071
f 9086 9072 9073
f 9086 9085 9072
f 9087 9073 9074
f 9087 9086 9073
f 9088 9074 9075
f 9088 9075 9076
f 9088 9087 9074
f 9089 9088 9076
f 9090 9076 9077
f 9090 9089 9076
f 9091 9077 9078
f 9091 9090 9077
f 9092 9093 171
f 9092 171 247
f 9094 247 1544
f 9094 9092 247
f 9095 1544 1546
f 9095 9094 1544
f 1548 9095 1546
f 9096 9095 1548
f 1550 9096 1548
f 9097 9096 1550
f 1552 9097 1550
f 9098 9097 1552
f 1554 9098 1552
f 9099 9098 1554
f 1556 9099 1554
f 9100 9099 1556
f 1558 9100 1556
f 9101 9100 1558
f 1560 9101 1558
f 9102 9101 1560
f 1562 9102 1560
f 9103 9102 1562
f 382 9103 1562
f 9104 9103 382
f 171 9105 172
f 9093 9105 171
f 172 9106 249
f 9105 9106 172
f 249 9107 1484
f 9106 9107 249
f 1484 9108 1486
f 9107 9108 1484
f 9108 1488 1486
f 9108 9109 1488
f 9109 1490 1488
f 9109 9110 1490
f 9110 1492 1490
f 9110 9111 1492
f 9111 1494 1492
f 9111 9112 1494
f 9112 1496 1494
f 9112 9113 1496
f 9113 1498 1496
f 9113 9114 1498
f 9114 1500 1498
f 9114 9115 1500
f 9115 1502 1500
f 9115 9116 1502
f 9116 383 1502
f 9116 9117 383
f 9117 9104 382
f 9117 382 383
f 9106 9105 9093
f 9106 9093 9092
f 9107 9092 9094
f 9107 9106 9092
f 9108 9094 9095
f 9108 9107 9094
f 9109 9095 9096
f 9109 9108 9095
f 9110 9096 9097
f 9110 9109 9096
f 9111 9097 9098
f 9111 9110 9097
f 9112 9098 9099
f 9112 9111 9098
f 9113 9099 9100
f 9113 9112 9099
f 9114 9100 9101
f 9114 9101 9102
f 9114 9113 9100
f 9115 9114 9102
f 9116 9102 9103
f 9116 9115 9102
f 9117 9103 9104
f 9117 9116 9103
f 9118 9119 168
f 9118 168 245
f 9120 245 1564
f 9120 9118 245
f 9121 1564 1565
f 9121 9120 1564
f 1566 9121 1565
f 9122 9121 1566
f 1574 9122 1566
f 9123 9122 1574
f 1575 9123 1574
f 9124 9123 1575
f 1576 9124 1575
f 9125 9124 1576
f 1577 9125 1576
f 9126 9125 1577
f 1581 9126 1577
f 9127 9126 1581
f 1582 9127 1581
f 9128 9127 1582
f 1583 9128 1582
f 9129 9128 1583
f 380 9129 1583
f 9130 9129 380
f 9119 9131 169
f 9119 169 168
f 169 9132 248
f 9131 9132 169
f 248 9133 1545
f 9132 9133 248
f 1545 9134 1547
f 9133 9134 1545
f 9134 1549 1547
f 9134 9135 1549
f 9135 1551 1549
f 9135 9136 1551
f 9136 1553 1551
f 9136 9137 1553
f 9137 1555 1553
f 9137 9138 1555
f 9138 1557 1555
f 9138 9139 1557
f 9139 1559 1557
f 9139 9140 1559
f 9140 1561 1559
f 9140 9141 1561
f 9141 1563 1561
f 9141 9142 1563
f 9142 381 1563
f 9142 9143 381
f 9143 9130 380
f 9143 380 381
f 9132 9131 9119
f 9132 9119 9118
f 9133 9118 9120
f 9133 9132 9118
f 9134 9120 9121
f 9134 9133 9120
f 9135 9121 9122
f 9135 9134 9121
f 9136 9122 9123
f 9136 9135 9122
f 9137 9123 9124
f 9137 9136 9123
f 9138 9124 9125
f 9138 9137 9124
f 9139 9125 9126
f 9139 9138 9125
f 9140 9126 9127
f 9140 9139 9126
f 9141 9127 9128
f 9141 9140 9127
f 9142 9128 9129
f 9142 9141 9128
f 9143 9129 9130
f 9143 9142 9129
f 9144 9145 166
f 9144 166 243
f 9146 243 1525
f 9146 9144 243
f 9147 1525 1532
f 9147 9146 1525
f 1533 9147 1532
f 9148 9147 1533
f 1534 9148 1533
f 9149 9148 1534
f 1535 9149 1534
f 9150 9149 1535
f 1536 9150 1535
f 9151 9150 1536
f 1537 9151 1536
f 9152 9151 1537
f 1541 9152 1537
f 9153 9152 1541
f 1542 9153 1541
f 9154 9153 1542
f 1543 9154 1542
f 9155 9154 1543
f 373 9155 1543
f 9156 9155 373
f 166 9157 167
f 9145 9157 166
f 167 9158 246
f 9157 9158 167
f 246 9159 1567
f 9158 9159 246
f 1567 9160 1568
f 9159 9160 1567
f 9160 1569 1568
f 9160 9161 1569
f 9161 1570 1569
f 9161 9162 1570
f 9162 1571 1570
f 9162 9163 1571
f 9163 1572 1571
f 9163 9164 1572
f 9164 1573 1572
f 9164 9165 1573
f 9165 1578 1573
f 9165 9166 1578
f 9166 1579 1578
f 9166 9167 1579
f 9167 1580 1579
f 9167 9168 1580
f 9168 375 1580
f 9168 9169 375
f 9169 9156 373
f 9169 373 375
f 9158 9157 9145
f 9158 9145 9144
f 9159 9144 9146
f 9159 9158 9144
f 9160 9146 9147
f 9160 9159 9146
f 9161 9147 9148
f 9161 9160 9147
f 9162 9148 9149
f 9162 9161 9148
f 9163 9149 9150
f 9163 9162 9149
f 9164 9150 9151
f 9164 9163 9150
f 9165 9151 9152
f 9165 9164 9151
f 9166 9152 9153
f 9166 9153 9154
f 9166 9165 9152
f 9167 9166 9154
f 9168 9154 9155
f 9168 9167 9154
f 9169 9155 9156
f 9169 9168 9155
f 9170 9171 158
f 9170 158 157
f 9172 9170 157
f 9172 157 1584
f 9173 1584 1585
f 9173 9172 1584
f 9174 1585 1587
f 9174 9173 1585
f 9175 1587 1589
f 9175 9174 1587
f 9176 1589 1591
f 9176 9175 1589
f 9177 1591 1593
f 9177 9176 1591
f 9178 1593 1595
f 9178 9177 1593
f 9179 1595 1597
f 9179 9178 1595
f 9180 1597 1599
f 9180 9179 1597
f 9181 1599 1601
f 9181 9180 1599
f 9182 1601 1603
f 9182 9181 1601
f 9183 1603 367
f 9183 9182 1603
f 9184 367 415
f 9184 9183 367
f 9185 9184 415
f 9185 415 437
f 9186 437 459
f 9186 9185 437
f 9187 9186 459
f 9187 459 481
f 9188 9187 481
f 9188 481 503
f 9189 503 526
f 9189 9188 503
f 9190 526 547
f 9190 9189 526
f 9191 547 570
f 9191 9190 547
f 9192 570 591
f 9192 9191 570
f 616 9192 591
f 9193 9192 616
f 619 9193 616
f 9194 9193 619
f 9171 9195 158
f 158 9195 1504
f 1504 9196 1506
f 9195 9196 1504
f 1506 9197 1508
f 9196 9197 1506
f 1508 9198 1510
f 9197 9198 1508
f 1510 9199 1512
f 9198 9199 1510
f 1512 9200 1514
f 9199 9200 1512
f 1514 9201 1516
f 9200 9201 1514
f 1516 9202 1518
f 9201 9202 1516
f 1518 9203 1520
f 9202 9203 1518
f 1520 9204 1522
f 9203 9204 1520
f 1522 9205 1523
f 9204 9205 1522
f 1523 9206 372
f 9205 9206 1523
f 372 9207 421
f 9206 9207 372
f 421 9208 443
f 9207 9208 421
f 9208 9209 443
f 443 9209 465
f 9209 9210 465
f 465 9210 487
f 9210 9211 487
f 487 9211 508
f 9211 9212 508
f 508 9212 530
f 9212 9213 530
f 530 9213 553
f 9213 9214 553
f 553 9214 571
f 9214 9215 571
f 571 9215 596
f 9215 9194 596
f 596 9194 619
f 9195 9171 9170
f 9195 9170 9172
f 9196 9172 9173
f 9196 9195 9172
f 9197 9173 9174
f 9197 9196 9173
f 9198 9174 9175
f 9198 9197 9174
f 9199 9175 9176
f 9199 9198 9175
f 9200 9176 9177
f 9200 9199 9176
f 9201 9177 9178
f 9201 9200 9177
f 9202 9178 9179
f 9202 9201 9178
f 9203 9179 9180
f 9203 9202 9179
f 9204 9180 9181
f 9204 9181 9182
f 9204 9203 9180
f 9205 9204 9182
f 9206 9182 9183
f 9206 9205 9182
f 9207 9206 9183
f 9207 9183 9184
f 9208 9207 9184
f 9208 9184 9185
f 9209 9208 9185
f 9209 9185 9186
f 9210 9209 9186
f 9210 9186 9187
f 9211 9210 9187
f 9211 9187 9188
f 9212 9211 9188
f 9212 9188 9189
f 9213 9212 9189
f 9213 9189 9190
f 9214 9213 9190
f 9214 9190 9191
f 9215 9214 9191
f 9215 9191 9192
f 9194 9215 9192
f 9194 9192 9193
f 9216 9217 144
f 9216 144 234
f 9218 234 1605
f 9218 9216 234
f 9219 1605 1607
f 9219 9218 1605
f 1609 9219 1607
f 9220 9219 1609
f 1611 9220 1609
f 9221 9220 1611
f 1613 9221 1611
f 9222 9221 1613
f 1615 9222 1613
f 9223 9222 1615
f 1617 9223 1615
f 9224 9223 1617
f 1619 9224 1617
f 9225 9224 1619
f 1621 9225 1619
f 9226 9225 1621
f 1623 9226 1621
f 9227 9226 1623
f 362 9227 1623
f 9228 9227 362
f 144 9229 145
f 9217 9229 144
f 145 9230 236
f 9229 9230 145
f 236 9231 1626
f 9230 9231 236
f 1626 9232 1628
f 9231 9232 1626
f 9232 1629 1628
f 9232 9233 1629
f 9233 1632 1629
f 9233 9234 1632
f 9234 1633 1632
f 9234 9235 1633
f 9235 1634 1633
f 9235 9236 1634
f 9236 1635 1634
f 9236 9237 1635
f 9237 1640 1635
f 9237 9238 1640
f 9238 1641 1640
f 9238 9239 1641
f 9239 1642 1641
f 9239 9240 1642
f 9240 361 1642
f 9240 9241 361
f 9241 9228 362
f 9241 362 361
f 9230 9229 9217
f 9230 9217 9216
f 9231 9216 9218
f 9231 9230 9216
f 9232 9218 9219
f 9232 9231 9218
f 9233 9219 9220
f 9233 9232 9219
f 9234 9220 9221
f 9234 9233 9220
f 9235 9221 9222
f 9235 9234 9221
f 9236 9222 9223
f 9236 9235 9222
f 9237 9223 9224
f 9237 9236 9223
f 9238 9224 9225
f 9238 9225 9226
f 9238 9237 9224
f 9239 9238 9226
f 9240 9226 9227
f 9240 9239 9226
f 9241 9227 9228
f 9241 9240 9227
f 9242 9243 153
f 9242 153 239
f 9244 239 1646
f 9244 9242 239
f 9245 1646 1648
f 9245 9244 1646
f 1650 9245 1648
f 9246 9245 1650
f 1652 9246 1650
f 9247 9246 1652
f 1654 9247 1652
f 9248 9247 1654
f 1656 9248 1654
f 9249 9248 1656
f 1658 9249 1656
f 9250 9249 1658
f 1660 9250 1658
f 9251 9250 1660
f 1662 9251 1660
f 9252 9251 1662
f 1664 9252 1662
f 9253 9252 1664
f 369 9253 1664
f 9254 9253 369
f 153 9255 154
f 9243 9255 153
f 154 9256 241
f 9255 9256 154
f 241 9257 1586
f 9256 9257 241
f 1586 9258 1588
f 9257 9258 1586
f 9258 1590 1588
f 9258 9259 1590
f 9259 1592 1590
f 9259 9260 1592
f 9260 1594 1592
f 9260 9261 1594
f 9261 1596 1594
f 9261 9262 1596
f 9262 1598 1596
f 9262 9263 1598
f 9263 1600 1598
f 9263 9264 1600
f 9264 1602 1600
f 9264 9265 1602
f 9265 1604 1602
f 9265 9266 1604
f 9266 368 1604
f 9266 9267 368
f 9267 9254 369
f 9267 369 368
f 9256 9255 9243
f 9256 9243 9242
f 9257 9242 9244
f 9257 9256 9242
f 9258 9244 9245
f 9258 9257 9244
f 9259 9245 9246
f 9259 9258 9245
f 9260 9246 9247
f 9260 9259 9246
f 9261 9247 9248
f 9261 9260 9247
f 9262 9248 9249
f 9262 9261 9248
f 9263 9249 9250
f 9263 9262 9249
f 9264 9250 9251
f 9264 9251 9252
f 9264 9263 9250
f 9265 9264 9252
f 9266 9252 9253
f 9266 9265 9252
f 9267 9253 9254
f 9267 9266 9253
f 9268 9269 148
f 9268 148 237
f 9270 237 1666
f 9270 9268 237
f 9271 1666 1667
f 9271 9270 1666
f 1668 9271 1667
f 9272 9271 1668
f 1676 9272 1668
f 9273 9272 1676
f 1677 9273 1676
f 9274 9273 1677
f 1678 9274 1677
f 9275 9274 1678
f 1679 9275 1678
f 9276 9275 1679
f 1683 9276 1679
f 9277 9276 1683
f 1684 9277 1683
f 9278 9277 1684
f 1685 9278 1684
f 9279 9278 1685
f 371 9279 1685
f 9280 9279 371
f 9269 9281 151
f 9269 151 148
f 151 9282 240
f 9281 9282 151
f 240 9283 1647
f 9282 9283 240
f 1647 9284 1649
f 9283 9284 1647
f 9284 1651 1649
f 9284 9285 1651
f 9285 1653 1651
f 9285 9286 1653
f 9286 1655 1653
f 9286 9287 1655
f 9287 1657 1655
f 9287 9288 1657
f 9288 1659 1657
f 9288 9289 1659
f 9289 1661 1659
f 9289 9290 1661
f 9290 1663 1661
f 9290 9291 1663
f 9291 1665 1663
f 9291 9292 1665
f 9292 370 1665
f 9292 9293 370
f 9293 9280 371
f 9293 371 370
f 9282 9281 9269
f 9282 9269 9268
f 9283 9268 9270
f 9283 9282 9268
f 9284 9270 9271
f 9284 9283 9270
f 9285 9271 9272
f 9285 9284 9271
f 9286 9272 9273
f 9286 9285 9272
f 9287 9273 9274
f 9287 9286 9273
f 9288 9274 9275
f 9288 9287 9274
f 9289 9275 9276
f 9289 9288 9275
f 9290 9276 9277
f 9290 9289 9276
f 9291 9277 9278
f 9291 9290 9277
f 9292 9278 9279
f 9292 9291 9278
f 9293 9279 9280
f 9293 9292 9279
f 9294 9295 146
f 9294 146 235
f 9296 235 1627
f 9296 9294 235
f 9297 1627 1630
f 9297 9296 1627
f 1631 9297 1630
f 9298 9297 1631
f 1636 9298 1631
f 9299 9298 1636
f 1637 9299 1636
f 9300 9299 1637
f 1638 9300 1637
f 9301 9300 1638
f 1639 9301 1638
f 9302 9301 1639
f 1643 9302 1639
f 9303 9302 1643
f 1644 9303 1643
f 9304 9303 1644
f 1645 9304 1644
f 9305 9304 1645
f 363 9305 1645
f 9306 9305 363
f 9295 9307 147
f 9295 147 146
f 147 9308 238
f 9307 9308 147
f 238 9309 1669
f 9308 9309 238
f 1669 9310 1670
f 9309 9310 1669
f 9310 1671 1670
f 9310 9311 1671
f 9311 1672 1671
f 9311 9312 1672
f 9312 1673 1672
f 9312 9313 1673
f 9313 1674 1673
f 9313 9314 1674
f 9314 1675 1674
f 9314 9315 1675
f 9315 1680 1675
f 9315 9316 1680
f 9316 1681 1680
f 9316 9317 1681
f 9317 1682 1681
f 9317 9318 1682
f 9318 364 1682
f 9318 9319 364
f 9319 9306 363
f 9319 363 364
f 9308 9307 9295
f 9308 9295 9294
f 9309 9294 9296
f 9309 9308 9294
f 9310 9296 9297
f 9310 9309 9296
f 9311 9297 9298
f 9311 9310 9297
f 9312 9298 9299
f 9312 9311 9298
f 9313 9299 9300
f 9313 9312 9299
f 9314 9300 9301
f 9314 9313 9300
f 9315 9301 9302
f 9315 9314 9301
f 9316 9302 9303
f 9316 9315 9302
f 9317 9303 9304
f 9317 9316 9303
f 9318 9304 9305
f 9318 9317 9304
f 9319 9305 9306
f 9319 9318 9305
f 9320 9321 143
f 9320 143 142
f 9322 9320 142
f 9322 142 1686
f 9323 1686 1687
f 9323 9322 1686
f 9324 1687 1689
f 9324 9323 1687
f 9325 1689 1691
f 9325 9324 1689
f 9326 1691 1693
f 9326 9325 1691
f 9327 1693 1695
f 9327 9326 1693
f 9328 1695 1697
f 9328 9327 1695
f 9329 1697 1699
f 9329 9328 1697
f 9330 1699 1701
f 9330 9329 1699
f 9331 1701 1703
f 9331 9330 1701
f 9332 1703 1705
f 9332 9331 1703
f 9333 1705 355
f 9333 9332 1705
f 9334 355 412
f 9334 9333 355
f 9335 9334 412
f 9335 412 435
f 9336 435 457
f 9336 9335 435
f 9337 9336 457
f 9337 457 478
f 9338 9337 478
f 9338 478 501
f 9339 501 522
f 9339 9338 501
f 9340 522 545
f 9340 9339 522
f 9341 545 567
f 9341 9340 545
f 9342 567 588
f 9342 9341 567
f 614 9342 588
f 9343 9342 614
f 617 9343 614
f 9344 9343 617
f 9321 9345 143
f 143 9345 1606
f 1606 9346 1608
f 9345 9346 1606
f 1608 9347 1610
f 9346 9347 1608
f 1610 9348 1612
f 9347 9348 1610
f 1612 9349 1614
f 9348 9349 1612
f 1614 9350 1616
f 9349 9350 1614
f 1616 9351 1618
f 9350 9351 1616
f 1618 9352 1620
f 9351 9352 1618
f 1620 9353 1622
f 9352 9353 1620
f 1622 9354 1624
f 9353 9354 1622
f 1624 9355 1625
f 9354 9355 1624
f 1625 9356 360
f 9355 9356 1625
f 360 9357 416
f 9356 9357 360
f 416 9358 438
f 9357 9358 416
f 9358 9359 438
f 438 9359 460
f 9359 9360 460
f 460 9360 482
f 9360 9361 482
f 482 9361 504
f 9361 9362 504
f 504 9362 524
f 9362 9363 524
f 524 9363 548
f 9363 9364 548
f 548 9364 568
f 9364 9365 568
f 568 9365 592
f 9365 9344 592
f 592 9344 617
f 9345 9321 9320
f 9345 9320 9322
f 9346 9322 9323
f 9346 9345 9322
f 9347 9323 9324
f 9347 9346 9323
f 9348 9324 9325
f 9348 9347 9324
f 9349 9325 9326
f 9349 9348 9325
f 9350 9326 9327
f 9350 9349 9326
f 9351 9327 9328
f 9351 9350 9327
f 9352 9328 9329
f 9352 9351 9328
f 9353 9329 9330
f 9353 9352 9329
f 9354 9330 9331
f 9354 9331 9332
f 9354 9353 9330
f 9355 9354 9332
f 9356 9332 9333
f 9356 9355 9332
f 9357 9356 9333
f 9357 9333 9334
f 9358 9357 9334
f 9358 9334 9335
f 9359 9358 9335
f 9359 9335 9336
f 9360 9359 9336
f 9360 9336 9337
f 9361 9360 9337
f 9361 9337 9338
f 9362 9361 9338
f 9362 9338 9339
f 9363 9362 9339
f 9363 9339 9340
f 9364 9363 9340
f 9364 9340 9341
f 9365 9364 9341
f 9365 9341 9342
f 9344 9365 9342
f 9344 9342 9343
f 9366 9367 134
f 9366 134 226
f 9368 226 1707
f 9368 9366 226
f 9369 1707 1709
f 9369 9368 1707
f 1711 9369 1709
f 9370 9369 1711
f 1713 9370 1711
f 9371 9370 1713
f 1715 9371 1713
f 9372 9371 1715
f 1717 9372 1715
f 9373 9372 1717
f 1719 9373 1717
f 9374 9373 1719
f 1721 9374 1719
f 9375 9374 1721
f 1723 9375 1721
f 9376 9375 1723
f 1725 9376 1723
f 9377 9376 1725
f 354 9377 1725
f 9378 9377 354
f 9367 9379 135
f 9367 135 134
f 135 9380 228
f 9379 9380 135
f 228 9381 1728
f 9380 9381 228
f 1728 9382 1730
f 9381 9382 1728
f 9382 1731 1730
f 9382 9383 1731
f 9383 1732 1731
f 9383 9384 1732
f 9384 1733 1732
f 9384 9385 1733
f 9385 1734 1733
f 9385 9386 1734
f 9386 1735 1734
f 9386 9387 1735
f 9387 1742 1735
f 9387 9388 1742
f 9388 1743 1742
f 9388 9389 1743
f 9389 1744 1743
f 9389 9390 1744
f 9390 353 1744
f 9390 9391 353
f 9391 9378 354
f 9391 354 353
f 9380 9379 9367
f 9380 9367 9366
f 9381 9366 9368
f 9381 9380 9366
f 9382 9368 9369
f 9382 9381 9368
f 9383 9369 9370
f 9383 9382 9369
f 9384 9370 9371
f 9384 9383 9370
f 9385 9371 9372
f 9385 9384 9371
f 9386 9372 9373
f 9386 9385 9372
f 9387 9373 9374
f 9387 9386 9373
f 9388 9374 9375
f 9388 9387 9374
f 9389 9375 9376
f 9389 9388 9375
f 9390 9376 9377
f 9390 9389 9376
f 9391 9377 9378
f 9391 9390 9377
f 9392 9393 140
f 9392 140 232
f 9394 232 1748
f 9394 9392 232
f 9395 1748 1750
f 9395 9394 1748
f 1752 9395 1750
f 9396 9395 1752
f 1754 9396 1752
f 9397 9396 1754
f 1756 9397 1754
f 9398 9397 1756
f 1758 9398 1756
f 9399 9398 1758
f 1760 9399 1758
f 9400 9399 1760
f 1762 9400 1760
f 9401 9400 1762
f 1764 9401 1762
f 9402 9401 1764
f 1766 9402 1764
f 9403 9402 1766
f 358 9403 1766
f 9404 9403 358
f 9393 9405 141
f 9393 141 140
f 141 9406 233
f 9405 9406 141
f 233 9407 1688
f 9406 9407 233
f 1688 9408 1690
f 9407 9408 1688
f 9408 1692 1690
f 9408 9409 1692
f 9409 1694 1692
f 9409 9410 1694
f 9410 1696 1694
f 9410 9411 1696
f 9411 1698 1696
f 9411 9412 1698
f 9412 1700 1698
f 9412 9413 1700
f 9413 1702 1700
f 9413 9414 1702
f 9414 1704 1702
f 9414 9415 1704
f 9415 1706 1704
f 9415 9416 1706
f 9416 359 1706
f 9416 9417 359
f 9417 9404 358
f 9417 358 359
f 9406 9405 9393
f 9406 9393 9392
f 9407 9392 9394
f 9407 9406 9392
f 9408 9394 9395
f 9408 9407 9394
f 9409 9395 9396
f 9409 9408 9395
f 9410 9396 9397
f 9410 9409 9396
f 9411 9397 9398
f 9411 9410 9397
f 9412 9398 9399
f 9412 9411 9398
f 9413 9399 9400
f 9413 9412 9399
f 9414 9400 9401
f 9414 9401 9402
f 9414 9413 9400
f 9415 9414 9402
f 9416 9402 9403
f 9416 9415 9402
f 9417 9403 9404
f 9417 9416 9403
f 9418 9419 138
f 9418 138 229
f 9420 229 1768
f 9420 9418 229
f 9421 1768 1769
f 9421 9420 1768
f 1770 9421 1769
f 9422 9421 1770
f 1772 9422 1770
f 9423 9422 1772
f 1775 9423 1772
f 9424 9423 1775
f 1776 9424 1775
f 9425 9424 1776
f 1777 9425 1776
f 9426 9425 1777
f 1785 9426 1777
f 9427 9426 1785
f 1786 9427 1785
f 9428 9427 1786
f 1787 9428 1786
f 9429 9428 1787
f 357 9429 1787
f 9430 9429 357
f 9419 9431 139
f 9419 139 138
f 139 9432 231
f 9431 9432 139
f 231 9433 1749
f 9432 9433 231
f 1749 9434 1751
f 9433 9434 1749
f 9434 1753 1751
f 9434 9435 1753
f 9435 1755 1753
f 9435 9436 1755
f 9436 1757 1755
f 9436 9437 1757
f 9437 1759 1757
f 9437 9438 1759
f 9438 1761 1759
f 9438 9439 1761
f 9439 1763 1761
f 9439 9440 1763
f 9440 1765 1763
f 9440 9441 1765
f 9441 1767 1765
f 9441 9442 1767
f 9442 356 1767
f 9442 9443 356
f 9443 9430 357
f 9443 357 356
f 9432 9431 9419
f 9432 9419 9418
f 9433 9418 9420
f 9433 9432 9418
f 9434 9420 9421
f 9434 9433 9420
f 9435 9421 9422
f 9435 9434 9421
f 9436 9422 9423
f 9436 9435 9422
f 9437 9423 9424
f 9437 9436 9423
f 9438 9424 9425
f 9438 9437 9424
f 9439 9425 9426
f 9439 9438 9425
f 9440 9426 9427
f 9440 9439 9426
f 9441 9427 9428
f 9441 9440 9427
f 9442 9428 9429
f 9442 9441 9428
f 9443 9429 9430
f 9443 9442 9429
f 9444 9445 136
f 9444 136 227
f 9446 227 1729
f 9446 9444 227
f 9447 1729 1736
f 9447 9446 1729
f 1737 9447 1736
f 9448 9447 1737
f 1738 9448 1737
f 9449 9448 1738
f 1739 9449 1738
f 9450 9449 1739
f 1740 9450 1739
f 9451 9450 1740
f 1741 9451 1740
f 9452 9451 1741
f 1745 9452 1741
f 9453 9452 1745
f 1746 9453 1745
f 9454 9453 1746
f 1747 9454 1746
f 9455 9454 1747
f 352 9455 1747
f 9456 9455 352
f 9445 9457 137
f 9445 137 136
f 137 9458 230
f 9457 9458 137
f 230 9459 1771
f 9458 9459 230
f 1771 9460 1773
f 9459 9460 1771
f 9460 1774 1773
f 9460 9461 1774
f 9461 1778 1774
f 9461 9462 1778
f 9462 1779 1778
f 9462 9463 1779
f 9463 1780 1779
f 9463 9464 1780
f 9464 1781 1780
f 9464 9465 1781
f 9465 1782 1781
f 9465 9466 1782
f 9466 1783 1782
f 9466 9467 1783
f 9467 1784 1783
f 9467 9468 1784
f 9468 351 1784
f 9468 9469 351
f 9469 9456 352
f 9469 352 351
f 9458 9457 9445
f 9458 9445 9444
f 9459 9444 9446
f 9459 9458 9444
f 9460 9446 9447
f 9460 9459 9446
f 9461 9447 9448
f 9461 9460 9447
f 9462 9448 9449
f 9462 9461 9448
f 9463 9449 9450
f 9463 9462 9449
f 9464 9450 9451
f 9464 9463 9450
f 9465 9451 9452
f 9465 9464 9451
f 9466 9452 9453
f 9466 9465 9452
f 9467 9453 9454
f 9467 9454 9455
f 9467 9466 9453
f 9468 9467 9455
f 9469 9455 9456
f 9469 9468 9455
f 9470 9471 133
f 9470 133 132
f 9472 9470 132
f 9472 132 1788
f 9473 1788 1789
f 9473 9472 1788
f 9474 1789 1791
f 9474 9473 1789
f 9475 1791 1793
f 9475 9474 1791
f 9476 1793 1795
f 9476 9475 1793
f 9477 1795 1797
f 9477 9476 1795
f 9478 1797 1799
f 9478 9477 1797
f 9479 1799 1801
f 9479 9478 1799
f 9480 1801 1803
f 9480 9479 1801
f 9481 1803 1805
f 9481 9480 1803
f 9482 1805 1807
f 9482 9481 1805
f 9483 1807 346
f 9483 9482 1807
f 9484 346 410
f 9484 9483 346
f 9485 9484 410
f 9485 410 433
f 9486 433 455
f 9486 9485 433
f 9487 9486 455
f 9487 455 476
f 9488 9487 476
f 9488 476 499
f 9489 499 520
f 9489 9488 499
f 9490 520 542
f 9490 9489 520
f 9491 542 565
f 9491 9490 542
f 9492 565 586
f 9492 9491 565
f 611 9492 586
f 9493 9492 611
f 9494 9493 611
f 9494 611 612
f 9471 9495 133
f 133 9495 1708
f 1708 9496 1710
f 9495 9496 1708
f 1710 9497 1712
f 9496 9497 1710
f 1712 9498 1714
f 9497 9498 1712
f 1714 9499 1716
f 9498 9499 1714
f 1716 9500 1718
f 9499 9500 1716
f 1718 9501 1720
f 9500 9501 1718
f 1720 9502 1722
f 9501 9502 1720
f 1722 9503 1724
f 9502 9503 1722
f 1724 9504 1726
f 9503 9504 1724
f 1726 9505 1727
f 9504 9505 1726
f 1727 9506 350
f 9505 9506 1727
f 350 9507 413
f 9506 9507 350
f 413 9508 434
f 9507 9508 413
f 9508 9509 434
f 434 9509 456
f 9509 9510 456
f 456 9510 479
f 9510 9511 479
f 479 9511 500
f 9511 9512 500
f 500 9512 523
f 9512 9513 523
f 523 9513 544
f 9513 9514 544
f 544 9514 566
f 9514 9515 566
f 566 9515 589
f 9515 9494 589
f 589 9494 612
f 9495 9471 9470
f 9495 9470 9472
f 9496 9472 9473
f 9496 9495 9472
f 9497 9473 9474
f 9497 9496 9473
f 9498 9474 9475
f 9498 9497 9474
f 9499 9475 9476
f 9499 9498 9475
f 9500 9476 9477
f 9500 9499 9476
f 9501 9477 9478
f 9501 9500 9477
f 9502 9478 9479
f 9502 9501 9478
f 9503 9479 9480
f 9503 9502 9479
f 9504 9480 9481
f 9504 9503 9480
f 9505 9481 9482
f 9505 9504 9481
f 9506 9482 9483
f 9506 9483 9484
f 9506 9505 9482
f 9507 9506 9484
f 9508 9507 9484
f 9508 9484 9485
f 9509 9508 9485
f 9509 9485 9486
f 9510 9509 9486
f 9510 9486 9487
f 9511 9510 9487
f 9511 9487 9488
f 9511 9488 9489
f 9512 9511 9489
f 9513 9512 9489
f 9513 9489 9490
f 9514 9513 9490
f 9514 9490 9491
f 9515 9514 9491
f 9515 9491 9492
f 9494 9515 9492
f 9494 9492 9493
f 9516 9517 124
f 9516 124 218
f 9518 218 1809
f 9518 9516 218
f 9519 1809 1811
f 9519 9518 1809
f 1813 9519 1811
f 9520 9519 1813
f 1815 9520 1813
f 9521 9520 1815
f 1817 9521 1815
f 9522 9521 1817
f 1819 9522 1817
f 9523 9522 1819
f 1821 9523 1819
f 9524 9523 1821
f 1823 9524 1821
f 9525 9524 1823
f 1825 9525 1823
f 9526 9525 1825
f 1827 9526 1825
f 9527 9526 1827
f 342 9527 1827
f 9528 9527 342
f 9517 9529 125
f 9517 125 124
f 125 9530 220
f 9529 9530 125
f 220 9531 1830
f 9530 9531 220
f 1830 9532 1832
f 9531 9532 1830
f 9532 1833 1832
f 9532 9533 1833
f 9533 1834 1833
f 9533 9534 1834
f 9534 1835 1834
f 9534 9535 1835
f 9535 1836 1835
f 9535 9536 1836
f 9536 1837 1836
f 9536 9537 1837
f 9537 1844 1837
f 9537 9538 1844
f 9538 1845 1844
f 9538 9539 1845
f 9539 1846 1845
f 9539 9540 1846
f 9540 341 1846
f 9540 9541 341
f 9541 9528 342
f 9541 342 341
f 9530 9529 9517
f 9530 9517 9516
f 9531 9516 9518
f 9531 9530 9516
f 9532 9518 9519
f 9532 9531 9518
f 9533 9519 9520
f 9533 9532 9519
f 9534 9520 9521
f 9534 9533 9520
f 9535 9521 9522
f 9535 9534 9521
f 9536 9522 9523
f 9536 9535 9522
f 9537 9523 9524
f 9537 9536 9523
f 9538 9524 9525
f 9538 9537 9524
f 9539 9525 9526
f 9539 9538 9525
f 9540 9526 9527
f 9540 9539 9526
f 9541 9527 9528
f 9541 9540 9527
f 9542 9543 130
f 9542 130 223
f 9544 223 1850
f 9544 9542 223
f 9545 1850 1852
f 9545 9544 1850
f 1854 9545 1852
f 9546 9545 1854
f 1856 9546 1854
f 9547 9546 1856
f 1858 9547 1856
f 9548 9547 1858
f 1860 9548 1858
f 9549 9548 1860
f 1862 9549 1860
f 9550 9549 1862
f 1864 9550 1862
f 9551 9550 1864
f 1866 9551 1864
f 9552 9551 1866
f 1868 9552 1866
f 9553 9552 1868
f 348 9553 1868
f 9554 9553 348
f 130 9555 131
f 9543 9555 130
f 131 9556 225
f 9555 9556 131
f 225 9557 1790
f 9556 9557 225
f 1790 9558 1792
f 9557 9558 1790
f 9558 1794 1792
f 9558 9559 1794
f 9559 1796 1794
f 9559 9560 1796
f 9560 1798 1796
f 9560 9561 1798
f 9561 1800 1798
f 9561 9562 1800
f 9562 1802 1800
f 9562 9563 1802
f 9563 1804 1802
f 9563 9564 1804
f 9564 1806 1804
f 9564 9565 1806
f 9565 1808 1806
f 9565 9566 1808
f 9566 347 1808
f 9566 9567 347
f 9567 9554 348
f 9567 348 347
f 9556 9555 9543
f 9556 9543 9542
f 9557 9542 9544
f 9557 9556 9542
f 9558 9544 9545
f 9558 9557 9544
f 9559 9545 9546
f 9559 9558 9545
f 9560 9546 9547
f 9560 9559 9546
f 9561 9547 9548
f 9561 9560 9547
f 9562 9548 9549
f 9562 9561 9548
f 9563 9549 9550
f 9563 9562 9549
f 9564 9550 9551
f 9564 9563 9550
f 9565 9551 9552
f 9565 9552 9553
f 9565 9564 9551
f 9566 9565 9553
f 9567 9553 9554
f 9567 9566 9553
f 9568 9569 128
f 9568 128 221
f 9570 221 1870
f 9570 9568 221
f 9571 1870 1871
f 9571 9570 1870
f 1872 9571 1871
f 9572 9571 1872
f 1880 9572 1872
f 9573 9572 1880
f 1881 9573 1880
f 9574 9573 1881
f 1882 9574 1881
f 9575 9574 1882
f 1883 9575 1882
f 9576 9575 1883
f 1887 9576 1883
f 9577 9576 1887
f 1888 9577 1887
f 9578 9577 1888
f 1889 9578 1888
f 9579 9578 1889
f 343 9579 1889
f 9580 9579 343
f 9569 9581 129
f 9569 129 128
f 129 9582 224
f 9581 9582 129
f 224 9583 1851
f 9582 9583 224
f 1851 9584 1853
f 9583 9584 1851
f 9584 1855 1853
f 9584 9585 1855
f 9585 1857 1855
f 9585 9586 1857
f 9586 1859 1857
f 9586 9587 1859
f 9587 1861 1859
f 9587 9588 1861
f 9588 1863 1861
f 9588 9589 1863
f 9589 1865 1863
f 9589 9590 1865
f 9590 1867 1865
f 9590 9591 1867
f 9591 1869 1867
f 9591 9592 1869
f 9592 349 1869
f 9592 9593 349
f 9593 9580 343
f 9593 343 349
f 9582 9581 9569
f 9582 9569 9568
f 9583 9568 9570
f 9583 9582 9568
f 9584 9570 9571
f 9584 9583 9570
f 9585 9571 9572
f 9585 9584 9571
f 9586 9572 9573
f 9586 9585 9572
f 9587 9573 9574
f 9587 9586 9573
f 9588 9574 9575
f 9588 9587 9574
f 9589 9575 9576
f 9589 9588 9575
f 9590 9576 9577
f 9590 9589 9576
f 9591 9577 9578
f 9591 9590 9577
f 9592 9578 9579
f 9592 9591 9578
f 9593 9579 9580
f 9593 9592 9579
f 9594 9595 126
f 9594 126 219
f 9596 219 1831
f 9596 9594 219
f 9597 1831 1838
f 9597 9596 1831
f 1839 9597 1838
f 9598 9597 1839
f 1840 9598 1839
f 9599 9598 1840
f 1841 9599 1840
f 9600 9599 1841
f 1842 9600 1841
f 9601 9600 1842
f 1843 9601 1842
f 9602 9601 1843
f 1847 9602 1843
f 9603 9602 1847
f 1848 9603 1847
f 9604 9603 1848
f 1849 9604 1848
f 9605 9604 1849
f 345 9605 1849
f 9606 9605 345
f 9595 9607 127
f 9595 127 126
f 127 9608 222
f 9607 9608 127
f 222 9609 1873
f 9608 9609 222
f 1873 9610 1874
f 9609 9610 1873
f 9610 1875 1874
f 9610 9611 1875
f 9611 1876 1875
f 9611 9612 1876
f 9612 1877 1876
f 9612 9613 1877
f 9613 1878 1877
f 9613 9614 1878
f 9614 1879 1878
f 9614 9615 1879
f 9615 1884 1879
f 9615 9616 1884
f 9616 1885 1884
f 9616 9617 1885
f 9617 1886 1885
f 9617 9618 1886
f 9618 344 1886
f 9618 9619 344
f 9619 9606 345
f 9619 345 344
f 9608 9607 9595
f 9608 9595 9594
f 9609 9594 9596
f 9609 9608 9594
f 9610 9596 9597
f 9610 9609 9596
f 9611 9597 9598
f 9611 9610 9597
f 9612 9598 9599
f 9612 9611 9598
f 9613 9599 9600
f 9613 9612 9599
f 9614 9600 9601
f 9614 9613 9600
f 9615 9601 9602
f 9615 9614 9601
f 9616 9602 9603
f 9616 9615 9602
f 9617 9603 9604
f 9617 9616 9603
f 9618 9604 9605
f 9618 9617 9604
f 9619 9605 9606
f 9619 9618 9605
f 9620 9621 123
f 9620 123 122
f 9622 9620 122
f 9622 122 1890
f 9623 1890 1891
f 9623 9622 1890
f 9624 1891 1893
f 9624 9623 1891
f 9625 1893 1895
f 9625 9624 1893
f 9626 1895 1897
f 9626 9625 1895
f 9627 1897 1899
f 9627 9626 1897
f 9628 1899 1901
f 9628 9627 1899
f 9629 1901 1903
f 9629 9628 1901
f 9630 1903 1905
f 9630 9629 1903
f 9631 1905 1907
f 9631 9630 1905
f 9632 1907 1909
f 9632 9631 1907
f 9633 1909 335
f 9633 9632 1909
f 9634 335 408
f 9634 9633 335
f 9635 9634 408
f 9635 408 430
f 9636 430 452
f 9636 9635 430
f 9637 9636 452
f 9637 452 474
f 9638 9637 474
f 9638 474 496
f 9639 496 518
f 9639 9638 496
f 9640 518 540
f 9640 9639 518
f 9641 540 562
f 9641 9640 540
f 9642 562 584
f 9642 9641 562
f 605 9642 584
f 9643 9642 605
f 9644 9643 605
f 9644 605 607
f 9621 9645 123
f 123 9645 1810
f 1810 9646 1812
f 9645 9646 1810
f 1812 9647 1814
f 9646 9647 1812
f 1814 9648 1816
f 9647 9648 1814
f 1816 9649 1818
f 9648 9649 1816
f 1818 9650 1820
f 9649 9650 1818
f 1820 9651 1822
f 9650 9651 1820
f 1822 9652 1824
f 9651 9652 1822
f 1824 9653 1826
f 9652 9653 1824
f 1826 9654 1828
f 9653 9654 1826
f 1828 9655 1829
f 9654 9655 1828
f 1829 9656 340
f 9655 9656 1829
f 340 9657 411
f 9656 9657 340
f 411 9658 432
f 9657 9658 411
f 9658 9659 432
f 432 9659 454
f 9659 9660 454
f 454 9660 477
f 9660 9661 477
f 477 9661 498
f 9661 9662 498
f 498 9662 521
f 9662 9663 521
f 521 9663 543
f 9663 9664 543
f 543 9664 564
f 9664 9665 564
f 564 9665 587
f 9665 9644 587
f 587 9644 607
f 9645 9621 9620
f 9645 9620 9622
f 9646 9622 9623
f 9646 9645 9622
f 9647 9623 9624
f 9647 9646 9623
f 9648 9624 9625
f 9648 9647 9624
f 9649 9625 9626
f 9649 9648 9625
f 9650 9626 9627
f 9650 9649 9626
f 9651 9627 9628
f 9651 9650 9627
f 9652 9628 9629
f 9652 9651 9628
f 9653 9629 9630
f 9653 9652 9629
f 9654 9630 9631
f 9654 9653 9630
f 9655 9631 9632
f 9655 9654 9631
f 9656 9632 9633
f 9656 9633 9634
f 9656 9655 9632
f 9657 9656 9634
f 9658 9657 9634
f 9658 9634 9635
f 9659 9658 9635
f 9659 9635 9636
f 9660 9659 9636
f 9660 9636 9637
f 9661 9660 9637
f 9661 9637 9638
f 9661 9638 9639
f 9662 9661 9639
f 9663 9662 9639
f 9663 9639 9640
f 9664 9663 9640
f 9664 9640 9641
f 9665 9664 9641
f 9665 9641 9642
f 9644 9665 9642
f 9644 9642 9643
f 9666 9667 113
f 9666 113 206
f 9668 206 1911
f 9668 9666 206
f 9669 1911 1913
f 9669 9668 1911
f 1915 9669 1913
f 9670 9669 1915
f 1917 9670 1915
f 9671 9670 1917
f 1919 9671 1917
f 9672 9671 1919
f 1921 9672 1919
f 9673 9672 1921
f 1923 9673 1921
f 9674 9673 1923
f 1925 9674 1923
f 9675 9674 1925
f 1927 9675 1925
f 9676 9675 1927
f 1929 9676 1927
f 9677 9676 1929
f 332 9677 1929
f 9678 9677 332
f 9667 9679 115
f 9667 115 113
f 115 9680 210
f 9679 9680 115
f 210 9681 1932
f 9680 9681 210
f 1932 9682 1934
f 9681 9682 1932
f 9682 1935 1934
f 9682 9683 1935
f 9683 1936 1935
f 9683 9684 1936
f 9684 1937 1936
f 9684 9685 1937
f 9685 1938 1937
f 9685 9686 1938
f 9686 1939 1938
f 9686 9687 1939
f 9687 1946 1939
f 9687 9688 1946
f 9688 1947 1946
f 9688 9689 1947
f 9689 1948 1947
f 9689 9690 1948
f 9690 331 1948
f 9690 9691 331
f 9691 9678 332
f 9691 332 331
f 9680 9679 9667
f 9680 9667 9666
f 9681 9666 9668
f 9681 9680 9666
f 9682 9668 9669
f 9682 9681 9668
f 9683 9669 9670
f 9683 9682 9669
f 9684 9670 9671
f 9684 9683 9670
f 9685 9671 9672
f 9685 9684 9671
f 9686 9672 9673
f 9686 9685 9672
f 9687 9673 9674
f 9687 9686 9673
f 9688 9674 9675
f 9688 9687 9674
f 9689 9675 9676
f 9689 9676 9677
f 9689 9688 9675
f 9690 9689 9677
f 9691 9677 9678
f 9691 9690 9677
f 9692 9693 120
f 9692 120 216
f 9694 216 1952
f 9694 9692 216
f 9695 1952 1954
f 9695 9694 1952
f 1956 9695 1954
f 9696 9695 1956
f 1958 9696 1956
f 9697 9696 1958
f 1960 9697 1958
f 9698 9697 1960
f 1962 9698 1960
f 9699 9698 1962
f 1964 9699 1962
f 9700 9699 1964
f 1966 9700 1964
f 9701 9700 1966
f 1968 9701 1966
f 9702 9701 1968
f 1970 9702 1968
f 9703 9702 1970
f 338 9703 1970
f 9704 9703 338
f 9693 9705 121
f 9693 121 120
f 121 9706 217
f 9705 9706 121
f 217 9707 1892
f 9706 9707 217
f 1892 9708 1894
f 9707 9708 1892
f 9708 1896 1894
f 9708 9709 1896
f 9709 1898 1896
f 9709 9710 1898
f 9710 1900 1898
f 9710 9711 1900
f 9711 1902 1900
f 9711 9712 1902
f 9712 1904 1902
f 9712 9713 1904
f 9713 1906 1904
f 9713 9714 1906
f 9714 1908 1906
f 9714 9715 1908
f 9715 1910 1908
f 9715 9716 1910
f 9716 339 1910
f 9716 9717 339
f 9717 9704 338
f 9717 338 339
f 9706 9705 9693
f 9706 9693 9692
f 9707 9692 9694
f 9707 9706 9692
f 9708 9694 9695
f 9708 9707 9694
f 9709 9695 9696
f 9709 9708 9695
f 9710 9696 9697
f 9710 9709 9696
f 9711 9697 9698
f 9711 9710 9697
f 9712 9698 9699
f 9712 9711 9698
f 9713 9699 9700
f 9713 9712 9699
f 9714 9700 9701
f 9714 9713 9700
f 9715 9701 9702
f 9715 9702 9703
f 9715 9714 9701
f 9716 9715 9703
f 9717 9703 9704
f 9717 9716 9703
f 9718 9719 118
f 9718 118 213
f 9720 213 1972
f 9720 9718 213
f 9721 1972 1973
f 9721 9720 1972
f 1974 9721 1973
f 9722 9721 1974
f 1982 9722 1974
f 9723 9722 1982
f 1983 9723 1982
f 9724 9723 1983
f 1984 9724 1983
f 9725 9724 1984
f 1985 9725 1984
f 9726 9725 1985
f 1989 9726 1985
f 9727 9726 1989
f 1990 9727 1989
f 9728 9727 1990
f 1991 9728 1990
f 9729 9728 1991
f 337 9729 1991
f 9730 9729 337
f 9719 9731 119
f 9719 119 118
f 119 9732 215
f 9731 9732 119
f 215 9733 1953
f 9732 9733 215
f 1953 9734 1955
f 9733 9734 1953
f 9734 1957 1955
f 9734 9735 1957
f 9735 1959 1957
f 9735 9736 1959
f 9736 1961 1959
f 9736 9737 1961
f 9737 1963 1961
f 9737 9738 1963
f 9738 1965 1963
f 9738 9739 1965
f 9739 1967 1965
f 9739 9740 1967
f 9740 1969 1967
f 9740 9741 1969
f 9741 1971 1969
f 9741 9742 1971
f 9742 336 1971
f 9742 9743 336
f 9743 9730 337
f 9743 337 336
f 9732 9731 9719
f 9732 9719 9718
f 9733 9718 9720
f 9733 9732 9718
f 9734 9720 9721
f 9734 9733 9720
f 9735 9721 9722
f 9735 9734 9721
f 9736 9722 9723
f 9736 9735 9722
f 9737 9723 9724
f 9737 9736 9723
f 9738 9724 9725
f 9738 9737 9724
f 9739 9725 9726
f 9739 9738 9725
f 9740 9726 9727
f 9740 9739 9726
f 9741 9727 9728
f 9741 9740 9727
f 9742 9728 9729
f 9742 9741 9728
f 9743 9729 9730
f 9743 9742 9729
f 9744 9745 116
f 9744 116 209
f 9746 209 1933
f 9746 9744 209
f 9747 1933 1940
f 9747 9746 1933
f 1941 9747 1940
f 9748 9747 1941
f 1942 9748 1941
f 9749 9748 1942
f 1943 9749 1942
f 9750 9749 1943
f 1944 9750 1943
f 9751 9750 1944
f 1945 9751 1944
f 9752 9751 1945
f 1949 9752 1945
f 9753 9752 1949
f 1950 9753 1949
f 9754 9753 1950
f 1951 9754 1950
f 9755 9754 1951
f 330 9755 1951
f 9756 9755 330
f 9745 9757 117
f 9745 117 116
f 117 9758 214
f 9757 9758 117
f 214 9759 1975
f 9758 9759 214
f 1975 9760 1976
f 9759 9760 1975
f 9760 1977 1976
f 9760 9761 1977
f 9761 1978 1977
f 9761 9762 1978
f 9762 1979 1978
f 9762 9763 1979
f 9763 1980 1979
f 9763 9764 1980
f 9764 1981 1980
f 9764 9765 1981
f 9765 1986 1981
f 9765 9766 1986
f 9766 1987 1986
f 9766 9767 1987
f 9767 1988 1987
f 9767 9768 1988
f 9768 329 1988
f 9768 9769 329
f 9769 9756 330
f 9769 330 329
f 9758 9757 9745
f 9758 9745 9744
f 9759 9744 9746
f 9759 9758 9744
f 9760 9746 9747
f 9760 9759 9746
f 9761 9747 9748
f 9761 9760 9747
f 9762 9748 9749
f 9762 9761 9748
f 9763 9749 9750
f 9763 9762 9749
f 9764 9750 9751
f 9764 9763 9750
f 9765 9751 9752
f 9765 9764 9751
f 9766 9752 9753
f 9766 9765 9752
f 9767 9753 9754
f 9767 9766 9753
f 9768 9754 9755
f 9768 9767 9754
f 9769 9755 9756
f 9769 9768 9755
f 9770 9771 112
f 9770 112 111
f 9772 9770 111
f 9772 111 1992
f 9773 1992 1993
f 9773 9772 1992
f 9774 1993 1995
f 9774 9773 1993
f 9775 1995 1997
f 9775 9774 1995
f 9776 1997 1999
f 9776 9775 1997
f 9777 1999 2001
f 9777 9776 1999
f 9778 2001 2003
f 9778 9777 2001
f 9779 2003 2005
f 9779 9778 2003
f 9780 2005 2007
f 9780 9779 2005
f 9781 2007 2009
f 9781 9780 2007
f 9782 2009 2011
f 9782 9781 2009
f 9783 2011 323
f 9783 9782 2011
f 9784 323 401
f 9784 9783 323
f 9785 9784 401
f 9785 401 426
f 9786 426 449
f 9786 9785 426
f 9787 9786 449
f 9787 449 471
f 9788 9787 471
f 9788 471 492
f 9789 492 515
f 9789 9788 492
f 9790 515 536
f 9790 9789 515
f 9791 536 558
f 9791 9790 536
f 9792 558 581
f 9792 9791 558
f 601 9792 581
f 9793 9792 601
f 9794 9793 601
f 9794 601 606
f 9771 9795 112
f 112 9795 1912
f 1912 9796 1914
f 9795 9796 1912
f 1914 9797 1916
f 9796 9797 1914
f 1916 9798 1918
f 9797 9798 1916
f 1918 9799 1920
f 9798 9799 1918
f 1920 9800 1922
f 9799 9800 1920
f 1922 9801 1924
f 9800 9801 1922
f 1924 9802 1926
f 9801 9802 1924
f 1926 9803 1928
f 9802 9803 1926
f 1928 9804 1930
f 9803 9804 1928
f 1930 9805 1931
f 9804 9805 1930
f 1931 9806 328
f 9805 9806 1931
f 328 9807 409
f 9806 9807 328
f 409 9808 431
f 9807 9808 409
f 9808 9809 431
f 431 9809 453
f 9809 9810 453
f 453 9810 475
f 9810 9811 475
f 475 9811 497
f 9811 9812 497
f 497 9812 519
f 9812 9813 519
f 519 9813 541
f 9813 9814 541
f 541 9814 563
f 9814 9815 563
f 563 9815 585
f 9815 9794 585
f 585 9794 606
f 9795 9771 9770
f 9795 9770 9772
f 9796 9772 9773
f 9796 9795 9772
f 9797 9773 9774
f 9797 9796 9773
f 9798 9774 9775
f 9798 9797 9774
f 9799 9775 9776
f 9799 9798 9775
f 9800 9776 9777
f 9800 9799 9776
f 9801 9777 9778
f 9801 9800 9777
f 9802 9778 9779
f 9802 9801 9778
f 9803 9779 9780
f 9803 9802 9779
f 9804 9780 9781
f 9804 9803 9780
f 9805 9781 9782
f 9805 9804 9781
f 9806 9782 9783
f 9806 9783 9784
f 9806 9805 9782
f 9807 9806 9784
f 9808 9807 9784
f 9808 9784 9785
f 9809 9808 9785
f 9809 9785 9786
f 9810 9809 9786
f 9810 9786 9787
f 9811 9810 9787
f 9811 9787 9788
f 9811 9788 9789
f 9812 9811 9789
f 9813 9812 9789
f 9813 9789 9790
f 9814 9813 9790
f 9814 9790 9791
f 9815 9814 9791
f 9815 9791 9792
f 9794 9815 9792
f 9794 9792 9793
f 9816 9817 103
f 9816 103 188
f 9818 188 2013
f 9818 9816 188
f 9819 2013 2015
f 9819 9818 2013
f 2017 9819 2015
f 9820 9819 2017
f 2019 9820 2017
f 9821 9820 2019
f 2021 9821 2019
f 9822 9821 2021
f 2023 9822 2021
f 9823 9822 2023
f 2025 9823 2023
f 9824 9823 2025
f 2027 9824 2025
f 9825 9824 2027
f 2029 9825 2027
f 9826 9825 2029
f 2031 9826 2029
f 9827 9826 2031
f 320 9827 2031
f 9828 9827 320
f 9817 9829 104
f 9817 104 103
f 104 9830 192
f 9829 9830 104
f 192 9831 2034
f 9830 9831 192
f 2034 9832 2036
f 9831 9832 2034
f 9832 2037 2036
f 9832 9833 2037
f 9833 2038 2037
f 9833 9834 2038
f 9834 2039 2038
f 9834 9835 2039
f 9835 2040 2039
f 9835 9836 2040
f 9836 2041 2040
f 9836 9837 2041
f 9837 2048 2041
f 9837 9838 2048
f 9838 2049 2048
f 9838 9839 2049
f 9839 2050 2049
f 9839 9840 2050
f 9840 319 2050
f 9840 9841 319
f 9841 9828 320
f 9841 320 319
f 9830 9829 9817
f 9830 9817 9816
f 9831 9816 9818
f 9831 9830 9816
f 9832 9818 9819
f 9832 9831 9818
f 9833 9819 9820
f 9833 9832 9819
f 9834 9820 9821
f 9834 9833 9820
f 9835 9821 9822
f 9835 9834 9821
f 9836 9822 9823
f 9836 9835 9822
f 9837 9823 9824
f 9837 9836 9823
f 9838 9824 9825
f 9838 9837 9824
f 9839 9825 9826
f 9839 9826 9827
f 9839 9838 9825
f 9840 9839 9827
f 9841 9827 9828
f 9841 9840 9827
f 9842 9843 109
f 9842 109 200
f 9844 200 2054
f 9844 9842 200
f 9845 2054 2056
f 9845 9844 2054
f 2058 9845 2056
f 9846 9845 2058
f 2060 9846 2058
f 9847 9846 2060
f 2062 9847 2060
f 9848 9847 2062
f 2064 9848 2062
f 9849 9848 2064
f 2066 9849 2064
f 9850 9849 2066
f 2068 9850 2066
f 9851 9850 2068
f 2070 9851 2068
f 9852 9851 2070
f 2072 9852 2070
f 9853 9852 2072
f 324 9853 2072
f 9854 9853 324
f 9843 9855 110
f 9843 110 109
f 110 9856 201
f 9855 9856 110
f 201 9857 1994
f 9856 9857 201
f 1994 9858 1996
f 9857 9858 1994
f 9858 1998 1996
f 9858 9859 1998
f 9859 2000 1998
f 9859 9860 2000
f 9860 2002 2000
f 9860 9861 2002
f 9861 2004 2002
f 9861 9862 2004
f 9862 2006 2004
f 9862 9863 2006
f 9863 2008 2006
f 9863 9864 2008
f 9864 2010 2008
f 9864 9865 2010
f 9865 2012 2010
f 9865 9866 2012
f 9866 326 2012
f 9866 9867 326
f 9867 9854 324
f 9867 324 326
f 9856 9855 9843
f 9856 9843 9842
f 9857 9842 9844
f 9857 9856 9842
f 9858 9844 9845
f 9858 9857 9844
f 9859 9845 9846
f 9859 9858 9845
f 9860 9846 9847
f 9860 9859 9846
f 9861 9847 9848
f 9861 9860 9847
f 9862 9848 9849
f 9862 9861 9848
f 9863 9849 9850
f 9863 9862 9849
f 9864 9850 9851
f 9864 9863 9850
f 9865 9851 9852
f 9865 9852 9853
f 9865 9864 9851
f 9866 9865 9853
f 9867 9853 9854
f 9867 9866 9853
f 9868 9869 107
f 9868 107 195
f 9870 195 2074
f 9870 9868 195
f 9871 2074 2075
f 9871 9870 2074
f 2076 9871 2075
f 9872 9871 2076
f 2084 9872 2076
f 9873 9872 2084
f 2085 9873 2084
f 9874 9873 2085
f 2086 9874 2085
f 9875 9874 2086
f 2087 9875 2086
f 9876 9875 2087
f 2091 9876 2087
f 9877 9876 2091
f 2092 9877 2091
f 9878 9877 2092
f 2093 9878 2092
f 9879 9878 2093
f 327 9879 2093
f 9880 9879 327
f 9869 9881 108
f 9869 108 107
f 108 9882 197
f 9881 9882 108
f 197 9883 2055
f 9882 9883 197
f 2055 9884 2057
f 9883 9884 2055
f 9884 2059 2057
f 9884 9885 2059
f 9885 2061 2059
f 9885 9886 2061
f 9886 2063 2061
f 9886 9887 2063
f 9887 2065 2063
f 9887 9888 2065
f 9888 2067 2065
f 9888 9889 2067
f 9889 2069 2067
f 9889 9890 2069
f 9890 2071 2069
f 9890 9891 2071
f 9891 2073 2071
f 9891 9892 2073
f 9892 325 2073
f 9892 9893 325
f 9893 9880 327
f 9893 327 325
f 9882 9881 9869
f 9882 9869 9868
f 9883 9868 9870
f 9883 9882 9868
f 9884 9870 9871
f 9884 9883 9870
f 9885 9871 9872
f 9885 9884 9871
f 9886 9872 9873
f 9886 9885 9872
f 9887 9873 9874
f 9887 9886 9873
f 9888 9874 9875
f 9888 9887 9874
f 9889 9875 9876
f 9889 9888 9875
f 9890 9876 9877
f 9890 9889 9876
f 9891 9877 9878
f 9891 9890 9877
f 9892 9878 9879
f 9892 9891 9878
f 9893 9879 9880
f 9893 9892 9879
f 9894 9895 105
f 9894 105 191
f 9896 191 2035
f 9896 9894 191
f 9897 2035 2042
f 9897 9896 2035
f 2043 9897 2042
f 9898 9897 2043
f 2044 9898 2043
f 9899 9898 2044
f 2045 9899 2044
f 9900 9899 2045
f 2046 9900 2045
f 9901 9900 2046
f 2047 9901 2046
f 9902 9901 2047
f 2051 9902 2047
f 9903 9902 2051
f 2052 9903 2051
f 9904 9903 2052
f 2053 9904 2052
f 9905 9904 2053
f 321 9905 2053
f 9906 9905 321
f 9895 9907 106
f 9895 106 105
f 106 9908 196
f 9907 9908 106
f 196 9909 2077
f 9908 9909 196
f 2077 9910 2078
f 9909 9910 2077
f 9910 2079 2078
f 9910 9911 2079
f 9911 2080 2079
f 9911 9912 2080
f 9912 2081 2080
f 9912 9913 2081
f 9913 2082 2081
f 9913 9914 2082
f 9914 2083 2082
f 9914 9915 2083
f 9915 2088 2083
f 9915 9916 2088
f 9916 2089 2088
f 9916 9917 2089
f 9917 2090 2089
f 9917 9918 2090
f 9918 322 2090
f 9918 9919 322
f 9919 9906 321
f 9919 321 322
f 9908 9907 9895
f 9908 9895 9894
f 9909 9894 9896
f 9909 9908 9894
f 9910 9896 9897
f 9910 9909 9896
f 9911 9897 9898
f 9911 9910 9897
f 9912 9898 9899
f 9912 9911 9898
f 9913 9899 9900
f 9913 9912 9899
f 9914 9900 9901
f 9914 9913 9900
f 9915 9901 9902
f 9915 9914 9901
f 9916 9902 9903
f 9916 9915 9902
f 9917 9903 9904
f 9917 9916 9903
f 9918 9904 9905
f 9918 9917 9904
f 9919 9905 9906
f 9919 9918 9905
f 9920 9921 102
f 9920 102 101
f 9922 9920 101
f 9922 101 2094
f 9923 2094 2095
f 9923 9922 2094
f 9924 2095 2097
f 9924 9923 2095
f 9925 2097 2099
f 9925 9924 2097
f 9926 2099 2101
f 9926 9925 2099
f 9927 2101 2103
f 9927 9926 2101
f 9928 2103 2105
f 9928 9927 2103
f 9929 2105 2107
f 9929 9928 2105
f 9930 2107 2109
f 9930 9929 2107
f 9931 2109 2111
f 9931 9930 2109
f 9932 2111 2113
f 9932 9931 2111
f 9933 2113 313
f 9933 9932 2113
f 9934 313 389
f 9934 9933 313
f 9935 9934 389
f 9935 389 422
f 9936 422 445
f 9936 9935 422
f 9937 9936 445
f 9937 445 466
f 9938 9937 466
f 9938 466 488
f 9939 488 510
f 9939 9938 488
f 9940 510 532
f 9940 9939 510
f 9941 532 554
f 9941 9940 532
f 9942 554 576
f 9942 9941 554
f 598 9942 576
f 9943 9942 598
f 602 9943 598
f 9944 9943 602
f 9921 9945 102
f 102 9945 2014
f 2014 9946 2016
f 9945 9946 2014
f 2016 9947 2018
f 9946 9947 2016
f 2018 9948 2020
f 9947 9948 2018
f 2020 9949 2022
f 9948 9949 2020
f 2022 9950 2024
f 9949 9950 2022
f 2024 9951 2026
f 9950 9951 2024
f 2026 9952 2028
f 9951 9952 2026
f 2028 9953 2030
f 9952 9953 2028
f 2030 9954 2032
f 9953 9954 2030
f 2032 9955 2033
f 9954 9955 2032
f 2033 9956 318
f 9955 9956 2033
f 318 9957 402
f 9956 9957 318
f 402 9958 427
f 9957 9958 402
f 9958 9959 427
f 427 9959 450
f 9959 9960 450
f 450 9960 472
f 9960 9961 472
f 472 9961 493
f 9961 9962 493
f 493 9962 516
f 9962 9963 516
f 516 9963 537
f 9963 9964 537
f 537 9964 559
f 9964 9965 559
f 559 9965 582
f 9965 9944 582
f 582 9944 602
f 9945 9921 9920
f 9945 9920 9922
f 9946 9922 9923
f 9946 9945 9922
f 9947 9923 9924
f 9947 9946 9923
f 9948 9924 9925
f 9948 9947 9924
f 9949 9925 9926
f 9949 9948 9925
f 9950 9926 9927
f 9950 9949 9926
f 9951 9927 9928
f 9951 9950 9927
f 9952 9928 9929
f 9952 9951 9928
f 9953 9929 9930
f 9953 9952 9929
f 9954 9930 9931
f 9954 9953 9930
f 9955 9931 9932
f 9955 9954 9931
f 9956 9932 9933
f 9956 9933 9934
f 9956 9955 9932
f 9957 9956 9934
f 9958 9957 9934
f 9958 9934 9935
f 9959 9958 9935
f 9959 9935 9936
f 9960 9959 9936
f 9960 9936 9937
f 9961 9960 9937
f 9961 9937 9938
f 9961 9938 9939
f 9962 9961 9939
f 9963 9962 9939
f 9963 9939 9940
f 9964 9963 9940
f 9964 9940 9941
f 9965 9964 9941
f 9965 9941 9942
f 9944 9965 9942
f 9944 9942 9943
f 9966 9967 93
f 9966 93 170
f 9968 170 2115
f 9968 9966 170
f 9969 2115 2117
f 9969 9968 2115
f 2119 9969 2117
f 9970 9969 2119
f 2121 9970 2119
f 9971 9970 2121
f 2123 9971 2121
f 9972 9971 2123
f 2125 9972 2123
f 9973 9972 2125
f 2127 9973 2125
f 9974 9973 2127
f 2129 9974 2127
f 9975 9974 2129
f 2131 9975 2129
f 9976 9975 2131
f 2133 9976 2131
f 9977 9976 2133
f 312 9977 2133
f 9978 9977 312
f 9967 9979 94
f 9967 94 93
f 94 9980 174
f 9979 9980 94
f 174 9981 2136
f 9980 9981 174
f 2136 9982 2138
f 9981 9982 2136
f 9982 2139 2138
f 9982 9983 2139
f 9983 2142 2139
f 9983 9984 2142
f 9984 2143 2142
f 9984 9985 2143
f 9985 2144 2143
f 9985 9986 2144
f 9986 2145 2144
f 9986 9987 2145
f 9987 2150 2145
f 9987 9988 2150
f 9988 2151 2150
f 9988 9989 2151
f 9989 2152 2151
f 9989 9990 2152
f 9990 311 2152
f 9990 9991 311
f 9991 9978 312
f 9991 312 311
f 9980 9979 9967
f 9980 9967 9966
f 9981 9966 9968
f 9981 9980 9966
f 9982 9968 9969
f 9982 9981 9968
f 9983 9969 9970
f 9983 9982 9969
f 9984 9970 9971
f 9984 9983 9970
f 9985 9971 9972
f 9985 9984 9971
f 9986 9972 9973
f 9986 9985 9972
f 9987 9973 9974
f 9987 9986 9973
f 9988 9974 9975
f 9988 9987 9974
f 9989 9975 9976
f 9989 9988 9975
f 9990 9976 9977
f 9990 9989 9976
f 9991 9977 9978
f 9991 9990 9977
f 9992 9993 99
f 9992 99 181
f 9994 181 2156
f 9994 9992 181
f 9995 2156 2158
f 9995 9994 2156
f 2160 9995 2158
f 9996 9995 2160
f 2162 9996 2160
f 9997 9996 2162
f 2164 9997 2162
f 9998 9997 2164
f 2166 9998 2164
f 9999 9998 2166
f 2168 9999 2166
f 10000 9999 2168
f 2170 10000 2168
f 10001 10000 2170
f 2172 10001 2170
f 10002 10001 2172
f 2174 10002 2172
f 10003 10002 2174
f 316 10003 2174
f 10004 10003 316
f 9993 10005 100
f 9993 100 99
f 100 10006 183
f 10005 10006 100
f 183 10007 2096
f 10006 10007 183
f 2096 10008 2098
f 10007 10008 2096
f 10008 2100 2098
f 10008 10009 2100
f 10009 2102 2100
f 10009 10010 2102
f 10010 2104 2102
f 10010 10011 2104
f 10011 2106 2104
f 10011 10012 2106
f 10012 2108 2106
f 10012 10013 2108
f 10013 2110 2108
f 10013 10014 2110
f 10014 2112 2110
f 10014 10015 2112
f 10015 2114 2112
f 10015 10016 2114
f 10016 317 2114
f 10016 10017 317
f 10017 10004 316
f 10017 316 317
f 10006 10005 9993
f 10006 9993 9992
f 10007 9992 9994
f 10007 10006 9992
f 10008 9994 9995
f 10008 10007 9994
f 10009 9995 9996
f 10009 10008 9995
f 10010 9996 9997
f 10010 10009 9996
f 10011 9997 9998
f 10011 10010 9997
f 10012 9998 9999
f 10012 10011 9998
f 10013 9999 10000
f 10013 10012 9999
f 10014 10000 10001
f 10014 10013 10000
f 10015 10001 10002
f 10015 10002 10003
f 10015 10014 10001
f 10016 10015 10003
f 10017 10003 10004
f 10017 10016 10003
f 10018 10019 97
f 10018 97 177
f 10020 177 2176
f 10020 10018 177
f 10021 2176 2177
f 10021 10020 2176
f 2178 10021 2177
f 10022 10021 2178
f 2186 10022 2178
f 10023 10022 2186
f 2187 10023 2186
f 10024 10023 2187
f 2188 10024 2187
f 10025 10024 2188
f 2189 10025 2188
f 10026 10025 2189
f 2193 10026 2189
f 10027 10026 2193
f 2194 10027 2193
f 10028 10027 2194
f 2195 10028 2194
f 10029 10028 2195
f 315 10029 2195
f 10030 10029 315
f 10019 10031 98
f 10019 98 97
f 98 10032 182
f 10031 10032 98
f 182 10033 2157
f 10032 10033 182
f 2157 10034 2159
f 10033 10034 2157
f 10034 2161 2159
f 10034 10035 2161
f 10035 2163 2161
f 10035 10036 2163
f 10036 2165 2163
f 10036 10037 2165
f 10037 2167 2165
f 10037 10038 2167
f 10038 2169 2167
f 10038 10039 2169
f 10039 2171 2169
f 10039 10040 2171
f 10040 2173 2171
f 10040 10041 2173
f 10041 2175 2173
f 10041 10042 2175
f 10042 314 2175
f 10042 10043 314
f 10043 10030 315
f 10043 315 314
f 10032 10031 10019
f 10032 10019 10018
f 10033 10018 10020
f 10033 10032 10018
f 10034 10020 10021
f 10034 10033 10020
f 10035 10021 10022
f 10035 10034 10021
f 10036 10022 10023
f 10036 10035 10022
f 10037 10023 10024
f 10037 10036 10023
f 10038 10024 10025
f 10038 10037 10024
f 10039 10025 10026
f 10039 10038 10025
f 10040 10026 10027
f 10040 10039 10026
f 10041 10027 10028
f 10041 10040 10027
f 10042 10028 10029
f 10042 10041 10028
f 10043 10029 10030
f 10043 10042 10029
f 10044 10045 95
f 10044 95 173
f 10046 173 2137
f 10046 10044 173
f 10047 2137 2140
f 10047 10046 2137
f 2141 10047 2140
f 10048 10047 2141
f 2146 10048 2141
f 10049 10048 2146
f 2147 10049 2146
f 10050 10049 2147
f 2148 10050 2147
f 10051 10050 2148
f 2149 10051 2148
f 10052 10051 2149
f 2153 10052 2149
f 10053 10052 2153
f 2154 10053 2153
f 10054 10053 2154
f 2155 10054 2154
f 10055 10054 2155
f 310 10055 2155
f 10056 10055 310
f 10045 10057 96
f 10045 96 95
f 96 10058 178
f 10057 10058 96
f 178 10059 2179
f 10058 10059 178
f 2179 10060 2180
f 10059 10060 2179
f 10060 2181 2180
f 10060 10061 2181
f 10061 2182 2181
f 10061 10062 2182
f 10062 2183 2182
f 10062 10063 2183
f 10063 2184 2183
f 10063 10064 2184
f 10064 2185 2184
f 10064 10065 2185
f 10065 2190 2185
f 10065 10066 2190
f 10066 2191 2190
f 10066 10067 2191
f 10067 2192 2191
f 10067 10068 2192
f 10068 309 2192
f 10068 10069 309
f 10069 10056 310
f 10069 310 309
f 10058 10057 10045
f 10058 10045 10044
f 10059 10044 10046
f 10059 10058 10044
f 10060 10046 10047
f 10060 10059 10046
f 10061 10047 10048
f 10061 10060 10047
f 10062 10048 10049
f 10062 10061 10048
f 10063 10049 10050
f 10063 10062 10049
f 10064 10050 10051
f 10064 10063 10050
f 10065 10051 10052
f 10065 10064 10051
f 10066 10052 10053
f 10066 10065 10052
f 10067 10053 10054
f 10067 10066 10053
f 10068 10054 10055
f 10068 10067 10054
f 10069 10055 10056
f 10069 10068 10055
f 91 10070 92
f 10071 10070 91
f 10072 10071 91
f 10072 91 2196
f 10073 2196 2197
f 10073 10072 2196
f 10074 2197 2199
f 10074 10073 2197
f 10075 2199 2201
f 10075 10074 2199
f 10076 2201 2203
f 10076 10075 2201
f 10077 2203 2205
f 10077 10076 2203
f 10078 2205 2207
f 10078 10077 2205
f 10079 2207 2209
f 10079 10078 2207
f 10080 2209 2211
f 10080 10079 2209
f 10081 2211 2213
f 10081 10080 2211
f 10082 2213 2215
f 10082 10081 2213
f 10083 2215 303
f 10083 10082 2215
f 10084 303 377
f 10084 10083 303
f 10085 10084 377
f 10085 377 418
f 10086 418 440
f 10086 10085 418
f 10087 10086 440
f 10087 440 462
f 10088 10087 462
f 10088 462 483
f 10089 483 505
f 10089 10088 483
f 10090 505 527
f 10090 10089 505
f 10091 527 549
f 10091 10090 527
f 10092 549 572
f 10092 10091 549
f 593 10092 572
f 10093 10092 593
f 10094 10093 593
f 10094 593 599
f 10070 10095 92
f 92 10095 2116
f 2116 10096 2118
f 10095 10096 2116
f 2118 10097 2120
f 10096 10097 2118
f 2120 10098 2122
f 10097 10098 2120
f 2122 10099 2124
f 10098 10099 2122
f 2124 10100 2126
f 10099 10100 2124
f 2126 10101 2128
f 10100 10101 2126
f 2128 10102 2130
f 10101 10102 2128
f 2130 10103 2132
f 10102 10103 2130
f 2132 10104 2134
f 10103 10104 2132
f 2134 10105 2135
f 10104 10105 2134
f 2135 10106 308
f 10105 10106 2135
f 308 10107 390
f 10106 10107 308
f 390 10108 423
f 10107 10108 390
f 10108 10109 423
f 423 10109 446
f 10109 10110 446
f 446 10110 467
f 10110 10111 467
f 467 10111 489
f 10111 10112 489
f 489 10112 511
f 10112 10113 511
f 511 10113 533
f 10113 10114 533
f 533 10114 551
f 10114 10115 551
f 551 10115 577
f 10115 10094 577
f 577 10094 599
f 10095 10070 10071
f 10095 10071 10072
f 10096 10072 10073
f 10096 10095 10072
f 10097 10073 10074
f 10097 10096 10073
f 10098 10074 10075
f 10098 10097 10074
f 10099 10075 10076
f 10099 10098 10075
f 10100 10076 10077
f 10100 10099 10076
f 10101 10077 10078
f 10101 10100 10077
f 10102 10078 10079
f 10102 10101 10078
f 10103 10079 10080
f 10103 10102 10079
f 10104 10080 10081
f 10104 10103 10080
f 10105 10081 10082
f 10105 10104 10081
f 10106 10082 10083
f 10106 10083 10084
f 10106 10105 10082
f 10107 10106 10084
f 10108 10107 10084
f 10108 10084 10085
f 10109 10108 10085
f 10109 10085 10086
f 10110 10109 10086
f 10110 10086 10087
f 10111 10110 10087
f 10111 10087 10088
f 10111 10088 10089
f 10112 10111 10089
f 10113 10112 10089
f 10113 10089 10090
f 10114 10113 10090
f 10114 10090 10091
f 10115 10114 10091
f 10115 10091 10092
f 10094 10115 10092
f 10094 10092 10093
f 10116 10117 83
f 10116 83 152
f 10118 152 2217
f 10118 10116 152
f 10119 2217 2219
f 10119 10118 2217
f 2221 10119 2219
f 10120 10119 2221
f 2223 10120 2221
f 10121 10120 2223
f 2225 10121 2223
f 10122 10121 2225
f 2227 10122 2225
f 10123 10122 2227
f 2229 10123 2227
f 10124 10123 2229
f 2231 10124 2229
f 10125 10124 2231
f 2233 10125 2231
f 10126 10125 2233
f 2235 10126 2233
f 10127 10126 2235
f 302 10127 2235
f 10128 10127 302
f 10117 10129 84
f 10117 84 83
f 84 10130 156
f 10129 10130 84
f 156 10131 2238
f 10130 10131 156
f 2238 10132 2240
f 10131 10132 2238
f 10132 2241 2240
f 10132 10133 2241
f 10133 2244 2241
f 10133 10134 2244
f 10134 2245 2244
f 10134 10135 2245
f 10135 2246 2245
f 10135 10136 2246
f 10136 2247 2246
f 10136 10137 2247
f 10137 2252 2247
f 10137 10138 2252
f 10138 2253 2252
f 10138 10139 2253
f 10139 2254 2253
f 10139 10140 2254
f 10140 300 2254
f 10140 10141 300
f 10141 10128 302
f 10141 302 300
f 10130 10129 10117
f 10130 10117 10116
f 10131 10116 10118
f 10131 10130 10116
f 10132 10118 10119
f 10132 10131 10118
f 10133 10119 10120
f 10133 10132 10119
f 10134 10120 10121
f 10134 10133 10120
f 10135 10121 10122
f 10135 10134 10121
f 10136 10122 10123
f 10136 10135 10122
f 10137 10123 10124
f 10137 10136 10123
f 10138 10124 10125
f 10138 10137 10124
f 10139 10125 10126
f 10139 10138 10125
f 10140 10126 10127
f 10140 10139 10126
f 10141 10127 10128
f 10141 10140 10127
f 10142 10143 89
f 10142 89 163
f 10144 163 2258
f 10144 10142 163
f 10145 2258 2260
f 10145 10144 2258
f 2262 10145 2260
f 10146 10145 2262
f 2264 10146 2262
f 10147 10146 2264
f 2266 10147 2264
f 10148 10147 2266
f 2268 10148 2266
f 10149 10148 2268
f 2270 10149 2268
f 10150 10149 2270
f 2272 10150 2270
f 10151 10150 2272
f 2274 10151 2272
f 10152 10151 2274
f 2276 10152 2274
f 10153 10152 2276
f 304 10153 2276
f 10154 10153 304
f 10143 10155 90
f 10143 90 89
f 90 10156 165
f 10155 10156 90
f 165 10157 2198
f 10156 10157 165
f 2198 10158 2200
f 10157 10158 2198
f 10158 2202 2200
f 10158 10159 2202
f 10159 2204 2202
f 10159 10160 2204
f 10160 2206 2204
f 10160 10161 2206
f 10161 2208 2206
f 10161 10162 2208
f 10162 2210 2208
f 10162 10163 2210
f 10163 2212 2210
f 10163 10164 2212
f 10164 2214 2212
f 10164 10165 2214
f 10165 2216 2214
f 10165 10166 2216
f 10166 306 2216
f 10166 10167 306
f 10167 10154 304
f 10167 304 306
f 10156 10155 10143
f 10156 10143 10142
f 10157 10142 10144
f 10157 10156 10142
f 10158 10144 10145
f 10158 10157 10144
f 10159 10145 10146
f 10159 10158 10145
f 10160 10146 10147
f 10160 10159 10146
f 10161 10147 10148
f 10161 10160 10147
f 10162 10148 10149
f 10162 10161 10148
f 10163 10149 10150
f 10163 10162 10149
f 10164 10150 10151
f 10164 10163 10150
f 10165 10151 10152
f 10165 10164 10151
f 10166 10152 10153
f 10166 10165 10152
f 10167 10153 10154
f 10167 10166 10153
f 10168 10169 87
f 10168 87 159
f 10170 159 2278
f 10170 10168 159
f 10171 2278 2279
f 10171 10170 2278
f 2280 10171 2279
f 10172 10171 2280
f 2288 10172 2280
f 10173 10172 2288
f 2289 10173 2288
f 10174 10173 2289
f 2290 10174 2289
f 10175 10174 2290
f 2291 10175 2290
f 10176 10175 2291
f 2295 10176 2291
f 10177 10176 2295
f 2296 10177 2295
f 10178 10177 2296
f 2297 10178 2296
f 10179 10178 2297
f 307 10179 2297
f 10180 10179 307
f 10169 10181 88
f 10169 88 87
f 88 10182 164
f 10181 10182 88
f 164 10183 2259
f 10182 10183 164
f 2259 10184 2261
f 10183 10184 2259
f 10184 2263 2261
f 10184 10185 2263
f 10185 2265 2263
f 10185 10186 2265
f 10186 2267 2265
f 10186 10187 2267
f 10187 2269 2267
f 10187 10188 2269
f 10188 2271 2269
f 10188 10189 2271
f 10189 2273 2271
f 10189 10190 2273
f 10190 2275 2273
f 10190 10191 2275
f 10191 2277 2275
f 10191 10192 2277
f 10192 305 2277
f 10192 10193 305
f 10193 10180 307
f 10193 307 305
f 10182 10181 10169
f 10182 10169 10168
f 10183 10168 10170
f 10183 10182 10168
f 10184 10170 10171
f 10184 10183 10170
f 10185 10171 10172
f 10185 10184 10171
f 10186 10172 10173
f 10186 10185 10172
f 10187 10173 10174
f 10187 10186 10173
f 10188 10174 10175
f 10188 10187 10174
f 10189 10175 10176
f 10189 10188 10175
f 10190 10176 10177
f 10190 10189 10176
f 10191 10177 10178
f 10191 10190 10177
f 10192 10178 10179
f 10192 10191 10178
f 10193 10179 10180
f 10193 10192 10179
f 10194 10195 85
f 10194 85 155
f 10196 155 2239
f 10196 10194 155
f 10197 2239 2242
f 10197 10196 2239
f 2243 10197 2242
f 10198 10197 2243
f 2248 10198 2243
f 10199 10198 2248
f 2249 10199 2248
f 10200 10199 2249
f 2250 10200 2249
f 10201 10200 2250
f 2251 10201 2250
f 10202 10201 2251
f 2255 10202 2251
f 10203 10202 2255
f 2256 10203 2255
f 10204 10203 2256
f 2257 10204 2256
f 10205 10204 2257
f 299 10205 2257
f 10206 10205 299
f 10195 10207 86
f 10195 86 85
f 86 10208 160
f 10207 10208 86
f 160 10209 2281
f 10208 10209 160
f 2281 10210 2282
f 10209 10210 2281
f 10210 2283 2282
f 10210 10211 2283
f 10211 2284 2283
f 10211 10212 2284
f 10212 2285 2284
f 10212 10213 2285
f 10213 2286 2285
f 10213 10214 2286
f 10214 2287 2286
f 10214 10215 2287
f 10215 2292 2287
f 10215 10216 2292
f 10216 2293 2292
f 10216 10217 2293
f 10217 2294 2293
f 10217 10218 2294
f 10218 301 2294
f 10218 10219 301
f 10219 10206 299
f 10219 299 301
f 10208 10207 10195
f 10208 10195 10194
f 10209 10194 10196
f 10209 10208 10194
f 10210 10196 10197
f 10210 10209 10196
f 10211 10197 10198
f 10211 10210 10197
f 10212 10198 10199
f 10212 10211 10198
f 10213 10199 10200
f 10213 10212 10199
f 10214 10200 10201
f 10214 10213 10200
f 10215 10201 10202
f 10215 10214 10201
f 10216 10202 10203
f 10216 10215 10202
f 10217 10203 10204
f 10217 10216 10203
f 10218 10204 10205
f 10218 10217 10204
f 10219 10205 10206
f 10219 10218 10205
f 79 10220 82
f 10221 10220 79
f 10222 10221 79
f 10222 79 149
f 10223 149 2298
f 10223 10222 149
f 10224 2298 2300
f 10224 10223 2298
f 10225 2300 2302
f 10225 10224 2300
f 10226 2302 2304
f 10226 10225 2302
f 10227 2304 2306
f 10227 10226 2304
f 10228 2306 275
f 10228 10227 2306
f 10229 275 280
f 10229 10228 275
f 10230 280 284
f 10230 10229 280
f 10231 284 288
f 10231 10230 284
f 10232 288 292
f 10232 10231 288
f 10233 292 296
f 10233 10232 292
f 10234 296 365
f 10234 10233 296
f 10235 10234 365
f 10235 365 414
f 10236 414 436
f 10236 10235 414
f 10237 10236 436
f 10237 436 458
f 10238 10237 458
f 10238 458 480
f 10239 480 502
f 10239 10238 480
f 10240 502 525
f 10240 10239 502
f 10241 525 546
f 10241 10240 525
f 10242 546 569
f 10242 10241 546
f 590 10242 569
f 10243 10242 590
f 10244 10243 590
f 10244 590 594
f 10220 10245 82
f 82 10245 2218
f 2218 10246 2220
f 10245 10246 2218
f 2220 10247 2222
f 10246 10247 2220
f 2222 10248 2224
f 10247 10248 2222
f 2224 10249 2226
f 10248 10249 2224
f 2226 10250 2228
f 10249 10250 2226
f 2228 10251 2230
f 10250 10251 2228
f 2230 10252 2232
f 10251 10252 2230
f 2232 10253 2234
f 10252 10253 2232
f 2234 10254 2236
f 10253 10254 2234
f 2236 10255 2237
f 10254 10255 2236
f 2237 10256 298
f 10255 10256 2237
f 298 10257 378
f 10256 10257 298
f 378 10258 419
f 10257 10258 378
f 10258 10259 419
f 419 10259 441
f 10259 10260 441
f 441 10260 463
f 10260 10261 463
f 463 10261 484
f 10261 10262 484
f 484 10262 506
f 10262 10263 506
f 506 10263 528
f 10263 10264 528
f 528 10264 550
f 10264 10265 550
f 550 10265 573
f 10265 10244 573
f 573 10244 594
f 10245 10220 10221
f 10245 10221 10222
f 10246 10222 10223
f 10246 10245 10222
f 10247 10223 10224
f 10247 10246 10223
f 10248 10224 10225
f 10248 10247 10224
f 10249 10225 10226
f 10249 10248 10225
f 10250 10226 10227
f 10250 10249 10226
f 10251 10227 10228
f 10251 10250 10227
f 10252 10228 10229
f 10252 10251 10228
f 10253 10229 10230
f 10253 10252 10229
f 10254 10230 10231
f 10254 10253 10230
f 10255 10231 10232
f 10255 10254 10231
f 10256 10232 10233
f 10256 10255 10232
f 10257 10256 10233
f 10257 10233 10234
f 10257 10234 10235
f 10258 10257 10235
f 10259 10258 10235
f 10259 10235 10236
f 10260 10259 10236
f 10260 10236 10237
f 10260 10237 10238
f 10261 10260 10238
f 10262 10261 10238
f 10262 10238 10239
f 10263 10262 10239
f 10263 10239 10240
f 10264 10263 10240
f 10264 10240 10241
f 10265 10264 10241
f 10265 10241 10242
f 10244 10265 10242
f 10244 10242 10243
f 10266 10267 10268
f 10266 10269 10267
f 10270 10268 10271
f 10270 10266 10268
f 10272 10271 10273
f 10272 10270 10271
f 10274 10273 10275
f 10274 10272 10273
f 10276 10275 10277
f 10276 10274 10275
f 10278 10277 10279
f 10278 10279 10280
f 10278 10276 10277
f 10281 10278 10280
f 10282 10280 10283
f 10282 10281 10280
f 10284 10283 10285
f 10284 10282 10283
f 10286 10285 10287
f 10286 10284 10285
f 10288 10287 10289
f 10288 10286 10287
f 10290 10289 10291
f 10290 10288 10289
f 10292 10291 10293
f 10292 10293 10294
f 10292 10290 10291
f 10295 10292 10294
f 10296 10294 10297
f 10296 10295 10294
f 10298 10297 10299
f 10298 10296 10297
f 10300 10299 10301
f 10300 10298 10299
f 10302 10301 10303
f 10302 10303 10304
f 10302 10300 10301
f 10305 10302 10304
f 10305 10304 10306
f 10307 10305 10306
f 10308 10307 10306
f 10308 10306 10309
f 10308 10309 10310
f 10311 10308 10310
f 10312 10310 10313
f 10312 10311 10310
f 10314 10313 10315
f 10314 10312 10313
f 10316 10315 10317
f 10316 10314 10315
f 10318 10317 10319
f 10318 10316 10317
f 10320 10319 10321
f 10320 10318 10319
f 10322 10321 10323
f 10322 10320 10321
f 10324 10323 10325
f 10324 10322 10323
f 10326 10325 10327
f 10326 10324 10325
f 10328 10327 10329
f 10328 10326 10327
f 10330 10329 10331
f 10330 10328 10329
f 10332 10331 10333
f 10332 10330 10331
f 10334 10333 10335
f 10334 10332 10333
f 10336 10335 10337
f 10336 10334 10335
f 10338 10337 10339
f 10338 10339 10340
f 10338 10336 10337
f 10341 10338 10340
f 10342 10340 10343
f 10342 10343 10344
f 10342 10341 10340
f 10345 10342 10344
f 10346 10344 10347
f 10346 10345 10344
f 10348 10347 10349
f 10348 10349 10350
f 10348 10346 10347
f 10351 10350 10352
f 10351 10348 10350
f 10353 10351 10352
f 10354 10353 10352
f 10354 10352 10355
f 10354 10355 10356
f 10357 10354 10356
f 10358 10357 10356
f 10358 10356 10359
f 10358 10359 10360
f 10361 10358 10360
f 10361 10360 10362
f 10363 10361 10362
f 10364 10363 10362
f 10364 10362 10365
f 10366 10364 10365
f 10366 10365 10367
f 10368 10366 10367
f 10368 10367 10369
f 10370 10368 10369
f 10370 10369 10371
f 10372 10370 10371
f 10372 10371 10373
f 10374 10372 10373
f 10374 10373 10375
f 10376 10374 10375
f 10376 10375 10377
f 10378 10377 10379
f 10378 10376 10377
f 10380 10379 10381
f 10380 10378 10379
f 10382 10381 10383
f 10382 10380 10381
f 10384 10383 10385
f 10384 10382 10383
f 10386 10385 10387
f 10386 10384 10385
f 10388 10387 10389
f 10388 10386 10387
f 10390 10389 10391
f 10390 10388 10389
f 10392 10391 10393
f 10392 10390 10391
f 10394 10395 10396
f 10394 10396 10397
f 10398 10394 10397
f 10398 10397 10399
f 10400 10398 10399
f 10400 10399 10401
f 10402 10400 10401
f 10402 10401 10403
f 10404 10402 10403
f 10404 10403 10405
f 10406 10405 10407
f 10406 10404 10405
f 10408 10407 10409
f 10408 10406 10407
f 10410 10409 10411
f 10410 10408 10409
f 10412 10411 10413
f 10412 10410 10411
f 10414 10413 10415
f 10414 10412 10413
f 10416 10415 10417
f 10416 10414 10415
f 10418 10419 10420
f 10418 10417 10419
f 10418 10416 10417
f 10421 10418 10420
f 10422 10420 10423
f 10422 10421 10420
f 10424 10425 10426
f 10424 10423 10425
f 10424 10422 10423
f 10427 10424 10426
f 10428 10427 10426
f 10428 10426 10429
f 10430 10428 10429
f 10430 10431 10432
f 10430 10429 10431
f 10433 10430 10432
f 10434 10433 10432
f 10434 10435 10436
f 10434 10432 10435
f 10437 10434 10436
f 10438 10437 10436
f 10438 10439 10440
f 10438 10436 10439
f 10441 10438 10440
f 10442 10441 10440
f 10442 10440 10443
f 10444 10442 10443
f 10444 10445 10446
f 10444 10443 10445
f 10447 10444 10446
f 10448 10446 10449
f 10448 10447 10446
f 10450 10449 10451
f 10450 10448 10449
f 10452 10451 10453
f 10452 10450 10451
f 10454 10453 10455
f 10454 10452 10453
f 10456 10455 10457
f 10456 10454 10455
f 10458 10457 10459
f 10458 10456 10457
f 10460 10459 10461
f 10460 10458 10459
f 10462 10461 10463
f 10462 10460 10461
f 10464 10463 10465
f 10464 10462 10463
f 10466 10465 10467
f 10466 10464 10465
f 10468 10467 10469
f 10468 10466 10467
f 10470 10471 10472
f 10470 10469 10471
f 10470 10468 10469
f 10473 10470 10472
f 10474 10472 10475
f 10474 10473 10472
f 10476 10477 10478
f 10476 10475 10477
f 10476 10474 10475
f 10479 10476 10478
f 10480 10479 10478
f 10480 10478 10481
f 10482 10480 10481
f 10482 10481 10483
f 10484 10482 10483
f 10484 10483 10485
f 10486 10484 10485
f 10486 10485 10487
f 10488 10486 10487
f 10488 10487 10489
f 10490 10489 10491
f 10490 10488 10489
f 10492 10491 10493
f 10492 10490 10491
f 10494 10493 10495
f 10494 10492 10493
f 10496 10495 10497
f 10496 10494 10495
f 10498 10497 10499
f 10498 10496 10497
f 10500 10499 10501
f 10500 10498 10499
f 10502 10501 10503
f 10502 10500 10501
f 10504 10503 10505
f 10504 10502 10503
f 10506 10505 10507
f 10506 10504 10505
f 10508 10507 10509
f 10508 10506 10507
f 10510 10509 10511
f 10510 10508 10509
f 10512 10511 10513
f 10512 10510 10511
f 10514 10513 10515
f 10514 10512 10513
f 10516 10517 10518
f 10516 10515 10517
f 10516 10514 10515
f 10519 10518 10520
f 10519 10516 10518
f 10521 10519 10520
f 10522 10523 10524
f 10524 10523 10525
f 10526 10522 10527
f 10527 10522 10524
f 10528 10526 10529
f 10529 10526 10527
f 10530 10528 10531
f 10531 10528 10529
f 10532 10530 10533
f 10533 10530 10531
f 10534 10535 10533
f 10533 10535 10532
f 10536 10535 10537
f 10537 10535 10534
f 10538 10536 10539
f 10539 10536 10537
f 10540 10538 10541
f 10541 10538 10539
f 10542 10540 10543
f 10543 10540 10541
f 10544 10542 10545
f 10545 10542 10543
f 10523 10545 10525
f 10544 10545 10523
f 10525 10396 10546
f 10525 10546 10547
f 10525 10547 10548
f 10525 10548 10549
f 10525 10549 10550
f 10525 10550 10551
f 10525 10551 10552
f 10525 10552 10553
f 10525 10553 10554
f 10525 10554 10555
f 10525 10555 10556
f 10525 10556 10557
f 10525 10557 10558
f 10525 10558 10559
f 10527 10560 10561
f 10527 10561 10562
f 10527 10562 10563
f 10527 10563 10564
f 10527 10564 10565
f 10527 10565 10566
f 10527 10566 10567
f 10527 10567 10568
f 10527 10568 10569
f 10527 10569 10570
f 10527 10570 10571
f 10527 10571 10572
f 10527 10572 10573
f 10527 10573 10574
f 10545 10405 10403
f 10545 10403 10401
f 10545 10401 10399
f 10545 10399 10397
f 10545 10397 10396
f 10545 10396 10525
f 10529 10574 10575
f 10529 10575 10576
f 10529 10576 10577
f 10529 10577 10578
f 10529 10578 10579
f 10529 10527 10574
f 10580 10529 10579
f 10407 10405 10545
f 10581 10529 10580
f 10409 10407 10545
f 10582 10529 10581
f 10411 10409 10545
f 10583 10529 10582
f 10413 10411 10545
f 10584 10529 10583
f 10415 10413 10545
f 10585 10529 10584
f 10417 10415 10545
f 10586 10529 10585
f 10419 10417 10545
f 10587 10529 10586
f 10420 10419 10545
f 10588 10529 10587
f 10423 10420 10545
f 10524 10559 10589
f 10524 10589 10590
f 10524 10590 10560
f 10524 10560 10527
f 10524 10525 10559
f 10591 10529 10588
f 10531 10591 10592
f 10531 10529 10591
f 10543 10425 10423
f 10543 10423 10545
f 10426 10425 10543
f 10593 10531 10592
f 10429 10426 10543
f 10594 10531 10593
f 10541 10446 10445
f 10541 10445 10443
f 10541 10443 10440
f 10541 10440 10439
f 10541 10439 10436
f 10541 10436 10435
f 10541 10435 10432
f 10541 10432 10431
f 10541 10431 10429
f 10541 10429 10543
f 10533 10594 10595
f 10533 10595 10596
f 10533 10596 10597
f 10533 10597 10598
f 10533 10598 10599
f 10533 10599 10600
f 10533 10600 10601
f 10533 10601 10602
f 10533 10531 10594
f 10603 10533 10602
f 10449 10446 10541
f 10604 10533 10603
f 10451 10449 10541
f 10605 10533 10604
f 10453 10451 10541
f 10606 10533 10605
f 10455 10453 10541
f 10607 10533 10606
f 10457 10455 10541
f 10520 10534 10533
f 10520 10533 10607
f 10459 10541 10539
f 10459 10457 10541
f 10518 10534 10520
f 10461 10459 10539
f 10517 10534 10518
f 10463 10461 10539
f 10515 10534 10517
f 10465 10463 10539
f 10513 10534 10515
f 10467 10465 10539
f 10511 10534 10513
f 10469 10467 10539
f 10509 10534 10511
f 10471 10469 10539
f 10507 10534 10509
f 10472 10471 10539
f 10505 10534 10507
f 10475 10472 10539
f 10503 10534 10505
f 10477 10475 10539
f 10501 10534 10503
f 10478 10477 10539
f 10499 10534 10501
f 10481 10478 10539
f 10497 10534 10499
f 10483 10481 10539
f 10495 10534 10497
f 10485 10483 10539
f 10493 10534 10495
f 10493 10537 10534
f 10487 10539 10537
f 10487 10485 10539
f 10491 10537 10493
f 10489 10537 10491
f 10489 10487 10537
f 10608 10521 10520
f 10608 10520 10607
f 10609 10608 10607
f 10609 10607 10606
f 10610 10609 10606
f 10610 10606 10605
f 10611 10610 10605
f 10611 10605 10604
f 10612 10611 10604
f 10612 10604 10603
f 10613 10603 10602
f 10613 10612 10603
f 10614 10602 10601
f 10614 10613 10602
f 10615 10601 10600
f 10615 10614 10601
f 10616 10600 10599
f 10616 10615 10600
f 10617 10599 10598
f 10617 10616 10599
f 10618 10598 10597
f 10618 10617 10598
f 10619 10597 10596
f 10619 10618 10597
f 10620 10596 10595
f 10620 10619 10596
f 10621 10595 10594
f 10621 10620 10595
f 10622 10594 10593
f 10622 10621 10594
f 10623 10592 10591
f 10623 10593 10592
f 10623 10622 10593
f 10624 10623 10591
f 10625 10624 10591
f 10625 10591 10588
f 10626 10625 10588
f 10626 10588 10587
f 10627 10626 10587
f 10627 10586 10585
f 10627 10587 10586
f 10628 10627 10585
f 10629 10628 10585
f 10629 10585 10584
f 10630 10629 10584
f 10630 10583 10582
f 10630 10584 10583
f 10631 10630 10582
f 10632 10631 10582
f 10632 10581 10580
f 10632 10582 10581
f 10633 10632 10580
f 10634 10580 10579
f 10634 10633 10580
f 10635 10578 10577
f 10635 10579 10578
f 10635 10634 10579
f 10636 10635 10577
f 10637 10577 10576
f 10637 10636 10577
f 10638 10576 10575
f 10638 10637 10576
f 10639 10574 10573
f 10639 10575 10574
f 10639 10638 10575
f 10640 10573 10572
f 10640 10639 10573
f 10641 10572 10571
f 10641 10640 10572
f 10642 10641 10571
f 10643 10571 10570
f 10643 10642 10571
f 10644 10570 10569
f 10644 10643 10570
f 10645 10569 10568
f 10645 10644 10569
f 10646 10568 10567
f 10646 10645 10568
f 10647 10566 10565
f 10647 10567 10566
f 10647 10646 10567
f 10648 10647 10565
f 10649 10648 10565
f 10649 10565 10564
f 10650 10649 10564
f 10650 10564 10563
f 10651 10650 10563
f 10651 10563 10562
f 10652 10651 10562
f 10652 10562 10561
f 10653 10652 10561
f 10653 10561 10560
f 10654 10560 10590
f 10654 10653 10560
f 10655 10654 10590
f 10655 10590 10589
f 10656 10589 10559
f 10656 10655 10589
f 10657 10559 10558
f 10657 10656 10559
f 10658 10558 10557
f 10658 10657 10558
f 10659 10557 10556
f 10659 10658 10557
f 10660 10556 10555
f 10660 10659 10556
f 10661 10555 10554
f 10661 10660 10555
f 10662 10554 10553
f 10662 10661 10554
f 10663 10553 10552
f 10663 10662 10553
f 10664 10552 10551
f 10664 10663 10552
f 10665 10551 10550
f 10665 10664 10551
f 10666 10550 10549
f 10666 10665 10550
f 10667 10549 10548
f 10667 10666 10549
f 10668 10547 10546
f 10668 10548 10547
f 10668 10667 10548
f 10669 10546 10396
f 10669 10668 10546
f 10395 10669 10396
f 10655 10656 10654
f 10654 10651 10653
f 10653 10651 10652
f 10656 10658 10654
f 10657 10658 10656
f 10654 10649 10651
f 10651 10649 10650
f 10649 10647 10648
f 10661 10662 10660
f 10660 10662 10659
f 10654 10646 10649
f 10649 10646 10647
f 10662 10663 10659
f 10659 10663 10658
f 10665 10666 10664
f 10644 10642 10643
f 10658 10669 10654
f 10663 10669 10658
f 10654 10669 10646
f 10668 10669 10667
f 10667 10669 10666
f 10664 10669 10663
f 10666 10669 10664
f 10644 10639 10642
f 10646 10639 10645
f 10645 10639 10644
f 10642 10639 10641
f 10641 10639 10640
f 10639 10637 10638
f 10394 10398 10395
f 10639 10636 10637
f 10400 10402 10398
f 10395 10402 10669
f 10398 10402 10395
f 10639 10634 10636
f 10636 10634 10635
f 10406 10408 10404
f 10404 10408 10402
f 10639 10631 10634
f 10633 10631 10632
f 10634 10631 10633
f 10408 10412 10402
f 10410 10412 10408
f 10402 10412 10669
f 10630 10628 10629
f 10414 10416 10412
f 10631 10627 10630
f 10639 10627 10631
f 10630 10627 10628
f 10646 10627 10639
f 10416 10418 10412
f 10418 10422 10412
f 10421 10422 10418
f 10627 10624 10626
f 10626 10624 10625
f 10422 10427 10412
f 10424 10427 10422
f 10624 10622 10623
f 10622 10619 10621
f 10621 10619 10620
f 10627 10619 10624
f 10624 10619 10622
f 10433 10434 10430
f 10430 10434 10428
f 10428 10434 10427
f 10619 10617 10618
f 10627 10617 10619
f 10617 10615 10616
f 10617 10614 10615
f 10442 10444 10441
f 10441 10444 10438
f 10438 10444 10437
f 10447 10448 10444
f 10614 10611 10613
f 10613 10611 10612
f 10617 10611 10614
f 10412 10452 10669
f 10450 10452 10448
f 10437 10452 10434
f 10427 10452 10412
f 10434 10452 10427
f 10444 10452 10437
f 10669 10452 10646
f 10448 10452 10444
f 10610 10521 10609
f 10609 10521 10608
f 10456 10458 10454
f 10454 10458 10452
f 10452 10458 10646
f 10521 10514 10519
f 10519 10514 10516
f 10610 10514 10521
f 10611 10514 10610
f 10617 10514 10611
f 10462 10464 10460
f 10460 10466 10458
f 10464 10466 10460
f 10514 10510 10512
f 10510 10506 10508
f 10470 10473 10468
f 10514 10504 10510
f 10510 10504 10506
f 10473 10474 10468
f 10458 10474 10646
f 10466 10474 10458
f 10468 10474 10466
f 10646 10474 10627
f 10504 10500 10502
f 10514 10500 10504
f 10476 10479 10474
f 10500 10496 10498
f 10617 10496 10514
f 10514 10496 10500
f 10482 10484 10480
f 10496 10492 10494
f 10617 10492 10496
f 10474 10492 10627
f 10627 10492 10617
f 10480 10486 10479
f 10479 10486 10474
f 10484 10486 10480
f 10492 10488 10490
f 10486 10488 10474
f 10474 10488 10492
f 10670 10523 10671
f 10671 10523 10672
f 10672 10523 10673
f 10673 10523 10674
f 10674 10523 10675
f 10675 10523 10676
f 10677 10526 10678
f 10678 10526 10679
f 10679 10526 10680
f 10680 10526 10681
f 10681 10526 10682
f 10682 10526 10683
f 10683 10526 10684
f 10670 10393 10523
f 10526 10528 10684
f 10684 10528 10685
f 10685 10528 10686
f 10393 10544 10523
f 10389 10544 10391
f 10391 10544 10393
f 10528 10687 10686
f 10389 10387 10544
f 10528 10688 10687
f 10387 10385 10544
f 10528 10689 10688
f 10385 10383 10544
f 10528 10690 10689
f 10383 10381 10544
f 10528 10691 10690
f 10381 10379 10544
f 10528 10692 10691
f 10676 10522 10693
f 10693 10522 10694
f 10694 10522 10695
f 10695 10522 10696
f 10696 10522 10697
f 10697 10522 10698
f 10698 10522 10699
f 10699 10522 10700
f 10700 10522 10701
f 10701 10522 10702
f 10702 10522 10703
f 10703 10522 10704
f 10704 10522 10705
f 10705 10522 10706
f 10706 10522 10707
f 10707 10522 10708
f 10708 10522 10677
f 10677 10522 10526
f 10523 10522 10676
f 10692 10530 10709
f 10709 10530 10710
f 10528 10530 10692
f 10710 10530 10711
f 10711 10530 10712
f 10712 10530 10713
f 10713 10530 10714
f 10714 10530 10715
f 10715 10530 10716
f 10362 10542 10365
f 10365 10542 10367
f 10367 10542 10369
f 10369 10542 10371
f 10371 10542 10373
f 10373 10542 10375
f 10375 10542 10377
f 10377 10542 10379
f 10379 10542 10544
f 10362 10360 10542
f 10530 10717 10716
f 10360 10359 10542
f 10530 10718 10717
f 10359 10356 10542
f 10530 10719 10718
f 10356 10355 10542
f 10530 10720 10719
f 10355 10352 10542
f 10530 10721 10720
f 10352 10350 10542
f 10530 10722 10721
f 10350 10349 10542
f 10530 10723 10722
f 10349 10347 10542
f 10530 10724 10723
f 10347 10344 10542
f 10530 10725 10724
f 10340 10540 10343
f 10343 10540 10344
f 10344 10540 10542
f 10335 10540 10337
f 10337 10540 10339
f 10339 10540 10340
f 10530 10532 10725
f 10725 10532 10726
f 10726 10532 10727
f 10727 10532 10728
f 10728 10532 10729
f 10532 10730 10729
f 10335 10333 10540
f 10532 10731 10730
f 10333 10331 10540
f 10532 10267 10731
f 10331 10538 10540
f 10532 10535 10267
f 10331 10329 10538
f 10535 10268 10267
f 10329 10327 10538
f 10535 10271 10268
f 10327 10325 10538
f 10535 10273 10271
f 10325 10323 10538
f 10535 10275 10273
f 10323 10321 10538
f 10535 10277 10275
f 10321 10319 10538
f 10535 10279 10277
f 10319 10317 10538
f 10536 10280 10535
f 10535 10280 10279
f 10538 10315 10536
f 10317 10315 10538
f 10536 10283 10280
f 10315 10313 10536
f 10536 10285 10283
f 10313 10310 10536
f 10536 10287 10285
f 10310 10309 10536
f 10536 10289 10287
f 10309 10306 10536
f 10536 10291 10289
f 10306 10304 10536
f 10536 10293 10291
f 10304 10303 10536
f 10536 10294 10293
f 10303 10301 10536
f 10536 10297 10294
f 10301 10299 10536
f 10536 10299 10297
f 10732 10392 10393
f 10732 10393 10670
f 10733 10670 10671
f 10733 10732 10670
f 10734 10671 10672
f 10734 10733 10671
f 10735 10672 10673
f 10735 10673 10674
f 10735 10734 10672
f 10736 10735 10674
f 10737 10674 10675
f 10737 10736 10674
f 10738 10675 10676
f 10738 10676 10693
f 10738 10737 10675
f 10739 10738 10693
f 10740 10693 10694
f 10740 10739 10693
f 10741 10694 10695
f 10741 10740 10694
f 10742 10695 10696
f 10742 10741 10695
f 10743 10696 10697
f 10743 10742 10696
f 10744 10697 10698
f 10744 10743 10697
f 10745 10698 10699
f 10745 10744 10698
f 10746 10699 10700
f 10746 10745 10699
f 10747 10700 10701
f 10747 10746 10700
f 10748 10701 10702
f 10748 10747 10701
f 10749 10702 10703
f 10749 10703 10704
f 10749 10748 10702
f 10750 10749 10704
f 10750 10704 10705
f 10751 10750 10705
f 10751 10705 10706
f 10752 10751 10706
f 10753 10752 10706
f 10753 10706 10707
f 10754 10707 10708
f 10754 10753 10707
f 10755 10708 10677
f 10755 10754 10708
f 10755 10677 10678
f 10756 10755 10678
f 10757 10678 10679
f 10757 10756 10678
f 10758 10679 10680
f 10758 10757 10679
f 10759 10680 10681
f 10759 10758 10680
f 10760 10681 10682
f 10760 10759 10681
f 10761 10682 10683
f 10761 10760 10682
f 10762 10683 10684
f 10762 10761 10683
f 10763 10684 10685
f 10763 10762 10684
f 10764 10685 10686
f 10764 10763 10685
f 10765 10686 10687
f 10765 10764 10686
f 10766 10687 10688
f 10766 10765 10687
f 10767 10688 10689
f 10767 10766 10688
f 10768 10689 10690
f 10768 10690 10691
f 10768 10767 10689
f 10769 10768 10691
f 10770 10691 10692
f 10770 10692 10709
f 10770 10769 10691
f 10771 10770 10709
f 10772 10709 10710
f 10772 10710 10711
f 10772 10771 10709
f 10773 10772 10711
f 10774 10773 10711
f 10774 10711 10712
f 10775 10774 10712
f 10775 10712 10713
f 10776 10775 10713
f 10776 10713 10714
f 10776 10714 10715
f 10777 10776 10715
f 10778 10777 10715
f 10778 10715 10716
f 10779 10778 10716
f 10779 10716 10717
f 10780 10779 10717
f 10780 10717 10718
f 10781 10780 10718
f 10781 10718 10719
f 10781 10719 10720
f 10782 10781 10720
f 10783 10782 10720
f 10783 10720 10721
f 10784 10783 10721
f 10784 10721 10722
f 10785 10784 10722
f 10785 10722 10723
f 10786 10785 10723
f 10786 10723 10724
f 10787 10786 10724
f 10787 10724 10725
f 10788 10725 10726
f 10788 10787 10725
f 10789 10726 10727
f 10789 10788 10726
f 10790 10727 10728
f 10790 10789 10727
f 10791 10728 10729
f 10791 10790 10728
f 10792 10729 10730
f 10792 10791 10729
f 10793 10730 10731
f 10793 10792 10730
f 10269 10731 10267
f 10269 10793 10731
f 10744 10745 10746
f 10744 10746 10747
f 10751 10749 10750
f 10742 10744 10747
f 10742 10743 10744
f 10752 10749 10751
f 10752 10748 10749
f 10740 10742 10747
f 10740 10741 10742
f 10754 10748 10752
f 10754 10752 10753
f 10755 10748 10754
f 10757 10748 10755
f 10757 10747 10748
f 10757 10755 10756
f 10736 10737 10738
f 10736 10738 10739
f 10760 10747 10757
f 10760 10757 10758
f 10760 10758 10759
f 10732 10733 10734
f 10732 10734 10735
f 10732 10735 10736
f 10732 10739 10740
f 10732 10736 10739
f 10763 10760 10761
f 10763 10761 10762
f 10764 10747 10760
f 10764 10760 10763
f 10386 10388 10390
f 10384 10386 10390
f 10384 10390 10392
f 10384 10392 10732
f 10767 10747 10764
f 10767 10764 10765
f 10767 10765 10766
f 10770 10768 10769
f 10770 10767 10768
f 10374 10384 10732
f 10374 10376 10378
f 10374 10378 10380
f 10374 10380 10382
f 10374 10382 10384
f 10773 10771 10772
f 10774 10770 10771
f 10774 10767 10770
f 10774 10771 10773
f 10774 10747 10767
f 10776 10774 10775
f 10776 10747 10774
f 10364 10366 10368
f 10364 10368 10370
f 10364 10370 10372
f 10363 10364 10372
f 10779 10777 10778
f 10358 10361 10363
f 10358 10363 10372
f 10780 10776 10777
f 10780 10777 10779
f 10781 10776 10780
f 10354 10357 10358
f 10354 10372 10374
f 10354 10358 10372
f 10782 10776 10781
f 10784 10782 10783
f 10784 10776 10782
f 10348 10351 10353
f 10346 10348 10353
f 10786 10784 10785
f 10787 10776 10784
f 10787 10784 10786
f 10338 10341 10342
f 10790 10787 10788
f 10790 10788 10789
f 10790 10776 10787
f 10336 10342 10345
f 10336 10345 10346
f 10336 10353 10354
f 10336 10346 10353
f 10336 10338 10342
f 10793 10791 10792
f 10330 10332 10334
f 10269 10791 10793
f 10269 10790 10791
f 10266 10790 10269
f 10326 10330 10334
f 10326 10374 10732
f 10326 10328 10330
f 10326 10334 10336
f 10326 10354 10374
f 10326 10732 10740
f 10326 10336 10354
f 10272 10266 10270
f 10272 10790 10266
f 10322 10324 10326
f 10274 10790 10272
f 10274 10776 10790
f 10320 10322 10326
f 10276 10776 10274
f 10282 10276 10278
f 10282 10278 10281
f 10312 10314 10316
f 10312 10316 10318
f 10312 10318 10320
f 10308 10311 10312
f 10305 10307 10308
f 10305 10312 10320
f 10305 10308 10312
f 10292 10282 10284
f 10292 10284 10286
f 10292 10286 10288
f 10292 10288 10290
f 10292 10747 10776
f 10292 10326 10740
f 10292 10320 10326
f 10292 10276 10282
f 10292 10740 10747
f 10292 10776 10276
f 10296 10292 10295
f 10296 10320 10292
f 10298 10300 10302
f 10298 10302 10305
f 10298 10305 10320
f 10298 10320 10296
f 10794 10795 10796
f 10794 10797 10795
f 10794 10798 10797
f 10799 10800 10801
f 10799 10801 10802
f 10799 10802 10803
f 10799 10803 10798
f 10799 10798 10794
f 10804 10794 10796
f 10804 10805 10806
f 10804 10796 10805
f 10807 10799 10794
f 10807 10808 10809
f 10807 10809 10800
f 10807 10800 10799
f 10807 10794 10804
f 10810 10811 10812
f 10810 10806 10811
f 10810 10804 10806
f 10813 10804 10810
f 10813 10814 10815
f 10813 10815 10808
f 10813 10807 10804
f 10813 10808 10807
f 10816 10810 10812
f 10816 10817 10818
f 10816 10812 10817
f 10819 10820 10821
f 10819 10821 10814
f 10819 10810 10816
f 10819 10814 10813
f 10819 10813 10810
f 10822 10816 10818
f 10822 10823 10824
f 10822 10818 10823
f 10822 10819 10816
f 10825 10826 10827
f 10825 10827 10820
f 10825 10819 10822
f 10825 10820 10819
f 10828 10822 10824
f 10828 10829 10830
f 10828 10824 10829
f 10831 10825 10822
f 10831 10832 10833
f 10831 10826 10825
f 10831 10833 10826
f 10831 10822 10828
f 10834 10831 10828
f 10834 10835 10836
f 10834 10830 10835
f 10834 10828 10830
f 10837 10838 10839
f 10837 10839 10832
f 10837 10832 10831
f 10837 10831 10834
f 10840 10841 10842
f 10840 10836 10841
f 10840 10834 10836
f 10843 10844 10845
f 10843 10845 10838
f 10843 10834 10840
f 10843 10837 10834
f 10843 10838 10837
f 10846 10840 10842
f 10846 10847 10848
f 10846 10842 10847
f 10849 10850 10851
f 10849 10851 10844
f 10849 10843 10840
f 10849 10844 10843
f 10849 10840 10846
f 10852 10853 10854
f 10852 10848 10853
f 10852 10846 10848
f 10855 10856 10857
f 10855 10857 10850
f 10855 10849 10846
f 10855 10850 10849
f 10855 10846 10852
f 10858 10852 10854
f 10858 10859 10860
f 10858 10854 10859
f 10861 10862 10863
f 10861 10863 10856
f 10861 10856 10855
f 10861 10852 10858
f 10861 10855 10852
f 10864 10865 10866
f 10864 10860 10865
f 10864 10858 10860
f 10867 10868 10869
f 10867 10869 10862
f 10867 10862 10861
f 10867 10858 10864
f 10867 10861 10858
f 10870 10871 10872
f 10870 10866 10871
f 10870 10864 10866
f 10870 10867 10864
f 10873 10874 10875
f 10873 10875 10868
f 10873 10867 10870
f 10873 10868 10867
f 10876 10870 10872
f 10876 10877 10878
f 10876 10872 10877
f 10879 10870 10876
f 10879 10874 10873
f 10879 10873 10870
f 10879 10880 10881
f 10879 10881 10874
f 10882 10876 10878
f 10882 10883 10884
f 10882 10878 10883
f 10885 10880 10879
f 10885 10876 10882
f 10885 10879 10876
f 10885 10886 10887
f 10885 10887 10880
f 10888 10884 10889
f 10888 10882 10884
f 10890 10886 10885
f 10890 10885 10882
f 10890 10882 10888
f 10890 10891 10886
f 10892 10893 10894
f 10892 10889 10893
f 10892 10888 10889
f 10895 10891 10890
f 10895 10890 10888
f 10895 10888 10892
f 10895 10896 10897
f 10895 10897 10891
f 10898 10899 10900
f 10898 10894 10899
f 10898 10895 10892
f 10898 10892 10894
f 10901 10895 10898
f 10901 10896 10895
f 10901 10902 10903
f 10901 10903 10896
f 10904 10898 10900
f 10904 10905 10906
f 10904 10900 10905
f 10904 10901 10898
f 10907 10902 10901
f 10907 10901 10904
f 10907 10908 10909
f 10907 10909 10902
f 10910 10911 10912
f 10910 10906 10911
f 10910 10904 10906
f 10910 10907 10904
f 10913 10908 10907
f 10913 10907 10910
f 10913 10914 10915
f 10913 10915 10908
f 10916 10917 10918
f 10916 10912 10917
f 10916 10910 10912
f 10919 10914 10913
f 10919 10920 10921
f 10919 10921 10914
f 10919 10910 10916
f 10919 10913 10910
f 10922 10916 10918
f 10922 10923 10924
f 10922 10918 10923
f 10925 10919 10916
f 10925 10920 10919
f 10925 10916 10922
f 10925 10926 10927
f 10925 10927 10920
f 10928 10922 10924
f 10928 10929 10930
f 10928 10924 10929
f 10931 10925 10922
f 10931 10926 10925
f 10931 10932 10933
f 10931 10933 10926
f 10931 10922 10928
f 10934 10935 10936
f 10934 10930 10935
f 10934 10928 10930
f 10937 10938 10939
f 10937 10939 10932
f 10937 10931 10928
f 10937 10932 10931
f 10937 10928 10934
f 10940 10941 10942
f 10940 10936 10941
f 10940 10934 10936
f 10943 10938 10937
f 10943 10944 10945
f 10943 10945 10938
f 10943 10937 10934
f 10943 10934 10940
f 10946 10947 10948
f 10946 10942 10947
f 10946 10940 10942
f 10946 10943 10940
f 10949 10943 10946
f 10949 10950 10951
f 10949 10951 10944
f 10949 10944 10943
f 10952 10949 10946
f 10952 10953 10954
f 10952 10948 10953
f 10952 10946 10948
f 10955 10950 10949
f 10955 10949 10952
f 10955 10956 10957
f 10955 10957 10950
f 10958 10959 10960
f 10958 10954 10959
f 10958 10952 10954
f 10961 10955 10952
f 10961 10956 10955
f 10961 10962 10963
f 10961 10963 10956
f 10961 10952 10958
f 10964 10965 10966
f 10964 10960 10965
f 10964 10958 10960
f 10967 10962 10961
f 10967 10958 10964
f 10967 10961 10958
f 10967 10968 10969
f 10967 10969 10962
f 10970 10971 10972
f 10970 10966 10971
f 10970 10964 10966
f 10973 10967 10964
f 10973 10968 10967
f 10973 10974 10975
f 10973 10975 10968
f 10973 10964 10970
f 10976 10977 10978
f 10976 10979 10977
f 10976 10972 10979
f 10976 10973 10970
f 10976 10970 10972
f 10980 10976 10978
f 10980 10974 10973
f 10980 10978 10981
f 10980 10981 10982
f 10980 10982 10983
f 10980 10983 10974
f 10980 10973 10976
f 10984 10985 10986
f 10984 10986 10987
f 10984 10987 10988
f 10989 10981 10985
f 10989 10985 10984
f 10989 10982 10981
f 10989 10983 10982
f 10989 10974 10983
f 10990 10988 10991
f 10990 10991 10992
f 10990 10984 10988
f 10993 10984 10990
f 10993 10975 10974
f 10993 10968 10975
f 10993 10989 10984
f 10993 10974 10989
f 10994 10990 10992
f 10994 10992 10995
f 10994 10995 10996
f 10997 10993 10990
f 10997 10968 10993
f 10997 10990 10994
f 10997 10969 10968
f 10997 10962 10969
f 10998 10996 10999
f 10998 10999 11000
f 10998 10994 10996
f 11001 10997 10994
f 11001 10962 10997
f 11001 10994 10998
f 11001 10963 10962
f 11001 10956 10963
f 11002 11000 11003
f 11002 11003 11004
f 11002 10998 11000
f 11002 11001 10998
f 11005 10956 11001
f 11005 10957 10956
f 11005 10950 10957
f 11005 11001 11002
f 11006 11004 11007
f 11006 11007 11008
f 11006 11002 11004
f 11009 11005 11002
f 11009 10950 11005
f 11009 11002 11006
f 11009 10951 10950
f 11009 10944 10951
f 11010 11008 11011
f 11010 11011 11012
f 11010 11006 11008
f 11013 11006 11010
f 11013 10945 10944
f 11013 10938 10945
f 11013 11009 11006
f 11013 10944 11009
f 11014 11010 11012
f 11014 11012 11015
f 11014 11015 11016
f 11017 11013 11010
f 11017 10938 11013
f 11017 11010 11014
f 11017 10939 10938
f 11017 10932 10939
f 11018 11016 11019
f 11018 11019 11020
f 11018 11017 11014
f 11018 11014 11016
f 11021 11017 11018
f 11021 10932 11017
f 11021 10933 10932
f 11021 10926 10933
f 11022 11020 11023
f 11022 11023 11024
f 11022 11018 11020
f 11022 11021 11018
f 11025 11021 11022
f 11025 10926 11021
f 11025 10927 10926
f 11025 10920 10927
f 11026 11022 11024
f 11026 11024 11027
f 11026 11027 11028
f 11029 10920 11025
f 11029 11022 11026
f 11029 10921 10920
f 11029 10914 10921
f 11029 11025 11022
f 11030 11028 11031
f 11030 11031 11032
f 11030 11026 11028
f 11033 11029 11026
f 11033 11026 11030
f 11033 10915 10914
f 11033 10908 10915
f 11033 10914 11029
f 11034 11030 11032
f 11034 11032 11035
f 11034 11035 11036
f 11034 11033 11030
f 11037 11033 11034
f 11037 10908 11033
f 11037 10909 10908
f 11037 10902 10909
f 11038 11036 11039
f 11038 11039 11040
f 11038 11034 11036
f 11041 11034 11038
f 11041 10902 11037
f 11041 11037 11034
f 11041 10903 10902
f 11041 10896 10903
f 11042 11040 11043
f 11042 11043 11044
f 11042 11041 11038
f 11042 11038 11040
f 11045 10896 11041
f 11045 11041 11042
f 11045 10897 10896
f 11045 10891 10897
f 11046 11042 11044
f 11046 11044 11047
f 11048 10891 11045
f 11048 11045 11042
f 11048 11042 11046
f 11048 10886 10891
f 11049 11047 11050
f 11049 11046 11047
f 11049 11050 11051
f 11052 11046 11049
f 11052 10886 11048
f 11052 11048 11046
f 11052 10887 10886
f 11052 10880 10887
f 11053 11052 11049
f 11053 11049 11051
f 11053 11051 11054
f 11053 11054 11055
f 11056 11052 11053
f 11056 10880 11052
f 11056 10881 10880
f 11056 10874 10881
f 11057 11055 11058
f 11057 11058 11059
f 11057 11053 11055
f 11057 11056 11053
f 11060 10875 10874
f 11060 10868 10875
f 11060 11056 11057
f 11060 10874 11056
f 11061 11059 11062
f 11061 11062 11063
f 11061 11057 11059
f 11064 10869 10868
f 11064 10862 10869
f 11064 10868 11060
f 11064 11057 11061
f 11064 11060 11057
f 11065 11063 11066
f 11065 11066 11067
f 11065 11061 11063
f 11068 10863 10862
f 11068 11061 11065
f 11068 10856 10863
f 11068 11064 11061
f 11068 10862 11064
f 11069 11067 11070
f 11069 11070 11071
f 11069 11065 11067
f 11072 10857 10856
f 11072 10850 10857
f 11072 10856 11068
f 11072 11068 11065
f 11072 11065 11069
f 11073 11069 11071
f 11073 11071 11074
f 11073 11074 11075
f 11073 11072 11069
f 11076 10851 10850
f 11076 10844 10851
f 11076 10850 11072
f 11076 11072 11073
f 11077 11075 11078
f 11077 11078 11079
f 11077 11073 11075
f 11080 10844 11076
f 11080 10845 10844
f 11080 10838 10845
f 11080 11076 11073
f 11080 11073 11077
f 11081 11079 11082
f 11081 11082 11083
f 11081 11077 11079
f 11084 10839 10838
f 11084 10832 10839
f 11084 10838 11080
f 11084 11080 11077
f 11084 11077 11081
f 11085 11083 11086
f 11085 11086 11087
f 11085 11081 11083
f 11085 11084 11081
f 11088 10833 10832
f 11088 10826 10833
f 11088 10832 11084
f 11088 11084 11085
f 11089 11085 11087
f 11089 11087 11090
f 11089 11090 11091
f 11092 11088 11085
f 11092 10827 10826
f 11092 10820 10827
f 11092 10826 11088
f 11092 11085 11089
f 11093 11089 11091
f 11093 11092 11089
f 11093 11091 11094
f 11093 11094 11095
f 11096 10820 11092
f 11096 10821 10820
f 11096 10814 10821
f 11096 11092 11093
f 11097 11093 11095
f 11097 11095 11098
f 11097 11098 11099
f 11100 11096 11093
f 11100 11093 11097
f 11100 10814 11096
f 11100 10815 10814
f 11100 10808 10815
f 11101 11097 11099
f 11101 11100 11097
f 11101 11099 11102
f 11101 11102 11103
f 11104 10808 11100
f 11104 10809 10808
f 11104 10800 10809
f 11104 11100 11101
f 11105 11101 11103
f 11105 11103 11106
f 11105 11106 11107
f 11105 11107 11108
f 11109 10801 10800
f 11109 10802 10801
f 11109 10803 10802
f 11109 11101 11105
f 11109 10800 11104
f 11109 11104 11101
f 11109 11105 11108
f 11109 11108 10803
f 10986 10269 10266
f 10986 10985 10269
f 10987 10266 10270
f 10987 10986 10266
f 10988 10270 10272
f 10988 10987 10270
f 10991 10272 10274
f 10991 10988 10272
f 10992 10274 10276
f 10992 10991 10274
f 10995 10276 10278
f 10995 10278 10281
f 10995 10992 10276
f 10996 10995 10281
f 10999 10281 10282
f 10999 10996 10281
f 11000 10282 10284
f 11000 10284 10286
f 11000 10999 10282
f 11003 11000 10286
f 11004 10286 10288
f 11004 10288 10290
f 11004 11003 10286
f 11007 11004 10290
f 11008 10290 10292
f 11008 10292 10295
f 11008 11007 10290
f 11011 11008 10295
f 11012 10295 10296
f 11012 10296 10298
f 11012 11011 10295
f 11015 11012 10298
f 11016 11015 10298
f 11016 10298 10300
f 11016 10300 10302
f 11019 11016 10302
f 11019 10302 10305
f 11020 11019 10305
f 11023 11020 10305
f 11023 10305 10307
f 11024 11023 10307
f 11024 10307 10308
f 11024 10308 10311
f 11027 11024 10311
f 11028 11027 10311
f 11028 10311 10312
f 11031 10312 10314
f 11031 11028 10312
f 11031 10314 10316
f 11032 11031 10316
f 11035 10316 10318
f 11035 11032 10316
f 11036 10318 10320
f 11036 11035 10318
f 11039 10320 10322
f 11039 11036 10320
f 11040 10322 10324
f 11040 11039 10322
f 11043 10324 10326
f 11043 11040 10324
f 11044 10326 10328
f 11044 11043 10326
f 11047 10328 10330
f 11047 11044 10328
f 11050 10330 10332
f 11050 10332 10334
f 11050 11047 10330
f 11051 11050 10334
f 11054 10334 10336
f 11054 10336 10338
f 11054 11051 10334
f 11055 10338 10341
f 11055 11054 10338
f 11058 11055 10341
f 11059 10341 10342
f 11059 10342 10345
f 11059 11058 10341
f 11062 11059 10345
f 11063 10345 10346
f 11063 10346 10348
f 11063 11062 10345
f 11066 11063 10348
f 11067 10348 10351
f 11067 10351 10353
f 11067 11066 10348
f 11070 11067 10353
f 11070 10353 10354
f 11071 11070 10354
f 11074 11071 10354
f 11074 10354 10357
f 11075 11074 10357
f 11075 10357 10358
f 11078 11075 10358
f 11078 10358 10361
f 11079 11078 10361
f 11079 10361 10363
f 11082 11079 10363
f 11082 10363 10364
f 11083 11082 10364
f 11083 10364 10366
f 11086 11083 10366
f 11086 10366 10368
f 11087 11086 10368
f 11087 10368 10370
f 11087 10370 10372
f 11090 11087 10372
f 11091 11090 10372
f 11091 10372 10374
f 11094 11091 10374
f 11094 10374 10376
f 11095 10376 10378
f 11095 11094 10376
f 11095 10378 10380
f 11098 11095 10380
f 11099 11098 10380
f 11099 10380 10382
f 11099 10382 10384
f 11102 11099 10384
f 11103 10384 10386
f 11103 11102 10384
f 11106 10386 10388
f 11106 11103 10386
f 11107 10388 10390
f 11107 11106 10388
f 11108 10390 10392
f 11108 11107 10390
f 11110 11111 11112
f 11113 11110 11112
f 11114 11113 11112
f 11115 11112 11111
f 11116 11114 11112
f 11117 11115 11111
f 11117 11111 11110
f 11118 11116 11112
f 11119 11117 11110
f 11119 11110 11113
f 11120 11118 11112
f 11121 11113 11114
f 11121 11119 11113
f 11122 11120 11112
f 11123 11124 11112
f 11123 11112 11115
f 11125 11114 11116
f 11125 11116 11118
f 11125 11121 11114
f 11126 11122 11112
f 11127 11123 11115
f 11127 11115 11117
f 11128 11125 11118
f 11129 11126 11112
f 11130 11117 11119
f 11130 11127 11117
f 11131 11128 11118
f 11131 11118 11120
f 11132 11129 11112
f 11133 11130 11119
f 11133 11119 11121
f 11134 11122 11126
f 11134 11131 11120
f 11134 11120 11122
f 11135 11124 11123
f 11136 11132 11112
f 11137 11121 11125
f 11137 11133 11121
f 11138 11134 11126
f 11139 11135 11123
f 11139 11123 11127
f 11140 11136 11112
f 11141 11137 11125
f 11141 11125 11128
f 11142 11138 11126
f 11142 11126 11129
f 11143 11139 11127
f 11143 11127 11130
f 11144 11140 11112
f 11145 11141 11128
f 11145 11131 11134
f 11145 11128 11131
f 11146 11142 11129
f 11146 11129 11132
f 11147 11130 11133
f 11147 11143 11130
f 11148 11144 11112
f 11149 11145 11134
f 11150 11124 11135
f 11150 11151 11152
f 11150 11152 11153
f 11150 11153 11124
f 11154 11146 11132
f 11154 11132 11136
f 11155 11133 11137
f 11155 11147 11133
f 11155 11137 11141
f 11156 11148 11112
f 11157 11134 11138
f 11157 11138 11142
f 11157 11149 11134
f 11158 11150 11135
f 11158 11151 11150
f 11158 11135 11139
f 11158 11159 11160
f 11158 11160 11151
f 11161 11154 11136
f 11161 11136 11140
f 11162 11155 11141
f 11163 11156 11112
f 11164 11157 11142
f 11165 11139 11143
f 11165 11158 11139
f 11165 11159 11158
f 11165 11166 11167
f 11165 11167 11159
f 11168 11140 11144
f 11168 11161 11140
f 11169 11162 11141
f 11169 11141 11145
f 11170 11163 11112
f 11171 11146 11154
f 11171 11164 11142
f 11171 11142 11146
f 11172 11165 11143
f 11172 11147 11155
f 11172 11173 11174
f 11172 11174 11166
f 11172 11166 11165
f 11172 11143 11147
f 11175 11168 11144
f 11175 11144 11148
f 11176 11145 11149
f 11176 11169 11145
f 11177 11170 11112
f 11178 11171 11154
f 11179 11172 11155
f 11179 11180 11181
f 11179 11181 11173
f 11179 11173 11172
f 11182 11156 11163
f 11182 11148 11156
f 11182 11175 11148
f 11183 11149 11157
f 11183 11176 11149
f 11183 11157 11164
f 11184 11177 11112
f 11185 11178 11154
f 11185 11154 11161
f 11185 11161 11168
f 11186 11180 11179
f 11186 11155 11162
f 11186 11187 11188
f 11186 11188 11180
f 11186 11179 11155
f 11189 11182 11163
f 11190 11183 11164
f 11191 11184 11112
f 11192 11168 11175
f 11192 11185 11168
f 11193 11187 11186
f 11193 11186 11162
f 11193 11194 11195
f 11193 11195 11187
f 11193 11162 11169
f 11196 11189 11163
f 11196 11163 11170
f 11197 11190 11164
f 11197 11164 11171
f 11198 11191 11112
f 11199 11192 11175
f 11200 11194 11193
f 11200 11193 11169
f 11200 11201 11202
f 11200 11202 11194
f 11200 11169 11176
f 11203 11177 11184
f 11203 11196 11170
f 11203 11170 11177
f 11204 11171 11178
f 11204 11197 11171
f 11205 11198 11112
f 11206 11175 11182
f 11206 11199 11175
f 11207 11176 11183
f 11207 11201 11200
f 11207 11208 11209
f 11207 11209 11201
f 11207 11200 11176
f 11210 11203 11184
f 11211 11204 11178
f 11211 11178 11185
f 11212 11205 11112
f 11213 11189 11196
f 11213 11206 11182
f 11213 11182 11189
f 11214 11207 11183
f 11214 11183 11190
f 11214 11215 11216
f 11214 11216 11208
f 11214 11208 11207
f 11217 11184 11191
f 11217 11210 11184
f 11218 11185 11192
f 11218 11211 11185
f 11219 11212 11112
f 11220 11213 11196
f 11221 11215 11214
f 11221 11190 11197
f 11221 11222 11223
f 11221 11223 11215
f 11221 11214 11190
f 11221 11197 11204
f 11224 11191 11198
f 11224 11217 11191
f 11225 11199 11206
f 11225 11192 11199
f 11225 11218 11192
f 11226 11219 11112
f 11227 11203 11210
f 11227 11196 11203
f 11227 11220 11196
f 11228 11229 11230
f 11228 11230 11222
f 11228 11222 11221
f 11228 11221 11204
f 11231 11224 11198
f 11231 11198 11205
f 11232 11225 11206
f 11233 11226 11112
f 11234 11227 11210
f 11235 11228 11204
f 11235 11229 11228
f 11235 11236 11237
f 11235 11237 11229
f 11235 11204 11211
f 11235 11211 11218
f 11238 11231 11205
f 11238 11205 11212
f 11239 11232 11206
f 11239 11206 11213
f 11240 11233 11112
f 11241 11234 11210
f 11241 11210 11217
f 11241 11217 11224
f 11242 11235 11218
f 11242 11236 11235
f 11242 11243 11244
f 11242 11244 11236
f 11245 11238 11212
f 11245 11212 11219
f 11246 11239 11213
f 11246 11213 11220
f 11247 11240 11112
f 11248 11241 11224
f 11248 11224 11231
f 11249 11250 11251
f 11249 11251 11243
f 11249 11225 11232
f 11249 11243 11242
f 11249 11218 11225
f 11249 11242 11218
f 11252 11219 11226
f 11252 11245 11219
f 11253 11227 11234
f 11253 11246 11220
f 11253 11220 11227
f 11254 11247 11112
f 11255 11248 11231
f 11256 11257 11250
f 11256 11250 11249
f 11256 11249 11232
f 11258 11226 11233
f 11258 11233 11240
f 11258 11252 11226
f 11259 11253 11234
f 11260 11254 11112
f 11261 11255 11231
f 11261 11231 11238
f 11262 11263 11264
f 11262 11264 11257
f 11262 11257 11256
f 11262 11256 11232
f 11262 11232 11239
f 11265 11258 11240
f 11266 11241 11248
f 11266 11259 11234
f 11266 11234 11241
f 11267 11245 11252
f 11267 11261 11238
f 11267 11238 11245
f 11268 11269 11270
f 11268 11270 11263
f 11268 11263 11262
f 11268 11246 11253
f 11268 11262 11239
f 11268 11239 11246
f 11271 11240 11247
f 11271 11265 11240
f 11272 11266 11248
f 11272 11248 11255
f 11273 11267 11252
f 11274 11275 11276
f 11274 11276 11269
f 11274 11269 11268
f 11274 11253 11259
f 11274 11268 11253
f 11277 11247 11254
f 11277 11254 11260
f 11277 11271 11247
f 11278 11272 11255
f 11278 11255 11261
f 11279 11273 11252
f 11279 11252 11258
f 11279 11258 11265
f 11280 11274 11259
f 11280 11281 11282
f 11280 11282 11275
f 11280 11275 11274
f 11283 11277 11260
f 11283 11260 11112
f 11284 11278 11261
f 11285 11279 11265
f 11285 11265 11271
f 11286 11280 11259
f 11286 11281 11280
f 11286 11287 11288
f 11286 11288 11281
f 11286 11259 11266
f 11289 11267 11273
f 11289 11284 11261
f 11289 11261 11267
f 11290 11285 11271
f 11290 11271 11277
f 11291 11272 11278
f 11291 11266 11272
f 11291 11292 11293
f 11291 11293 11287
f 11291 11287 11286
f 11291 11286 11266
f 11294 11273 11279
f 11294 11289 11273
f 11295 11290 11277
f 11296 11291 11278
f 11296 11297 11298
f 11296 11298 11292
f 11296 11292 11291
f 11299 11294 11279
f 11300 11295 11277
f 11300 11112 11301
f 11300 11283 11112
f 11300 11277 11283
f 11302 11303 11304
f 11302 11304 11297
f 11302 11278 11284
f 11302 11296 11278
f 11302 11284 11289
f 11302 11297 11296
f 11305 11285 11290
f 11305 11299 11279
f 11305 11279 11285
f 11306 11307 11308
f 11306 11308 11303
f 11306 11302 11289
f 11306 11303 11302
f 11309 11305 11290
f 11310 11311 11312
f 11310 11312 11307
f 11310 11289 11294
f 11310 11306 11289
f 11310 11307 11306
f 11313 11290 11295
f 11313 11309 11290
f 11314 11315 11316
f 11314 11316 11311
f 11314 11294 11299
f 11314 11299 11305
f 11314 11311 11310
f 11314 11310 11294
f 11317 11295 11300
f 11317 11300 11301
f 11317 11313 11295
f 11318 11319 11320
f 11318 11320 11315
f 11318 11314 11305
f 11318 11315 11314
f 11321 11319 11318
f 11321 11322 11323
f 11321 11323 11319
f 11321 11305 11309
f 11321 11318 11305
f 11324 11325 11326
f 11324 11326 11322
f 11324 11322 11321
f 11324 11309 11313
f 11324 11321 11309
f 11327 11301 11328
f 11327 11328 11329
f 11327 11329 11325
f 11327 11317 11301
f 11327 11325 11324
f 11327 11313 11317
f 11327 11324 11313
f 11330 11331 11332
f 11330 11332 11333
f 11330 11333 11334
f 11335 11301 11331
f 11335 11331 11330
f 11335 11328 11301
f 11335 11329 11328
f 11335 11325 11329
f 11336 11334 11337
f 11336 11337 11338
f 11336 11330 11334
f 11339 11330 11336
f 11339 11326 11325
f 11339 11322 11326
f 11339 11335 11330
f 11339 11325 11335
f 11340 11336 11338
f 11340 11338 11341
f 11340 11341 11342
f 11343 11339 11336
f 11343 11322 11339
f 11343 11336 11340
f 11343 11323 11322
f 11343 11319 11323
f 11344 11342 11345
f 11344 11345 11346
f 11344 11340 11342
f 11347 11343 11340
f 11347 11319 11343
f 11347 11340 11344
f 11347 11320 11319
f 11347 11315 11320
f 11348 11346 11349
f 11348 11349 11350
f 11348 11344 11346
f 11351 11347 11344
f 11351 11315 11347
f 11351 11316 11315
f 11351 11311 11316
f 11351 11344 11348
f 11352 11350 11353
f 11352 11353 11354
f 11352 11348 11350
f 11355 11311 11351
f 11355 11348 11352
f 11355 11312 11311
f 11355 11307 11312
f 11355 11351 11348
f 11356 11354 11357
f 11356 11357 11358
f 11356 11352 11354
f 11356 11355 11352
f 11359 11355 11356
f 11359 11308 11307
f 11359 11303 11308
f 11359 11307 11355
f 11360 11356 11358
f 11360 11358 11361
f 11360 11361 11362
f 11363 11359 11356
f 11363 11303 11359
f 11363 11356 11360
f 11363 11304 11303
f 11363 11297 11304
f 11364 11362 11365
f 11364 11365 11366
f 11364 11360 11362
f 11364 11363 11360
f 11367 11297 11363
f 11367 11363 11364
f 11367 11298 11297
f 11367 11292 11298
f 11368 11366 11369
f 11368 11369 11370
f 11368 11367 11364
f 11368 11364 11366
f 11371 11367 11368
f 11371 11292 11367
f 11371 11293 11292
f 11371 11287 11293
f 11372 11370 11373
f 11372 11373 11374
f 11372 11368 11370
f 11375 11368 11372
f 11375 11287 11371
f 11375 11371 11368
f 11375 11288 11287
f 11375 11281 11288
f 11376 11374 11377
f 11376 11377 11378
f 11376 11372 11374
f 11379 11375 11372
f 11379 11281 11375
f 11379 11282 11281
f 11379 11275 11282
f 11379 11372 11376
f 11380 11378 11381
f 11380 11381 11382
f 11380 11376 11378
f 11383 11379 11376
f 11383 11376 11380
f 11383 11276 11275
f 11383 11269 11276
f 11383 11275 11379
f 11384 11380 11382
f 11384 11382 11385
f 11384 11385 11386
f 11387 11383 11380
f 11387 11380 11384
f 11387 11269 11383
f 11387 11270 11269
f 11387 11263 11270
f 11388 11384 11386
f 11388 11386 11389
f 11388 11389 11390
f 11391 11387 11384
f 11391 11263 11387
f 11391 11384 11388
f 11391 11264 11263
f 11391 11257 11264
f 11392 11390 11393
f 11392 11391 11388
f 11392 11388 11390
f 11394 11257 11391
f 11394 11391 11392
f 11394 11250 11257
f 11395 11393 11396
f 11395 11396 11397
f 11395 11392 11393
f 11398 11392 11395
f 11398 11394 11392
f 11398 11250 11394
f 11398 11251 11250
f 11398 11243 11251
f 11399 11397 11400
f 11399 11400 11401
f 11399 11398 11395
f 11399 11395 11397
f 11402 11243 11398
f 11402 11398 11399
f 11402 11244 11243
f 11402 11236 11244
f 11403 11399 11401
f 11403 11401 11404
f 11403 11404 11405
f 11403 11402 11399
f 11406 11237 11236
f 11406 11229 11237
f 11406 11402 11403
f 11406 11236 11402
f 11407 11405 11408
f 11407 11408 11409
f 11407 11403 11405
f 11407 11406 11403
f 11410 11230 11229
f 11410 11222 11230
f 11410 11229 11406
f 11410 11406 11407
f 11411 11409 11412
f 11411 11412 11413
f 11411 11407 11409
f 11414 11223 11222
f 11414 11407 11411
f 11414 11215 11223
f 11414 11222 11410
f 11414 11410 11407
f 11415 11413 11416
f 11415 11416 11417
f 11415 11411 11413
f 11415 11414 11411
f 11418 11216 11215
f 11418 11208 11216
f 11418 11414 11415
f 11418 11215 11414
f 11419 11415 11417
f 11419 11417 11420
f 11419 11420 11421
f 11422 11418 11415
f 11422 11209 11208
f 11422 11201 11209
f 11422 11208 11418
f 11422 11415 11419
f 11423 11421 11424
f 11423 11424 11425
f 11423 11419 11421
f 11423 11422 11419
f 11426 11202 11201
f 11426 11194 11202
f 11426 11201 11422
f 11426 11422 11423
f 11427 11425 11428
f 11427 11428 11429
f 11427 11423 11425
f 11427 11426 11423
f 11430 11195 11194
f 11430 11187 11195
f 11430 11194 11426
f 11430 11426 11427
f 11431 11429 11432
f 11431 11432 11433
f 11431 11427 11429
f 11434 11427 11431
f 11434 11188 11187
f 11434 11180 11188
f 11434 11187 11430
f 11434 11430 11427
f 11435 11431 11433
f 11435 11434 11431
f 11435 11433 11436
f 11435 11436 11437
f 11438 11181 11180
f 11438 11173 11181
f 11438 11434 11435
f 11438 11180 11434
f 11439 11435 11437
f 11439 11437 11440
f 11439 11440 11441
f 11442 11173 11438
f 11442 11438 11435
f 11442 11174 11173
f 11442 11166 11174
f 11442 11435 11439
f 11443 11439 11441
f 11443 11441 11444
f 11443 11444 11445
f 11446 11166 11442
f 11446 11167 11166
f 11446 11159 11167
f 11446 11442 11439
f 11446 11439 11443
f 11447 11443 11445
f 11447 11445 11448
f 11447 11448 11449
f 11447 11446 11443
f 11450 11159 11446
f 11450 11160 11159
f 11450 11151 11160
f 11450 11446 11447
f 11451 11447 11449
f 11451 11450 11447
f 11451 11449 11452
f 11451 11452 11453
f 11451 11453 11454
f 11455 11151 11450
f 11455 11152 11151
f 11455 11153 11152
f 11455 11124 11153
f 11455 11451 11454
f 11455 11454 11124
f 11455 11450 11451
f 11332 10978 10977
f 11332 11331 10978
f 11333 10977 10979
f 11333 11332 10977
f 11334 10979 10972
f 11334 11333 10979
f 11337 10972 10971
f 11337 11334 10972
f 11338 10971 10966
f 11338 11337 10971
f 11341 10966 10965
f 11341 11338 10966
f 11342 10965 10960
f 11342 11341 10965
f 11345 10960 10959
f 11345 11342 10960
f 11346 10959 10954
f 11346 11345 10959
f 11349 10954 10953
f 11349 11346 10954
f 11350 10953 10948
f 11350 11349 10953
f 11353 10948 10947
f 11353 11350 10948
f 11354 10947 10942
f 11354 11353 10947
f 11357 10942 10941
f 11357 11354 10942
f 11358 10941 10936
f 11358 11357 10941
f 11361 10936 10935
f 11361 11358 10936
f 11362 10935 10930
f 11362 11361 10935
f 11365 10930 10929
f 11365 11362 10930
f 11366 11365 10929
f 11366 10929 10924
f 11369 11366 10924
f 11369 10924 10923
f 11370 11369 10923
f 11370 10923 10918
f 11373 11370 10918
f 11373 10918 10917
f 11374 10917 10912
f 11374 11373 10917
f 11377 10912 10911
f 11377 10911 10906
f 11377 11374 10912
f 11378 11377 10906
f 11381 10906 10905
f 11381 11378 10906
f 11382 10905 10900
f 11382 10900 10899
f 11382 11381 10905
f 11385 11382 10899
f 11386 10899 10894
f 11386 10894 10893
f 11386 11385 10899
f 11389 11386 10893
f 11390 10893 10889
f 11390 11389 10893
f 11393 10889 10884
f 11393 11390 10889
f 11396 10884 10883
f 11396 10883 10878
f 11396 11393 10884
f 11397 11396 10878
f 11400 10878 10877
f 11400 11397 10878
f 11401 10877 10872
f 11401 11400 10877
f 11404 10872 10871
f 11404 11401 10872
f 11405 10871 10866
f 11405 10866 10865
f 11405 11404 10871
f 11408 10865 10860
f 11408 11405 10865
f 11409 11408 10860
f 11412 10860 10859
f 11412 11409 10860
f 11413 10859 10854
f 11413 11412 10859
f 11416 11413 10854
f 11416 10854 10853
f 11417 11416 10853
f 11417 10853 10848
f 11420 11417 10848
f 11420 10848 10847
f 11421 11420 10847
f 11421 10847 10842
f 11424 11421 10842
f 11424 10842 10841
f 11425 11424 10841
f 11425 10841 10836
f 11428 11425 10836
f 11428 10836 10835
f 11429 11428 10835
f 11429 10835 10830
f 11432 11429 10830
f 11432 10830 10829
f 11433 11432 10829
f 11433 10829 10824
f 11436 11433 10824
f 11436 10824 10823
f 11437 11436 10823
f 11437 10823 10818
f 11440 11437 10818
f 11440 10818 10817
f 11441 10817 10812
f 11441 11440 10817
f 11444 10812 10811
f 11444 10811 10806
f 11444 11441 10812
f 11445 11444 10806
f 11448 10806 10805
f 11448 11445 10806
f 11449 10805 10796
f 11449 11448 10805
f 11452 10796 10795
f 11452 10795 10797
f 11452 11449 10796
f 11453 11452 10797
f 11454 10797 10798
f 11454 11453 10797
f 11456 11454 10798
f 11456 10798 11457
f 11458 11457 11459
f 11458 11456 11457
f 11460 11459 11461
f 11460 11458 11459
f 11462 11461 11463
f 11462 11460 11461
f 11464 11463 11465
f 11464 11462 11463
f 11466 11465 11467
f 11466 11464 11465
f 11468 11467 11469
f 11468 11469 11470
f 11468 11466 11467
f 11471 11468 11470
f 11472 11470 11473
f 11472 11473 11474
f 11472 11471 11470
f 11475 11472 11474
f 11476 11474 11477
f 11476 11475 11474
f 11478 11477 11479
f 11478 11476 11477
f 11480 11479 11481
f 11480 11478 11479
f 11482 11481 11483
f 11482 11483 11484
f 11482 11480 11481
f 11485 11484 11486
f 11485 11482 11484
f 11487 11485 11486
f 11488 11487 11486
f 11488 11486 11489
f 11488 11489 11490
f 11491 11488 11490
f 11491 11490 11492
f 11493 11491 11492
f 11493 11492 11494
f 11495 11493 11494
f 11496 11495 11494
f 11496 11494 11497
f 11496 11497 11498
f 11499 11496 11498
f 11500 11499 11498
f 11500 11498 11501
f 11500 11501 11502
f 11503 11502 11504
f 11503 11500 11502
f 11505 11503 11504
f 11506 11504 11507
f 11506 11505 11504
f 11508 11507 11509
f 11508 11506 11507
f 11510 11509 11511
f 11510 11511 11512
f 11510 11508 11509
f 11513 11512 11514
f 11513 11510 11512
f 11515 11513 11514
f 11516 11514 11517
f 11516 11517 11518
f 11516 11515 11514
f 11519 11518 11520
f 11519 11516 11518
f 11521 11519 11520
f 11522 11520 11523
f 11522 11521 11520
f 11524 11523 11525
f 11524 11525 11526
f 11524 11522 11523
f 11527 11526 11528
f 11527 11524 11526
f 11529 11528 11530
f 11529 11527 11528
f 11531 11529 11530
f 11532 11530 11533
f 11532 11533 11534
f 11532 11531 11530
f 11535 11534 11536
f 11535 11532 11534
f 11537 11535 11536
f 11538 11536 11539
f 11538 11537 11536
f 11540 11538 11539
f 11540 11539 11541
f 11542 11540 11541
f 11542 11541 11543
f 11542 11543 11544
f 11545 11542 11544
f 11546 11545 11544
f 11546 11544 11547
f 11548 11546 11547
f 11548 11547 11549
f 11550 11548 11549
f 11550 11549 11551
f 11552 11550 11551
f 11552 11551 11553
f 11554 11552 11553
f 11554 11553 11555
f 11556 11554 11555
f 11556 11555 11557
f 11558 11556 11557
f 11558 11557 11559
f 11560 11558 11559
f 11560 11559 11561
f 11562 11560 11561
f 11562 11561 11563
f 11564 11562 11563
f 11564 11563 11565
f 11566 11564 11565
f 11566 11565 11567
f 11566 11567 11568
f 11569 11566 11568
f 11570 11569 11568
f 11570 11568 11571
f 11572 11571 11573
f 11572 11570 11571
f 11574 11573 11575
f 11574 11572 11573
f 11576 11575 11577
f 11576 11574 11575
f 11578 11577 11579
f 11578 11579 10978
f 11578 11576 11577
f 11331 11578 10978
f 11580 11454 11456
f 11580 11456 11458
f 11580 11458 11460
f 11581 11124 11454
f 11581 11454 11580
f 11581 11582 11124
f 11581 11583 11582
f 11581 11584 11583
f 11585 11460 11462
f 11585 11462 11464
f 11585 11580 11460
f 11586 11580 11585
f 11586 11581 11580
f 11586 11587 11584
f 11586 11588 11587
f 11586 11584 11581
f 11589 11585 11464
f 11589 11464 11466
f 11589 11466 11468
f 11590 11586 11585
f 11590 11588 11586
f 11590 11585 11589
f 11590 11591 11588
f 11590 11592 11591
f 11593 11468 11471
f 11593 11471 11472
f 11593 11589 11468
f 11594 11590 11589
f 11594 11592 11590
f 11594 11589 11593
f 11594 11595 11592
f 11594 11596 11595
f 11597 11472 11475
f 11597 11475 11476
f 11597 11593 11472
f 11597 11594 11593
f 11598 11596 11594
f 11598 11599 11596
f 11598 11600 11599
f 11598 11594 11597
f 11601 11476 11478
f 11601 11478 11480
f 11601 11597 11476
f 11602 11600 11598
f 11602 11598 11597
f 11602 11597 11601
f 11602 11603 11600
f 11602 11604 11603
f 11605 11480 11482
f 11605 11482 11485
f 11605 11601 11480
f 11606 11604 11602
f 11606 11601 11605
f 11606 11607 11604
f 11606 11608 11607
f 11606 11602 11601
f 11609 11485 11487
f 11609 11487 11488
f 11609 11605 11485
f 11610 11605 11609
f 11610 11606 11605
f 11610 11608 11606
f 11610 11611 11608
f 11610 11612 11611
f 11613 11488 11491
f 11613 11491 11493
f 11613 11609 11488
f 11614 11609 11613
f 11614 11612 11610
f 11614 11610 11609
f 11614 11615 11612
f 11614 11616 11615
f 11617 11493 11495
f 11617 11495 11496
f 11617 11613 11493
f 11618 11614 11613
f 11618 11616 11614
f 11618 11613 11617
f 11618 11619 11616
f 11618 11620 11619
f 11621 11496 11499
f 11621 11499 11500
f 11621 11617 11496
f 11622 11618 11617
f 11622 11617 11621
f 11622 11620 11618
f 11622 11623 11620
f 11622 11624 11623
f 11625 11500 11503
f 11625 11503 11505
f 11625 11621 11500
f 11626 11622 11621
f 11626 11621 11625
f 11626 11624 11622
f 11626 11627 11624
f 11626 11628 11627
f 11629 11626 11625
f 11629 11505 11506
f 11629 11506 11508
f 11629 11625 11505
f 11630 11626 11629
f 11630 11628 11626
f 11630 11631 11628
f 11630 11632 11631
f 11633 11508 11510
f 11633 11510 11513
f 11633 11629 11508
f 11634 11630 11629
f 11634 11629 11633
f 11634 11632 11630
f 11634 11635 11632
f 11634 11636 11635
f 11637 11633 11513
f 11637 11634 11633
f 11637 11513 11515
f 11637 11515 11516
f 11638 11636 11634
f 11638 11634 11637
f 11638 11639 11636
f 11638 11640 11639
f 11641 11637 11516
f 11641 11516 11519
f 11642 11640 11638
f 11642 11637 11641
f 11642 11638 11637
f 11642 11643 11640
f 11644 11519 11521
f 11644 11521 11522
f 11644 11641 11519
f 11645 11643 11642
f 11645 11641 11644
f 11645 11646 11643
f 11645 11642 11641
f 11645 11647 11646
f 11648 11645 11644
f 11648 11522 11524
f 11648 11524 11527
f 11648 11644 11522
f 11649 11650 11651
f 11649 11645 11648
f 11649 11647 11645
f 11649 11651 11647
f 11652 11648 11527
f 11652 11527 11529
f 11652 11529 11531
f 11653 11654 11650
f 11653 11655 11654
f 11653 11649 11648
f 11653 11650 11649
f 11653 11648 11652
f 11656 11531 11532
f 11656 11532 11535
f 11656 11652 11531
f 11656 11653 11652
f 11657 11658 11655
f 11657 11659 11658
f 11657 11653 11656
f 11657 11655 11653
f 11660 11535 11537
f 11660 11537 11538
f 11660 11656 11535
f 11660 11657 11656
f 11661 11662 11659
f 11661 11663 11662
f 11661 11659 11657
f 11661 11657 11660
f 11664 11660 11538
f 11664 11538 11540
f 11664 11540 11542
f 11665 11666 11663
f 11665 11667 11666
f 11665 11663 11661
f 11665 11660 11664
f 11665 11661 11660
f 11668 11664 11542
f 11668 11665 11664
f 11668 11542 11545
f 11668 11545 11546
f 11669 11670 11667
f 11669 11671 11670
f 11669 11665 11668
f 11669 11667 11665
f 11672 11546 11548
f 11672 11548 11550
f 11672 11668 11546
f 11673 11671 11669
f 11673 11674 11671
f 11673 11675 11674
f 11673 11669 11668
f 11673 11668 11672
f 11676 11550 11552
f 11676 11552 11554
f 11676 11672 11550
f 11677 11678 11675
f 11677 11679 11678
f 11677 11675 11673
f 11677 11673 11672
f 11677 11672 11676
f 11680 11554 11556
f 11680 11556 11558
f 11680 11676 11554
f 11680 11677 11676
f 11681 11677 11680
f 11681 11679 11677
f 11681 11682 11679
f 11681 11683 11682
f 11684 11680 11558
f 11684 11558 11560
f 11684 11560 11562
f 11685 11683 11681
f 11685 11686 11683
f 11685 11687 11686
f 11685 11681 11680
f 11685 11680 11684
f 11688 11684 11562
f 11688 11685 11684
f 11688 11562 11564
f 11688 11564 11566
f 11689 11687 11685
f 11689 11690 11687
f 11689 11691 11690
f 11689 11685 11688
f 11692 11688 11566
f 11692 11566 11569
f 11692 11569 11570
f 11693 11691 11689
f 11693 11689 11688
f 11693 11694 11691
f 11693 11695 11694
f 11693 11688 11692
f 11696 11692 11570
f 11696 11570 11572
f 11696 11572 11574
f 11696 11693 11692
f 11697 11695 11693
f 11697 11698 11695
f 11697 11699 11698
f 11697 11693 11696
f 11700 11696 11574
f 11700 11697 11696
f 11700 11574 11576
f 11700 11576 11578
f 11700 11578 11331
f 11701 11702 11699
f 11701 11703 11702
f 11701 11699 11697
f 11701 11301 11703
f 11701 11700 11331
f 11701 11331 11301
f 11701 11697 11700
f 11704 11705 11112
f 11706 11704 11112
f 11707 11706 11112
f 11708 11112 11705
f 11709 11707 11112
f 11710 11708 11705
f 11710 11705 11704
f 11711 11709 11112
f 11712 11710 11704
f 11712 11704 11706
f 11713 11711 11112
f 11714 11706 11707
f 11714 11712 11706
f 11715 11713 11112
f 11716 11301 11112
f 11716 11112 11708
f 11717 11707 11709
f 11717 11714 11707
f 11718 11715 11112
f 11719 11716 11708
f 11719 11710 11712
f 11719 11708 11710
f 11720 11717 11709
f 11720 11709 11711
f 11721 11718 11112
f 11722 11719 11712
f 11723 11711 11713
f 11723 11720 11711
f 11724 11721 11112
f 11725 11722 11712
f 11725 11712 11714
f 11726 11715 11718
f 11726 11723 11713
f 11726 11713 11715
f 11727 11301 11716
f 11728 11724 11112
f 11729 11725 11714
f 11729 11714 11717
f 11730 11726 11718
f 11731 11727 11716
f 11731 11716 11719
f 11732 11728 11112
f 11733 11729 11717
f 11733 11717 11720
f 11734 11730 11718
f 11734 11718 11721
f 11735 11731 11719
f 11735 11722 11725
f 11735 11719 11722
f 11736 11732 11112
f 11737 11733 11720
f 11737 11720 11723
f 11738 11734 11721
f 11738 11721 11724
f 11739 11735 11725
f 11740 11736 11112
f 11741 11737 11723
f 11741 11723 11726
f 11742 11301 11727
f 11742 11699 11702
f 11742 11702 11703
f 11742 11703 11301
f 11743 11724 11728
f 11743 11738 11724
f 11744 11739 11725
f 11744 11725 11729
f 11745 11740 11112
f 11746 11726 11730
f 11746 11741 11726
f 11747 11727 11731
f 11747 11699 11742
f 11747 11695 11698
f 11747 11698 11699
f 11747 11742 11727
f 11748 11728 11732
f 11748 11743 11728
f 11749 11744 11729
f 11749 11729 11733
f 11750 11745 11112
f 11751 11746 11730
f 11751 11730 11734
f 11752 11731 11735
f 11752 11747 11731
f 11752 11695 11747
f 11752 11691 11694
f 11752 11694 11695
f 11753 11732 11736
f 11753 11748 11732
f 11754 11733 11737
f 11754 11749 11733
f 11755 11750 11112
f 11756 11734 11738
f 11756 11751 11734
f 11757 11752 11735
f 11757 11687 11690
f 11757 11690 11691
f 11757 11691 11752
f 11757 11735 11739
f 11758 11740 11745
f 11758 11753 11736
f 11758 11736 11740
f 11759 11754 11737
f 11759 11737 11741
f 11760 11755 11112
f 11761 11738 11743
f 11761 11756 11738
f 11761 11743 11748
f 11762 11687 11757
f 11762 11739 11744
f 11762 11683 11686
f 11762 11686 11687
f 11762 11757 11739
f 11763 11758 11745
f 11763 11745 11750
f 11764 11741 11746
f 11764 11759 11741
f 11765 11760 11112
f 11766 11761 11748
f 11767 11762 11744
f 11767 11679 11682
f 11767 11682 11683
f 11767 11744 11749
f 11767 11683 11762
f 11768 11763 11750
f 11769 11746 11751
f 11769 11764 11746
f 11770 11765 11112
f 11771 11753 11758
f 11771 11766 11748
f 11771 11748 11753
f 11772 11767 11749
f 11772 11675 11678
f 11772 11678 11679
f 11772 11679 11767
f 11772 11749 11754
f 11772 11754 11759
f 11773 11768 11750
f 11773 11750 11755
f 11774 11769 11751
f 11774 11751 11756
f 11775 11770 11112
f 11776 11771 11758
f 11777 11759 11764
f 11777 11675 11772
f 11777 11772 11759
f 11777 11671 11674
f 11777 11674 11675
f 11778 11773 11755
f 11778 11755 11760
f 11779 11774 11756
f 11779 11756 11761
f 11780 11775 11112
f 11781 11776 11758
f 11781 11758 11763
f 11782 11777 11764
f 11782 11671 11777
f 11782 11667 11670
f 11782 11670 11671
f 11783 11778 11760
f 11783 11760 11765
f 11784 11766 11771
f 11784 11779 11761
f 11784 11761 11766
f 11785 11780 11112
f 11786 11763 11768
f 11786 11768 11773
f 11786 11781 11763
f 11787 11764 11769
f 11787 11663 11666
f 11787 11666 11667
f 11787 11667 11782
f 11787 11782 11764
f 11788 11770 11775
f 11788 11783 11765
f 11788 11765 11770
f 11789 11771 11776
f 11789 11784 11771
f 11790 11785 11112
f 11791 11786 11773
f 11792 11787 11769
f 11792 11769 11774
f 11792 11659 11662
f 11792 11662 11663
f 11792 11663 11787
f 11793 11788 11775
f 11794 11789 11776
f 11795 11790 11112
f 11796 11791 11773
f 11796 11773 11778
f 11797 11655 11658
f 11797 11658 11659
f 11797 11774 11779
f 11797 11659 11792
f 11797 11792 11774
f 11798 11793 11775
f 11798 11775 11780
f 11799 11776 11781
f 11799 11794 11776
f 11800 11795 11112
f 11801 11778 11783
f 11801 11783 11788
f 11801 11796 11778
f 11802 11655 11797
f 11802 11650 11654
f 11802 11654 11655
f 11802 11779 11784
f 11802 11797 11779
f 11803 11798 11780
f 11803 11780 11785
f 11804 11799 11781
f 11804 11781 11786
f 11805 11800 11112
f 11806 11801 11788
f 11807 11802 11784
f 11807 11650 11802
f 11807 11647 11651
f 11807 11651 11650
f 11807 11784 11789
f 11807 11789 11794
f 11808 11803 11785
f 11808 11785 11790
f 11809 11804 11786
f 11809 11786 11791
f 11810 11805 11112
f 11811 11806 11788
f 11811 11788 11793
f 11812 11647 11807
f 11812 11643 11646
f 11812 11646 11647
f 11812 11807 11794
f 11813 11790 11795
f 11813 11795 11800
f 11813 11808 11790
f 11814 11791 11796
f 11814 11809 11791
f 11815 11810 11112
f 11816 11811 11793
f 11816 11793 11798
f 11817 11812 11794
f 11817 11794 11799
f 11817 11640 11643
f 11817 11643 11812
f 11818 11813 11800
f 11819 11814 11796
f 11819 11796 11801
f 11820 11815 11112
f 11821 11816 11798
f 11821 11798 11803
f 11822 11636 11639
f 11822 11639 11640
f 11822 11640 11817
f 11822 11817 11799
f 11822 11804 11809
f 11822 11799 11804
f 11823 11800 11805
f 11823 11818 11800
f 11824 11801 11806
f 11824 11819 11801
f 11824 11806 11811
f 11825 11803 11808
f 11825 11808 11813
f 11825 11821 11803
f 11826 11636 11822
f 11826 11632 11635
f 11826 11635 11636
f 11826 11809 11814
f 11826 11822 11809
f 11827 11805 11810
f 11827 11823 11805
f 11827 11810 11815
f 11828 11811 11816
f 11828 11824 11811
f 11829 11825 11813
f 11830 11628 11631
f 11830 11631 11632
f 11830 11826 11814
f 11830 11632 11826
f 11831 11827 11815
f 11832 11816 11821
f 11832 11828 11816
f 11833 11813 11818
f 11833 11829 11813
f 11834 11814 11819
f 11834 11624 11627
f 11834 11627 11628
f 11834 11830 11814
f 11834 11628 11830
f 11835 11831 11815
f 11835 11820 11112
f 11835 11815 11820
f 11836 11832 11821
f 11837 11833 11818
f 11837 11818 11823
f 11837 11823 11827
f 11838 11819 11824
f 11838 11624 11834
f 11838 11620 11623
f 11838 11623 11624
f 11838 11834 11819
f 11839 11836 11821
f 11839 11821 11825
f 11840 11837 11827
f 11841 11620 11838
f 11841 11616 11619
f 11841 11619 11620
f 11841 11824 11828
f 11841 11838 11824
f 11842 11839 11825
f 11842 11825 11829
f 11843 11840 11827
f 11843 11831 11835
f 11843 11827 11831
f 11844 11612 11615
f 11844 11615 11616
f 11844 11828 11832
f 11844 11841 11828
f 11844 11616 11841
f 11845 11829 11833
f 11845 11842 11829
f 11845 11833 11837
f 11846 11112 11124
f 11846 11835 11112
f 11846 11843 11835
f 11847 11836 11839
f 11847 11608 11611
f 11847 11611 11612
f 11847 11832 11836
f 11847 11844 11832
f 11847 11612 11844
f 11848 11845 11837
f 11849 11604 11607
f 11849 11607 11608
f 11849 11608 11847
f 11849 11847 11839
f 11850 11837 11840
f 11850 11848 11837
f 11851 11600 11603
f 11851 11603 11604
f 11851 11604 11849
f 11851 11842 11845
f 11851 11849 11839
f 11851 11839 11842
f 11852 11840 11843
f 11852 11850 11840
f 11853 11596 11599
f 11853 11599 11600
f 11853 11851 11845
f 11853 11600 11851
f 11854 11843 11846
f 11854 11846 11124
f 11854 11852 11843
f 11855 11592 11595
f 11855 11595 11596
f 11855 11845 11848
f 11855 11596 11853
f 11855 11853 11845
f 11855 11848 11850
f 11856 11588 11591
f 11856 11591 11592
f 11856 11855 11850
f 11856 11592 11855
f 11857 11584 11587
f 11857 11587 11588
f 11857 11850 11852
f 11857 11588 11856
f 11857 11856 11850
f 11858 11124 11582
f 11858 11582 11583
f 11858 11583 11584
f 11858 11854 11124
f 11858 11852 11854
f 11858 11584 11857
f 11858 11857 11852
f 10744 10743 10745
f 10745 10743 10746
f 10747 10752 10748
f 10748 10752 10749
f 10749 10752 10750
f 10750 10752 10751
f 10742 10741 10743
f 10752 10754 10753
f 10740 10739 10741
f 10746 10755 10747
f 10747 10755 10752
f 10752 10755 10754
f 10741 10738 10743
f 10739 10738 10741
f 10755 10757 10756
f 10743 10757 10746
f 10746 10757 10755
f 10737 10736 10738
f 10738 10736 10743
f 10757 10759 10758
f 10759 10761 10760
f 10733 10732 10734
f 10734 10732 10735
f 10735 10732 10736
f 10736 10732 10743
f 10759 10762 10761
f 10762 10764 10763
f 10757 10764 10759
f 10759 10764 10762
f 10764 10766 10765
f 10392 10384 10732
f 10386 10384 10388
f 10388 10384 10390
f 10390 10384 10392
f 10743 10384 10757
f 10732 10384 10743
f 10764 10768 10766
f 10766 10768 10767
f 10764 10770 10768
f 10768 10770 10769
f 10378 10376 10380
f 10380 10374 10382
f 10376 10374 10380
f 10770 10772 10771
f 10374 10372 10382
f 10770 10773 10772
f 10384 10774 10757
f 10764 10774 10770
f 10382 10774 10384
f 10770 10774 10773
f 10757 10774 10764
f 10366 10364 10368
f 10775 10777 10776
f 10368 10363 10370
f 10364 10363 10368
f 10363 10361 10370
f 10774 10779 10775
f 10777 10779 10778
f 10775 10779 10777
f 10370 10358 10372
f 10361 10358 10370
f 10774 10780 10779
f 10780 10782 10781
f 10354 10353 10357
f 10782 10784 10783
f 10351 10348 10353
f 10357 10348 10358
f 10372 10348 10382
f 10353 10348 10357
f 10358 10348 10372
f 10782 10785 10784
f 10345 10342 10346
f 10785 10788 10786
f 10786 10788 10787
f 10780 10788 10782
f 10782 10788 10785
f 10346 10341 10348
f 10382 10341 10774
f 10774 10341 10780
f 10348 10341 10382
f 10342 10341 10346
f 10788 10790 10789
f 10780 10790 10788
f 10330 10328 10332
f 10332 10328 10334
f 10334 10328 10336
f 10792 10266 10793
f 10793 10266 10269
f 10328 10326 10336
f 10780 10270 10790
f 10792 10270 10266
f 10790 10270 10791
f 10791 10270 10792
f 10322 10320 10324
f 10324 10320 10326
f 10320 10318 10326
f 10326 10316 10336
f 10318 10316 10326
f 10336 10316 10338
f 10338 10316 10341
f 10272 10281 10274
f 10274 10281 10276
f 10276 10281 10278
f 10272 10282 10281
f 10314 10312 10316
f 10272 10284 10282
f 10272 10286 10284
f 10270 10286 10272
f 10311 10308 10312
f 10270 10288 10286
f 10316 10305 10341
f 10312 10305 10316
f 10308 10305 10312
f 10307 10305 10308
f 10270 10292 10288
f 10288 10292 10290
f 10302 10300 10305
f 10780 10298 10270
f 10305 10298 10341
f 10270 10298 10292
f 10341 10298 10780
f 10300 10298 10305
f 10292 10298 10295
f 10295 10298 10296
f 11859 11108 10392
f 11859 10392 10732
f 11860 10732 10733
f 11860 11859 10732
f 11861 10733 10734
f 11861 11860 10733
f 11862 10734 10735
f 11862 10735 10736
f 11862 11861 10734
f 11863 11862 10736
f 11864 10736 10737
f 11864 10737 10738
f 11864 11863 10736
f 11865 11864 10738
f 11866 10738 10739
f 11866 11865 10738
f 11867 10739 10740
f 11867 10740 10741
f 11867 11866 10739
f 11868 11867 10741
f 11869 10741 10742
f 11869 11868 10741
f 11870 10742 10743
f 11870 11869 10742
f 11871 10743 10744
f 11871 11870 10743
f 11872 10744 10745
f 11872 11871 10744
f 11873 10745 10746
f 11873 11872 10745
f 11874 10746 10747
f 11874 11873 10746
f 11875 10747 10748
f 11875 11874 10747
f 11876 10748 10749
f 11876 10749 10750
f 11876 11875 10748
f 11877 11876 10750
f 11877 10750 10751
f 11878 11877 10751
f 11879 11878 10751
f 11879 10751 10752
f 11879 10752 10753
f 11880 11879 10753
f 11881 10753 10754
f 11881 11880 10753
f 11882 10754 10755
f 11882 11881 10754
f 11883 10755 10756
f 11883 11882 10755
f 11884 10756 10757
f 11884 11883 10756
f 11885 10757 10758
f 11885 11884 10757
f 11886 10758 10759
f 11886 11885 10758
f 11887 10759 10760
f 11887 11886 10759
f 11888 10760 10761
f 11888 11887 10760
f 11889 10761 10762
f 11889 11888 10761
f 11890 10762 10763
f 11890 11889 10762
f 11891 10763 10764
f 11891 11890 10763
f 11892 10764 10765
f 11892 11891 10764
f 11893 10765 10766
f 11893 11892 10765
f 11894 10766 10767
f 11894 10767 10768
f 11894 11893 10766
f 11895 11894 10768
f 11895 10768 10769
f 11896 11895 10769
f 11897 10769 10770
f 11897 10770 10771
f 11897 11896 10769
f 11898 11897 10771
f 11899 10771 10772
f 11899 11898 10771
f 11900 10772 10773
f 11900 11899 10772
f 11901 11900 10773
f 11901 10773 10774
f 11901 10774 10775
f 11902 11901 10775
f 11903 11902 10775
f 11903 10775 10776
f 11904 11903 10776
f 11904 10776 10777
f 11905 11904 10777
f 11905 10777 10778
f 11906 11905 10778
f 11906 10778 10779
f 11906 10779 10780
f 11907 11906 10780
f 11908 11907 10780
f 11908 10780 10781
f 11909 11908 10781
f 11909 10781 10782
f 11910 11909 10782
f 11910 10782 10783
f 11911 11910 10783
f 11911 10783 10784
f 11912 11911 10784
f 11912 10784 10785
f 11913 11912 10785
f 11913 10785 10786
f 11914 11913 10786
f 11914 10786 10787
f 11915 10787 10788
f 11915 11914 10787
f 11916 10788 10789
f 11916 11915 10788
f 11917 10789 10790
f 11917 11916 10789
f 11918 10790 10791
f 11918 11917 10790
f 11919 10791 10792
f 11919 11918 10791
f 11920 10792 10793
f 11920 10793 10269
f 11920 11919 10792
f 10985 11920 10269
f 11921 11108 11859
f 11921 11859 11860
f 11921 11860 11861
f 11922 10803 11108
f 11922 11108 11921
f 11922 11923 10803
f 11922 11924 11923
f 11922 11925 11924
f 11926 11861 11862
f 11926 11862 11863
f 11926 11921 11861
f 11927 11921 11926
f 11927 11922 11921
f 11927 11928 11925
f 11927 11929 11928
f 11927 11925 11922
f 11930 11926 11863
f 11930 11863 11864
f 11930 11864 11865
f 11931 11927 11926
f 11931 11929 11927
f 11931 11926 11930
f 11931 11932 11929
f 11931 11933 11932
f 11934 11865 11866
f 11934 11866 11867
f 11934 11930 11865
f 11935 11931 11930
f 11935 11933 11931
f 11935 11930 11934
f 11935 11936 11933
f 11935 11937 11936
f 11938 11867 11868
f 11938 11868 11869
f 11938 11934 11867
f 11938 11935 11934
f 11939 11937 11935
f 11939 11940 11937
f 11939 11941 11940
f 11939 11935 11938
f 11942 11869 11870
f 11942 11870 11871
f 11942 11938 11869
f 11943 11941 11939
f 11943 11939 11938
f 11943 11938 11942
f 11943 11944 11941
f 11943 11945 11944
f 11946 11871 11872
f 11946 11872 11873
f 11946 11942 11871
f 11946 11943 11942
f 11947 11945 11943
f 11947 11943 11946
f 11947 11948 11945
f 11947 11949 11948
f 11950 11873 11874
f 11950 11874 11875
f 11950 11946 11873
f 11951 11946 11950
f 11951 11947 11946
f 11951 11949 11947
f 11951 11952 11949
f 11951 11953 11952
f 11954 11875 11876
f 11954 11876 11877
f 11954 11950 11875
f 11954 11951 11950
f 11955 11953 11951
f 11955 11951 11954
f 11955 11956 11953
f 11955 11957 11956
f 11958 11877 11878
f 11958 11878 11879
f 11958 11954 11877
f 11959 11954 11958
f 11959 11955 11954
f 11959 11957 11955
f 11959 11960 11957
f 11959 11961 11960
f 11962 11879 11880
f 11962 11959 11958
f 11962 11880 11881
f 11962 11958 11879
f 11963 11959 11962
f 11963 11961 11959
f 11963 11964 11961
f 11963 11965 11964
f 11966 11881 11882
f 11966 11882 11883
f 11966 11962 11881
f 11967 11963 11962
f 11967 11965 11963
f 11967 11968 11965
f 11967 11969 11968
f 11967 11962 11966
f 11970 11883 11884
f 11970 11884 11885
f 11970 11966 11883
f 11971 11966 11970
f 11971 11972 11969
f 11971 11973 11972
f 11971 11967 11966
f 11971 11969 11967
f 11974 11885 11886
f 11974 11886 11887
f 11974 11970 11885
f 11975 11970 11974
f 11975 11971 11970
f 11975 11973 11971
f 11975 11976 11973
f 11975 11977 11976
f 11978 11974 11887
f 11978 11887 11888
f 11978 11888 11889
f 11979 11974 11978
f 11979 11975 11974
f 11979 11977 11975
f 11979 11980 11977
f 11979 11981 11980
f 11982 11889 11890
f 11982 11978 11889
f 11983 11981 11979
f 11983 11978 11982
f 11983 11979 11978
f 11983 11984 11981
f 11985 11890 11891
f 11985 11891 11892
f 11985 11982 11890
f 11986 11984 11983
f 11986 11983 11982
f 11986 11982 11985
f 11986 11987 11984
f 11986 11988 11987
f 11989 11892 11893
f 11989 11985 11892
f 11989 11893 11894
f 11990 11991 11992
f 11990 11988 11986
f 11990 11986 11985
f 11990 11985 11989
f 11990 11992 11988
f 11993 11894 11895
f 11993 11895 11896
f 11993 11989 11894
f 11994 11995 11991
f 11994 11996 11995
f 11994 11989 11993
f 11994 11990 11989
f 11994 11991 11990
f 11997 11993 11896
f 11997 11896 11897
f 11997 11897 11898
f 11998 11999 11996
f 11998 12000 11999
f 11998 11996 11994
f 11998 11993 11997
f 11998 11994 11993
f 12001 11898 11899
f 12001 11899 11900
f 12001 11997 11898
f 12002 12003 12000
f 12002 11997 12001
f 12002 12004 12003
f 12002 12000 11998
f 12002 11998 11997
f 12005 12001 11900
f 12005 11900 11901
f 12005 11901 11902
f 12005 12002 12001
f 12006 12007 12004
f 12006 12008 12007
f 12006 12004 12002
f 12006 12002 12005
f 12009 12006 12005
f 12009 12005 11902
f 12009 11902 11903
f 12009 11903 11904
f 12010 12011 12008
f 12010 12012 12011
f 12010 12008 12006
f 12010 12006 12009
f 12013 11904 11905
f 12013 11905 11906
f 12013 12009 11904
f 12014 12012 12010
f 12014 12015 12012
f 12014 12016 12015
f 12014 12010 12009
f 12014 12009 12013
f 12017 11906 11907
f 12017 11907 11908
f 12017 12013 11906
f 12017 12014 12013
f 12018 12019 12016
f 12018 12020 12019
f 12018 12016 12014
f 12018 12014 12017
f 12021 11908 11909
f 12021 11909 11910
f 12021 12017 11908
f 12022 12017 12021
f 12022 12023 12020
f 12022 12024 12023
f 12022 12020 12018
f 12022 12018 12017
f 12025 12021 11910
f 12025 11910 11911
f 12025 11911 11912
f 12026 12022 12021
f 12026 12027 12024
f 12026 12028 12027
f 12026 12021 12025
f 12026 12024 12022
f 12029 12025 11912
f 12029 12026 12025
f 12029 11912 11913
f 12029 11913 11914
f 12030 12028 12026
f 12030 12031 12028
f 12030 12032 12031
f 12030 12026 12029
f 12033 12029 11914
f 12033 11914 11915
f 12033 11915 11916
f 12034 12032 12030
f 12034 12030 12029
f 12034 12035 12032
f 12034 12036 12035
f 12034 12029 12033
f 12037 12033 11916
f 12037 11916 11917
f 12037 11917 11918
f 12038 12036 12034
f 12038 12039 12036
f 12038 12040 12039
f 12038 12034 12033
f 12038 12033 12037
f 12041 12037 11918
f 12041 11918 11919
f 12041 11919 11920
f 12041 11920 10985
f 12042 12043 12040
f 12042 12037 12041
f 12042 12044 12043
f 12042 12038 12037
f 12042 10981 12044
f 12042 12041 10985
f 12042 10985 10981
f 12042 12040 12038
f 12045 11577 11575
f 12045 11579 11577
f 12045 10978 11579
f 12046 10981 10978
f 12046 12040 12043
f 12046 12043 12044
f 12046 12044 10981
f 12046 10978 12045
f 12047 12045 11575
f 12047 11573 11571
f 12047 11575 11573
f 12048 12046 12045
f 12048 12040 12046
f 12048 12036 12039
f 12048 12039 12040
f 12048 12045 12047
f 12049 11568 11567
f 12049 11571 11568
f 12049 12047 11571
f 12050 12047 12049
f 12050 12032 12035
f 12050 12035 12036
f 12050 12048 12047
f 12050 12036 12048
f 12051 11565 11563
f 12051 11567 11565
f 12051 12050 12049
f 12051 12049 11567
f 12052 12028 12031
f 12052 12031 12032
f 12052 12050 12051
f 12052 12032 12050
f 12053 12051 11563
f 12053 11561 11559
f 12053 11563 11561
f 12054 12024 12027
f 12054 12027 12028
f 12054 12051 12053
f 12054 12052 12051
f 12054 12028 12052
f 12055 12054 12053
f 12055 12053 11559
f 12055 11557 11555
f 12055 11559 11557
f 12056 12024 12054
f 12056 12020 12023
f 12056 12023 12024
f 12056 12054 12055
f 12057 11553 11551
f 12057 11555 11553
f 12057 12055 11555
f 12058 12016 12019
f 12058 12019 12020
f 12058 12056 12055
f 12058 12020 12056
f 12058 12055 12057
f 12059 11549 11547
f 12059 11551 11549
f 12059 12057 11551
f 12060 12012 12015
f 12060 12015 12016
f 12060 12058 12057
f 12060 12057 12059
f 12060 12016 12058
f 12061 12059 11547
f 12061 11544 11543
f 12061 11547 11544
f 12062 12059 12061
f 12062 12008 12011
f 12062 12011 12012
f 12062 12060 12059
f 12062 12012 12060
f 12063 11541 11539
f 12063 11543 11541
f 12063 12061 11543
f 12064 12004 12007
f 12064 12007 12008
f 12064 12061 12063
f 12064 12062 12061
f 12064 12008 12062
f 12065 11536 11534
f 12065 11539 11536
f 12065 12063 11539
f 12066 12000 12003
f 12066 12003 12004
f 12066 12004 12064
f 12066 12064 12063
f 12066 12063 12065
f 12067 11533 11530
f 12067 11534 11533
f 12067 12065 11534
f 12068 11996 11999
f 12068 11999 12000
f 12068 12065 12067
f 12068 12000 12066
f 12068 12066 12065
f 12069 11528 11526
f 12069 11530 11528
f 12069 12067 11530
f 12070 11991 11995
f 12070 11995 11996
f 12070 12068 12067
f 12070 12067 12069
f 12070 11996 12068
f 12071 11525 11523
f 12071 11526 11525
f 12071 12069 11526
f 12072 11992 11991
f 12072 12070 12069
f 12072 11991 12070
f 12072 12069 12071
f 12072 11988 11992
f 12073 12071 11523
f 12073 11520 11518
f 12073 11523 11520
f 12074 12072 12071
f 12074 11988 12072
f 12074 12071 12073
f 12074 11984 11987
f 12074 11987 11988
f 12075 12073 11518
f 12075 11518 11517
f 12076 12073 12075
f 12076 12074 12073
f 12076 11984 12074
f 12076 11981 11984
f 12077 11514 11512
f 12077 11517 11514
f 12077 12075 11517
f 12078 12076 12075
f 12078 12075 12077
f 12078 11981 12076
f 12078 11977 11980
f 12078 11980 11981
f 12079 11511 11509
f 12079 11512 11511
f 12079 12078 12077
f 12079 12077 11512
f 12080 12078 12079
f 12080 11977 12078
f 12080 11973 11976
f 12080 11976 11977
f 12081 11507 11504
f 12081 11509 11507
f 12081 12079 11509
f 12082 12079 12081
f 12082 12080 12079
f 12082 11969 11972
f 12082 11972 11973
f 12082 11973 12080
f 12083 11502 11501
f 12083 11504 11502
f 12083 12081 11504
f 12084 12081 12083
f 12084 11969 12082
f 12084 12082 12081
f 12084 11965 11968
f 12084 11968 11969
f 12085 11498 11497
f 12085 11501 11498
f 12085 12083 11501
f 12086 12083 12085
f 12086 12084 12083
f 12086 11965 12084
f 12086 11961 11964
f 12086 11964 11965
f 12087 11494 11492
f 12087 11497 11494
f 12087 12085 11497
f 12088 12086 12085
f 12088 11961 12086
f 12088 12085 12087
f 12088 11957 11960
f 12088 11960 11961
f 12089 12087 11492
f 12089 12088 12087
f 12089 11490 11489
f 12089 11492 11490
f 12090 12088 12089
f 12090 11953 11956
f 12090 11956 11957
f 12090 11957 12088
f 12091 12090 12089
f 12091 11486 11484
f 12091 11489 11486
f 12091 12089 11489
f 12092 12090 12091
f 12092 11949 11952
f 12092 11952 11953
f 12092 11953 12090
f 12093 11483 11481
f 12093 11484 11483
f 12093 12091 11484
f 12094 11945 11948
f 12094 11948 11949
f 12094 12092 12091
f 12094 11949 12092
f 12094 12091 12093
f 12095 11479 11477
f 12095 11481 11479
f 12095 12093 11481
f 12096 11945 12094
f 12096 12093 12095
f 12096 11941 11944
f 12096 11944 11945
f 12096 12094 12093
f 12097 11474 11473
f 12097 11477 11474
f 12097 12095 11477
f 12097 12096 12095
f 12098 11941 12096
f 12098 11937 11940
f 12098 11940 11941
f 12098 12096 12097
f 12099 11470 11469
f 12099 11473 11470
f 12099 12097 11473
f 12100 12098 12097
f 12100 12097 12099
f 12100 11937 12098
f 12100 11933 11936
f 12100 11936 11937
f 12101 11467 11465
f 12101 11469 11467
f 12101 12099 11469
f 12102 11933 12100
f 12102 12099 12101
f 12102 12100 12099
f 12102 11929 11932
f 12102 11932 11933
f 12103 11463 11461
f 12103 11465 11463
f 12103 12101 11465
f 12104 12102 12101
f 12104 11929 12102
f 12104 11925 11928
f 12104 11928 11929
f 12104 12101 12103
f 12105 11457 10798
f 12105 11459 11457
f 12105 11461 11459
f 12105 12103 11461
f 12106 12105 10798
f 12106 12104 12103
f 12106 11925 12104
f 12106 10798 10803
f 12106 10803 11923
f 12106 11923 11924
f 12106 11924 11925
f 12106 12103 12105
# Vertices: 12106, normals: 0, texture coordinates: 0, faces: 24456

