# File generated by ImageToStl.com - Free Image and 3D model conversion tools

mtllib key holder.mtl

o obj1
v 57.6173439 -24.66952324 10
v 71.40304565 -16.88949394 10
v 71.40304565 -16.88949394 7
v 57.6173439 -24.66952324 7
v 51.05047989 -56.16748428 10
v 50.42502594 -59.16748428 7
v 90 -21.84758759 10
v 93 -22.64741135 7
v -45.96181488 58.83251572 10
v -57.2366333 37.48214722 10
v -57.2366333 37.48214722 7
v -44.37755585 61.83251572 7
v -90 31.54161644 10
v -93 30.99766731 7
v 54.60616684 33.79334641 10
v 51.1770134 43.25683594 10
v 51.1770134 43.25683594 7
v 54.60616684 33.79334641 7
v 90 23.42622185 10
v 90.36756897 23.31855774 7
v 90.36756897 23.31855774 9.63243294
v 93 23.83016014 7
v 53.80506134 58.83251572 10
v 54.31124496 61.83251572 7
v 26.99864388 30.95498657 10
v 6.82896328 44.07161331 10
v 6.82896328 44.07161331 7
v 26.99864388 30.95498657 7
v 50.13208771 43.5551796 10
v 50.13208771 43.5551796 7
v 52.70979691 58.83251572 10
v 53.21598053 61.83251572 7
v 4.31208467 58.83251572 10
v 3.80055523 61.83251572 7
v -78.57737732 -19.45033836 7
v -90 -22.45190239 10
v -93 -23.24022293 7
v -78.57737732 -19.45033836 10
v -61.21921921 0.11203285 10
v -61.21921921 0.11203285 7
v -59.63444901 3.96482921 10
v -59.63444901 3.96482921 7
v -90 19.67684555 10
v -93 21.2291317 7
v -78.3350296 -20.50331879 10
v -55.77390671 -31.17412186 10
v -55.77390671 -31.17412186 7
v -78.3350296 -20.50331879 7
v -90 -23.56856728 10
v -93 -24.35688782 7
v -54.9928627 -56.16748428 10
v -54.8991127 -59.16748428 7
v -25.78216362 31.49884033 7
v -31.1501255 58.83251572 10
v -31.73928452 61.83251572 7
v -25.78216362 31.49884033 10
v -6.81768656 21.33864403 7
v -6.81768656 21.33864403 10
v -2.94801664 23.15571594 10
v -2.94801664 23.15571594 7
v 5.7775445 43.81257248 10
v 5.7775445 43.81257248 7
v 3.21649742 58.83251572 10
v 2.70496798 61.83251572 7
v -56.29346848 36.9553833 7
v -44.74047089 58.83251572 10
v -43.15621185 61.83251572 7
v -56.29346848 36.9553833 10
v -49.43917847 17.72138786 10
v -49.43917847 17.72138786 7
v -37.64228058 18.53199387 10
v -37.64228058 18.53199387 7
v -26.8426342 31.29435158 7
v -26.8426342 31.29435158 10
v -32.25075531 58.83251572 10
v -32.83991241 61.83251572 7
v -90 30.44400787 10
v -57.23657227 36.38454819 10
v -57.23657227 36.38454819 7
v -93 29.90005875 7
v -58.94802856 4.82566643 7
v -90 20.8928566 10
v -93 22.44514465 7
v -58.94802856 4.82566643 10
v -57.78101349 5.43543577 10
v -57.78101349 5.43543577 7
v -50.40685654 17.21951294 10
v -50.40685654 17.21951294 7
v 22.32831955 -31.0006218 10
v 22.49370003 -31.16217804 10
v 22.49370003 -31.16217804 7
v 22.32831955 -31.0006218 7
v 11.35737324 -30.73573112 10
v 11.35737324 -30.73573112 7
v -9.02806759 -46.46502686 7
v -9.02806759 -46.46502686 10
v -10.00313091 -56.16748428 10
v -10.30462074 -59.16748428 7
v 32.24864578 -56.16748428 10
v 33.41899109 -59.16748428 7
v 90 21.92341232 10
v 90.53974915 22.25181389 9.46024799
v 90.53974915 22.25181389 7
v 72.55266571 11.30789185 7
v 72.55266571 11.30789185 10
v 69.18713379 -10.16699314 10
v 69.18713379 -10.16699314 7
v 71.71788025 -15.85570717 10
v 71.71788025 -15.85570717 7
v 90 -20.72986412 10
v 93 -21.52968597 7
v 93 22.72995377 7
v 23.65698814 -31.172472 10
v 49.01881409 -21.75422859 10
v 49.01881409 -21.75422859 7
v 23.65698814 -31.172472 7
v 33.40791702 -56.16748428 10
v 34.57826233 -59.16748428 7
v 56.51657486 -24.65775681 7
v 49.947258 -56.16748428 10
v 49.32180405 -59.16748428 7
v 56.51657486 -24.65775681 10
v -37.60108948 17.45227814 10
v -18.91042137 -3.08533764 10
v -18.91042137 -3.08533764 7
v -37.60108948 17.45227814 7
v -49.49875641 16.63474655 10
v -49.49875641 16.63474655 7
v -56.65776825 5.1944766 10
v -56.65776825 5.1944766 7
v -30.06679153 -11.57081985 10
v -30.06679153 -11.57081985 7
v -18.89579201 -3.64230204 10
v -18.89579201 -3.64230204 7
v -28.52271461 -29.64026642 10
v -13.02507782 -40.73739243 10
v -13.02507782 -40.73739243 7
v -28.52271461 -29.64026642 7
v -32.83322906 -33.51293945 10
v -32.83322906 -33.51293945 7
v -40.62797546 -56.16748428 10
v -41.66018295 -59.16748428 7
v -10.09568024 -46.28763199 7
v -11.08857155 -56.16748428 10
v -11.39006042 -59.16748428 7
v -10.09568024 -46.28763199 10
v 45.95557785 7.46742678 10
v 68.18818665 -10.57857227 10
v 68.18818665 -10.57857227 7
v 45.95557785 7.46742678 7
v 40.13531876 5.11136484 10
v 40.13531876 5.11136484 7
v 37.86439133 -1.84682369 10
v 37.86439133 -1.84682369 7
v 49.38851547 -20.73924255 10
v 49.38851547 -20.73924255 7
v 57.09562302 -23.72384071 10
v 57.09562302 -23.72384071 7
v 70.63648987 -16.08198357 10
v 70.63648987 -16.08198357 7
v 27.50189018 29.99927902 10
v 50.32728958 42.43169403 10
v 50.32728958 42.43169403 7
v 27.50189018 29.99927902 7
v 26.93763161 15.44247913 10
v 26.93763161 15.44247913 7
v 39.77470016 6.13051653 10
v 39.77470016 6.13051653 7
v 45.69668579 8.52775764 10
v 45.69668579 8.52775764 7
v 52.46268082 18.26815414 10
v 52.46268082 18.26815414 7
v 53.64421082 33.27794647 7
v 53.64421082 33.27794647 10
v -6.43204403 20.32658768 10
v -2.59244823 22.12953949 10
v -2.59244823 22.12953949 7
v -6.43204403 20.32658768 7
v -17.8325882 -2.98862791 10
v -17.8325882 -2.98862791 7
v -17.81647682 -3.6020627 10
v -17.81647682 -3.6020627 7
v -7.13212109 -9.87300014 7
v -7.13212109 -9.87300014 10
v -6.47072649 -9.95968151 10
v -6.47072649 -9.95968151 7
v 9.83822918 -2.62763596 10
v 9.83822918 -2.62763596 7
v 12.59343719 10.95203495 10
v 12.59343719 10.95203495 7
v -36.65916824 18.02186775 10
v -26.13269424 30.46140671 10
v -26.13269424 30.46140671 7
v -36.65916824 18.02186775 7
v -18.51170158 -1.91886711 10
v -18.51170158 -1.91886711 7
v -7.54733562 20.50432205 10
v -7.54733562 20.50432205 7
v -1.86790001 22.93725204 10
v 6.58280182 42.94340897 10
v 6.58280182 42.94340897 7
v -1.86790001 22.93725204 7
v 13.29359055 11.77770138 10
v 13.29359055 11.77770138 7
v 25.86216354 15.58032703 10
v 25.86216354 15.58032703 7
v 26.4227047 30.0412426 10
v 26.4227047 30.0412426 7
v -6.86903334 -10.9967165 10
v -6.65816641 -11.02435207 10
v -6.65816641 -11.02435207 7
v -6.86903334 -10.9967165 7
v -12.04305935 -40.28422928 10
v -12.04305935 -40.28422928 7
v -9.36401749 -45.36012268 10
v -9.36401749 -45.36012268 7
v 10.38984203 -30.11815262 10
v 10.38984203 -30.11815262 7
v -29.35335541 -12.388834 10
v -18.32061958 -4.55844784 10
v -18.32061958 -4.55844784 7
v -29.35335541 -12.388834 7
v -28.04283905 -28.65555763 10
v -28.04283905 -28.65555763 7
v -12.98965549 -39.43443298 10
v -12.98965549 -39.43443298 7
v -7.90801811 -10.66988564 10
v -7.90801811 -10.66988564 7
v 53.56089401 18.45708084 10
v 54.67788315 32.64696503 10
v 54.67788315 32.64696503 7
v 53.56089401 18.45708084 7
v 71.9923172 12.23115063 7
v 71.9923172 12.23115063 10
v 89.01617432 22.58901596 10
v 89.01617432 22.58901596 7
v -77.40011597 -19.75079918 10
v -60.88022995 -1.13314903 10
v -60.88022995 -1.13314903 7
v -77.40011597 -19.75079918 7
v -55.33049393 -30.1891346 10
v -55.33049393 -30.1891346 7
v -54.11856079 -29.14789772 10
v -54.11856079 -29.14789772 7
v -50.2562561 -22.35005188 10
v -50.2562561 -22.35005188 7
v -5.49523592 -10.70525169 10
v 10.2545042 -3.62461329 10
v 10.2545042 -3.62461329 7
v -5.49523592 -10.70525169 7
v 11.42600727 -29.65707397 10
v 11.42600727 -29.65707397 7
v 22.05095482 -29.91360855 10
v 22.05095482 -29.91360855 7
v 23.25312042 -12.69315529 10
v 23.25312042 -12.69315529 7
v -58.52228928 3.82957864 10
v -57.42625427 4.40225887 10
v -57.42625427 4.40225887 7
v -58.52228928 3.82957864 7
v -60.16168213 -0.15601654 10
v -60.16168213 -0.15601654 7
v -49.40864563 -21.63066483 7
v -49.40864563 -21.63066483 10
v -31.31225014 -12.06231213 10
v -31.31225014 -12.06231213 7
v -54.69668198 -31.06845093 10
v -53.53878021 -30.07363319 10
v -53.53878021 -30.07363319 7
v -54.69668198 -31.06845093 7
v -53.91233444 -56.16748428 10
v -53.81858444 -59.16748428 7
v -34.01346588 -33.62365341 7
v -41.7701149 -56.16748428 10
v -42.80232239 -59.16748428 7
v -34.01346588 -33.62365341 10
v 13.65629578 10.75909042 10
v 26.28671265 14.58042622 10
v 26.28671265 14.58042622 7
v 13.65629578 10.75909042 7
v 10.91205978 -2.76650262 7
v 10.91205978 -2.76650262 10
v 23.79508781 -11.75440407 10
v 23.79508781 -11.75440407 7
v 36.81165695 -1.59149873 10
v 36.81165695 -1.59149873 7
v 39.06455231 5.3114295 10
v 39.06455231 5.3114295 7
v 24.33506203 -12.70300388 10
v 37.12848282 -2.714324 10
v 37.12848282 -2.714324 7
v 24.33506203 -12.70300388 7
v 23.11199951 -30.22279167 7
v 23.11199951 -30.22279167 10
v 48.22063446 -20.89857292 10
v 48.22063446 -20.89857292 7
v 46.77778625 8.19104671 10
v 53.20140839 17.43856049 10
v 53.20140839 17.43856049 7
v 46.77778625 8.19104671 7
v 68.2407608 -9.2302494 10
v 68.2407608 -9.2302494 7
v 71.45402527 11.27302933 10
v 71.45402527 11.27302933 7
v -49.2526207 -22.76984215 10
v -30.40345001 -12.80346489 10
v -30.40345001 -12.80346489 7
v -49.2526207 -22.76984215 7
v -52.84987259 -29.10118294 10
v -52.84987259 -29.10118294 7
v -33.46221161 -32.62617493 10
v -33.46221161 -32.62617493 7
v -29.1206913 -28.72565079 10
v -29.1206913 -28.72565079 7
v 70.8656311 -36.83907318 10
v 71.15118408 -36.56055069 10
v 70.59431458 -37.13148117 10
v 71.45026398 -36.29661179 10
v 70.33791351 -37.43704987 10
v 71.76213074 -36.04790497 10
v 70.09706116 -37.75501633 10
v 72.08600616 -35.81505585 10
v 69.8723526 -38.08459473 10
v 72.42108154 -35.59864044 10
v 69.66436005 -38.4249649 10
v 72.7665329 -35.39919281 10
v 69.47358704 -38.77528 10
v 73.12149048 -35.21721649 10
v 69.30051422 -39.13467026 10
v 73.48508453 -35.05315781 10
v 69.14557648 -39.50223923 10
v 73.85639954 -34.90742493 10
v 69.00914764 -39.8770752 10
v 74.23451996 -34.78038406 10
v 68.89157104 -40.25824356 10
v 74.61850739 -34.67234802 10
v 68.79314423 -40.64479828 10
v 75.00739288 -34.58358765 10
v 68.7141037 -41.03578186 10
v 75.40022278 -34.51432037 10
v 68.65464783 -41.43021774 10
v 75.79602051 -34.46472168 10
v 68.61493683 -41.82712555 10
v 76.19379425 -34.43490982 10
v 68.595047 -42.22552109 10
v 76.59256744 -34.4249649 10
v 68.595047 -42.62441254 10
v 76.99133301 -34.43490982 10
v 68.61493683 -43.02280807 10
v 77.38910675 -34.46472168 10
v 68.65464783 -43.41971588 10
v 77.78490448 -34.51432037 10
v 68.7141037 -43.81415176 10
v 78.17773438 -34.58358765 10
v 68.79314423 -44.20513535 10
v 78.56661987 -34.67234802 10
v 68.89157104 -44.59169006 10
v 78.9506073 -34.78038406 10
v 69.00914764 -44.97285843 10
v 79.32872772 -34.90742493 10
v 69.14557648 -45.3476944 10
v 79.70004272 -35.05315781 10
v 69.30051422 -45.71526337 10
v 80.06363678 -35.21721649 10
v 69.47358704 -46.07465363 10
v 80.41859436 -35.39919281 10
v 69.66436005 -46.4249649 10
v 80.76404572 -35.59864044 10
v 69.8723526 -46.76533508 10
v 81.09912109 -35.81505585 10
v 70.09706116 -47.0949173 10
v 81.42299652 -36.04790497 10
v 70.33791351 -47.41288376 10
v 81.73486328 -36.29661179 10
v 70.59431458 -47.71845245 10
v 82.03394318 -36.56055069 10
v 70.8656311 -48.01086044 10
v 82.31949615 -36.83907318 10
v 71.15118408 -48.28938293 10
v 82.59081268 -37.13148117 10
v 71.45026398 -48.55332184 10
v 82.84721375 -37.43704987 10
v 71.76213074 -48.80202484 10
v 83.0880661 -37.75501633 10
v 72.08600616 -49.03487778 10
v 83.31277466 -38.08459473 10
v 72.42108154 -49.25129318 10
v 83.52076721 -38.4249649 10
v 72.7665329 -49.45074081 10
v 83.71154022 -38.77528 10
v 73.12149048 -49.63271713 10
v 83.88461304 -39.13467026 10
v 73.48508453 -49.79677582 10
v 84.03955078 -39.50223923 10
v 73.85639954 -49.9425087 10
v 84.17597961 -39.8770752 10
v 74.23451996 -50.06954956 10
v 84.29355621 -40.25824356 10
v 84.39199066 -40.64479828 10
v 76.19379425 -50.4150238 10
v 84.92893219 -56.16748428 10
v 76.59256744 -50.4249649 10
v 75.79602051 -50.38521194 10
v 75.40022278 -50.33561325 10
v 75.00739288 -50.26634598 10
v 74.61850739 -50.1775856 10
v 81.73486328 -48.55332184 10
v 82.03394318 -48.28938293 10
v 81.42299652 -48.80202484 10
v 81.09912109 -49.03487778 10
v 80.76404572 -49.25129318 10
v 80.41859436 -49.45074081 10
v 80.06363678 -49.63271713 10
v 79.70004272 -49.79677582 10
v 79.32872772 -49.9425087 10
v 78.9506073 -50.06954956 10
v 78.56661987 -50.1775856 10
v 78.17773438 -50.26634598 10
v 77.78490448 -50.33561325 10
v 77.38910675 -50.38521194 10
v 76.99133301 -50.4150238 10
v 84.59008026 -42.62441254 10
v 90 -51.09641647 10
v 84.59008026 -42.22552109 10
v 84.57019043 -43.02280807 10
v 84.53047943 -43.41971588 10
v 84.47102356 -43.81415176 10
v 84.39199066 -44.20513535 10
v 84.29355621 -44.59169006 10
v 84.17597961 -44.97285843 10
v 84.03955078 -45.3476944 10
v 83.88461304 -45.71526337 10
v 83.71154022 -46.07465363 10
v 83.52076721 -46.4249649 10
v 83.31277466 -46.76533508 10
v 83.0880661 -47.0949173 10
v 82.84721375 -47.41288376 10
v 82.59081268 -47.71845245 10
v 82.31949615 -48.01086044 10
v 84.47102356 -41.03578186 10
v 84.53047943 -41.43021774 10
v 84.57019043 -41.82712555 10
v -84.92893219 -56.16748428 10
v -87 -61.16748428 5
v 87 -61.16748428 5
v 95 -53.16748428 5
v 95 55.83251572 5
v 90 53.76144791 10
v -90 53.76144791 10
v -84.92893219 58.83251572 10
v 84.92893219 58.83251572 10
v 87 63.83251572 5
v -87 63.83251572 5
v -90 -51.09641647 10
v -95 -53.16748428 5
v -95 55.83251572 5
v -82.31949615 -36.83907318 10
v -82.03394318 -36.56055069 10
v -82.59081268 -37.13148117 10
v -81.73486328 -36.29661179 10
v -82.84721375 -37.43704987 10
v -81.42299652 -36.04790497 10
v -83.0880661 -37.75501633 10
v -81.09912109 -35.81505585 10
v -83.31277466 -38.08459473 10
v -80.76404572 -35.59864044 10
v -83.52076721 -38.4249649 10
v -80.41859436 -35.39919281 10
v -83.71154022 -38.77528 10
v -80.06363678 -35.21721649 10
v -83.88461304 -39.13467026 10
v -79.70004272 -35.05315781 10
v -84.03955078 -39.50223923 10
v -79.32872772 -34.90742493 10
v -84.17597961 -39.8770752 10
v -78.9506073 -34.78038406 10
v -84.29355621 -40.25824356 10
v -78.56661987 -34.67234802 10
v -84.39199066 -40.64479828 10
v -78.17773438 -34.58358765 10
v -84.47102356 -41.03578186 10
v -77.78490448 -34.51432037 10
v -77.38910675 -34.46472168 10
v -76.99133301 -34.43490982 10
v -76.59256744 -34.4249649 10
v -76.19379425 -34.43490982 10
v -75.79602051 -34.46472168 10
v -75.40022278 -34.51432037 10
v -75.00739288 -34.58358765 10
v -74.61850739 -34.67234802 10
v -74.23451996 -34.78038406 10
v -73.85639954 -34.90742493 10
v -84.59008026 -42.22552109 10
v -84.59008026 -42.62441254 10
v -84.57019043 -43.02280807 10
v -84.53047943 -43.41971588 10
v -84.47102356 -43.81415176 10
v -84.39199066 -44.20513535 10
v -84.29355621 -44.59169006 10
v -84.17597961 -44.97285843 10
v -84.53047943 -41.43021774 10
v -84.57019043 -41.82712555 10
v -84.03955078 -45.3476944 10
v -73.48508453 -35.05315781 10
v -83.88461304 -45.71526337 10
v -73.12149048 -35.21721649 10
v -83.71154022 -46.07465363 10
v -72.7665329 -35.39919281 10
v -83.52076721 -46.4249649 10
v -83.31277466 -46.76533508 10
v -83.0880661 -47.0949173 10
v -82.84721375 -47.41288376 10
v -82.59081268 -47.71845245 10
v -82.31949615 -48.01086044 10
v -82.03394318 -48.28938293 10
v -81.73486328 -48.55332184 10
v -81.42299652 -48.80202484 10
v -81.09912109 -49.03487778 10
v -80.76404572 -49.25129318 10
v -80.41859436 -49.45074081 10
v -80.06363678 -49.63271713 10
v -79.70004272 -49.79677582 10
v -79.32872772 -49.9425087 10
v -78.9506073 -50.06954956 10
v -78.56661987 -50.1775856 10
v -78.17773438 -50.26634598 10
v -77.78490448 -50.33561325 10
v -77.38910675 -50.38521194 10
v -76.99133301 -50.4150238 10
v -76.59256744 -50.4249649 10
v -76.19379425 -50.4150238 10
v -75.79602051 -50.38521194 10
v -75.40022278 -50.33561325 10
v -75.00739288 -50.26634598 10
v -68.61493683 -43.02280807 10
v -68.595047 -42.62441254 10
v -68.595047 -42.22552109 10
v -68.61493683 -41.82712555 10
v -68.65464783 -41.43021774 10
v -68.7141037 -41.03578186 10
v -68.79314423 -40.64479828 10
v -68.89157104 -40.25824356 10
v -69.00914764 -39.8770752 10
v -69.14557648 -39.50223923 10
v -69.30051422 -39.13467026 10
v -69.47358704 -38.77528 10
v -69.66436005 -38.4249649 10
v -69.8723526 -38.08459473 10
v -70.09706116 -37.75501633 10
v -70.33791351 -37.43704987 10
v -70.59431458 -37.13148117 10
v -70.8656311 -36.83907318 10
v -71.15118408 -36.56055069 10
v -71.45026398 -36.29661179 10
v -71.76213074 -36.04790497 10
v -72.08600616 -35.81505585 10
v -72.42108154 -35.59864044 10
v -74.61850739 -50.1775856 10
v -74.23451996 -50.06954956 10
v -73.85639954 -49.9425087 10
v -73.48508453 -49.79677582 10
v -73.12149048 -49.63271713 10
v -72.7665329 -49.45074081 10
v -72.42108154 -49.25129318 10
v -72.08600616 -49.03487778 10
v -71.76213074 -48.80202484 10
v -71.45026398 -48.55332184 10
v -71.15118408 -48.28938293 10
v -70.8656311 -48.01086044 10
v -70.59431458 -47.71845245 10
v -70.33791351 -47.41288376 10
v -70.09706116 -47.0949173 10
v -69.8723526 -46.76533508 10
v -69.66436005 -46.4249649 10
v -69.47358704 -46.07465363 10
v -69.30051422 -45.71526337 10
v -69.14557648 -45.3476944 10
v -69.00914764 -44.97285843 10
v -68.89157104 -44.59169006 10
v -68.79314423 -44.20513535 10
v -68.7141037 -43.81415176 10
v -68.65464783 -43.41971588 10
v 76.19379425 -50.4150238 8
v 76.59256744 -50.4249649 8
v 75.79602051 -50.38521194 8
v 75.40022278 -50.33561325 8
v 75.00739288 -50.26634598 8
v 74.61850739 -50.1775856 8
v 74.23451996 -50.06954956 8
v 73.85639954 -49.9425087 8
v 73.48508453 -49.79677582 8
v 73.12149048 -49.63271713 8
v 72.7665329 -49.45074081 8
v 72.42108154 -49.25129318 8
v 72.08600616 -49.03487778 8
v 71.76213074 -48.80202484 8
v 71.45026398 -48.55332184 8
v 71.15118408 -48.28938293 8
v 70.8656311 -48.01086044 8
v 70.59431458 -47.71845245 8
v 70.33791351 -47.41288376 8
v 70.09706116 -47.0949173 8
v 69.8723526 -46.76533508 8
v 69.66436005 -46.4249649 8
v 69.47358704 -46.07465363 8
v 69.30051422 -45.71526337 8
v 69.14557648 -45.3476944 8
v 69.00914764 -44.97285843 8
v 68.89157104 -44.59169006 8
v 68.79314423 -44.20513535 8
v 68.7141037 -43.81415176 8
v 68.65464783 -43.41971588 8
v 68.61493683 -43.02280807 8
v 68.595047 -42.62441254 8
v 68.595047 -42.22552109 8
v 68.61493683 -41.82712555 8
v 68.65464783 -41.43021774 8
v 68.7141037 -41.03578186 8
v 68.79314423 -40.64479828 8
v 68.89157104 -40.25824356 8
v 69.00914764 -39.8770752 8
v 69.14557648 -39.50223923 8
v 69.30051422 -39.13467026 8
v 69.47358704 -38.77528 8
v 69.66436005 -38.4249649 8
v 69.8723526 -38.08459473 8
v 70.09706116 -37.75501633 8
v 70.33791351 -37.43704987 8
v 70.59431458 -37.13148117 8
v 70.8656311 -36.83907318 8
v 71.15118408 -36.56055069 8
v 71.45026398 -36.29661179 8
v 71.76213074 -36.04790497 8
v 72.08600616 -35.81505585 8
v 72.42108154 -35.59864044 8
v 72.7665329 -35.39919281 8
v 73.12149048 -35.21721649 8
v 73.48508453 -35.05315781 8
v 73.85639954 -34.90742493 8
v 74.23451996 -34.78038406 8
v 74.61850739 -34.67234802 8
v 75.00739288 -34.58358765 8
v 75.40022278 -34.51432037 8
v 75.79602051 -34.46472168 8
v 76.19379425 -34.43490982 8
v 76.59256744 -34.4249649 8
v 76.99133301 -34.43490982 8
v 77.38910675 -34.46472168 8
v 77.78490448 -34.51432037 8
v 78.17773438 -34.58358765 8
v 78.56661987 -34.67234802 8
v 78.9506073 -34.78038406 8
v 79.32872772 -34.90742493 8
v 79.70004272 -35.05315781 8
v 80.06363678 -35.21721649 8
v 80.41859436 -35.39919281 8
v 80.76404572 -35.59864044 8
v 81.09912109 -35.81505585 8
v 81.42299652 -36.04790497 8
v 81.73486328 -36.29661179 8
v 82.03394318 -36.56055069 8
v 82.31949615 -36.83907318 8
v 82.59081268 -37.13148117 8
v 82.84721375 -37.43704987 8
v 83.0880661 -37.75501633 8
v 83.31277466 -38.08459473 8
v 83.52076721 -38.4249649 8
v 83.71154022 -38.77528 8
v 83.88461304 -39.13467026 8
v 84.03955078 -39.50223923 8
v 84.17597961 -39.8770752 8
v 84.29355621 -40.25824356 8
v 84.39199066 -40.64479828 8
v 84.47102356 -41.03578186 8
v 84.53047943 -41.43021774 8
v 84.57019043 -41.82712555 8
v 84.59008026 -42.22552109 8
v 84.59008026 -42.62441254 8
v 84.57019043 -43.02280807 8
v 84.53047943 -43.41971588 8
v 84.47102356 -43.81415176 8
v 84.39199066 -44.20513535 8
v 84.29355621 -44.59169006 8
v 84.17597961 -44.97285843 8
v 84.03955078 -45.3476944 8
v 83.88461304 -45.71526337 8
v 83.71154022 -46.07465363 8
v 83.52076721 -46.4249649 8
v 83.31277466 -46.76533508 8
v 83.0880661 -47.0949173 8
v 82.84721375 -47.41288376 8
v 82.59081268 -47.71845245 8
v 82.31949615 -48.01086044 8
v 82.03394318 -48.28938293 8
v 81.73486328 -48.55332184 8
v 81.42299652 -48.80202484 8
v 81.09912109 -49.03487778 8
v 80.76404572 -49.25129318 8
v 80.41859436 -49.45074081 8
v 80.06363678 -49.63271713 8
v 79.70004272 -49.79677582 8
v 79.32872772 -49.9425087 8
v 78.9506073 -50.06954956 8
v 78.56661987 -50.1775856 8
v 78.17773438 -50.26634598 8
v 77.78490448 -50.33561325 8
v 77.38910675 -50.38521194 8
v 76.99133301 -50.4150238 8
v -87 -61.16748428 0
v 87 -61.16748428 0
v 95 -53.16748428 0
v 95 55.83251572 0
v 87 63.83251572 0
v -87 63.83251572 0
v -95 -53.16748428 0
v -95 55.83251572 0
v -76.59256744 -50.4249649 8
v -76.19379425 -50.4150238 8
v -75.79602051 -50.38521194 8
v -75.40022278 -50.33561325 8
v -75.00739288 -50.26634598 8
v -74.61850739 -50.1775856 8
v -74.23451996 -50.06954956 8
v -73.85639954 -49.9425087 8
v -73.48508453 -49.79677582 8
v -73.12149048 -49.63271713 8
v -72.7665329 -49.45074081 8
v -72.42108154 -49.25129318 8
v -72.08600616 -49.03487778 8
v -71.76213074 -48.80202484 8
v -71.45026398 -48.55332184 8
v -71.15118408 -48.28938293 8
v -70.8656311 -48.01086044 8
v -70.59431458 -47.71845245 8
v -70.33791351 -47.41288376 8
v -70.09706116 -47.0949173 8
v -69.8723526 -46.76533508 8
v -69.66436005 -46.4249649 8
v -69.47358704 -46.07465363 8
v -69.30051422 -45.71526337 8
v -69.14557648 -45.3476944 8
v -69.00914764 -44.97285843 8
v -68.89157104 -44.59169006 8
v -68.79314423 -44.20513535 8
v -68.7141037 -43.81415176 8
v -68.65464783 -43.41971588 8
v -68.61493683 -43.02280807 8
v -68.595047 -42.62441254 8
v -68.595047 -42.22552109 8
v -68.61493683 -41.82712555 8
v -68.65464783 -41.43021774 8
v -68.7141037 -41.03578186 8
v -68.79314423 -40.64479828 8
v -68.89157104 -40.25824356 8
v -69.00914764 -39.8770752 8
v -69.14557648 -39.50223923 8
v -69.30051422 -39.13467026 8
v -69.47358704 -38.77528 8
v -69.66436005 -38.4249649 8
v -69.8723526 -38.08459473 8
v -70.09706116 -37.75501633 8
v -70.33791351 -37.43704987 8
v -70.59431458 -37.13148117 8
v -70.8656311 -36.83907318 8
v -71.15118408 -36.56055069 8
v -71.45026398 -36.29661179 8
v -71.76213074 -36.04790497 8
v -72.08600616 -35.81505585 8
v -72.42108154 -35.59864044 8
v -72.7665329 -35.39919281 8
v -73.12149048 -35.21721649 8
v -73.48508453 -35.05315781 8
v -73.85639954 -34.90742493 8
v -74.23451996 -34.78038406 8
v -74.61850739 -34.67234802 8
v -75.00739288 -34.58358765 8
v -75.40022278 -34.51432037 8
v -75.79602051 -34.46472168 8
v -76.19379425 -34.43490982 8
v -76.59256744 -34.4249649 8
v -76.99133301 -34.43490982 8
v -77.38910675 -34.46472168 8
v -77.78490448 -34.51432037 8
v -78.17773438 -34.58358765 8
v -78.56661987 -34.67234802 8
v -78.9506073 -34.78038406 8
v -79.32872772 -34.90742493 8
v -79.70004272 -35.05315781 8
v -80.06363678 -35.21721649 8
v -80.41859436 -35.39919281 8
v -80.76404572 -35.59864044 8
v -81.09912109 -35.81505585 8
v -81.42299652 -36.04790497 8
v -81.73486328 -36.29661179 8
v -82.03394318 -36.56055069 8
v -82.31949615 -36.83907318 8
v -82.59081268 -37.13148117 8
v -82.84721375 -37.43704987 8
v -83.0880661 -37.75501633 8
v -83.31277466 -38.08459473 8
v -83.52076721 -38.4249649 8
v -83.71154022 -38.77528 8
v -83.88461304 -39.13467026 8
v -84.03955078 -39.50223923 8
v -84.17597961 -39.8770752 8
v -84.29355621 -40.25824356 8
v -84.39199066 -40.64479828 8
v -84.47102356 -41.03578186 8
v -84.53047943 -41.43021774 8
v -84.57019043 -41.82712555 8
v -84.59008026 -42.22552109 8
v -84.59008026 -42.62441254 8
v -84.57019043 -43.02280807 8
v -84.53047943 -43.41971588 8
v -84.47102356 -43.81415176 8
v -84.39199066 -44.20513535 8
v -84.29355621 -44.59169006 8
v -84.17597961 -44.97285843 8
v -84.03955078 -45.3476944 8
v -83.88461304 -45.71526337 8
v -83.71154022 -46.07465363 8
v -83.52076721 -46.4249649 8
v -83.31277466 -46.76533508 8
v -83.0880661 -47.0949173 8
v -82.84721375 -47.41288376 8
v -82.59081268 -47.71845245 8
v -82.31949615 -48.01086044 8
v -82.03394318 -48.28938293 8
v -81.73486328 -48.55332184 8
v -81.42299652 -48.80202484 8
v -81.09912109 -49.03487778 8
v -80.76404572 -49.25129318 8
v -80.41859436 -49.45074081 8
v -80.06363678 -49.63271713 8
v -79.70004272 -49.79677582 8
v -79.32872772 -49.9425087 8
v -78.9506073 -50.06954956 8
v -78.56661987 -50.1775856 8
v -78.17773438 -50.26634598 8
v -77.78490448 -50.33561325 8
v -77.38910675 -50.38521194 8
v -76.99133301 -50.4150238 8
v 77.97958374 -49.28617477 7
v 77.28953552 -49.3901825 7
v 77.18997192 -48.39515305 6
v 77.78144073 -48.30599976 6
v 79.16371155 -45.48914337 4
v 79.8065033 -46.25518799 5
v 79.31325531 -45.35717392 4
v 79.00778198 -45.61349487 4
v 79.40916443 -46.55615997 5
v 78.98383331 -46.81607437 5
v 79.46208954 -47.69429779 6
v 78.53473663 -47.03234863 5
v 76.59256744 -46.4249649 4
v 76.59256744 -47.4249649 5
v 76.79194641 -46.41999435 4
v 78.923172 -47.95382309 6
v 78.65585327 -49.11397552 7
v 78.36109161 -48.1584053 6
v 79.4560318 -45.21791458 4
v 80.17189789 -45.91614914 5
v 79.59169006 -45.07170868 4
v 79.97248077 -47.38240051 6
v 79.31160736 -48.87530136 7
v 79.71988678 -44.91892624 4
v 80.50172424 -45.54241562 5
v 79.84031677 -44.7599411 4
v 80.44928741 -47.0212326 6
v 79.94033813 -48.5725174 7
v 80.79269409 -45.13769913 5
v 79.95266724 -44.59514999 4
v 80.05666351 -44.4249649 4
v 76.59256744 -49.4249649 7
v 80.88776398 -46.61438751 6
v 80.53580475 -48.20863724 7
v 80.15205383 -44.24980927 4
v 81.04192352 -44.70602036 5
v 80.23858643 -44.07011414 4
v 81.28355408 -46.165905 6
v 81.09207916 -47.78727722 7
v 80.3160553 -43.88632965 4
v 81.24693298 -44.25167084 5
v 80.38426971 -43.69891357 4
v 81.63272095 -45.68024445 6
v 81.60363007 -47.31262589 7
v 81.40568542 -43.77916718 5
v 80.44306183 -43.50832748 4
v 80.49227905 -43.31505203 4
v 81.93179321 -45.16223145 6
v 82.06538391 -46.78939438 7
v 81.51660156 -43.29320908 5
v 80.53179169 -43.11956024 4
v 80.56152344 -42.92234039 4
v 82.17780304 -44.61701202 6
v 82.4727478 -46.22278976 7
v 81.57858276 -42.79861832 5
v 80.58138275 -42.7238884 4
v 80.59132385 -42.52468872 4
v 82.36830902 -44.05001068 6
v 82.8216629 -45.61844254 7
v 81.59101105 -42.30031204 5
v 80.59132385 -42.3252449 4
v 80.58138275 -42.12604523 4
v 82.50141144 -43.4668541 6
v 83.10868073 -44.98235321 7
v 81.55375671 -41.80324936 5
v 80.56152344 -41.92759323 4
v 80.53179169 -41.73037338 4
v 82.57578278 -42.87334824 6
v 83.33093262 -44.32085037 7
v 81.46720123 -41.31236267 5
v 80.49227905 -41.53488159 4
v 80.44306183 -41.34160614 4
v 82.59069824 -42.275383 6
v 83.48622131 -43.64050293 7
v 81.3321991 -40.83253479 5
v 80.38426971 -41.15102005 4
v 80.3160553 -40.96360397 4
v 82.54599762 -41.67890549 6
v 83.57299042 -42.94807816 7
v 80.23858643 -40.77981949 4
v 81.15009308 -40.36853027 5
v 80.15205383 -40.60012436 4
v 82.44213104 -41.08983994 6
v 83.59038544 -42.25045013 7
v 80.92269135 -39.9249649 5
v 80.05666351 -40.4249649 4
v 79.95266724 -40.25477982 4
v 82.28012848 -40.51404572 6
v 83.53823853 -41.55456161 7
v 79.84031677 -40.08999252 4
v 80.6522522 -39.50624847 5
v 79.71988678 -39.93100739 4
v 82.06159973 -39.95724487 6
v 83.41706085 -40.86732101 7
v 80.34146881 -39.116539 5
v 79.59169006 -39.77822495 4
v 79.4560318 -39.63201904 4
v 81.78871918 -39.4249649 6
v 83.22805786 -40.19556046 7
v 79.99343109 -38.7597084 5
v 79.31325531 -39.4927597 4
v 79.16371155 -39.36079025 4
v 81.46419525 -38.92250443 6
v 82.97310638 -39.54595566 7
v 79.00778198 -39.23643494 4
v 79.61158752 -38.43930435 5
v 78.84584045 -39.12001038 4
v 81.09124756 -38.45485306 6
v 82.65473938 -38.9249649 7
v 79.19973755 -38.15851212 5
v 78.67830658 -39.01180267 4
v 78.50557709 -38.91207886 4
v 80.67359924 -38.0266571 6
v 82.27613068 -38.33876038 7
v 78.76198578 -37.92012405 5
v 78.32810211 -38.8210907 4
v 78.14630127 -38.73906326 4
v 80.21539307 -37.64216995 6
v 81.84103394 -37.79316711 7
v 77.96064758 -38.66619492 4
v 78.30266571 -37.72650528 5
v 77.77158356 -38.60267639 4
v 79.72117615 -37.30522156 6
v 81.35377502 -37.29360199 7
v 77.82634735 -37.5795784 5
v 77.57958984 -38.54865646 4
v 77.38514709 -38.50427628 4
v 79.19586945 -37.01915359 6
v 80.81919098 -36.84503937 7
v 77.33777618 -37.48081207 5
v 77.18873596 -38.46964264 4
v 76.9908371 -38.44484329 4
v 78.64468384 -36.78681183 6
v 80.24260712 -36.451931 7
v 76.79194641 -38.42993927 4
v 76.84179688 -37.43118286 5
v 76.59256744 -38.4249649 4
v 78.07310486 -36.61050415 6
v 79.62975311 -36.11818314 7
v 76.39318085 -38.42993927 4
v 76.34333801 -37.43118286 5
v 76.19429016 -38.44484329 4
v 77.48681641 -36.49198151 6
v 78.98670197 -35.84711838 7
v 75.84735107 -37.48081207 5
v 75.9963913 -38.46964264 4
v 75.79998016 -38.50427628 4
v 76.89163971 -36.43242645 6
v 78.31986237 -35.64142609 7
v 75.60553741 -38.54865646 4
v 75.35877991 -37.5795784 5
v 75.4135437 -38.60267639 4
v 76.29348755 -36.43242645 6
v 77.63585663 -35.50315094 7
v 74.88246155 -37.72650528 5
v 75.22447968 -38.66619492 4
v 75.03882599 -38.73906326 4
v 75.69831085 -36.49198151 6
v 76.94148254 -35.43367004 7
v 74.85702515 -38.8210907 4
v 74.42314148 -37.92012405 5
v 74.67955017 -38.91207886 4
v 75.1120224 -36.61050415 6
v 76.24364471 -35.43367004 7
v 74.50682068 -39.01180267 4
v 73.98538971 -38.15851212 5
v 74.3392868 -39.12001038 4
v 74.54044342 -36.78681183 6
v 75.54927063 -35.50315094 7
v 74.17734528 -39.23643494 4
v 73.57353973 -38.43930435 5
v 74.02141571 -39.36079025 4
v 73.98925781 -37.01915359 6
v 74.86526489 -35.64142609 7
v 73.1917038 -38.7597084 5
v 73.87187195 -39.4927597 4
v 73.72909546 -39.63201904 4
v 73.46395111 -37.30522156 6
v 74.19842529 -35.84711838 7
v 72.84365845 -39.116539 5
v 73.59343719 -39.77822495 4
v 73.46524048 -39.93100739 4
v 72.96973419 -37.64216995 6
v 73.55537415 -36.11818314 7
v 72.53287506 -39.50624847 5
v 73.34481049 -40.08999252 4
v 73.23246002 -40.25477982 4
v 72.51152802 -38.0266571 6
v 72.94252014 -36.451931 7
v 72.26243591 -39.9249649 5
v 73.12846375 -40.4249649 4
v 73.03307343 -40.60012436 4
v 72.0938797 -38.45485306 6
v 72.36593628 -36.84503937 7
v 72.03503418 -40.36853027 5
v 72.94654083 -40.77981949 4
v 72.86907196 -40.96360397 4
v 71.72093201 -38.92250443 6
v 71.83135223 -37.29360199 7
v 71.85292816 -40.83253479 5
v 72.80085754 -41.15102005 4
v 72.74206543 -41.34160614 4
v 71.39640808 -39.4249649 6
v 71.34409332 -37.79316711 7
v 72.69285583 -41.53488159 4
v 71.71792603 -41.31236267 5
v 72.65333557 -41.73037338 4
v 71.12352753 -39.95724487 6
v 70.90899658 -38.33876038 7
v 71.63137054 -41.80324936 5
v 72.62360382 -41.92759323 4
v 72.60375214 -42.12604523 4
v 70.90499878 -40.51404572 6
v 70.53038788 -38.9249649 7
v 72.59380341 -42.3252449 4
v 71.59411621 -42.30031204 5
v 72.59380341 -42.52468872 4
v 70.74299622 -41.08983994 6
v 70.21202087 -39.54595566 7
v 72.60375214 -42.7238884 4
v 71.60654449 -42.79861832 5
v 72.62360382 -42.92234039 4
v 70.63912964 -41.67890549 6
v 69.9570694 -40.19556046 7
v 72.65333557 -43.11956024 4
v 71.6685257 -43.29320908 5
v 72.69285583 -43.31505203 4
v 70.59442902 -42.275383 6
v 69.76806641 -40.86732101 7
v 71.77944183 -43.77916718 5
v 72.74206543 -43.50832748 4
v 72.80085754 -43.69891357 4
v 70.60934448 -42.87334824 6
v 69.64688873 -41.55456161 7
v 71.93819427 -44.25167084 5
v 72.86907196 -43.88632965 4
v 72.94654083 -44.07011414 4
v 70.68371582 -43.4668541 6
v 69.59474182 -42.25045013 7
v 73.03307343 -44.24980927 4
v 72.14320374 -44.70602036 5
v 73.12846375 -44.4249649 4
v 70.81681824 -44.05001068 6
v 69.61213684 -42.94807816 7
v 73.23246002 -44.59514999 4
v 72.39243317 -45.13769913 5
v 73.34481049 -44.7599411 4
v 71.00732422 -44.61701202 6
v 69.69890594 -43.64050293 7
v 73.46524048 -44.91892624 4
v 72.68340302 -45.54241562 5
v 73.59343719 -45.07170868 4
v 71.25333405 -45.16223145 6
v 69.85419464 -44.32085037 7
v 73.72909546 -45.21791458 4
v 73.01322937 -45.91614914 5
v 73.87187195 -45.35717392 4
v 71.55240631 -45.68024445 6
v 70.07644653 -44.98235321 7
v 74.02141571 -45.48914337 4
v 73.37862396 -46.25518799 5
v 74.17734528 -45.61349487 4
v 71.90157318 -46.165905 6
v 70.36346436 -45.61844254 7
v 74.3392868 -45.72992325 4
v 73.77596283 -46.55615997 5
v 74.50682068 -45.83813095 4
v 72.29736328 -46.61438751 6
v 70.71237946 -46.22278976 7
v 74.67955017 -45.93785477 4
v 74.20129395 -46.81607437 5
v 74.85702515 -46.02884293 4
v 72.73583984 -47.0212326 6
v 71.11974335 -46.78939438 7
v 75.03882599 -46.11087036 4
v 74.65039062 -47.03234863 5
v 75.22447968 -46.18373871 4
v 73.21264648 -47.38240051 6
v 71.58149719 -47.31262589 7
v 75.4135437 -46.24725723 4
v 75.11878967 -47.20283127 5
v 75.60553741 -46.30127716 4
v 73.72303772 -47.69429779 6
v 72.0930481 -47.78727722 7
v 75.79998016 -46.34565735 4
v 75.60182953 -47.32582855 5
v 75.9963913 -46.38029099 4
v 74.26195526 -47.95382309 6
v 72.64932251 -48.20863724 7
v 76.19429016 -46.40509033 4
v 76.09472656 -47.40011978 5
v 76.39318085 -46.41999435 4
v 76.59256744 -48.4249649 6
v 74.82403564 -48.1584053 6
v 73.24478912 -48.5725174 7
v 75.40368652 -48.30599976 6
v 73.8735199 -48.87530136 7
v 75.99515533 -48.39515305 6
v 74.52927399 -49.11397552 7
v 75.20554352 -49.28617477 7
v 75.89559174 -49.3901825 7
v 76.9908371 -46.40509033 4
v 77.0904007 -47.40011978 5
v 77.18873596 -46.38029099 4
v 77.58329773 -47.32582855 5
v 77.38514709 -46.34565735 4
v 77.57958984 -46.30127716 4
v 77.77158356 -46.24725723 4
v 78.06633759 -47.20283127 5
v 77.96064758 -46.18373871 4
v 78.14630127 -46.11087036 4
v 78.32810211 -46.02884293 4
v 78.50557709 -45.93785477 4
v 78.67830658 -45.83813095 4
v 78.84584045 -45.72992325 4
v -79.31325531 -39.4927597 0
v -79.4560318 -39.63201904 0
v -79.59169006 -39.77822495 0
v -79.16371155 -39.36079025 0
v -79.71988678 -39.93100739 0
v -79.00778198 -39.23643494 0
v -79.84031677 -40.08999252 0
v -78.84584045 -39.12001038 0
v -79.95266724 -40.25477982 0
v -78.67830658 -39.01180267 0
v -80.05666351 -40.4249649 0
v -78.50557709 -38.91207886 0
v -80.15205383 -40.60012436 0
v -78.32810211 -38.8210907 0
v -80.23858643 -40.77981949 0
v -78.14630127 -38.73906326 0
v -80.3160553 -40.96360397 0
v -77.96064758 -38.66619492 0
v -80.38426971 -41.15102005 0
v -77.77158356 -38.60267639 0
v -80.44306183 -41.34160614 0
v -77.57958984 -38.54865646 0
v -80.49227905 -41.53488159 0
v -77.38514709 -38.50427628 0
v -80.53179169 -41.73037338 0
v -77.18873596 -38.46964264 0
v -80.56152344 -41.92759323 0
v -76.9908371 -38.44484329 0
v -80.58138275 -42.12604523 0
v -76.79194641 -38.42993927 0
v -80.59132385 -42.3252449 0
v -76.59256744 -38.4249649 0
v -80.59132385 -42.52468872 0
v -76.39318085 -38.42993927 0
v -80.58138275 -42.7238884 0
v -76.19429016 -38.44484329 0
v -80.56152344 -42.92234039 0
v -75.9963913 -38.46964264 0
v -80.53179169 -43.11956024 0
v -75.79998016 -38.50427628 0
v -80.49227905 -43.31505203 0
v -75.60553741 -38.54865646 0
v -80.44306183 -43.50832748 0
v -75.4135437 -38.60267639 0
v -80.38426971 -43.69891357 0
v -75.22447968 -38.66619492 0
v -80.3160553 -43.88632965 0
v -75.03882599 -38.73906326 0
v -80.23858643 -44.07011414 0
v -74.85702515 -38.8210907 0
v -80.15205383 -44.24980927 0
v -74.67955017 -38.91207886 0
v -80.05666351 -44.4249649 0
v -74.50682068 -39.01180267 0
v -79.95266724 -44.59514999 0
v -74.3392868 -39.12001038 0
v -79.84031677 -44.7599411 0
v -74.17734528 -39.23643494 0
v -79.71988678 -44.91892624 0
v -74.02141571 -39.36079025 0
v -79.59169006 -45.07170868 0
v -73.87187195 -39.4927597 0
v -79.4560318 -45.21791458 0
v -73.72909546 -39.63201904 0
v -79.31325531 -45.35717392 0
v -73.59343719 -39.77822495 0
v -76.59256744 -46.4249649 0
v -76.39318085 -46.41999435 0
v -76.19429016 -46.40509033 0
v -75.9963913 -46.38029099 0
v -75.79998016 -46.34565735 0
v -75.60553741 -46.30127716 0
v -75.4135437 -46.24725723 0
v -75.22447968 -46.18373871 0
v -75.03882599 -46.11087036 0
v -74.85702515 -46.02884293 0
v -74.67955017 -45.93785477 0
v -79.16371155 -45.48914337 0
v -74.50682068 -45.83813095 0
v -79.00778198 -45.61349487 0
v -74.3392868 -45.72992325 0
v -78.84584045 -45.72992325 0
v -74.17734528 -45.61349487 0
v -78.67830658 -45.83813095 0
v -74.02141571 -45.48914337 0
v -78.50557709 -45.93785477 0
v -73.87187195 -45.35717392 0
v -78.32810211 -46.02884293 0
v -73.72909546 -45.21791458 0
v -78.14630127 -46.11087036 0
v -77.96064758 -46.18373871 0
v -77.77158356 -46.24725723 0
v -77.57958984 -46.30127716 0
v -77.38514709 -46.34565735 0
v -77.18873596 -46.38029099 0
v -76.9908371 -46.40509033 0
v -76.79194641 -46.41999435 0
v 73.87187195 -39.4927597 0
v 73.72909546 -39.63201904 0
v 73.59343719 -39.77822495 0
v 74.02141571 -39.36079025 0
v 73.46524048 -39.93100739 0
v -73.34481049 -40.08999252 0
v -73.46524048 -39.93100739 0
v 74.17734528 -39.23643494 0
v 73.34481049 -40.08999252 0
v -73.23246002 -40.25477982 0
v 74.3392868 -39.12001038 0
v 73.23246002 -40.25477982 0
v 74.50682068 -39.01180267 0
v 73.12846375 -40.4249649 0
v -73.12846375 -40.4249649 0
v 74.67955017 -38.91207886 0
v 73.03307343 -40.60012436 0
v -73.03307343 -40.60012436 0
v 74.85702515 -38.8210907 0
v 72.94654083 -40.77981949 0
v -72.94654083 -40.77981949 0
v 75.03882599 -38.73906326 0
v 72.86907196 -40.96360397 0
v -72.80085754 -41.15102005 0
v -72.86907196 -40.96360397 0
v 75.22447968 -38.66619492 0
v 72.80085754 -41.15102005 0
v 75.4135437 -38.60267639 0
v 72.74206543 -41.34160614 0
v -72.74206543 -41.34160614 0
v 75.60553741 -38.54865646 0
v 72.69285583 -41.53488159 0
v -72.69285583 -41.53488159 0
v 75.79998016 -38.50427628 0
v 72.65333557 -41.73037338 0
v -72.62360382 -41.92759323 0
v -72.65333557 -41.73037338 0
v 75.9963913 -38.46964264 0
v 72.62360382 -41.92759323 0
v 76.19429016 -38.44484329 0
v 72.60375214 -42.12604523 0
v -72.59380341 -42.3252449 0
v -72.60375214 -42.12604523 0
v 76.39318085 -38.42993927 0
v 72.59380341 -42.3252449 0
v 76.59256744 -38.4249649 0
v 72.59380341 -42.52468872 0
v -72.59380341 -42.52468872 0
v 76.79194641 -38.42993927 0
v 72.60375214 -42.7238884 0
v -72.60375214 -42.7238884 0
v 76.9908371 -38.44484329 0
v 72.62360382 -42.92234039 0
v -72.62360382 -42.92234039 0
v 77.18873596 -38.46964264 0
v 72.65333557 -43.11956024 0
v -72.65333557 -43.11956024 0
v 77.38514709 -38.50427628 0
v 72.69285583 -43.31505203 0
v -72.69285583 -43.31505203 0
v 77.57958984 -38.54865646 0
v 72.74206543 -43.50832748 0
v -72.74206543 -43.50832748 0
v 77.77158356 -38.60267639 0
v 72.80085754 -43.69891357 0
v -72.80085754 -43.69891357 0
v 77.96064758 -38.66619492 0
v 72.86907196 -43.88632965 0
v -72.94654083 -44.07011414 0
v -72.86907196 -43.88632965 0
v 78.14630127 -38.73906326 0
v 72.94654083 -44.07011414 0
v 78.32810211 -38.8210907 0
v 73.03307343 -44.24980927 0
v -73.03307343 -44.24980927 0
v 78.50557709 -38.91207886 0
v 73.12846375 -44.4249649 0
v -73.12846375 -44.4249649 0
v 78.67830658 -39.01180267 0
v 73.23246002 -44.59514999 0
v -73.23246002 -44.59514999 0
v 78.84584045 -39.12001038 0
v 73.34481049 -44.7599411 0
v -73.34481049 -44.7599411 0
v 79.00778198 -39.23643494 0
v 73.46524048 -44.91892624 0
v -73.46524048 -44.91892624 0
v 79.16371155 -39.36079025 0
v 73.59343719 -45.07170868 0
v -73.59343719 -45.07170868 0
v 79.31325531 -39.4927597 0
v 73.72909546 -45.21791458 0
v 79.4560318 -39.63201904 0
v 79.59169006 -39.77822495 0
v 79.71988678 -39.93100739 0
v 80.58138275 -42.12604523 0
v 80.56152344 -41.92759323 0
v 80.59132385 -42.3252449 0
v 80.59132385 -42.52468872 0
v 80.58138275 -42.7238884 0
v 80.56152344 -42.92234039 0
v 80.53179169 -43.11956024 0
v 80.49227905 -43.31505203 0
v 80.44306183 -43.50832748 0
v 80.38426971 -43.69891357 0
v 80.3160553 -43.88632965 0
v 80.23858643 -44.07011414 0
v 80.15205383 -44.24980927 0
v 80.05666351 -44.4249649 0
v 79.95266724 -44.59514999 0
v 79.84031677 -44.7599411 0
v 79.71988678 -44.91892624 0
v 79.59169006 -45.07170868 0
v 79.4560318 -45.21791458 0
v 79.31325531 -45.35717392 0
v 79.84031677 -40.08999252 0
v 79.95266724 -40.25477982 0
v 80.05666351 -40.4249649 0
v 80.15205383 -40.60012436 0
v 80.23858643 -40.77981949 0
v 80.3160553 -40.96360397 0
v 80.38426971 -41.15102005 0
v 80.44306183 -41.34160614 0
v 80.49227905 -41.53488159 0
v 80.53179169 -41.73037338 0
v 76.39318085 -46.41999435 0
v 76.59256744 -46.4249649 0
v 76.19429016 -46.40509033 0
v 75.9963913 -46.38029099 0
v 75.79998016 -46.34565735 0
v 75.60553741 -46.30127716 0
v 75.4135437 -46.24725723 0
v 75.22447968 -46.18373871 0
v 75.03882599 -46.11087036 0
v 74.85702515 -46.02884293 0
v 74.67955017 -45.93785477 0
v 74.50682068 -45.83813095 0
v 79.16371155 -45.48914337 0
v 74.3392868 -45.72992325 0
v 79.00778198 -45.61349487 0
v 74.17734528 -45.61349487 0
v 78.84584045 -45.72992325 0
v 74.02141571 -45.48914337 0
v 78.67830658 -45.83813095 0
v 73.87187195 -45.35717392 0
v 78.50557709 -45.93785477 0
v 78.32810211 -46.02884293 0
v 78.14630127 -46.11087036 0
v 77.96064758 -46.18373871 0
v 77.77158356 -46.24725723 0
v 77.57958984 -46.30127716 0
v 77.38514709 -46.34565735 0
v 77.18873596 -46.38029099 0
v 76.9908371 -46.40509033 0
v 76.79194641 -46.41999435 0
v -75.11878967 -47.20283127 5
v -74.26195526 -47.95382309 6
v -74.65039062 -47.03234863 5
v -74.82403564 -48.1584053 6
v -75.99515533 -48.39515305 6
v -75.20554352 -49.28617477 7
v -75.40368652 -48.30599976 6
v -75.89559174 -49.3901825 7
v -74.17734528 -45.61349487 4
v -73.37862396 -46.25518799 5
v -74.02141571 -45.48914337 4
v -73.87187195 -45.35717392 4
v -76.59256744 -46.4249649 4
v -76.59256744 -47.4249649 5
v -76.39318085 -46.41999435 4
v -73.77596283 -46.55615997 5
v -73.72303772 -47.69429779 6
v -74.20129395 -46.81607437 5
v -74.52927399 -49.11397552 7
v -73.01322937 -45.91614914 5
v -73.72909546 -45.21791458 4
v -73.59343719 -45.07170868 4
v -73.21264648 -47.38240051 6
v -73.8735199 -48.87530136 7
v -72.68340302 -45.54241562 5
v -73.46524048 -44.91892624 4
v -73.34481049 -44.7599411 4
v -72.73583984 -47.0212326 6
v -73.24478912 -48.5725174 7
v -72.39243317 -45.13769913 5
v -73.23246002 -44.59514999 4
v -73.12846375 -44.4249649 4
v -76.59256744 -49.4249649 7
v -72.29736328 -46.61438751 6
v -72.64932251 -48.20863724 7
v -72.14320374 -44.70602036 5
v -73.03307343 -44.24980927 4
v -72.94654083 -44.07011414 4
v -71.90157318 -46.165905 6
v -72.0930481 -47.78727722 7
v -71.93819427 -44.25167084 5
v -72.86907196 -43.88632965 4
v -72.80085754 -43.69891357 4
v -71.55240631 -45.68024445 6
v -71.58149719 -47.31262589 7
v -71.77944183 -43.77916718 5
v -72.74206543 -43.50832748 4
v -72.69285583 -43.31505203 4
v -71.25333405 -45.16223145 6
v -71.11974335 -46.78939438 7
v -71.6685257 -43.29320908 5
v -72.65333557 -43.11956024 4
v -72.62360382 -42.92234039 4
v -71.00732422 -44.61701202 6
v -70.71237946 -46.22278976 7
v -71.60654449 -42.79861832 5
v -72.60375214 -42.7238884 4
v -72.59380341 -42.52468872 4
v -70.81681824 -44.05001068 6
v -70.36346436 -45.61844254 7
v -71.59411621 -42.30031204 5
v -72.59380341 -42.3252449 4
v -72.60375214 -42.12604523 4
v -70.68371582 -43.4668541 6
v -70.07644653 -44.98235321 7
v -71.63137054 -41.80324936 5
v -72.62360382 -41.92759323 4
v -72.65333557 -41.73037338 4
v -70.60934448 -42.87334824 6
v -69.85419464 -44.32085037 7
v -71.71792603 -41.31236267 5
v -72.69285583 -41.53488159 4
v -72.74206543 -41.34160614 4
v -70.59442902 -42.275383 6
v -69.69890594 -43.64050293 7
v -71.85292816 -40.83253479 5
v -72.80085754 -41.15102005 4
v -72.86907196 -40.96360397 4
v -70.63912964 -41.67890549 6
v -69.61213684 -42.94807816 7
v -72.03503418 -40.36853027 5
v -72.94654083 -40.77981949 4
v -73.03307343 -40.60012436 4
v -70.74299622 -41.08983994 6
v -69.59474182 -42.25045013 7
v -72.26243591 -39.9249649 5
v -73.12846375 -40.4249649 4
v -73.23246002 -40.25477982 4
v -70.90499878 -40.51404572 6
v -69.64688873 -41.55456161 7
v -72.53287506 -39.50624847 5
v -73.34481049 -40.08999252 4
v -73.46524048 -39.93100739 4
v -71.12352753 -39.95724487 6
v -69.76806641 -40.86732101 7
v -72.84365845 -39.116539 5
v -73.59343719 -39.77822495 4
v -73.72909546 -39.63201904 4
v -71.39640808 -39.4249649 6
v -69.9570694 -40.19556046 7
v -73.1917038 -38.7597084 5
v -73.87187195 -39.4927597 4
v -74.02141571 -39.36079025 4
v -71.72093201 -38.92250443 6
v -70.21202087 -39.54595566 7
v -73.57353973 -38.43930435 5
v -74.17734528 -39.23643494 4
v -74.3392868 -39.12001038 4
v -72.0938797 -38.45485306 6
v -70.53038788 -38.9249649 7
v -73.98538971 -38.15851212 5
v -74.50682068 -39.01180267 4
v -74.67955017 -38.91207886 4
v -72.51152802 -38.0266571 6
v -70.90899658 -38.33876038 7
v -74.42314148 -37.92012405 5
v -74.85702515 -38.8210907 4
v -75.03882599 -38.73906326 4
v -72.96973419 -37.64216995 6
v -71.34409332 -37.79316711 7
v -74.88246155 -37.72650528 5
v -75.22447968 -38.66619492 4
v -75.4135437 -38.60267639 4
v -73.46395111 -37.30522156 6
v -71.83135223 -37.29360199 7
v -75.35877991 -37.5795784 5
v -75.60553741 -38.54865646 4
v -75.79998016 -38.50427628 4
v -73.98925781 -37.01915359 6
v -72.36593628 -36.84503937 7
v -75.84735107 -37.48081207 5
v -75.9963913 -38.46964264 4
v -76.19429016 -38.44484329 4
v -74.54044342 -36.78681183 6
v -72.94252014 -36.451931 7
v -76.34333801 -37.43118286 5
v -76.39318085 -38.42993927 4
v -76.59256744 -38.4249649 4
v -75.1120224 -36.61050415 6
v -73.55537415 -36.11818314 7
v -76.84179688 -37.43118286 5
v -76.79194641 -38.42993927 4
v -76.9908371 -38.44484329 4
v -75.69831085 -36.49198151 6
v -74.19842529 -35.84711838 7
v -77.33777618 -37.48081207 5
v -77.18873596 -38.46964264 4
v -77.38514709 -38.50427628 4
v -76.29348755 -36.43242645 6
v -74.86526489 -35.64142609 7
v -77.82634735 -37.5795784 5
v -77.57958984 -38.54865646 4
v -77.77158356 -38.60267639 4
v -76.89163971 -36.43242645 6
v -75.54927063 -35.50315094 7
v -78.30266571 -37.72650528 5
v -77.96064758 -38.66619492 4
v -78.14630127 -38.73906326 4
v -77.48681641 -36.49198151 6
v -76.24364471 -35.43367004 7
v -78.76198578 -37.92012405 5
v -78.32810211 -38.8210907 4
v -78.50557709 -38.91207886 4
v -78.07310486 -36.61050415 6
v -76.94148254 -35.43367004 7
v -79.19973755 -38.15851212 5
v -78.67830658 -39.01180267 4
v -78.84584045 -39.12001038 4
v -78.64468384 -36.78681183 6
v -77.63585663 -35.50315094 7
v -79.61158752 -38.43930435 5
v -79.00778198 -39.23643494 4
v -79.16371155 -39.36079025 4
v -79.19586945 -37.01915359 6
v -78.31986237 -35.64142609 7
v -79.99343109 -38.7597084 5
v -79.31325531 -39.4927597 4
v -79.4560318 -39.63201904 4
v -79.72117615 -37.30522156 6
v -78.98670197 -35.84711838 7
v -80.34146881 -39.116539 5
v -79.59169006 -39.77822495 4
v -79.71988678 -39.93100739 4
v -80.21539307 -37.64216995 6
v -79.62975311 -36.11818314 7
v -80.6522522 -39.50624847 5
v -79.84031677 -40.08999252 4
v -79.95266724 -40.25477982 4
v -80.67359924 -38.0266571 6
v -80.24260712 -36.451931 7
v -80.92269135 -39.9249649 5
v -80.05666351 -40.4249649 4
v -80.15205383 -40.60012436 4
v -81.09124756 -38.45485306 6
v -80.81919098 -36.84503937 7
v -81.15009308 -40.36853027 5
v -80.23858643 -40.77981949 4
v -80.3160553 -40.96360397 4
v -81.46419525 -38.92250443 6
v -81.35377502 -37.29360199 7
v -81.3321991 -40.83253479 5
v -80.38426971 -41.15102005 4
v -80.44306183 -41.34160614 4
v -81.78871918 -39.4249649 6
v -81.84103394 -37.79316711 7
v -81.46720123 -41.31236267 5
v -80.49227905 -41.53488159 4
v -80.53179169 -41.73037338 4
v -82.06159973 -39.95724487 6
v -82.27613068 -38.33876038 7
v -81.55375671 -41.80324936 5
v -80.56152344 -41.92759323 4
v -80.58138275 -42.12604523 4
v -82.28012848 -40.51404572 6
v -82.65473938 -38.9249649 7
v -81.59101105 -42.30031204 5
v -80.59132385 -42.3252449 4
v -80.59132385 -42.52468872 4
v -82.44213104 -41.08983994 6
v -82.97310638 -39.54595566 7
v -81.57858276 -42.79861832 5
v -80.58138275 -42.7238884 4
v -80.56152344 -42.92234039 4
v -82.54599762 -41.67890549 6
v -83.22805786 -40.19556046 7
v -81.51660156 -43.29320908 5
v -80.53179169 -43.11956024 4
v -80.49227905 -43.31505203 4
v -82.59069824 -42.275383 6
v -83.41706085 -40.86732101 7
v -80.44306183 -43.50832748 4
v -81.40568542 -43.77916718 5
v -80.38426971 -43.69891357 4
v -82.57578278 -42.87334824 6
v -83.53823853 -41.55456161 7
v -81.24693298 -44.25167084 5
v -80.3160553 -43.88632965 4
v -80.23858643 -44.07011414 4
v -82.50141144 -43.4668541 6
v -83.59038544 -42.25045013 7
v -81.04192352 -44.70602036 5
v -80.15205383 -44.24980927 4
v -80.05666351 -44.4249649 4
v -82.36830902 -44.05001068 6
v -83.57299042 -42.94807816 7
v -80.79269409 -45.13769913 5
v -79.95266724 -44.59514999 4
v -79.84031677 -44.7599411 4
v -82.17780304 -44.61701202 6
v -83.48622131 -43.64050293 7
v -80.50172424 -45.54241562 5
v -79.71988678 -44.91892624 4
v -79.59169006 -45.07170868 4
v -81.93179321 -45.16223145 6
v -83.33093262 -44.32085037 7
v -80.17189789 -45.91614914 5
v -79.4560318 -45.21791458 4
v -79.31325531 -45.35717392 4
v -81.63272095 -45.68024445 6
v -83.10868073 -44.98235321 7
v -79.8065033 -46.25518799 5
v -79.16371155 -45.48914337 4
v -79.00778198 -45.61349487 4
v -81.28355408 -46.165905 6
v -82.8216629 -45.61844254 7
v -79.40916443 -46.55615997 5
v -78.84584045 -45.72992325 4
v -78.67830658 -45.83813095 4
v -80.88776398 -46.61438751 6
v -82.4727478 -46.22278976 7
v -78.98383331 -46.81607437 5
v -78.50557709 -45.93785477 4
v -78.32810211 -46.02884293 4
v -80.44928741 -47.0212326 6
v -82.06538391 -46.78939438 7
v -78.53473663 -47.03234863 5
v -78.14630127 -46.11087036 4
v -77.96064758 -46.18373871 4
v -79.97248077 -47.38240051 6
v -81.60363007 -47.31262589 7
v -78.06633759 -47.20283127 5
v -77.77158356 -46.24725723 4
v -77.57958984 -46.30127716 4
v -79.46208954 -47.69429779 6
v -81.09207916 -47.78727722 7
v -77.58329773 -47.32582855 5
v -77.38514709 -46.34565735 4
v -77.18873596 -46.38029099 4
v -78.923172 -47.95382309 6
v -80.53580475 -48.20863724 7
v -77.0904007 -47.40011978 5
v -76.9908371 -46.40509033 4
v -76.79194641 -46.41999435 4
v -76.59256744 -48.4249649 6
v -78.36109161 -48.1584053 6
v -79.94033813 -48.5725174 7
v -77.78144073 -48.30599976 6
v -79.31160736 -48.87530136 7
v -77.18997192 -48.39515305 6
v -78.65585327 -49.11397552 7
v -77.97958374 -49.28617477 7
v -77.28953552 -49.3901825 7
v -76.09472656 -47.40011978 5
v -76.19429016 -46.40509033 4
v -75.9963913 -46.38029099 4
v -75.60182953 -47.32582855 5
v -75.79998016 -46.34565735 4
v -75.60553741 -46.30127716 4
v -75.4135437 -46.24725723 4
v -75.22447968 -46.18373871 4
v -75.03882599 -46.11087036 4
v -74.85702515 -46.02884293 4
v -74.67955017 -45.93785477 4
v -74.50682068 -45.83813095 4
v -74.3392868 -45.72992325 4
v -28.2681179 44.15732193 18.09527588
v -26.15337753 43.18887329 20.03307915
v -28.29756737 44.30728149 18.06829071
v -26.11702728 43.21582413 20.06638718
v -26.11702728 50.21582413 20.06638718
v -28.29756737 50.21582413 18.06829071
v -26.56818771 35.50127029 10.53238773
v -26.15017128 33.37273407 7.90184736
v -19.68192863 33.37273407 7.90184736
v -20.21158981 43.18887329 20.03307915
v -20.24794006 43.21582413 20.06638718
v -28.74144363 56.772995 7.90184736
v -26.79339027 59.35689545 7.90184736
v -19.57157707 59.35689545 7.90184736
v -17.62352371 56.772995 7.90184736
v -28.74144363 46.56750107 7.90184736
v -17.62352371 35.94450378 7.90184736
v -28.21387863 55.03085327 19.98505974
v -28.20607567 55.21294785 20.16379929
v -28.34668922 64.17596436 16.94321632
v -28.19797707 55.38864899 20.34928703
v -28.22138214 54.84245682 19.81322289
v -28.18961716 55.55727768 20.54077148
v -28.22859764 54.64746094 19.64795685
v -28.18100739 55.71850967 20.73794365
v -28.23549843 54.44662094 19.48990822
v -28.17212868 55.87276077 20.94129181
v -28.24205971 54.24056244 19.33961678
v -28.16301346 56.01950836 21.15006065
v -28.24830055 54.02870178 19.196661
v -28.15369606 56.15821457 21.36348724
v -28.25420952 53.81157303 19.06136322
v -28.14415169 56.2891655 21.58209229
v -28.259758 53.5900383 18.9342804
v -28.1343956 56.41221619 21.80552864
v -28.3400383 64.29285431 17.09552574
v -28.26494789 53.36399078 18.81540871
v -28.12446785 56.52689743 22.03290367
v -28.24793053 65.22724152 19.20513916
v -28.25702095 65.18144989 18.99694443
v -28.26601028 65.12731934 18.79104614
v -28.27492142 65.06475067 18.58695793
v -28.28371429 64.99402618 18.3855896
v -28.2923584 64.91532135 18.18759155
v -28.30087852 64.82844543 17.99242973
v -28.30924225 64.73375702 17.80089188
v -28.31741333 64.63157654 17.61373329
v -28.32541466 64.52165222 17.43046951
v -28.33322334 64.40433502 17.25164604
v -28.19917297 65.32798767 20.32190895
v -28.20918465 65.3267746 20.09259415
v -28.21921158 65.31556702 19.86293411
v -28.22920227 65.29441071 19.63410187
v -28.23876381 65.26463318 19.41511726
v -28.26978493 53.13327408 18.70461082
v -28.11437798 56.63305664 22.26400757
v -28.27425003 52.89880753 18.60232925
v -28.104105 56.73093033 22.4992981
v -28.27832985 52.66120911 18.50888252
v -28.09368896 56.82017517 22.73786736
v -28.28203773 52.4197998 18.42399025
v -28.08316422 56.90048981 22.97891426
v -28.28536034 52.17532349 18.34788513
v -28.07250404 56.97205353 23.22308922
v -28.2882843 51.92873764 18.28088951
v -28.06172943 57.03477097 23.46988297
v -28.29081535 51.6796875 18.22294426
v -28.05088234 57.08840942 23.71831512
v -28.29295158 51.42825699 18.17402267
v -28.03996849 57.13290405 23.96827698
v -28.29468346 51.17546463 18.13432121
v -28.02897072 57.16835785 24.22014046
v -28.29616737 50.88506699 18.10034752
v -28.01792908 57.19466782 24.47304344
v -28.00687218 57.2117424 24.72628593
v -28.29721642 50.55059052 18.07633018
v -27.99743652 57.21902847 24.94241333
v -27.98980522 57.22075272 25.11719513
v -27.98890495 57.2205162 25.1378212
v -27.98800468 57.21965408 25.15842438
v -27.64464378 65.32798767 33.02269363
v -27.667593 57.21965408 32.49707413
v -27.64337349 57.19032288 33.0518074
v -27.62212372 65.3139267 33.53850174
v -27.6311512 57.16772461 33.33174133
v -27.57441139 65.23123169 34.63127136
v -27.59964943 65.28620148 34.05323792
v -27.61772156 57.12750244 33.63929749
v -27.54927826 65.15380859 35.20692825
v -27.60422325 57.07457352 33.9484787
v -27.52434731 65.05423737 35.77793884
v -27.5879631 56.99455261 34.3208847
v -27.49958992 64.93231201 36.34495926
v -27.57345772 56.90763092 34.65311432
v -27.47502327 64.78820801 36.90765381
v -27.55944061 56.80924606 34.97418594
v -27.42681313 64.43552399 38.01185608
v -27.45075607 64.62259674 37.46346283
v -27.54561615 56.69794083 35.29080582
v -27.40315628 64.22679901 38.55367279
v -27.53203201 56.57403946 35.60193253
v -27.37989044 63.99739075 39.08652496
v -27.51865196 56.43721771 35.9083786
v -27.35707855 63.74779892 39.60902023
v -27.5055294 56.28808594 36.20891953
v -27.33465958 63.47740936 40.12252045
v -27.49271584 56.12717056 36.50243378
v -27.29133797 62.87862396 41.11474991
v -27.31271744 63.1873436 40.62505722
v -27.48017311 55.95402145 36.78969955
v -27.27046013 62.55038071 41.59289932
v -27.46794891 55.7693367 37.06968689
v -27.25014496 62.20364761 42.05819321
v -27.45609093 55.57384872 37.34124374
v -27.23048019 61.83991241 42.5085907
v -27.44457245 55.36701965 37.60506821
v -27.2114315 61.45843887 42.94486618
v -27.43342781 55.14957428 37.86034393
v -27.19302368 61.05982208 43.3665123
v -27.17533493 60.64587402 43.77161789
v -27.4227047 54.92245483 38.10593414
v -27.15837479 60.21651077 44.16010284
v -27.41238022 54.68508148 38.34241486
v -27.14212418 59.77152252 44.53230667
v -27.40247917 54.43815231 38.56918716
v -27.12665558 59.31293869 44.88656235
v -27.39304733 54.18280029 38.7851944
v -27.11200523 58.84154892 45.22212982
v -27.38406944 53.91846466 38.99084091
v -27.09813499 58.35634613 45.53979874
v -27.37555885 53.64575195 39.18574905
v -27.08510208 57.85939789 45.83828354
v -27.07295418 57.35227966 46.11655045
v -27.36755943 53.36597061 39.36898041
v -27.06165314 56.8335762 46.37536621
v -27.36005974 53.07870483 39.54074097
v -27.05123711 56.30508804 46.61393356
v -27.3530674 52.78433228 39.70088196
v -27.04174995 55.76897049 46.83122635
v -27.34661484 52.48416519 39.84867859
v -27.03317261 55.22394562 47.0276947
v -27.34070015 52.17813492 39.98412704
v -27.02551651 54.67117691 47.20303726
v -27.33790016 52.02030945 40.04826736
v -27.0188179 54.11315918 47.35644913
v -27.33524704 51.8614006 40.10903931
v -27.01307678 53.54934311 47.48796082
v -27.00828743 52.97990799 47.59765625
v -27.00447083 52.40743637 47.68504715
v -27.00146484 51.78912354 47.75389862
v -26.99949074 51.12027359 47.79912567
v -26.9988308 50.45109558 47.81425476
v -27.21131897 44.28632355 42.94744492
v -27.2038765 43.9317131 43.11791229
v -27.20738792 44.08329391 43.03751373
v -27.20597458 44.01823425 43.06988907
v -27.20102119 43.82529831 43.18332291
v -27.19841766 43.73752594 43.2429657
v -27.19599152 43.66236877 43.29853821
v -27.19344139 43.58922195 43.35694504
v -27.19077873 43.51838684 43.41792679
v -27.18800735 43.45000458 43.48137283
v -27.18512344 43.38389587 43.54745102
v -27.18213463 43.32029343 43.61590195
v -27.1758728 43.20118332 43.75932312
v -27.17905426 43.25943375 43.68646622
v -27.17259789 43.14562225 43.83433914
v -27.16580772 43.04327011 43.98985672
v -27.16924095 43.09296799 43.91119766
v -27.16228867 42.99643707 44.07044601
v -27.15870094 42.95263672 44.15262985
v -27.15133858 42.87446213 44.32123184
v -27.15505409 42.91201401 44.2361412
v -27.14756584 42.84005356 44.40766525
v -27.13988495 42.78107071 44.58355713
v -27.14374924 42.80892563 44.49508667
v -27.13597488 42.75645828 44.67311478
v -27.12407494 42.70271301 44.94568253
v -27.1320343 42.73517227 44.7633934
v -27.12807083 42.71727371 44.85416031
v -27.12005997 42.69152069 45.03765869
v -27.11200905 42.67932129 45.22202682
v -27.11603928 42.68371964 45.12971497
v -26.9988308 45.19635391 47.81425476
v -27.10797119 42.67831039 45.31451797
v -26.99892426 45.09264755 47.81211472
v -26.99885368 45.14450073 47.8137207
v -26.99915886 45.00217438 47.80674744
v -27.09591675 42.69553757 45.59062195
v -27.10394096 42.68067169 45.4068222
v -27.09992599 42.686409 45.4987793
v -27.09192657 42.70799637 45.68201065
v -27.00070763 44.73299789 47.77124786
v -27.00004959 44.82230377 47.78631973
v -26.99953461 44.91197586 47.79814148
v -27.08403969 42.74281311 45.86265945
v -27.08797073 42.72373581 45.77261734
v -27.08013916 42.76517487 45.95199203
v -27.00351715 44.46900177 47.70692062
v -27.00244331 44.5561142 47.73151016
v -27.00150681 44.64415359 47.75295639
v -27.00473022 44.38261795 47.67914581
v -27.07247925 42.81941605 46.12740707
v -27.07628441 42.79071045 46.04026413
v -27.06871796 42.85133743 46.21358109
v -27.00916672 44.13036346 47.57749176
v -27.00755501 44.21324921 47.61442566
v -27.00607681 44.29726791 47.64828491
v -27.05779648 42.96530151 46.46372223
v -27.06501198 42.88633347 46.29845428
v -27.06137466 42.92428207 46.38176346
v -27.05428314 43.00928116 46.54416275
v -27.01477432 43.89028168 47.44906998
v -27.01278114 43.96868896 47.49473572
v -27.01091194 44.04873657 47.53754807
v -27.01689529 43.81337357 47.40048981
v -27.0474987 43.10557175 46.699543
v -27.05085182 43.05603027 46.62276459
v -27.04422379 43.15794754 46.77457428
v -27.0214901 43.66516876 47.29524994
v -27.01913643 43.73825455 47.34916687
v -27.02396393 43.59392166 47.23859406
v -27.03494453 43.33044815 46.98709106
v -27.04103661 43.21293259 46.84757614
v -27.0379467 43.2703743 46.91835022
v -27.03204155 43.39296722 47.05361176
v -27.02924347 43.45767593 47.11767578
v -27.0265522 43.52466583 47.17932892
v -20.24794006 50.21582413 20.06638718
v -26.11691284 50.43214798 20.07106781
v -26.11656952 50.64805603 20.08509445
v -26.11599541 50.86316299 20.10843658
v -26.11519623 51.07706451 20.14106369
v -26.11416817 51.28937149 20.18290901
v -26.11301041 51.48480606 20.22996902
v -26.111763 51.66452408 20.28068924
v -26.11034966 51.84223938 20.33808517
v -26.10883713 52.01088333 20.39944839
v -26.10724449 52.17076874 20.46408081
v -26.10551262 52.32834625 20.53418922
v -26.10364723 52.48343277 20.60969353
v -26.10164642 52.63583755 20.6905098
v -26.09951591 52.78538513 20.77654076
v -26.09725571 52.93189621 20.86768532
v -26.09486771 53.0751915 20.96384048
v -26.09235382 53.21510696 21.06489563
v -26.08971786 53.35147095 21.17072678
v -26.08696175 53.48412323 21.28121758
v -26.08408737 53.61290359 21.39623642
v -26.08109856 53.73765945 21.51564598
v -26.07799911 53.85824203 21.63931084
v -26.07479095 53.97449875 21.76708603
v -26.07147598 54.08629608 21.89882088
v -26.06805992 54.1934967 22.03435898
v -26.06454659 54.29597092 22.17354584
v -26.06093788 54.39359283 22.31621361
v -26.05723763 54.48624802 22.46219635
v -26.05344963 54.57382202 22.6113224
v -26.04957962 54.65620422 22.76341438
v -26.04563141 54.73329544 22.91829491
v -26.0416069 54.80500031 23.07577896
v -26.03751373 54.87122726 23.23568153
v -26.03335381 54.93190002 23.39781189
v -26.02913284 54.98693848 23.56197548
v -26.02485466 55.03627014 23.72797966
v -26.02052498 55.0798378 23.89562798
v -26.01614952 55.11758804 24.06472588
v -26.01173401 55.14946747 24.235075
v -26.00728226 55.17543411 24.40646362
v -26.00279617 55.19545364 24.57866669
v -25.99832344 55.20939255 24.7499218
v -25.99412537 55.21709824 24.91033554
v -25.98991776 55.21965408 25.0709095
v -18.06739998 44.17080688 18.06829071
v -18.06739998 50.21582413 18.06829071
v -26.45609283 65.68236542 15.6272459
v -19.90887451 65.68236542 15.6272459
v -18.01827812 64.17596436 16.94321632
v -18.06775093 50.55059052 18.07633018
v -18.06879997 50.88506699 18.10034752
v -18.07028389 51.17546463 18.13432121
v -18.07201576 51.42825699 18.17402267
v -18.07415199 51.6796875 18.22294426
v -18.07668304 51.92873764 18.28088951
v -18.07960701 52.17532349 18.34788513
v -18.08292961 52.4197998 18.42399025
v -18.0866375 52.66120911 18.50888252
v -18.09071732 52.89880753 18.60232925
v -18.09518242 53.13327408 18.70461082
v -18.10001945 53.36399078 18.81540871
v -18.10520935 53.5900383 18.9342804
v -18.11075783 53.81157303 19.06136322
v -18.11666679 54.02870178 19.196661
v -18.12290764 54.24056244 19.33961678
v -18.12946892 54.44662094 19.48990822
v -18.13636971 54.64746094 19.64795685
v -18.14358521 54.84245682 19.81322289
v -18.15108871 55.03085327 19.98505974
v -18.15889168 55.21294785 20.16379929
v -18.16699028 55.38864899 20.34928703
v -18.17535019 55.55727768 20.54077148
v -18.18395996 55.71850967 20.73794365
v -18.19283867 55.87276077 20.94129181
v -18.20195389 56.01950836 21.15006065
v -18.21127129 56.15821457 21.36348724
v -18.22081566 56.2891655 21.58209229
v -18.23057175 56.41221619 21.80552864
v -18.02492905 64.29285431 17.09552574
v -18.2404995 56.52689743 22.03290367
v -18.031744 64.40433502 17.25164604
v -18.03955269 64.52165222 17.43046951
v -18.04755402 64.63157654 17.61373329
v -18.0557251 64.73375702 17.80089188
v -18.06408882 64.82844543 17.99242973
v -18.07260895 64.91532135 18.18759155
v -18.08125305 64.99402618 18.3855896
v -18.09004593 65.06475067 18.58695793
v -18.09895706 65.12731934 18.79104614
v -18.1079464 65.18144989 18.99694443
v -18.11703682 65.22724152 19.20513916
v -18.12620354 65.26463318 19.41511726
v -18.13576508 65.29441071 19.63410187
v -18.14575577 65.31556702 19.86293411
v -18.1557827 65.3267746 20.09259415
v -18.16579437 65.32798767 20.32190895
v -18.26086235 56.73093033 22.4992981
v -18.25058937 56.63305664 22.26400757
v -18.27127838 56.82017517 22.73786736
v -18.28180313 56.90048981 22.97891426
v -18.2924633 56.97205353 23.22308922
v -18.30323792 57.03477097 23.46988297
v -18.31408501 57.08840942 23.71831512
v -18.32499886 57.13290405 23.96827698
v -18.33599663 57.16835785 24.22014046
v -18.34703827 57.19466782 24.47304344
v -18.35809517 57.2117424 24.72628593
v -18.36753082 57.21902847 24.94241333
v -18.37516212 57.22075272 25.11719513
v -18.37606239 57.2205162 25.1378212
v -18.37696266 57.21965408 25.15842438
v -19.18909454 43.20118332 43.75932312
v -19.18591309 43.25943375 43.68646622
v -19.18283272 43.32029343 43.61590195
v -19.19915962 43.04327011 43.98985672
v -19.19572639 43.09296799 43.91119766
v -19.19236946 43.14562225 43.83433914
v -19.20267868 42.99643707 44.07044601
v -19.15757942 44.08329391 43.03751373
v -19.16109085 43.9317131 43.11791229
v -19.15899277 44.01823425 43.06988907
v -19.16394615 43.82529831 43.18332291
v -19.16654968 43.73752594 43.2429657
v -19.16897583 43.66236877 43.29853821
v -19.17152596 43.58922195 43.35694504
v -19.17418861 43.51838684 43.41792679
v -19.17695999 43.45000458 43.48137283
v -19.1798439 43.38389587 43.54745102
v -19.2062664 42.95263672 44.15262985
v -19.21362877 42.87446213 44.32123184
v -19.20991325 42.91201401 44.2361412
v -19.2174015 42.84005356 44.40766525
v -19.2250824 42.78107071 44.58355713
v -19.22121811 42.80892563 44.49508667
v -19.22899246 42.75645828 44.67311478
v -19.24089241 42.70271301 44.94568253
v -19.23293304 42.73517227 44.7633934
v -19.23689651 42.71727371 44.85416031
v -19.24490738 42.69152069 45.03765869
v -19.2529583 42.67932129 45.22202682
v -19.24892807 42.68371964 45.12971497
v -19.25699615 42.67831039 45.31451797
v -19.2690506 42.69553757 45.59062195
v -19.26102638 42.68067169 45.4068222
v -19.26504135 42.686409 45.4987793
v -19.28092766 42.74281311 45.86265945
v -19.27699661 42.72373581 45.77261734
v -19.27304077 42.70799637 45.68201065
v -19.2924881 42.81941605 46.12740707
v -19.28868294 42.79071045 46.04026413
v -19.28482819 42.76517487 45.95199203
v -19.29624939 42.85133743 46.21358109
v -19.30717087 42.96530151 46.46372223
v -19.29995537 42.88633347 46.29845428
v -19.30359268 42.92428207 46.38176346
v -19.31746864 43.10557175 46.699543
v -19.31411552 43.05603027 46.62276459
v -19.3106842 43.00928116 46.54416275
v -19.32074356 43.15794754 46.77457428
v -19.33002281 43.33044815 46.98709106
v -19.32393074 43.21293259 46.84757614
v -19.32702065 43.2703743 46.91835022
v -19.33841515 43.52466583 47.17932892
v -19.33572388 43.45767593 47.11767578
v -19.3329258 43.39296722 47.05361176
v -19.34100342 43.59392166 47.23859406
v -19.34807205 43.81337357 47.40048981
v -19.34347725 43.66516876 47.29524994
v -19.34583092 43.73825455 47.34916687
v -19.3540554 44.04873657 47.53754807
v -19.3521862 43.96868896 47.49473572
v -19.35019302 43.89028168 47.44906998
v -19.35580063 44.13036346 47.57749176
v -19.35889053 44.29726791 47.64828491
v -19.35741234 44.21324921 47.61442566
v -19.36023712 44.38261795 47.67914581
v -19.36346054 44.64415359 47.75295639
v -19.3614502 44.46900177 47.70692062
v -19.36252403 44.5561142 47.73151016
v -19.36425972 44.73299789 47.77124786
v -19.36543274 44.91197586 47.79814148
v -19.36491776 44.82230377 47.78631973
v -19.36580849 45.00217438 47.80674744
v -19.36613655 45.19635391 47.81425476
v -19.36604309 45.09264755 47.81211472
v -19.36611366 45.14450073 47.8137207
v -19.15364838 44.28632355 42.94744492
v -19.36613655 50.45109558 47.81425476
v -19.02972031 51.8614006 40.10903931
v -18.72032356 65.32798767 33.02269363
v -18.72159386 57.19032288 33.0518074
v -18.69737434 57.21965408 32.49707413
v -18.74284363 65.3139267 33.53850174
v -18.73381615 57.16772461 33.33174133
v -19.36547661 51.12027359 47.79912567
v -18.76531792 65.28620148 34.05323792
v -19.3635025 51.78912354 47.75389862
v -18.79055595 65.23123169 34.63127136
v -18.74724579 57.12750244 33.63929749
v -19.36049652 52.40743637 47.68504715
v -18.81568909 65.15380859 35.20692825
v -18.76074409 57.07457352 33.9484787
v -19.35667992 52.97990799 47.59765625
v -18.84062004 65.05423737 35.77793884
v -18.77700424 56.99455261 34.3208847
v -19.35189056 53.54934311 47.48796082
v -18.86537743 64.93231201 36.34495926
v -18.79150963 56.90763092 34.65311432
v -19.34614944 54.11315918 47.35644913
v -19.02706718 52.02030945 40.04826736
v -18.88994408 64.78820801 36.90765381
v -18.80552673 56.80924606 34.97418594
v -19.33945084 54.67117691 47.20303726
v -19.0242672 52.17813492 39.98412704
v -18.91421127 64.62259674 37.46346283
v -19.33179474 55.22394562 47.0276947
v -19.01835251 52.48416519 39.84867859
v -18.93815422 64.43552399 38.01185608
v -18.8193512 56.69794083 35.29080582
v -19.32321739 55.76897049 46.83122635
v -19.01189995 52.78433228 39.70088196
v -18.96181107 64.22679901 38.55367279
v -18.83293533 56.57403946 35.60193253
v -19.31373024 56.30508804 46.61393356
v -19.00490761 53.07870483 39.54074097
v -18.9850769 63.99739075 39.08652496
v -18.84631538 56.43721771 35.9083786
v -19.30331421 56.8335762 46.37536621
v -18.99740791 53.36597061 39.36898041
v -19.00788879 63.74779892 39.60902023
v -18.85943794 56.28808594 36.20891953
v -19.29201317 57.35227966 46.11655045
v -18.98940849 53.64575195 39.18574905
v -19.03030777 63.47740936 40.12252045
v -18.87225151 56.12717056 36.50243378
v -19.27986526 57.85939789 45.83828354
v -19.05224991 63.1873436 40.62505722
v -19.26683235 58.35634613 45.53979874
v -18.9808979 53.91846466 38.99084091
v -19.07362938 62.87862396 41.11474991
v -18.88479424 55.95402145 36.78969955
v -19.25296211 58.84154892 45.22212982
v -18.97192001 54.18280029 38.7851944
v -19.09450722 62.55038071 41.59289932
v -18.89701843 55.7693367 37.06968689
v -19.23831177 59.31293869 44.88656235
v -18.96248817 54.43815231 38.56918716
v -19.11482239 62.20364761 42.05819321
v -18.90887642 55.57384872 37.34124374
v -19.22284317 59.77152252 44.53230667
v -18.95258713 54.68508148 38.34241486
v -19.13448715 61.83991241 42.5085907
v -18.9203949 55.36701965 37.60506821
v -19.20659256 60.21651077 44.16010284
v -18.94226265 54.92245483 38.10593414
v -19.15353584 61.45843887 42.94486618
v -18.93153954 55.14957428 37.86034393
v -19.18963242 60.64587402 43.77161789
v -19.17194366 61.05982208 43.3665123
v -25.66949654 55.21965408 32.40983582
v -25.66235161 55.21496964 32.65097427
v -25.65520668 55.20092773 32.8917923
v -25.64807129 55.17755127 33.13192749
v -25.64095497 55.14485168 33.37102509
v -25.63386536 55.1028862 33.60872269
v -25.6268177 55.05170822 33.8446579
v -25.62003708 54.9933815 34.07130814
v -25.61352158 54.92873001 34.28876877
v -25.60758591 54.8622551 34.48669815
v -25.60217857 54.79522705 34.66678619
v -25.59683228 54.72265244 34.84474182
v -25.59154892 54.6445961 35.02039337
v -25.58633423 54.56113434 35.193573
v -25.58119392 54.47233582 35.36410904
v -25.57613373 54.37829208 35.53184509
v -25.57115746 54.27909088 35.6966095
v -25.56627274 54.17481995 35.85824585
v -25.56147957 54.06557846 36.01660156
v -25.5567894 53.95147324 36.17151642
v -25.55220032 53.83261108 36.32284546
v -25.54772186 53.70910263 36.4704361
v -25.54335785 53.58106613 36.61415482
v -25.53911018 53.44862366 36.75384903
v -25.53498459 53.31189728 36.88939285
v -25.53098679 53.17102432 37.02064514
v -25.5271225 53.02613831 37.14748764
v -25.52339363 52.87737274 37.26978683
v -25.51980591 52.72487259 37.3874321
v -25.51635933 52.56878281 37.50030518
v -25.51305199 52.40924454 37.60829926
v -25.50989723 52.246418 37.71130371
v -25.50690842 52.08046722 37.80921936
v -25.50409889 51.91155624 37.90194321
v -25.50145149 51.73985672 37.98937988
v -25.49890518 51.56552887 38.07145309
v -25.49644661 51.38875198 38.1480751
v -25.49518776 51.28804398 38.18885422
v -25.49410057 51.18663788 38.22786331
v -25.3701725 43.61156082 41.06627274
v -25.36512184 43.42076111 41.14276505
v -25.35994148 43.23360825 41.22787476
v -25.35438919 43.0504837 41.32142258
v -25.34824753 42.87177658 41.42323303
v -25.34147263 42.69784927 41.53310776
v -25.33415604 42.52906418 41.65081024
v -25.32653427 42.36872101 41.77374649
v -25.31865311 42.21678543 41.9013176
v -25.3103714 42.07055283 42.03547668
v -25.30248833 41.94280624 42.16294861
v -25.29504013 41.83114243 42.28321838
v -25.28733635 41.7238884 42.40750122
v -25.27939034 41.62118912 42.53564453
v -25.27120972 41.52318573 42.66748428
v -25.26280594 41.43000412 42.802845
v -25.25418854 41.3417778 42.94155502
v -25.24536514 41.25863266 43.0834465
v -25.23634911 41.18067169 43.22832489
v -25.22715187 41.10800934 43.37601089
v -25.21778297 41.04075241 43.52631378
v -25.20825386 40.97898865 43.679039
v -25.19857979 40.9228096 43.83398438
v -25.18877029 40.87229919 43.99095917
v -25.17883873 40.82753372 44.14974976
v -25.16879654 40.78857422 44.31015396
v -25.15865707 40.75548935 44.47196579
v -25.14843369 40.7283287 44.63496399
v -25.13813782 40.70713806 44.79894638
v -25.12778473 40.69195557 44.9636879
v -25.11738968 40.68281174 45.12897491
v -25.1069622 40.67973328 45.29458618
v -25.09651756 40.68273163 45.46030426
v -25.08607101 40.69181442 45.62590408
v -25.075634 40.70698929 45.79116821
v -25.06522369 40.72823715 45.95587158
v -25.05485153 40.75554276 46.11979294
v -25.04453278 40.78889084 46.28271103
v -25.03428078 40.82823944 46.44439697
v -25.02411079 40.87355042 46.60464096
v -25.01403809 40.92477798 46.7632103
v -25.0040741 40.98186111 46.91989517
v -24.99423409 41.04473877 47.07447433
v -24.98453331 41.11332703 47.22673416
v -24.97498512 41.18756104 47.37645721
v -24.96560287 41.2673378 47.5234375
v -24.95639992 41.35256195 47.6674614
v -24.9473896 41.44312668 47.80833054
v -24.9385891 41.53892517 47.94583893
v -24.93000603 41.63982773 48.07978821
v -24.92165565 41.74570847 48.20998764
v -24.91355324 41.85643005 48.33624649
v -24.90570831 41.97184372 48.45838547
v -24.89813232 42.09179688 48.57621765
v -24.89084053 42.21613693 48.68957138
v -24.88384056 42.34469223 48.79828262
v -24.87714577 42.47728348 48.90218735
v -24.87076569 42.61374283 49.00112534
v -24.86471176 42.75387192 49.09495926
v -24.85899353 42.89748383 49.18353653
v -24.85361862 43.04437637 49.26673126
v -24.84859657 43.19434738 49.34440994
v -24.84393692 43.34718323 49.41646194
v -24.83964539 43.5026741 49.48277283
v -24.83573151 43.66059875 49.54323578
v -24.8321991 43.82073212 49.59776688
v -24.82905579 43.98283768 49.64627457
v -24.8263073 44.14669418 49.68868637
v -24.82395744 44.31206131 49.72493744
v -24.82201004 44.47872162 49.75497437
v -24.82047081 44.64643097 49.77874756
v -24.81933975 44.81492996 49.79621506
v -24.81872559 44.95080948 49.80567169
v -24.81839943 45.07355118 49.81068039
v -24.81829071 45.19635391 49.81235123
v -24.81829071 50.45109558 49.81235123
v -24.81921387 51.24522018 49.79364395
v -24.82197762 52.03753281 49.73760986
v -24.82640648 52.80205536 49.64780426
v -24.83233643 53.53833389 49.52756882
v -24.83986473 54.2685585 49.37493134
v -24.84799576 54.91934967 49.2101059
v -24.85639954 55.49897385 49.03975296
v -24.86581993 56.07209015 48.84878159
v -24.87615776 56.63363266 48.63914108
v -24.88737869 57.18309021 48.41155624
v -24.89954376 57.72414398 48.16477585
v -24.9126339 58.2561264 47.8991127
v -24.92663765 58.77836227 47.61489487
v -24.94153214 59.29022217 47.31249619
v -24.95730209 59.7910614 46.9922905
v -24.97392273 60.28025436 46.65467834
v -24.99137497 60.75720596 46.30009079
v -25.00963783 61.22132492 45.92898178
v -25.02868462 61.67203522 45.54180145
v -25.04849243 62.10878372 45.13904953
v -25.06903648 62.53103638 44.72123337
v -25.09029007 62.93827057 44.28886795
v -25.11222839 63.32998657 43.84249496
v -25.13481903 63.70571136 43.38268661
v -25.15803719 64.06497955 42.91000748
v -25.18185234 64.40734863 42.42504883
v -25.20623398 64.73241425 41.92841721
v -25.23115158 65.03977203 41.42073822
v -25.25657463 65.32904816 40.90262985
v -25.2824707 65.59990692 40.37474823
v -25.30880737 65.852005 39.83774567
v -25.33555222 66.08503723 39.2922821
v -25.3626709 66.29873657 38.739048
v -25.39012718 66.49284363 38.1787262
v -25.41788864 66.66711426 37.61201096
v -25.44591904 66.82135773 37.03958893
v -25.47417831 66.95539856 36.46215439
v -25.50263214 67.06905365 35.88040543
v -25.53124619 67.16221619 35.29509354
v -25.55999184 67.23475647 34.70698166
v -25.58883286 67.28658295 34.11688614
v -25.61768341 67.31763458 33.52643585
v -25.64654732 67.32798767 32.93545532
v -26.20107651 67.32798767 20.23466873
v -26.22011185 67.31993103 19.8924427
v -26.2390976 67.29579163 19.55111694
v -26.2558918 67.26087952 19.24891853
v -26.27072906 67.21923828 18.98166847
v -26.2854538 67.16770935 18.71621895
v -26.29976654 67.1076355 18.4579792
v -26.31366348 67.03962708 18.20706177
v -26.32740593 66.96272278 17.95878983
v -26.33973312 66.88527679 17.73596764
v -26.35079002 66.8087616 17.5359993
v -26.36170959 66.72640991 17.3384037
v -26.3724823 66.63829803 17.14335251
v -26.38309669 66.54449463 16.95100975
v -26.39355278 66.44509125 16.76153755
v -26.40384483 66.34017181 16.57509041
v -26.41397095 66.22982025 16.39182854
v -26.42390633 66.11414337 16.21191597
v -26.43361855 65.99325562 16.03552246
v -26.44265556 65.8731842 15.87068367
v -26.44939995 65.77905273 15.74792957
v -20.2480545 50.43214798 20.07106781
v -20.24839783 50.64805603 20.08509445
v -20.24897194 50.86316299 20.10843658
v -20.24977112 51.07706451 20.14106369
v -20.25079918 51.28937149 20.18290901
v -20.25195694 51.48480606 20.22996902
v -20.25320435 51.66452408 20.28068924
v -20.25461769 51.84223938 20.33808517
v -20.25613022 52.01088333 20.39944839
v -20.25772285 52.17076874 20.46408081
v -20.25945473 52.32834625 20.53418922
v -20.26132011 52.48343277 20.60969353
v -20.26332092 52.63583755 20.6905098
v -20.26545143 52.78538513 20.77654076
v -20.26771164 52.93189621 20.86768532
v -20.27009964 53.0751915 20.96384048
v -20.27261353 53.21510696 21.06489563
v -20.27524948 53.35147095 21.17072678
v -20.2780056 53.48412323 21.28121758
v -20.28087997 53.61290359 21.39623642
v -20.28386879 53.73765945 21.51564598
v -20.28696823 53.85824203 21.63931084
v -20.29017639 53.97449875 21.76708603
v -20.29349136 54.08629608 21.89882088
v -20.29690742 54.1934967 22.03435898
v -20.30042076 54.29597092 22.17354584
v -20.30402946 54.39359283 22.31621361
v -20.30772972 54.48624802 22.46219635
v -20.31151772 54.57382202 22.6113224
v -20.31538773 54.65620422 22.76341438
v -20.31933594 54.73329544 22.91829491
v -20.32336044 54.80500031 23.07577896
v -20.32745361 54.87122726 23.23568153
v -20.33161354 54.93190002 23.39781189
v -20.3358345 54.98693848 23.56197548
v -20.34011269 55.03627014 23.72797966
v -20.34444237 55.0798378 23.89562798
v -20.34881783 55.11758804 24.06472588
v -20.35323334 55.14946747 24.235075
v -20.35768509 55.17543411 24.40646362
v -20.36217117 55.19545364 24.57866669
v -20.36664391 55.20939255 24.7499218
v -20.37084198 55.21709824 24.91033554
v -20.37504959 55.21965408 25.0709095
v -20.16389084 67.32798767 20.23466873
v -20.1448555 67.31993103 19.8924427
v -20.12586975 67.29579163 19.55111694
v -20.10907555 67.26087952 19.24891853
v -20.09423828 67.21923828 18.98166847
v -20.07951355 67.16770935 18.71621895
v -20.06520081 67.1076355 18.4579792
v -20.05130386 67.03962708 18.20706177
v -20.03756142 66.96272278 17.95878983
v -20.02523422 66.88527679 17.73596764
v -20.01417732 66.8087616 17.5359993
v -20.00325775 66.72640991 17.3384037
v -19.99248505 66.63829803 17.14335251
v -19.98187065 66.54449463 16.95100975
v -19.97141457 66.44509125 16.76153755
v -19.96112251 66.34017181 16.57509041
v -19.9509964 66.22982025 16.39182854
v -19.94106102 66.11414337 16.21191597
v -19.9313488 65.99325562 16.03552246
v -19.92231178 65.8731842 15.87068367
v -19.9155674 65.77905273 15.74792957
v -20.71842003 67.32798767 32.93545532
v -21.54667664 50.45109558 49.81235123
v -21.54575348 51.24522018 49.79364395
v -21.54298973 52.03753281 49.73760986
v -21.53856087 52.80205536 49.64780426
v -21.53263092 53.53833389 49.52756882
v -21.52510262 54.2685585 49.37493134
v -21.51697159 54.91934967 49.2101059
v -21.50856781 55.49897385 49.03975296
v -21.49914742 56.07209015 48.84878159
v -21.48880959 56.63363266 48.63914108
v -21.47758865 57.18309021 48.41155624
v -21.46542358 57.72414398 48.16477585
v -21.45233345 58.2561264 47.8991127
v -21.4383297 58.77836227 47.61489487
v -21.42343521 59.29022217 47.31249619
v -21.40766525 59.7910614 46.9922905
v -21.39104462 60.28025436 46.65467834
v -21.37359238 60.75720596 46.30009079
v -21.35532951 61.22132492 45.92898178
v -21.33628273 61.67203522 45.54180145
v -21.31647491 62.10878372 45.13904953
v -21.29593086 62.53103638 44.72123337
v -21.27467728 62.93827057 44.28886795
v -21.25273895 63.32998657 43.84249496
v -21.23014832 63.70571136 43.38268661
v -21.20693016 64.06497955 42.91000748
v -21.18311501 64.40734863 42.42504883
v -21.15873337 64.73241425 41.92841721
v -21.13381577 65.03977203 41.42073822
v -21.10839272 65.32904816 40.90262985
v -21.08249664 65.59990692 40.37474823
v -21.05615997 65.852005 39.83774567
v -21.02941513 66.08503723 39.2922821
v -21.00229645 66.29873657 38.739048
v -20.97484016 66.49284363 38.1787262
v -20.9470787 66.66711426 37.61201096
v -20.91904831 66.82135773 37.03958893
v -20.89078903 66.95539856 36.46215439
v -20.86233521 67.06905365 35.88040543
v -20.83372116 67.16221619 35.29509354
v -20.80497551 67.23475647 34.70698166
v -20.77613449 67.28658295 34.11688614
v -20.74728394 67.31763458 33.52643585
v -21.54667664 45.19635391 49.81235123
v -20.99479485 43.61156082 41.06627274
v -20.9998455 43.42076111 41.14276505
v -21.00502586 43.23360825 41.22787476
v -21.01057816 43.0504837 41.32142258
v -21.01671982 42.87177658 41.42323303
v -21.02349472 42.69784927 41.53310776
v -21.03081131 42.52906418 41.65081024
v -21.03843307 42.36872101 41.77374649
v -21.04631424 42.21678543 41.9013176
v -21.05459595 42.07055283 42.03547668
v -21.06247902 41.94280624 42.16294861
v -21.06992722 41.83114243 42.28321838
v -21.077631 41.7238884 42.40750122
v -21.08557701 41.62118912 42.53564453
v -21.09375763 41.52318573 42.66748428
v -21.10216141 41.43000412 42.802845
v -21.11077881 41.3417778 42.94155502
v -21.1196022 41.25863266 43.0834465
v -21.12861824 41.18067169 43.22832489
v -21.13781548 41.10800934 43.37601089
v -21.14718437 41.04075241 43.52631378
v -21.15671349 40.97898865 43.679039
v -21.16638756 40.9228096 43.83398438
v -21.17619705 40.87229919 43.99095917
v -21.18612862 40.82753372 44.14974976
v -21.19617081 40.78857422 44.31015396
v -21.20631027 40.75548935 44.47196579
v -21.21653366 40.7283287 44.63496399
v -21.22682953 40.70713806 44.79894638
v -21.23718262 40.69195557 44.9636879
v -21.24757767 40.68281174 45.12897491
v -21.25800514 40.67973328 45.29458618
v -21.26844978 40.68273163 45.46030426
v -21.27889633 40.69181442 45.62590408
v -21.28933334 40.70698929 45.79116821
v -21.29974365 40.72823715 45.95587158
v -21.31011581 40.75554276 46.11979294
v -21.32043457 40.78889084 46.28271103
v -21.33068657 40.82823944 46.44439697
v -21.34085655 40.87355042 46.60464096
v -21.35092926 40.92477798 46.7632103
v -21.36089325 40.98186111 46.91989517
v -21.37073326 41.04473877 47.07447433
v -21.38043404 41.11332703 47.22673416
v -21.38998222 41.18756104 47.37645721
v -21.39936447 41.2673378 47.5234375
v -21.40856743 41.35256195 47.6674614
v -21.41757774 41.44312668 47.80833054
v -21.42637825 41.53892517 47.94583893
v -21.43496132 41.63982773 48.07978821
v -21.44331169 41.74570847 48.20998764
v -21.45141411 41.85643005 48.33624649
v -21.45925903 41.97184372 48.45838547
v -21.46683502 42.09179688 48.57621765
v -21.47412682 42.21613693 48.68957138
v -21.48112679 42.34469223 48.79828262
v -21.48782158 42.47728348 48.90218735
v -21.49420166 42.61374283 49.00112534
v -21.50025558 42.75387192 49.09495926
v -21.50597382 42.89748383 49.18353653
v -21.51134872 43.04437637 49.26673126
v -21.51637077 43.19434738 49.34440994
v -21.52103043 43.34718323 49.41646194
v -21.52532196 43.5026741 49.48277283
v -21.52923584 43.66059875 49.54323578
v -21.53276825 43.82073212 49.59776688
v -21.53591156 43.98283768 49.64627457
v -21.53866005 44.14669418 49.68868637
v -21.5410099 44.31206131 49.72493744
v -21.54295731 44.47872162 49.75497437
v -21.54449654 44.64643097 49.77874756
v -21.54562759 44.81492996 49.79621506
v -21.54624176 44.95080948 49.80567169
v -21.54656792 45.07355118 49.81068039
v -20.87086678 51.18663788 38.22786331
v -20.69547081 55.21965408 32.40983582
v -20.70261574 55.21496964 32.65097427
v -20.70976067 55.20092773 32.8917923
v -20.71689606 55.17755127 33.13192749
v -20.72401237 55.14485168 33.37102509
v -20.73110199 55.1028862 33.60872269
v -20.73814964 55.05170822 33.8446579
v -20.74493027 54.9933815 34.07130814
v -20.75144577 54.92873001 34.28876877
v -20.75738144 54.8622551 34.48669815
v -20.76278877 54.79522705 34.66678619
v -20.76813507 54.72265244 34.84474182
v -20.77341843 54.6445961 35.02039337
v -20.77863312 54.56113434 35.193573
v -20.78377342 54.47233582 35.36410904
v -20.78883362 54.37829208 35.53184509
v -20.79380989 54.27909088 35.6966095
v -20.79869461 54.17481995 35.85824585
v -20.80348778 54.06557846 36.01660156
v -20.80817795 53.95147324 36.17151642
v -20.81276703 53.83261108 36.32284546
v -20.81724548 53.70910263 36.4704361
v -20.8216095 53.58106613 36.61415482
v -20.82585716 53.44862366 36.75384903
v -20.82998276 53.31189728 36.88939285
v -20.83398056 53.17102432 37.02064514
v -20.83784485 53.02613831 37.14748764
v -20.84157372 52.87737274 37.26978683
v -20.84516144 52.72487259 37.3874321
v -20.84860802 52.56878281 37.50030518
v -20.85191536 52.40924454 37.60829926
v -20.85507011 52.246418 37.71130371
v -20.85805893 52.08046722 37.80921936
v -20.86086845 51.91155624 37.90194321
v -20.86351585 51.73985672 37.98937988
v -20.86606216 51.56552887 38.07145309
v -20.86852074 51.38875198 38.1480751
v -20.86977959 51.28804398 38.18885422
v -67.94715881 35.5401535 7.90184736
v -67.62352753 35.94450378 7.90184736
v -69.78093719 35.20766068 10.16953182
v -68.06739807 44.17080688 18.06829071
v -70.211586 43.18887329 20.03307915
v -77.09085083 33.88225555 7.90184736
v -76.65124512 33.96196365 8.63004112
v -78.74143982 35.94450378 7.90184736
v -78.29756927 44.17080688 18.06829071
v -76.15338135 43.18887329 20.03307915
v -76.11702728 43.21582413 20.06638718
v -70.24794006 43.21582413 20.06638718
v -78.74143982 56.772995 7.90184736
v -76.79338837 59.35689545 7.90184736
v -69.57157898 59.35689545 7.90184736
v -67.62352753 56.772995 7.90184736
v -68.06739807 50.21582413 18.06829071
v -68.06774902 50.55059052 18.07633018
v -68.06880188 50.88506699 18.10034752
v -68.07028198 51.17546463 18.13432121
v -68.07201385 51.42825699 18.17402267
v -68.07415009 51.6796875 18.22294426
v -68.07668304 51.92873764 18.28088951
v -68.0796051 52.17532349 18.34788513
v -68.08293152 52.4197998 18.42399025
v -68.0866394 52.66120911 18.50888252
v -68.0907135 52.89880753 18.60232925
v -68.09518433 53.13327408 18.70461082
v -68.10002136 53.36399078 18.81540871
v -68.10520935 53.5900383 18.9342804
v -68.11075592 53.81157303 19.06136322
v -68.1166687 54.02870178 19.196661
v -68.12290955 54.24056244 19.33961678
v -68.12947083 54.44662094 19.48990822
v -68.01828003 64.17596436 16.94321632
v -68.1363678 54.64746094 19.64795685
v -68.14358521 54.84245682 19.81322289
v -68.1510849 55.03085327 19.98505974
v -68.15888977 55.21294785 20.16379929
v -68.16699219 55.38864899 20.34928703
v -68.175354 55.55727768 20.54077148
v -68.18395996 55.71850967 20.73794365
v -68.19284058 55.87276077 20.94129181
v -68.20195007 56.01950836 21.15006065
v -68.21127319 56.15821457 21.36348724
v -68.22081757 56.2891655 21.58209229
v -68.23056793 56.41221619 21.80552864
v -68.02492523 64.29285431 17.09552574
v -68.2405014 56.52689743 22.03290367
v -68.03174591 64.40433502 17.25164604
v -68.03955078 64.52165222 17.43046951
v -68.04755402 64.63157654 17.61373329
v -68.0557251 64.73375702 17.80089188
v -68.06408691 64.82844543 17.99242973
v -68.07260895 64.91532135 18.18759155
v -68.08125305 64.99402618 18.3855896
v -68.09004211 65.06475067 18.58695793
v -68.09895325 65.12731934 18.79104614
v -68.1079483 65.18144989 18.99694443
v -68.11703491 65.22724152 19.20513916
v -68.12620544 65.26463318 19.41511726
v -68.13576508 65.29441071 19.63410187
v -68.14575958 65.31556702 19.86293411
v -68.15578461 65.3267746 20.09259415
v -68.16579437 65.32798767 20.32190895
v -68.26086426 56.73093033 22.4992981
v -68.25058746 56.63305664 22.26400757
v -68.27127838 56.82017517 22.73786736
v -68.28179932 56.90048981 22.97891426
v -68.29246521 56.97205353 23.22308922
v -68.30323792 57.03477097 23.46988297
v -68.31408691 57.08840942 23.71831512
v -68.32499695 57.13290405 23.96827698
v -68.33599854 57.16835785 24.22014046
v -68.34703827 57.19466782 24.47304344
v -68.35809326 57.2117424 24.72628593
v -68.36753082 57.21902847 24.94241333
v -68.37516022 57.22075272 25.11719513
v -68.37606049 57.2205162 25.1378212
v -68.37696075 57.21965408 25.15842438
v -69.18909454 43.20118332 43.75932312
v -69.18591309 43.25943375 43.68646622
v -69.18283081 43.32029343 43.61590195
v -69.19915771 43.04327011 43.98985672
v -69.19572449 43.09296799 43.91119766
v -69.19236755 43.14562225 43.83433914
v -69.2026825 42.99643707 44.07044601
v -69.15757751 44.08329391 43.03751373
v -69.16108704 43.9317131 43.11791229
v -69.15899658 44.01823425 43.06988907
v -69.16394806 43.82529831 43.18332291
v -69.16654968 43.73752594 43.2429657
v -69.16897583 43.66236877 43.29853821
v -69.17152405 43.58922195 43.35694504
v -69.17418671 43.51838684 43.41792679
v -69.17695618 43.45000458 43.48137283
v -69.17984772 43.38389587 43.54745102
v -69.20626831 42.95263672 44.15262985
v -69.21363068 42.87446213 44.32123184
v -69.20991516 42.91201401 44.2361412
v -69.2173996 42.84005356 44.40766525
v -69.2250824 42.78107071 44.58355713
v -69.22122192 42.80892563 44.49508667
v -69.22898865 42.75645828 44.67311478
v -69.2408905 42.70271301 44.94568253
v -69.23293304 42.73517227 44.7633934
v -69.23690033 42.71727371 44.85416031
v -69.24491119 42.69152069 45.03765869
v -69.25296021 42.67932129 45.22202682
v -69.24892426 42.68371964 45.12971497
v -69.25699615 42.67831039 45.31451797
v -69.2690506 42.69553757 45.59062195
v -69.26102448 42.68067169 45.4068222
v -69.26503754 42.686409 45.4987793
v -69.28092957 42.74281311 45.86265945
v -69.27700043 42.72373581 45.77261734
v -69.27304077 42.70799637 45.68201065
v -69.2924881 42.81941605 46.12740707
v -69.28868103 42.79071045 46.04026413
v -69.28482819 42.76517487 45.95199203
v -69.29624939 42.85133743 46.21358109
v -69.30717468 42.96530151 46.46372223
v -69.29995728 42.88633347 46.29845428
v -69.3035965 42.92428207 46.38176346
v -69.31746674 43.10557175 46.699543
v -69.31411743 43.05603027 46.62276459
v -69.3106842 43.00928116 46.54416275
v -69.32074738 43.15794754 46.77457428
v -69.33002472 43.33044815 46.98709106
v -69.32392883 43.21293259 46.84757614
v -69.32701874 43.2703743 46.91835022
v -69.33841705 43.52466583 47.17932892
v -69.33572388 43.45767593 47.11767578
v -69.33292389 43.39296722 47.05361176
v -69.34100342 43.59392166 47.23859406
v -69.34806824 43.81337357 47.40048981
v -69.34347534 43.66516876 47.29524994
v -69.34583282 43.73825455 47.34916687
v -69.35405731 44.04873657 47.53754807
v -69.35218811 43.96868896 47.49473572
v -69.35018921 43.89028168 47.44906998
v -69.35579681 44.13036346 47.57749176
v -69.35889435 44.29726791 47.64828491
v -69.35741425 44.21324921 47.61442566
v -69.36023712 44.38261795 47.67914581
v -69.36346436 44.64415359 47.75295639
v -69.3614502 44.46900177 47.70692062
v -69.36252594 44.5561142 47.73151016
v -69.36425781 44.73299789 47.77124786
v -69.36543274 44.91197586 47.79814148
v -69.36491394 44.82230377 47.78631973
v -69.36580658 45.00217438 47.80674744
v -69.36613464 45.19635391 47.81425476
v -69.36604309 45.09264755 47.81211472
v -69.36611176 45.14450073 47.8137207
v -69.15364838 44.28632355 42.94744492
v -69.36613464 50.45109558 47.81425476
v -69.02971649 51.8614006 40.10903931
v -68.72032166 65.32798767 33.02269363
v -68.72159576 57.19032288 33.0518074
v -68.69737244 57.21965408 32.49707413
v -68.74284363 65.3139267 33.53850174
v -68.73381805 57.16772461 33.33174133
v -69.36547852 51.12027359 47.79912567
v -68.76531982 65.28620148 34.05323792
v -69.3635025 51.78912354 47.75389862
v -68.79055786 65.23123169 34.63127136
v -68.74724579 57.12750244 33.63929749
v -69.36049652 52.40743637 47.68504715
v -68.81568909 65.15380859 35.20692825
v -68.76074219 57.07457352 33.9484787
v -69.35668182 52.97990799 47.59765625
v -68.84062195 65.05423737 35.77793884
v -68.77700043 56.99455261 34.3208847
v -69.35189056 53.54934311 47.48796082
v -68.86537933 64.93231201 36.34495926
v -68.79151154 56.90763092 34.65311432
v -69.34614563 54.11315918 47.35644913
v -69.02706909 52.02030945 40.04826736
v -68.88994598 64.78820801 36.90765381
v -68.80552673 56.80924606 34.97418594
v -69.33944702 54.67117691 47.20303726
v -69.0242691 52.17813492 39.98412704
v -68.91421509 64.62259674 37.46346283
v -69.33179474 55.22394562 47.0276947
v -69.01835632 52.48416519 39.84867859
v -68.93815613 64.43552399 38.01185608
v -68.8193512 56.69794083 35.29080582
v -69.3232193 55.76897049 46.83122635
v -69.01190186 52.78433228 39.70088196
v -68.96181488 64.22679901 38.55367279
v -68.83293915 56.57403946 35.60193253
v -69.31372833 56.30508804 46.61393356
v -69.0049057 53.07870483 39.54074097
v -68.9850769 63.99739075 39.08652496
v -68.84631348 56.43721771 35.9083786
v -69.30331421 56.8335762 46.37536621
v -68.99740601 53.36597061 39.36898041
v -69.00788879 63.74779892 39.60902023
v -68.85943604 56.28808594 36.20891953
v -69.29201508 57.35227966 46.11655045
v -68.9894104 53.64575195 39.18574905
v -69.03031158 63.47740936 40.12252045
v -68.87225342 56.12717056 36.50243378
v -69.27986145 57.85939789 45.83828354
v -69.05225372 63.1873436 40.62505722
v -69.26683044 58.35634613 45.53979874
v -68.980896 53.91846466 38.99084091
v -69.07363129 62.87862396 41.11474991
v -68.88479614 55.95402145 36.78969955
v -69.25296021 58.84154892 45.22212982
v -68.9719162 54.18280029 38.7851944
v -69.09450531 62.55038071 41.59289932
v -68.89701843 55.7693367 37.06968689
v -69.23831177 59.31293869 44.88656235
v -68.96248627 54.43815231 38.56918716
v -69.11482239 62.20364761 42.05819321
v -68.90887451 55.57384872 37.34124374
v -69.22284698 59.77152252 44.53230667
v -68.95259094 54.68508148 38.34241486
v -69.13448334 61.83991241 42.5085907
v -68.9203949 55.36701965 37.60506821
v -69.20659637 60.21651077 44.16010284
v -68.94226074 54.92245483 38.10593414
v -69.15353394 61.45843887 42.94486618
v -68.93154144 55.14957428 37.86034393
v -69.1896286 60.64587402 43.77161789
v -69.17194366 61.05982208 43.3665123
v -70.24794006 50.21582413 20.06638718
v -76.11702728 50.21582413 20.06638718
v -78.29756927 50.21582413 18.06829071
v -78.21388245 55.03085327 19.98505974
v -78.20607758 55.21294785 20.16379929
v -78.34668732 64.17596436 16.94321632
v -78.19797516 55.38864899 20.34928703
v -78.22138214 54.84245682 19.81322289
v -78.18961334 55.55727768 20.54077148
v -78.22859955 54.64746094 19.64795685
v -78.18100739 55.71850967 20.73794365
v -78.23549652 54.44662094 19.48990822
v -78.17212677 55.87276077 20.94129181
v -78.2420578 54.24056244 19.33961678
v -78.16301727 56.01950836 21.15006065
v -78.24829865 54.02870178 19.196661
v -78.15369415 56.15821457 21.36348724
v -78.25421143 53.81157303 19.06136322
v -78.14414978 56.2891655 21.58209229
v -78.259758 53.5900383 18.9342804
v -78.13439941 56.41221619 21.80552864
v -78.34004211 64.29285431 17.09552574
v -78.26494598 53.36399078 18.81540871
v -78.12446594 56.52689743 22.03290367
v -78.25701904 65.18144989 18.99694443
v -78.2660141 65.12731934 18.79104614
v -78.27492523 65.06475067 18.58695793
v -78.28371429 64.99402618 18.3855896
v -78.2923584 64.91532135 18.18759155
v -78.30088043 64.82844543 17.99242973
v -78.30924225 64.73375702 17.80089188
v -78.31741333 64.63157654 17.61373329
v -78.32541656 64.52165222 17.43046951
v -78.33322144 64.40433502 17.25164604
v -78.19917297 65.32798767 20.32190895
v -78.20918274 65.3267746 20.09259415
v -78.21920776 65.31556702 19.86293411
v -78.22920227 65.29441071 19.63410187
v -78.2387619 65.26463318 19.41511726
v -78.24793243 65.22724152 19.20513916
v -78.26978302 53.13327408 18.70461082
v -78.11437988 56.63305664 22.26400757
v -78.27425385 52.89880753 18.60232925
v -78.10410309 56.73093033 22.4992981
v -78.27832794 52.66120911 18.50888252
v -78.09368896 56.82017517 22.73786736
v -78.28203583 52.4197998 18.42399025
v -78.08316803 56.90048981 22.97891426
v -78.28536224 52.17532349 18.34788513
v -78.07250214 56.97205353 23.22308922
v -78.2882843 51.92873764 18.28088951
v -78.06172943 57.03477097 23.46988297
v -78.29081726 51.6796875 18.22294426
v -78.05088043 57.08840942 23.71831512
v -78.29295349 51.42825699 18.17402267
v -78.0399704 57.13290405 23.96827698
v -78.29468536 51.17546463 18.13432121
v -78.02896881 57.16835785 24.22014046
v -78.29616547 50.88506699 18.10034752
v -78.01792908 57.19466782 24.47304344
v -78.00687408 57.2117424 24.72628593
v -78.29721832 50.55059052 18.07633018
v -77.99743652 57.21902847 24.94241333
v -77.98980713 57.22075272 25.11719513
v -77.98890686 57.2205162 25.1378212
v -77.98800659 57.21965408 25.15842438
v -77.64464569 65.32798767 33.02269363
v -77.66759491 57.21965408 32.49707413
v -77.64337158 57.19032288 33.0518074
v -77.62212372 65.3139267 33.53850174
v -77.63114929 57.16772461 33.33174133
v -77.57440948 65.23123169 34.63127136
v -77.59964752 65.28620148 34.05323792
v -77.61772156 57.12750244 33.63929749
v -77.54927826 65.15380859 35.20692825
v -77.60422516 57.07457352 33.9484787
v -77.5243454 65.05423737 35.77793884
v -77.58796692 56.99455261 34.3208847
v -77.49958801 64.93231201 36.34495926
v -77.57345581 56.90763092 34.65311432
v -77.47502136 64.78820801 36.90765381
v -77.55944061 56.80924606 34.97418594
v -77.42681122 64.43552399 38.01185608
v -77.45075226 64.62259674 37.46346283
v -77.54561615 56.69794083 35.29080582
v -77.40315247 64.22679901 38.55367279
v -77.5320282 56.57403946 35.60193253
v -77.37989044 63.99739075 39.08652496
v -77.51865387 56.43721771 35.9083786
v -77.35707855 63.74779892 39.60902023
v -77.50553131 56.28808594 36.20891953
v -77.33465576 63.47740936 40.12252045
v -77.49271393 56.12717056 36.50243378
v -77.29133606 62.87862396 41.11474991
v -77.31271362 63.1873436 40.62505722
v -77.4801712 55.95402145 36.78969955
v -77.27046204 62.55038071 41.59289932
v -77.46794891 55.7693367 37.06968689
v -77.25014496 62.20364761 42.05819321
v -77.45609283 55.57384872 37.34124374
v -77.23048401 61.83991241 42.5085907
v -77.44457245 55.36701965 37.60506821
v -77.21143341 61.45843887 42.94486618
v -77.4334259 55.14957428 37.86034393
v -77.19302368 61.05982208 43.3665123
v -77.17533875 60.64587402 43.77161789
v -77.4227066 54.92245483 38.10593414
v -77.15837097 60.21651077 44.16010284
v -77.4123764 54.68508148 38.34241486
v -77.14212036 59.77152252 44.53230667
v -77.40248108 54.43815231 38.56918716
v -77.12665558 59.31293869 44.88656235
v -77.39305115 54.18280029 38.7851944
v -77.11200714 58.84154892 45.22212982
v -77.38407135 53.91846466 38.99084091
v -77.0981369 58.35634613 45.53979874
v -77.37555695 53.64575195 39.18574905
v -77.0851059 57.85939789 45.83828354
v -77.07295227 57.35227966 46.11655045
v -77.36756134 53.36597061 39.36898041
v -77.06165314 56.8335762 46.37536621
v -77.36006165 53.07870483 39.54074097
v -77.05123901 56.30508804 46.61393356
v -77.35306549 52.78433228 39.70088196
v -77.04174805 55.76897049 46.83122635
v -77.34661102 52.48416519 39.84867859
v -77.03317261 55.22394562 47.0276947
v -77.34069824 52.17813492 39.98412704
v -77.02552032 54.67117691 47.20303726
v -77.33789825 52.02030945 40.04826736
v -77.01882172 54.11315918 47.35644913
v -77.33525085 51.8614006 40.10903931
v -77.01307678 53.54934311 47.48796082
v -77.00828552 52.97990799 47.59765625
v -77.00447083 52.40743637 47.68504715
v -77.00146484 51.78912354 47.75389862
v -76.99948883 51.12027359 47.79912567
v -76.9988327 50.45109558 47.81425476
v -77.21131897 44.28632355 42.94744492
v -77.20388031 43.9317131 43.11791229
v -77.20738983 44.08329391 43.03751373
v -77.20597076 44.01823425 43.06988907
v -77.20101929 43.82529831 43.18332291
v -77.19841766 43.73752594 43.2429657
v -77.19599152 43.66236877 43.29853821
v -77.1934433 43.58922195 43.35694504
v -77.19078064 43.51838684 43.41792679
v -77.18801117 43.45000458 43.48137283
v -77.18511963 43.38389587 43.54745102
v -77.18213654 43.32029343 43.61590195
v -77.1758728 43.20118332 43.75932312
v -77.17905426 43.25943375 43.68646622
v -77.17259979 43.14562225 43.83433914
v -77.16580963 43.04327011 43.98985672
v -77.16924286 43.09296799 43.91119766
v -77.16228485 42.99643707 44.07044601
v -77.15869904 42.95263672 44.15262985
v -77.15133667 42.87446213 44.32123184
v -77.15505219 42.91201401 44.2361412
v -77.14756775 42.84005356 44.40766525
v -77.13988495 42.78107071 44.58355713
v -77.14374542 42.80892563 44.49508667
v -77.1359787 42.75645828 44.67311478
v -77.12407684 42.70271301 44.94568253
v -77.1320343 42.73517227 44.7633934
v -77.12806702 42.71727371 44.85416031
v -77.12005615 42.69152069 45.03765869
v -77.11200714 42.67932129 45.22202682
v -77.11604309 42.68371964 45.12971497
v -76.9988327 45.19635391 47.81425476
v -77.10797119 42.67831039 45.31451797
v -76.99892426 45.09264755 47.81211472
v -76.99885559 45.14450073 47.8137207
v -76.99916077 45.00217438 47.80674744
v -77.09591675 42.69553757 45.59062195
v -77.10394287 42.68067169 45.4068222
v -77.09992981 42.686409 45.4987793
v -77.09192657 42.70799637 45.68201065
v -77.00070953 44.73299789 47.77124786
v -77.00005341 44.82230377 47.78631973
v -76.99953461 44.91197586 47.79814148
v -77.08403778 42.74281311 45.86265945
v -77.08796692 42.72373581 45.77261734
v -77.08013916 42.76517487 45.95199203
v -77.00351715 44.46900177 47.70692062
v -77.00244141 44.5561142 47.73151016
v -77.00150299 44.64415359 47.75295639
v -77.00473022 44.38261795 47.67914581
v -77.07247925 42.81941605 46.12740707
v -77.07628632 42.79071045 46.04026413
v -77.06871796 42.85133743 46.21358109
v -77.00917053 44.13036346 47.57749176
v -77.0075531 44.21324921 47.61442566
v -77.006073 44.29726791 47.64828491
v -77.05779266 42.96530151 46.46372223
v -77.06501007 42.88633347 46.29845428
v -77.06137085 42.92428207 46.38176346
v -77.05428314 43.00928116 46.54416275
v -77.01477814 43.89028168 47.44906998
v -77.01277924 43.96868896 47.49473572
v -77.01091003 44.04873657 47.53754807
v -77.01689911 43.81337357 47.40048981
v -77.04750061 43.10557175 46.699543
v -77.05084991 43.05603027 46.62276459
v -77.04421997 43.15794754 46.77457428
v -77.021492 43.66516876 47.29524994
v -77.01913452 43.73825455 47.34916687
v -77.02396393 43.59392166 47.23859406
v -77.03494263 43.33044815 46.98709106
v -77.04103851 43.21293259 46.84757614
v -77.03794861 43.2703743 46.91835022
v -77.03204346 43.39296722 47.05361176
v -77.02924347 43.45767593 47.11767578
v -77.02655029 43.52466583 47.17932892
v -76.45609283 65.68236542 15.6272459
v -69.90887451 65.68236542 15.6272459
v -70.16389465 67.32798767 20.23466873
v -70.14485168 67.31993103 19.8924427
v -70.12586975 67.29579163 19.55111694
v -70.10907745 67.26087952 19.24891853
v -70.09423828 67.21923828 18.98166847
v -70.07951355 67.16770935 18.71621895
v -70.06520081 67.1076355 18.4579792
v -70.05130005 67.03962708 18.20706177
v -70.03755951 66.96272278 17.95878983
v -70.02523804 66.88527679 17.73596764
v -70.01417542 66.8087616 17.5359993
v -70.00325775 66.72640991 17.3384037
v -69.99248505 66.63829803 17.14335251
v -69.98187256 66.54449463 16.95100975
v -69.97141266 66.44509125 16.76153755
v -69.96112061 66.34017181 16.57509041
v -69.9509964 66.22982025 16.39182854
v -69.94106293 66.11414337 16.21191597
v -69.93135071 65.99325562 16.03552246
v -69.92230988 65.8731842 15.87068367
v -69.91556549 65.77905273 15.74792957
v -70.71842194 67.32798767 32.93545532
v -71.54667664 50.45109558 49.81235123
v -71.54575348 51.24522018 49.79364395
v -71.54299164 52.03753281 49.73760986
v -71.53855896 52.80205536 49.64780426
v -71.53263092 53.53833389 49.52756882
v -71.52510071 54.2685585 49.37493134
v -71.5169754 54.91934967 49.2101059
v -71.50856781 55.49897385 49.03975296
v -71.49914551 56.07209015 48.84878159
v -71.48880768 56.63363266 48.63914108
v -71.47758484 57.18309021 48.41155624
v -71.46542358 57.72414398 48.16477585
v -71.45233154 58.2561264 47.8991127
v -71.4383316 58.77836227 47.61489487
v -71.4234314 59.29022217 47.31249619
v -71.40766907 59.7910614 46.9922905
v -71.39104462 60.28025436 46.65467834
v -71.37358856 60.75720596 46.30009079
v -71.35533142 61.22132492 45.92898178
v -71.33628082 61.67203522 45.54180145
v -71.31647491 62.10878372 45.13904953
v -71.29592896 62.53103638 44.72123337
v -71.27467346 62.93827057 44.28886795
v -71.25273895 63.32998657 43.84249496
v -71.23014832 63.70571136 43.38268661
v -71.20693207 64.06497955 42.91000748
v -71.1831131 64.40734863 42.42504883
v -71.15873718 64.73241425 41.92841721
v -71.13381195 65.03977203 41.42073822
v -71.10839081 65.32904816 40.90262985
v -71.08249664 65.59990692 40.37474823
v -71.05615997 65.852005 39.83774567
v -71.02941132 66.08503723 39.2922821
v -71.00229645 66.29873657 38.739048
v -70.97483826 66.49284363 38.1787262
v -70.94707489 66.66711426 37.61201096
v -70.91904449 66.82135773 37.03958893
v -70.89078522 66.95539856 36.46215439
v -70.86233521 67.06905365 35.88040543
v -70.83371735 67.16221619 35.29509354
v -70.80497742 67.23475647 34.70698166
v -70.77613831 67.28658295 34.11688614
v -70.74728394 67.31763458 33.52643585
v -71.54667664 45.19635391 49.81235123
v -70.99479675 43.61156082 41.06627274
v -70.99984741 43.42076111 41.14276505
v -71.00502777 43.23360825 41.22787476
v -71.01057434 43.0504837 41.32142258
v -71.016716 42.87177658 41.42323303
v -71.02349091 42.69784927 41.53310776
v -71.0308075 42.52906418 41.65081024
v -71.03843689 42.36872101 41.77374649
v -71.04631042 42.21678543 41.9013176
v -71.05459595 42.07055283 42.03547668
v -71.06247711 41.94280624 42.16294861
v -71.0699234 41.83114243 42.28321838
v -71.07762909 41.7238884 42.40750122
v -71.08557892 41.62118912 42.53564453
v -71.09375763 41.52318573 42.66748428
v -71.10215759 41.43000412 42.802845
v -71.11077881 41.3417778 42.94155502
v -71.11959839 41.25863266 43.0834465
v -71.12861633 41.18067169 43.22832489
v -71.13781738 41.10800934 43.37601089
v -71.14718628 41.04075241 43.52631378
v -71.15671539 40.97898865 43.679039
v -71.16638947 40.9228096 43.83398438
v -71.17619324 40.87229919 43.99095917
v -71.18612671 40.82753372 44.14974976
v -71.19617462 40.78857422 44.31015396
v -71.20631409 40.75548935 44.47196579
v -71.21653748 40.7283287 44.63496399
v -71.22682953 40.70713806 44.79894638
v -71.23718262 40.69195557 44.9636879
v -71.24758148 40.68281174 45.12897491
v -71.25800323 40.67973328 45.29458618
v -71.26844788 40.68273163 45.46030426
v -71.27890015 40.69181442 45.62590408
v -71.28932953 40.70698929 45.79116821
v -71.29974365 40.72823715 45.95587158
v -71.31011963 40.75554276 46.11979294
v -71.32043457 40.78889084 46.28271103
v -71.33068848 40.82823944 46.44439697
v -71.34085846 40.87355042 46.60464096
v -71.35092926 40.92477798 46.7632103
v -71.36089325 40.98186111 46.91989517
v -71.37073517 41.04473877 47.07447433
v -71.38043213 41.11332703 47.22673416
v -71.38998413 41.18756104 47.37645721
v -71.39936829 41.2673378 47.5234375
v -71.40856934 41.35256195 47.6674614
v -71.41757965 41.44312668 47.80833054
v -71.42637634 41.53892517 47.94583893
v -71.43495941 41.63982773 48.07978821
v -71.4433136 41.74570847 48.20998764
v -71.45141602 41.85643005 48.33624649
v -71.45925903 41.97184372 48.45838547
v -71.46683502 42.09179688 48.57621765
v -71.47412872 42.21613693 48.68957138
v -71.48112488 42.34469223 48.79828262
v -71.48782349 42.47728348 48.90218735
v -71.49420166 42.61374283 49.00112534
v -71.5002594 42.75387192 49.09495926
v -71.50597382 42.89748383 49.18353653
v -71.51135254 43.04437637 49.26673126
v -71.51637268 43.19434738 49.34440994
v -71.52102661 43.34718323 49.41646194
v -71.52532196 43.5026741 49.48277283
v -71.52923584 43.66059875 49.54323578
v -71.53276825 43.82073212 49.59776688
v -71.53591156 43.98283768 49.64627457
v -71.53865814 44.14669418 49.68868637
v -71.541008 44.31206131 49.72493744
v -71.54295349 44.47872162 49.75497437
v -71.54449463 44.64643097 49.77874756
v -71.54563141 44.81492996 49.79621506
v -71.54624176 44.95080948 49.80567169
v -71.54656982 45.07355118 49.81068039
v -70.87086487 51.18663788 38.22786331
v -70.69547272 55.21965408 32.40983582
v -70.70261383 55.21496964 32.65097427
v -70.70976257 55.20092773 32.8917923
v -70.71689606 55.17755127 33.13192749
v -70.72401428 55.14485168 33.37102509
v -70.73110199 55.1028862 33.60872269
v -70.73815155 55.05170822 33.8446579
v -70.74492645 54.9933815 34.07130814
v -70.75144196 54.92873001 34.28876877
v -70.75738525 54.8622551 34.48669815
v -70.76278687 54.79522705 34.66678619
v -70.76813507 54.72265244 34.84474182
v -70.77342224 54.6445961 35.02039337
v -70.77863312 54.56113434 35.193573
v -70.78377533 54.47233582 35.36410904
v -70.78883362 54.37829208 35.53184509
v -70.79380798 54.27909088 35.6966095
v -70.79869843 54.17481995 35.85824585
v -70.80348969 54.06557846 36.01660156
v -70.80818176 53.95147324 36.17151642
v -70.81276703 53.83261108 36.32284546
v -70.81724548 53.70910263 36.4704361
v -70.8216095 53.58106613 36.61415482
v -70.82585907 53.44862366 36.75384903
v -70.82998657 53.31189728 36.88939285
v -70.83398438 53.17102432 37.02064514
v -70.83784485 53.02613831 37.14748764
v -70.84157562 52.87737274 37.26978683
v -70.84516144 52.72487259 37.3874321
v -70.84860992 52.56878281 37.50030518
v -70.85191345 52.40924454 37.60829926
v -70.85507202 52.246418 37.71130371
v -70.85806274 52.08046722 37.80921936
v -70.86087036 51.91155624 37.90194321
v -70.86351776 51.73985672 37.98937988
v -70.86605835 51.56552887 38.07145309
v -70.86852264 51.38875198 38.1480751
v -70.86978149 51.28804398 38.18885422
v -70.37505341 55.21965408 25.0709095
v -70.2480545 50.43214798 20.07106781
v -70.24839783 50.64805603 20.08509445
v -70.24897003 50.86316299 20.10843658
v -70.24977112 51.07706451 20.14106369
v -70.25080109 51.28937149 20.18290901
v -70.25195312 51.48480606 20.22996902
v -70.25320435 51.66452408 20.28068924
v -70.25461578 51.84223938 20.33808517
v -70.2561264 52.01088333 20.39944839
v -70.25772095 52.17076874 20.46408081
v -70.25945282 52.32834625 20.53418922
v -70.26132202 52.48343277 20.60969353
v -70.26332092 52.63583755 20.6905098
v -70.26544952 52.78538513 20.77654076
v -70.26771545 52.93189621 20.86768532
v -70.27010345 53.0751915 20.96384048
v -70.27261353 53.21510696 21.06489563
v -70.2752533 53.35147095 21.17072678
v -70.27800751 53.48412323 21.28121758
v -70.28087616 53.61290359 21.39623642
v -70.28386688 53.73765945 21.51564598
v -70.28696442 53.85824203 21.63931084
v -70.29017639 53.97449875 21.76708603
v -70.29348755 54.08629608 21.89882088
v -70.29690552 54.1934967 22.03435898
v -70.30042267 54.29597092 22.17354584
v -70.30403137 54.39359283 22.31621361
v -70.30773163 54.48624802 22.46219635
v -70.31151581 54.57382202 22.6113224
v -70.31538391 54.65620422 22.76341438
v -70.31933594 54.73329544 22.91829491
v -70.32335663 54.80500031 23.07577896
v -70.32745361 54.87122726 23.23568153
v -70.33161163 54.93190002 23.39781189
v -70.33583832 54.98693848 23.56197548
v -70.34011078 55.03627014 23.72797966
v -70.34444427 55.0798378 23.89562798
v -70.34881592 55.11758804 24.06472588
v -70.35323334 55.14946747 24.235075
v -70.3576889 55.17543411 24.40646362
v -70.36216736 55.19545364 24.57866669
v -70.36664581 55.20939255 24.7499218
v -70.37084198 55.21709824 24.91033554
v -76.11691284 50.43214798 20.07106781
v -76.11656952 50.64805603 20.08509445
v -76.11599731 50.86316299 20.10843658
v -76.11519623 51.07706451 20.14106369
v -76.11416626 51.28937149 20.18290901
v -76.11301422 51.48480606 20.22996902
v -76.111763 51.66452408 20.28068924
v -76.11035156 51.84223938 20.33808517
v -76.10884094 52.01088333 20.39944839
v -76.1072464 52.17076874 20.46408081
v -76.10551453 52.32834625 20.53418922
v -76.10364532 52.48343277 20.60969353
v -76.10164642 52.63583755 20.6905098
v -76.09951782 52.78538513 20.77654076
v -76.09725189 52.93189621 20.86768532
v -76.09486389 53.0751915 20.96384048
v -76.09235382 53.21510696 21.06489563
v -76.08971405 53.35147095 21.17072678
v -76.08695984 53.48412323 21.28121758
v -76.08409119 53.61290359 21.39623642
v -76.08110046 53.73765945 21.51564598
v -76.07800293 53.85824203 21.63931084
v -76.07479095 53.97449875 21.76708603
v -76.0714798 54.08629608 21.89882088
v -76.06806183 54.1934967 22.03435898
v -76.06454468 54.29597092 22.17354584
v -76.06093597 54.39359283 22.31621361
v -76.05723572 54.48624802 22.46219635
v -76.05345154 54.57382202 22.6113224
v -76.04958344 54.65620422 22.76341438
v -76.04563141 54.73329544 22.91829491
v -76.04161072 54.80500031 23.07577896
v -76.03751373 54.87122726 23.23568153
v -76.03335571 54.93190002 23.39781189
v -76.02912903 54.98693848 23.56197548
v -76.02485657 55.03627014 23.72797966
v -76.02052307 55.0798378 23.89562798
v -76.01615143 55.11758804 24.06472588
v -76.01173401 55.14946747 24.235075
v -76.00727844 55.17543411 24.40646362
v -76.00279999 55.19545364 24.57866669
v -75.99832153 55.20939255 24.7499218
v -75.99412537 55.21709824 24.91033554
v -75.98991394 55.21965408 25.0709095
v -75.66949463 55.21965408 32.40983582
v -75.66235352 55.21496964 32.65097427
v -75.65520477 55.20092773 32.8917923
v -75.64807129 55.17755127 33.13192749
v -75.64095306 55.14485168 33.37102509
v -75.63386536 55.1028862 33.60872269
v -75.6268158 55.05170822 33.8446579
v -75.62004089 54.9933815 34.07130814
v -75.61352539 54.92873001 34.28876877
v -75.60758209 54.8622551 34.48669815
v -75.60218048 54.79522705 34.66678619
v -75.59683228 54.72265244 34.84474182
v -75.5915451 54.6445961 35.02039337
v -75.58633423 54.56113434 35.193573
v -75.58119202 54.47233582 35.36410904
v -75.57613373 54.37829208 35.53184509
v -75.57115936 54.27909088 35.6966095
v -75.56626892 54.17481995 35.85824585
v -75.56147766 54.06557846 36.01660156
v -75.55678558 53.95147324 36.17151642
v -75.55220032 53.83261108 36.32284546
v -75.54772186 53.70910263 36.4704361
v -75.54335785 53.58106613 36.61415482
v -75.53910828 53.44862366 36.75384903
v -75.53498077 53.31189728 36.88939285
v -75.53098297 53.17102432 37.02064514
v -75.5271225 53.02613831 37.14748764
v -75.52339172 52.87737274 37.26978683
v -75.51980591 52.72487259 37.3874321
v -75.51635742 52.56878281 37.50030518
v -75.51305389 52.40924454 37.60829926
v -75.50989532 52.246418 37.71130371
v -75.5069046 52.08046722 37.80921936
v -75.50409698 51.91155624 37.90194321
v -75.50144958 51.73985672 37.98937988
v -75.498909 51.56552887 38.07145309
v -75.4964447 51.38875198 38.1480751
v -75.49518585 51.28804398 38.18885422
v -75.49410248 51.18663788 38.22786331
v -75.37017059 43.61156082 41.06627274
v -75.36511993 43.42076111 41.14276505
v -75.35993958 43.23360825 41.22787476
v -75.35439301 43.0504837 41.32142258
v -75.34825134 42.87177658 41.42323303
v -75.34147644 42.69784927 41.53310776
v -75.33415985 42.52906418 41.65081024
v -75.32653046 42.36872101 41.77374649
v -75.31865692 42.21678543 41.9013176
v -75.3103714 42.07055283 42.03547668
v -75.30249023 41.94280624 42.16294861
v -75.29504395 41.83114243 42.28321838
v -75.28733826 41.7238884 42.40750122
v -75.27938843 41.62118912 42.53564453
v -75.27120972 41.52318573 42.66748428
v -75.26280975 41.43000412 42.802845
v -75.25418854 41.3417778 42.94155502
v -75.24536896 41.25863266 43.0834465
v -75.23635101 41.18067169 43.22832489
v -75.22714996 41.10800934 43.37601089
v -75.21778107 41.04075241 43.52631378
v -75.20825195 40.97898865 43.679039
v -75.19857788 40.9228096 43.83398438
v -75.18877411 40.87229919 43.99095917
v -75.17884064 40.82753372 44.14974976
v -75.16879272 40.78857422 44.31015396
v -75.15865326 40.75548935 44.47196579
v -75.14842987 40.7283287 44.63496399
v -75.13813782 40.70713806 44.79894638
v -75.12778473 40.69195557 44.9636879
v -75.11738586 40.68281174 45.12897491
v -75.10696411 40.67973328 45.29458618
v -75.09651947 40.68273163 45.46030426
v -75.0860672 40.69181442 45.62590408
v -75.07563782 40.70698929 45.79116821
v -75.06522369 40.72823715 45.95587158
v -75.05484772 40.75554276 46.11979294
v -75.04453278 40.78889084 46.28271103
v -75.03427887 40.82823944 46.44439697
v -75.02410889 40.87355042 46.60464096
v -75.01403809 40.92477798 46.7632103
v -75.0040741 40.98186111 46.91989517
v -74.99423218 41.04473877 47.07447433
v -74.98453522 41.11332703 47.22673416
v -74.97498322 41.18756104 47.37645721
v -74.96559906 41.2673378 47.5234375
v -74.95639801 41.35256195 47.6674614
v -74.9473877 41.44312668 47.80833054
v -74.938591 41.53892517 47.94583893
v -74.93000793 41.63982773 48.07978821
v -74.92165375 41.74570847 48.20998764
v -74.91355133 41.85643005 48.33624649
v -74.90570831 41.97184372 48.45838547
v -74.89813232 42.09179688 48.57621765
v -74.89083862 42.21613693 48.68957138
v -74.88384247 42.34469223 48.79828262
v -74.87714386 42.47728348 48.90218735
v -74.87076569 42.61374283 49.00112534
v -74.86470795 42.75387192 49.09495926
v -74.85899353 42.89748383 49.18353653
v -74.85361481 43.04437637 49.26673126
v -74.84859467 43.19434738 49.34440994
v -74.84394073 43.34718323 49.41646194
v -74.83964539 43.5026741 49.48277283
v -74.83573151 43.66059875 49.54323578
v -74.8321991 43.82073212 49.59776688
v -74.82905579 43.98283768 49.64627457
v -74.8263092 44.14669418 49.68868637
v -74.82395935 44.31206131 49.72493744
v -74.82201385 44.47872162 49.75497437
v -74.82047272 44.64643097 49.77874756
v -74.81933594 44.81492996 49.79621506
v -74.81872559 44.95080948 49.80567169
v -74.81839752 45.07355118 49.81068039
v -74.81829071 45.19635391 49.81235123
v -74.81829071 50.45109558 49.81235123
v -74.81921387 51.24522018 49.79364395
v -74.82197571 52.03753281 49.73760986
v -74.82640839 52.80205536 49.64780426
v -74.83233643 53.53833389 49.52756882
v -74.83986664 54.2685585 49.37493134
v -74.84799194 54.91934967 49.2101059
v -74.85639954 55.49897385 49.03975296
v -74.86582184 56.07209015 48.84878159
v -74.87615967 56.63363266 48.63914108
v -74.88738251 57.18309021 48.41155624
v -74.89954376 57.72414398 48.16477585
v -74.9126358 58.2561264 47.8991127
v -74.92663574 58.77836227 47.61489487
v -74.94153595 59.29022217 47.31249619
v -74.95729828 59.7910614 46.9922905
v -74.97392273 60.28025436 46.65467834
v -74.99137878 60.75720596 46.30009079
v -75.00963593 61.22132492 45.92898178
v -75.02868652 61.67203522 45.54180145
v -75.04849243 62.10878372 45.13904953
v -75.06903839 62.53103638 44.72123337
v -75.09029388 62.93827057 44.28886795
v -75.11222839 63.32998657 43.84249496
v -75.13481903 63.70571136 43.38268661
v -75.15803528 64.06497955 42.91000748
v -75.18185425 64.40734863 42.42504883
v -75.20623016 64.73241425 41.92841721
v -75.2311554 65.03977203 41.42073822
v -75.25657654 65.32904816 40.90262985
v -75.2824707 65.59990692 40.37474823
v -75.30880737 65.852005 39.83774567
v -75.33555603 66.08503723 39.2922821
v -75.3626709 66.29873657 38.739048
v -75.39012909 66.49284363 38.1787262
v -75.41789246 66.66711426 37.61201096
v -75.44592285 66.82135773 37.03958893
v -75.47418213 66.95539856 36.46215439
v -75.50263214 67.06905365 35.88040543
v -75.53125 67.16221619 35.29509354
v -75.55998993 67.23475647 34.70698166
v -75.58882904 67.28658295 34.11688614
v -75.61768341 67.31763458 33.52643585
v -75.64654541 67.32798767 32.93545532
v -76.20107269 67.32798767 20.23466873
v -76.22011566 67.31993103 19.8924427
v -76.2390976 67.29579163 19.55111694
v -76.25588989 67.26087952 19.24891853
v -76.27072906 67.21923828 18.98166847
v -76.2854538 67.16770935 18.71621895
v -76.29976654 67.1076355 18.4579792
v -76.3136673 67.03962708 18.20706177
v -76.32740784 66.96272278 17.95878983
v -76.33972931 66.88527679 17.73596764
v -76.35079193 66.8087616 17.5359993
v -76.36170959 66.72640991 17.3384037
v -76.3724823 66.63829803 17.14335251
v -76.38309479 66.54449463 16.95100975
v -76.39355469 66.44509125 16.76153755
v -76.40384674 66.34017181 16.57509041
v -76.41397095 66.22982025 16.39182854
v -76.42390442 66.11414337 16.21191597
v -76.43361664 65.99325562 16.03552246
v -76.44265747 65.8731842 15.87068367
v -76.44940186 65.77905273 15.74792957
v 18.06739998 44.17080688 18.06829071
v 17.6812439 37.01422119 9.22385406
v 19.80393219 35.63380814 10.69618416
v 20.21158981 43.18887329 20.03307915
v 17.62352371 37.05175781 7.90184736
v 23.28082657 33.37273407 7.90184736
v 26.68303871 33.37273407 7.90184736
v 26.15337753 43.18887329 20.03307915
v 26.11702728 43.21582413 20.06638718
v 20.24794006 43.21582413 20.06638718
v 20.24794006 50.21582413 20.06638718
v 18.06739998 50.21582413 18.06829071
v 17.62352371 56.772995 7.90184736
v 18.06775093 50.55059052 18.07633018
v 18.06879997 50.88506699 18.10034752
v 18.07028389 51.17546463 18.13432121
v 18.07201576 51.42825699 18.17402267
v 18.07415199 51.6796875 18.22294426
v 18.07668304 51.92873764 18.28088951
v 18.07960701 52.17532349 18.34788513
v 18.08292961 52.4197998 18.42399025
v 18.0866375 52.66120911 18.50888252
v 18.09071732 52.89880753 18.60232925
v 18.09518242 53.13327408 18.70461082
v 18.10001945 53.36399078 18.81540871
v 18.10520935 53.5900383 18.9342804
v 18.11075783 53.81157303 19.06136322
v 18.11666679 54.02870178 19.196661
v 18.12290764 54.24056244 19.33961678
v 18.12946892 54.44662094 19.48990822
v 18.01827812 64.17596436 16.94321632
v 18.13636971 54.64746094 19.64795685
v 18.14358521 54.84245682 19.81322289
v 18.15108871 55.03085327 19.98505974
v 18.15889168 55.21294785 20.16379929
v 18.16699028 55.38864899 20.34928703
v 18.17535019 55.55727768 20.54077148
v 18.18395996 55.71850967 20.73794365
v 18.19283867 55.87276077 20.94129181
v 18.20195389 56.01950836 21.15006065
v 18.21127129 56.15821457 21.36348724
v 18.22081566 56.2891655 21.58209229
v 18.23057175 56.41221619 21.80552864
v 18.02492905 64.29285431 17.09552574
v 18.2404995 56.52689743 22.03290367
v 18.031744 64.40433502 17.25164604
v 18.03955269 64.52165222 17.43046951
v 18.04755402 64.63157654 17.61373329
v 18.0557251 64.73375702 17.80089188
v 18.06408882 64.82844543 17.99242973
v 18.07260895 64.91532135 18.18759155
v 18.08125305 64.99402618 18.3855896
v 18.09004593 65.06475067 18.58695793
v 18.09895706 65.12731934 18.79104614
v 18.1079464 65.18144989 18.99694443
v 18.11703682 65.22724152 19.20513916
v 18.12620354 65.26463318 19.41511726
v 18.13576508 65.29441071 19.63410187
v 18.14575577 65.31556702 19.86293411
v 18.1557827 65.3267746 20.09259415
v 18.28180313 56.90048981 22.97891426
v 18.16579437 65.32798767 20.32190895
v 18.27127838 56.82017517 22.73786736
v 18.2924633 56.97205353 23.22308922
v 18.30323792 57.03477097 23.46988297
v 18.31408501 57.08840942 23.71831512
v 18.32499886 57.13290405 23.96827698
v 18.33599663 57.16835785 24.22014046
v 18.34703827 57.19466782 24.47304344
v 18.35809517 57.2117424 24.72628593
v 18.36753082 57.21902847 24.94241333
v 18.37516212 57.22075272 25.11719513
v 18.37606239 57.2205162 25.1378212
v 18.37696266 57.21965408 25.15842438
v 18.25058937 56.63305664 22.26400757
v 18.26086235 56.73093033 22.4992981
v 19.18591309 43.25943375 43.68646622
v 19.18909454 43.20118332 43.75932312
v 19.18283272 43.32029343 43.61590195
v 19.19572639 43.09296799 43.91119766
v 19.19915962 43.04327011 43.98985672
v 19.19236946 43.14562225 43.83433914
v 19.20267868 42.99643707 44.07044601
v 19.16109085 43.9317131 43.11791229
v 19.15757942 44.08329391 43.03751373
v 19.15899277 44.01823425 43.06988907
v 19.16394615 43.82529831 43.18332291
v 19.16654968 43.73752594 43.2429657
v 19.16897583 43.66236877 43.29853821
v 19.17152596 43.58922195 43.35694504
v 19.17418861 43.51838684 43.41792679
v 19.17695999 43.45000458 43.48137283
v 19.1798439 43.38389587 43.54745102
v 19.2062664 42.95263672 44.15262985
v 19.20991325 42.91201401 44.2361412
v 19.21362877 42.87446213 44.32123184
v 19.2174015 42.84005356 44.40766525
v 19.22121811 42.80892563 44.49508667
v 19.2250824 42.78107071 44.58355713
v 19.22899246 42.75645828 44.67311478
v 19.24089241 42.70271301 44.94568253
v 19.23293304 42.73517227 44.7633934
v 19.23689651 42.71727371 44.85416031
v 19.24490738 42.69152069 45.03765869
v 19.24892807 42.68371964 45.12971497
v 19.2529583 42.67932129 45.22202682
v 19.25699615 42.67831039 45.31451797
v 19.26102638 42.68067169 45.4068222
v 19.2690506 42.69553757 45.59062195
v 19.26504135 42.686409 45.4987793
v 19.27699661 42.72373581 45.77261734
v 19.28092766 42.74281311 45.86265945
v 19.27304077 42.70799637 45.68201065
v 19.28868294 42.79071045 46.04026413
v 19.2924881 42.81941605 46.12740707
v 19.28482819 42.76517487 45.95199203
v 19.29624939 42.85133743 46.21358109
v 19.29995537 42.88633347 46.29845428
v 19.30717087 42.96530151 46.46372223
v 19.30359268 42.92428207 46.38176346
v 19.31411552 43.05603027 46.62276459
v 19.31746864 43.10557175 46.699543
v 19.3106842 43.00928116 46.54416275
v 19.32074356 43.15794754 46.77457428
v 19.32393074 43.21293259 46.84757614
v 19.33002281 43.33044815 46.98709106
v 19.32702065 43.2703743 46.91835022
v 19.33572388 43.45767593 47.11767578
v 19.33841515 43.52466583 47.17932892
v 19.3329258 43.39296722 47.05361176
v 19.34100342 43.59392166 47.23859406
v 19.34347725 43.66516876 47.29524994
v 19.34807205 43.81337357 47.40048981
v 19.34583092 43.73825455 47.34916687
v 19.3521862 43.96868896 47.49473572
v 19.3540554 44.04873657 47.53754807
v 19.35019302 43.89028168 47.44906998
v 19.35580063 44.13036346 47.57749176
v 19.35741234 44.21324921 47.61442566
v 19.35889053 44.29726791 47.64828491
v 19.36023712 44.38261795 47.67914581
v 19.3614502 44.46900177 47.70692062
v 19.36346054 44.64415359 47.75295639
v 19.36252403 44.5561142 47.73151016
v 19.36425972 44.73299789 47.77124786
v 19.36491776 44.82230377 47.78631973
v 19.36543274 44.91197586 47.79814148
v 19.36580849 45.00217438 47.80674744
v 19.36613655 45.19635391 47.81425476
v 19.36604309 45.09264755 47.81211472
v 19.36611366 45.14450073 47.8137207
v 19.15364838 44.28632355 42.94744492
v 19.36613655 50.45109558 47.81425476
v 19.02972031 51.8614006 40.10903931
v 18.72159386 57.19032288 33.0518074
v 18.72032356 65.32798767 33.02269363
v 18.69737434 57.21965408 32.49707413
v 18.74284363 65.3139267 33.53850174
v 18.73381615 57.16772461 33.33174133
v 19.36547661 51.12027359 47.79912567
v 18.76531792 65.28620148 34.05323792
v 19.3635025 51.78912354 47.75389862
v 18.74724579 57.12750244 33.63929749
v 18.79055595 65.23123169 34.63127136
v 19.36049652 52.40743637 47.68504715
v 18.76074409 57.07457352 33.9484787
v 18.81568909 65.15380859 35.20692825
v 19.35667992 52.97990799 47.59765625
v 18.77700424 56.99455261 34.3208847
v 18.84062004 65.05423737 35.77793884
v 19.35189056 53.54934311 47.48796082
v 18.79150963 56.90763092 34.65311432
v 18.86537743 64.93231201 36.34495926
v 19.34614944 54.11315918 47.35644913
v 19.02706718 52.02030945 40.04826736
v 18.80552673 56.80924606 34.97418594
v 18.88994408 64.78820801 36.90765381
v 19.33945084 54.67117691 47.20303726
v 19.0242672 52.17813492 39.98412704
v 18.91421127 64.62259674 37.46346283
v 19.33179474 55.22394562 47.0276947
v 19.01835251 52.48416519 39.84867859
v 18.8193512 56.69794083 35.29080582
v 18.93815422 64.43552399 38.01185608
v 19.32321739 55.76897049 46.83122635
v 19.01189995 52.78433228 39.70088196
v 18.83293533 56.57403946 35.60193253
v 18.96181107 64.22679901 38.55367279
v 19.31373024 56.30508804 46.61393356
v 19.00490761 53.07870483 39.54074097
v 18.9850769 63.99739075 39.08652496
v 18.84631538 56.43721771 35.9083786
v 19.30331421 56.8335762 46.37536621
v 18.99740791 53.36597061 39.36898041
v 18.85943794 56.28808594 36.20891953
v 19.00788879 63.74779892 39.60902023
v 19.29201317 57.35227966 46.11655045
v 18.98940849 53.64575195 39.18574905
v 19.03030777 63.47740936 40.12252045
v 18.87225151 56.12717056 36.50243378
v 19.27986526 57.85939789 45.83828354
v 19.05224991 63.1873436 40.62505722
v 19.26683235 58.35634613 45.53979874
v 18.9808979 53.91846466 38.99084091
v 18.88479424 55.95402145 36.78969955
v 19.07362938 62.87862396 41.11474991
v 19.25296211 58.84154892 45.22212982
v 18.97192001 54.18280029 38.7851944
v 19.09450722 62.55038071 41.59289932
v 18.89701843 55.7693367 37.06968689
v 19.23831177 59.31293869 44.88656235
v 18.96248817 54.43815231 38.56918716
v 18.90887642 55.57384872 37.34124374
v 19.11482239 62.20364761 42.05819321
v 19.22284317 59.77152252 44.53230667
v 18.95258713 54.68508148 38.34241486
v 19.13448715 61.83991241 42.5085907
v 18.9203949 55.36701965 37.60506821
v 19.20659256 60.21651077 44.16010284
v 18.94226265 54.92245483 38.10593414
v 19.15353584 61.45843887 42.94486618
v 18.93153954 55.14957428 37.86034393
v 19.18963242 60.64587402 43.77161789
v 19.17194366 61.05982208 43.3665123
v 26.79339027 59.35689545 7.90184736
v 28.74144363 56.772995 7.90184736
v 19.57157707 59.35689545 7.90184736
v 28.74144363 35.94450378 7.90184736
v 28.29756737 44.17080688 18.06829071
v 26.11702728 50.21582413 20.06638718
v 28.29756737 50.21582413 18.06829071
v 20.2480545 50.43214798 20.07106781
v 20.24839783 50.64805603 20.08509445
v 20.24897194 50.86316299 20.10843658
v 20.24977112 51.07706451 20.14106369
v 20.25079918 51.28937149 20.18290901
v 20.25195694 51.48480606 20.22996902
v 20.25320435 51.66452408 20.28068924
v 20.25461769 51.84223938 20.33808517
v 20.25613022 52.01088333 20.39944839
v 20.25772285 52.17076874 20.46408081
v 20.25945473 52.32834625 20.53418922
v 20.26132011 52.48343277 20.60969353
v 20.26332092 52.63583755 20.6905098
v 20.26545143 52.78538513 20.77654076
v 20.26771164 52.93189621 20.86768532
v 20.27009964 53.0751915 20.96384048
v 20.27261353 53.21510696 21.06489563
v 20.27524948 53.35147095 21.17072678
v 20.2780056 53.48412323 21.28121758
v 20.28087997 53.61290359 21.39623642
v 20.28386879 53.73765945 21.51564598
v 20.28696823 53.85824203 21.63931084
v 20.29017639 53.97449875 21.76708603
v 20.29349136 54.08629608 21.89882088
v 20.29690742 54.1934967 22.03435898
v 20.30042076 54.29597092 22.17354584
v 20.30402946 54.39359283 22.31621361
v 20.30772972 54.48624802 22.46219635
v 20.31151772 54.57382202 22.6113224
v 20.31538773 54.65620422 22.76341438
v 20.31933594 54.73329544 22.91829491
v 20.32336044 54.80500031 23.07577896
v 20.32745361 54.87122726 23.23568153
v 20.33161354 54.93190002 23.39781189
v 20.3358345 54.98693848 23.56197548
v 20.34011269 55.03627014 23.72797966
v 20.34444237 55.0798378 23.89562798
v 20.34881783 55.11758804 24.06472588
v 20.35323334 55.14946747 24.235075
v 20.35768509 55.17543411 24.40646362
v 20.36217117 55.19545364 24.57866669
v 20.36664391 55.20939255 24.7499218
v 20.37084198 55.21709824 24.91033554
v 20.37504959 55.21965408 25.0709095
v 20.69547081 55.21965408 32.40983582
v 20.70261574 55.21496964 32.65097427
v 20.70976067 55.20092773 32.8917923
v 20.71689606 55.17755127 33.13192749
v 20.72401237 55.14485168 33.37102509
v 20.73110199 55.1028862 33.60872269
v 20.73814964 55.05170822 33.8446579
v 20.74493027 54.9933815 34.07130814
v 20.75144577 54.92873001 34.28876877
v 20.75738144 54.8622551 34.48669815
v 20.76278877 54.79522705 34.66678619
v 20.76813507 54.72265244 34.84474182
v 20.77341843 54.6445961 35.02039337
v 20.77863312 54.56113434 35.193573
v 20.78377342 54.47233582 35.36410904
v 20.78883362 54.37829208 35.53184509
v 20.79380989 54.27909088 35.6966095
v 20.79869461 54.17481995 35.85824585
v 20.80348778 54.06557846 36.01660156
v 20.80817795 53.95147324 36.17151642
v 20.81276703 53.83261108 36.32284546
v 20.81724548 53.70910263 36.4704361
v 20.8216095 53.58106613 36.61415482
v 20.82585716 53.44862366 36.75384903
v 20.82998276 53.31189728 36.88939285
v 20.83398056 53.17102432 37.02064514
v 20.83784485 53.02613831 37.14748764
v 20.84157372 52.87737274 37.26978683
v 20.84516144 52.72487259 37.3874321
v 20.84860802 52.56878281 37.50030518
v 20.85191536 52.40924454 37.60829926
v 20.85507011 52.246418 37.71130371
v 20.85805893 52.08046722 37.80921936
v 20.86086845 51.91155624 37.90194321
v 20.86351585 51.73985672 37.98937988
v 20.86606216 51.56552887 38.07145309
v 20.86852074 51.38875198 38.1480751
v 20.86977959 51.28804398 38.18885422
v 20.87086678 51.18663788 38.22786331
v 20.99479485 43.61156082 41.06627274
v 20.9998455 43.42076111 41.14276505
v 21.00502586 43.23360825 41.22787476
v 21.01057816 43.0504837 41.32142258
v 21.01671982 42.87177658 41.42323303
v 21.02349472 42.69784927 41.53310776
v 21.03081131 42.52906418 41.65081024
v 21.03843307 42.36872101 41.77374649
v 21.04631424 42.21678543 41.9013176
v 21.05459595 42.07055283 42.03547668
v 21.06247902 41.94280624 42.16294861
v 21.06992722 41.83114243 42.28321838
v 21.077631 41.7238884 42.40750122
v 21.08557701 41.62118912 42.53564453
v 21.09375763 41.52318573 42.66748428
v 21.10216141 41.43000412 42.802845
v 21.11077881 41.3417778 42.94155502
v 21.1196022 41.25863266 43.0834465
v 21.12861824 41.18067169 43.22832489
v 21.13781548 41.10800934 43.37601089
v 21.14718437 41.04075241 43.52631378
v 21.15671349 40.97898865 43.679039
v 21.16638756 40.9228096 43.83398438
v 21.17619705 40.87229919 43.99095917
v 21.18612862 40.82753372 44.14974976
v 21.19617081 40.78857422 44.31015396
v 21.20631027 40.75548935 44.47196579
v 21.21653366 40.7283287 44.63496399
v 21.22682953 40.70713806 44.79894638
v 21.23718262 40.69195557 44.9636879
v 21.24757767 40.68281174 45.12897491
v 21.25800514 40.67973328 45.29458618
v 21.26844978 40.68273163 45.46030426
v 21.27889633 40.69181442 45.62590408
v 21.28933334 40.70698929 45.79116821
v 21.29974365 40.72823715 45.95587158
v 21.31011581 40.75554276 46.11979294
v 21.32043457 40.78889084 46.28271103
v 21.33068657 40.82823944 46.44439697
v 21.34085655 40.87355042 46.60464096
v 21.35092926 40.92477798 46.7632103
v 21.36089325 40.98186111 46.91989517
v 21.37073326 41.04473877 47.07447433
v 21.38043404 41.11332703 47.22673416
v 21.38998222 41.18756104 47.37645721
v 21.39936447 41.2673378 47.5234375
v 21.40856743 41.35256195 47.6674614
v 21.41757774 41.44312668 47.80833054
v 21.42637825 41.53892517 47.94583893
v 21.43496132 41.63982773 48.07978821
v 21.44331169 41.74570847 48.20998764
v 21.45141411 41.85643005 48.33624649
v 21.45925903 41.97184372 48.45838547
v 21.46683502 42.09179688 48.57621765
v 21.47412682 42.21613693 48.68957138
v 21.48112679 42.34469223 48.79828262
v 21.48782158 42.47728348 48.90218735
v 21.49420166 42.61374283 49.00112534
v 21.50025558 42.75387192 49.09495926
v 21.50597382 42.89748383 49.18353653
v 21.51134872 43.04437637 49.26673126
v 21.51637077 43.19434738 49.34440994
v 21.52103043 43.34718323 49.41646194
v 21.52532196 43.5026741 49.48277283
v 21.52923584 43.66059875 49.54323578
v 21.53276825 43.82073212 49.59776688
v 21.53591156 43.98283768 49.64627457
v 21.53866005 44.14669418 49.68868637
v 21.5410099 44.31206131 49.72493744
v 21.54295731 44.47872162 49.75497437
v 21.54449654 44.64643097 49.77874756
v 21.54562759 44.81492996 49.79621506
v 21.54624176 44.95080948 49.80567169
v 21.54656792 45.07355118 49.81068039
v 21.54667664 45.19635391 49.81235123
v 21.54667664 50.45109558 49.81235123
v 21.54575348 51.24522018 49.79364395
v 21.54298973 52.03753281 49.73760986
v 21.53856087 52.80205536 49.64780426
v 21.53263092 53.53833389 49.52756882
v 21.52510262 54.2685585 49.37493134
v 21.51697159 54.91934967 49.2101059
v 21.50856781 55.49897385 49.03975296
v 21.49914742 56.07209015 48.84878159
v 21.48880959 56.63363266 48.63914108
v 21.47758865 57.18309021 48.41155624
v 21.46542358 57.72414398 48.16477585
v 21.45233345 58.2561264 47.8991127
v 21.4383297 58.77836227 47.61489487
v 21.42343521 59.29022217 47.31249619
v 21.40766525 59.7910614 46.9922905
v 21.39104462 60.28025436 46.65467834
v 21.37359238 60.75720596 46.30009079
v 21.35532951 61.22132492 45.92898178
v 21.33628273 61.67203522 45.54180145
v 21.31647491 62.10878372 45.13904953
v 21.29593086 62.53103638 44.72123337
v 21.27467728 62.93827057 44.28886795
v 21.25273895 63.32998657 43.84249496
v 21.23014832 63.70571136 43.38268661
v 21.20693016 64.06497955 42.91000748
v 21.18311501 64.40734863 42.42504883
v 21.15873337 64.73241425 41.92841721
v 21.13381577 65.03977203 41.42073822
v 21.10839272 65.32904816 40.90262985
v 21.08249664 65.59990692 40.37474823
v 21.05615997 65.852005 39.83774567
v 21.02941513 66.08503723 39.2922821
v 21.00229645 66.29873657 38.739048
v 20.97484016 66.49284363 38.1787262
v 20.9470787 66.66711426 37.61201096
v 20.91904831 66.82135773 37.03958893
v 20.89078903 66.95539856 36.46215439
v 20.86233521 67.06905365 35.88040543
v 20.83372116 67.16221619 35.29509354
v 20.80497551 67.23475647 34.70698166
v 20.77613449 67.28658295 34.11688614
v 20.74728394 67.31763458 33.52643585
v 20.71842003 67.32798767 32.93545532
v 20.16389084 67.32798767 20.23466873
v 20.1448555 67.31993103 19.8924427
v 20.12586975 67.29579163 19.55111694
v 20.10907555 67.26087952 19.24891853
v 20.09423828 67.21923828 18.98166847
v 20.07951355 67.16770935 18.71621895
v 20.06520081 67.1076355 18.4579792
v 20.05130386 67.03962708 18.20706177
v 20.03756142 66.96272278 17.95878983
v 20.02523422 66.88527679 17.73596764
v 20.01417732 66.8087616 17.5359993
v 20.00325775 66.72640991 17.3384037
v 19.99248505 66.63829803 17.14335251
v 19.98187065 66.54449463 16.95100975
v 19.97141457 66.44509125 16.76153755
v 19.96112251 66.34017181 16.57509041
v 19.9509964 66.22982025 16.39182854
v 19.94106102 66.11414337 16.21191597
v 19.9313488 65.99325562 16.03552246
v 19.92231178 65.8731842 15.87068367
v 19.9155674 65.77905273 15.74792957
v 19.90887451 65.68236542 15.6272459
v 26.45609283 65.68236542 15.6272459
v 28.34668922 64.17596436 16.94321632
v 28.20607567 55.21294785 20.16379929
v 28.21387863 55.03085327 19.98505974
v 28.19797707 55.38864899 20.34928703
v 28.22138214 54.84245682 19.81322289
v 28.18961716 55.55727768 20.54077148
v 28.22859764 54.64746094 19.64795685
v 28.18100739 55.71850967 20.73794365
v 28.23549843 54.44662094 19.48990822
v 28.17212868 55.87276077 20.94129181
v 28.24205971 54.24056244 19.33961678
v 28.16301346 56.01950836 21.15006065
v 28.24830055 54.02870178 19.196661
v 28.15369606 56.15821457 21.36348724
v 28.25420952 53.81157303 19.06136322
v 28.14415169 56.2891655 21.58209229
v 28.259758 53.5900383 18.9342804
v 28.3400383 64.29285431 17.09552574
v 28.1343956 56.41221619 21.80552864
v 28.26494789 53.36399078 18.81540871
v 28.25702095 65.18144989 18.99694443
v 28.12446785 56.52689743 22.03290367
v 28.26601028 65.12731934 18.79104614
v 28.27492142 65.06475067 18.58695793
v 28.28371429 64.99402618 18.3855896
v 28.2923584 64.91532135 18.18759155
v 28.30087852 64.82844543 17.99242973
v 28.30924225 64.73375702 17.80089188
v 28.31741333 64.63157654 17.61373329
v 28.32541466 64.52165222 17.43046951
v 28.33322334 64.40433502 17.25164604
v 28.19917297 65.32798767 20.32190895
v 28.20918465 65.3267746 20.09259415
v 28.21921158 65.31556702 19.86293411
v 28.22920227 65.29441071 19.63410187
v 28.23876381 65.26463318 19.41511726
v 28.24793053 65.22724152 19.20513916
v 28.26978493 53.13327408 18.70461082
v 28.11437798 56.63305664 22.26400757
v 28.27425003 52.89880753 18.60232925
v 28.104105 56.73093033 22.4992981
v 28.27832985 52.66120911 18.50888252
v 28.09368896 56.82017517 22.73786736
v 28.28203773 52.4197998 18.42399025
v 28.08316422 56.90048981 22.97891426
v 28.28536034 52.17532349 18.34788513
v 28.07250404 56.97205353 23.22308922
v 28.2882843 51.92873764 18.28088951
v 28.06172943 57.03477097 23.46988297
v 28.29081535 51.6796875 18.22294426
v 28.05088234 57.08840942 23.71831512
v 28.29295158 51.42825699 18.17402267
v 28.03996849 57.13290405 23.96827698
v 28.29468346 51.17546463 18.13432121
v 28.02897072 57.16835785 24.22014046
v 28.29616737 50.88506699 18.10034752
v 28.01792908 57.19466782 24.47304344
v 28.00687218 57.2117424 24.72628593
v 28.29721642 50.55059052 18.07633018
v 27.99743652 57.21902847 24.94241333
v 27.98980522 57.22075272 25.11719513
v 27.98890495 57.2205162 25.1378212
v 27.98800468 57.21965408 25.15842438
v 27.64464378 65.32798767 33.02269363
v 27.667593 57.21965408 32.49707413
v 27.64337349 57.19032288 33.0518074
v 27.62212372 65.3139267 33.53850174
v 27.6311512 57.16772461 33.33174133
v 27.57441139 65.23123169 34.63127136
v 27.59964943 65.28620148 34.05323792
v 27.61772156 57.12750244 33.63929749
v 27.54927826 65.15380859 35.20692825
v 27.60422325 57.07457352 33.9484787
v 27.52434731 65.05423737 35.77793884
v 27.5879631 56.99455261 34.3208847
v 27.49958992 64.93231201 36.34495926
v 27.47502327 64.78820801 36.90765381
v 27.57345772 56.90763092 34.65311432
v 27.42681313 64.43552399 38.01185608
v 27.55944061 56.80924606 34.97418594
v 27.45075607 64.62259674 37.46346283
v 27.40315628 64.22679901 38.55367279
v 27.54561615 56.69794083 35.29080582
v 27.37989044 63.99739075 39.08652496
v 27.53203201 56.57403946 35.60193253
v 27.51865196 56.43721771 35.9083786
v 27.35707855 63.74779892 39.60902023
v 27.5055294 56.28808594 36.20891953
v 27.33465958 63.47740936 40.12252045
v 27.49271584 56.12717056 36.50243378
v 27.29133797 62.87862396 41.11474991
v 27.31271744 63.1873436 40.62505722
v 27.48017311 55.95402145 36.78969955
v 27.27046013 62.55038071 41.59289932
v 27.46794891 55.7693367 37.06968689
v 27.25014496 62.20364761 42.05819321
v 27.45609093 55.57384872 37.34124374
v 27.23048019 61.83991241 42.5085907
v 27.44457245 55.36701965 37.60506821
v 27.2114315 61.45843887 42.94486618
v 27.43342781 55.14957428 37.86034393
v 27.19302368 61.05982208 43.3665123
v 27.17533493 60.64587402 43.77161789
v 27.4227047 54.92245483 38.10593414
v 27.15837479 60.21651077 44.16010284
v 27.41238022 54.68508148 38.34241486
v 27.14212418 59.77152252 44.53230667
v 27.40247917 54.43815231 38.56918716
v 27.12665558 59.31293869 44.88656235
v 27.39304733 54.18280029 38.7851944
v 27.11200523 58.84154892 45.22212982
v 27.38406944 53.91846466 38.99084091
v 27.09813499 58.35634613 45.53979874
v 27.37555885 53.64575195 39.18574905
v 27.08510208 57.85939789 45.83828354
v 27.07295418 57.35227966 46.11655045
v 27.36755943 53.36597061 39.36898041
v 27.06165314 56.8335762 46.37536621
v 27.36005974 53.07870483 39.54074097
v 27.05123711 56.30508804 46.61393356
v 27.3530674 52.78433228 39.70088196
v 27.04174995 55.76897049 46.83122635
v 27.34661484 52.48416519 39.84867859
v 27.03317261 55.22394562 47.0276947
v 27.34070015 52.17813492 39.98412704
v 27.02551651 54.67117691 47.20303726
v 27.33790016 52.02030945 40.04826736
v 27.0188179 54.11315918 47.35644913
v 27.33524704 51.8614006 40.10903931
v 27.01307678 53.54934311 47.48796082
v 27.00828743 52.97990799 47.59765625
v 27.00447083 52.40743637 47.68504715
v 27.00146484 51.78912354 47.75389862
v 26.99949074 51.12027359 47.79912567
v 26.9988308 50.45109558 47.81425476
v 27.21131897 44.28632355 42.94744492
v 27.20738792 44.08329391 43.03751373
v 27.2038765 43.9317131 43.11791229
v 27.20597458 44.01823425 43.06988907
v 27.20102119 43.82529831 43.18332291
v 27.19841766 43.73752594 43.2429657
v 27.19599152 43.66236877 43.29853821
v 27.19344139 43.58922195 43.35694504
v 27.19077873 43.51838684 43.41792679
v 27.18800735 43.45000458 43.48137283
v 27.18512344 43.38389587 43.54745102
v 27.18213463 43.32029343 43.61590195
v 27.1758728 43.20118332 43.75932312
v 27.17905426 43.25943375 43.68646622
v 27.17259789 43.14562225 43.83433914
v 27.16580772 43.04327011 43.98985672
v 27.16924095 43.09296799 43.91119766
v 27.16228867 42.99643707 44.07044601
v 27.15870094 42.95263672 44.15262985
v 27.15133858 42.87446213 44.32123184
v 27.15505409 42.91201401 44.2361412
v 27.14756584 42.84005356 44.40766525
v 27.13988495 42.78107071 44.58355713
v 27.14374924 42.80892563 44.49508667
v 27.13597488 42.75645828 44.67311478
v 27.12407494 42.70271301 44.94568253
v 27.1320343 42.73517227 44.7633934
v 27.12807083 42.71727371 44.85416031
v 27.12005997 42.69152069 45.03765869
v 27.11200905 42.67932129 45.22202682
v 27.11603928 42.68371964 45.12971497
v 26.9988308 45.19635391 47.81425476
v 27.10797119 42.67831039 45.31451797
v 26.99885368 45.14450073 47.8137207
v 26.99892426 45.09264755 47.81211472
v 26.99915886 45.00217438 47.80674744
v 27.09591675 42.69553757 45.59062195
v 27.10394096 42.68067169 45.4068222
v 27.09992599 42.686409 45.4987793
v 27.09192657 42.70799637 45.68201065
v 27.00004959 44.82230377 47.78631973
v 27.00070763 44.73299789 47.77124786
v 26.99953461 44.91197586 47.79814148
v 27.08403969 42.74281311 45.86265945
v 27.08797073 42.72373581 45.77261734
v 27.08013916 42.76517487 45.95199203
v 27.00244331 44.5561142 47.73151016
v 27.00351715 44.46900177 47.70692062
v 27.00150681 44.64415359 47.75295639
v 27.00473022 44.38261795 47.67914581
v 27.07247925 42.81941605 46.12740707
v 27.07628441 42.79071045 46.04026413
v 27.06871796 42.85133743 46.21358109
v 27.00755501 44.21324921 47.61442566
v 27.00916672 44.13036346 47.57749176
v 27.00607681 44.29726791 47.64828491
v 27.05779648 42.96530151 46.46372223
v 27.06501198 42.88633347 46.29845428
v 27.06137466 42.92428207 46.38176346
v 27.05428314 43.00928116 46.54416275
v 27.01278114 43.96868896 47.49473572
v 27.01477432 43.89028168 47.44906998
v 27.01091194 44.04873657 47.53754807
v 27.01689529 43.81337357 47.40048981
v 27.0474987 43.10557175 46.699543
v 27.05085182 43.05603027 46.62276459
v 27.04422379 43.15794754 46.77457428
v 27.01913643 43.73825455 47.34916687
v 27.0214901 43.66516876 47.29524994
v 27.02396393 43.59392166 47.23859406
v 27.03494453 43.33044815 46.98709106
v 27.04103661 43.21293259 46.84757614
v 27.0379467 43.2703743 46.91835022
v 27.03204155 43.39296722 47.05361176
v 27.02924347 43.45767593 47.11767578
v 27.0265522 43.52466583 47.17932892
v 26.11691284 50.43214798 20.07106781
v 26.11656952 50.64805603 20.08509445
v 26.11599541 50.86316299 20.10843658
v 26.11519623 51.07706451 20.14106369
v 26.11416817 51.28937149 20.18290901
v 26.11301041 51.48480606 20.22996902
v 26.111763 51.66452408 20.28068924
v 26.11034966 51.84223938 20.33808517
v 26.10883713 52.01088333 20.39944839
v 26.10724449 52.17076874 20.46408081
v 26.10551262 52.32834625 20.53418922
v 26.10364723 52.48343277 20.60969353
v 26.10164642 52.63583755 20.6905098
v 26.09951591 52.78538513 20.77654076
v 26.09725571 52.93189621 20.86768532
v 26.09486771 53.0751915 20.96384048
v 26.09235382 53.21510696 21.06489563
v 26.08971786 53.35147095 21.17072678
v 26.08696175 53.48412323 21.28121758
v 26.08408737 53.61290359 21.39623642
v 26.08109856 53.73765945 21.51564598
v 26.07799911 53.85824203 21.63931084
v 26.07479095 53.97449875 21.76708603
v 26.07147598 54.08629608 21.89882088
v 26.06805992 54.1934967 22.03435898
v 26.06454659 54.29597092 22.17354584
v 26.06093788 54.39359283 22.31621361
v 26.05723763 54.48624802 22.46219635
v 26.05344963 54.57382202 22.6113224
v 26.04957962 54.65620422 22.76341438
v 26.04563141 54.73329544 22.91829491
v 26.0416069 54.80500031 23.07577896
v 26.03751373 54.87122726 23.23568153
v 26.03335381 54.93190002 23.39781189
v 26.02913284 54.98693848 23.56197548
v 26.02485466 55.03627014 23.72797966
v 26.02052498 55.0798378 23.89562798
v 26.01614952 55.11758804 24.06472588
v 26.01173401 55.14946747 24.235075
v 26.00728226 55.17543411 24.40646362
v 26.00279617 55.19545364 24.57866669
v 25.99832344 55.20939255 24.7499218
v 25.99412537 55.21709824 24.91033554
v 25.98991776 55.21965408 25.0709095
v 25.66949654 55.21965408 32.40983582
v 25.66235161 55.21496964 32.65097427
v 25.65520668 55.20092773 32.8917923
v 25.64807129 55.17755127 33.13192749
v 25.64095497 55.14485168 33.37102509
v 25.63386536 55.1028862 33.60872269
v 25.6268177 55.05170822 33.8446579
v 25.62003708 54.9933815 34.07130814
v 25.61352158 54.92873001 34.28876877
v 25.60758591 54.8622551 34.48669815
v 25.60217857 54.79522705 34.66678619
v 25.59683228 54.72265244 34.84474182
v 25.59154892 54.6445961 35.02039337
v 25.58633423 54.56113434 35.193573
v 25.58119392 54.47233582 35.36410904
v 25.57613373 54.37829208 35.53184509
v 25.57115746 54.27909088 35.6966095
v 25.56627274 54.17481995 35.85824585
v 25.56147957 54.06557846 36.01660156
v 25.5567894 53.95147324 36.17151642
v 25.55220032 53.83261108 36.32284546
v 25.54772186 53.70910263 36.4704361
v 25.54335785 53.58106613 36.61415482
v 25.53911018 53.44862366 36.75384903
v 25.53498459 53.31189728 36.88939285
v 25.53098679 53.17102432 37.02064514
v 25.5271225 53.02613831 37.14748764
v 25.52339363 52.87737274 37.26978683
v 25.51980591 52.72487259 37.3874321
v 25.51635933 52.56878281 37.50030518
v 25.51305199 52.40924454 37.60829926
v 25.50989723 52.246418 37.71130371
v 25.50690842 52.08046722 37.80921936
v 25.50409889 51.91155624 37.90194321
v 25.50145149 51.73985672 37.98937988
v 25.49890518 51.56552887 38.07145309
v 25.49644661 51.38875198 38.1480751
v 25.49518776 51.28804398 38.18885422
v 25.49410057 51.18663788 38.22786331
v 25.3701725 43.61156082 41.06627274
v 25.36512184 43.42076111 41.14276505
v 25.35994148 43.23360825 41.22787476
v 25.35438919 43.0504837 41.32142258
v 25.34824753 42.87177658 41.42323303
v 25.34147263 42.69784927 41.53310776
v 25.33415604 42.52906418 41.65081024
v 25.32653427 42.36872101 41.77374649
v 25.31865311 42.21678543 41.9013176
v 25.3103714 42.07055283 42.03547668
v 25.30248833 41.94280624 42.16294861
v 25.29504013 41.83114243 42.28321838
v 25.28733635 41.7238884 42.40750122
v 25.27939034 41.62118912 42.53564453
v 25.27120972 41.52318573 42.66748428
v 25.26280594 41.43000412 42.802845
v 25.25418854 41.3417778 42.94155502
v 25.24536514 41.25863266 43.0834465
v 25.23634911 41.18067169 43.22832489
v 25.22715187 41.10800934 43.37601089
v 25.21778297 41.04075241 43.52631378
v 25.20825386 40.97898865 43.679039
v 25.19857979 40.9228096 43.83398438
v 25.18877029 40.87229919 43.99095917
v 25.17883873 40.82753372 44.14974976
v 25.16879654 40.78857422 44.31015396
v 25.15865707 40.75548935 44.47196579
v 25.14843369 40.7283287 44.63496399
v 25.13813782 40.70713806 44.79894638
v 25.12778473 40.69195557 44.9636879
v 25.11738968 40.68281174 45.12897491
v 25.1069622 40.67973328 45.29458618
v 25.09651756 40.68273163 45.46030426
v 25.08607101 40.69181442 45.62590408
v 25.075634 40.70698929 45.79116821
v 25.06522369 40.72823715 45.95587158
v 25.05485153 40.75554276 46.11979294
v 25.04453278 40.78889084 46.28271103
v 25.03428078 40.82823944 46.44439697
v 25.02411079 40.87355042 46.60464096
v 25.01403809 40.92477798 46.7632103
v 25.0040741 40.98186111 46.91989517
v 24.99423409 41.04473877 47.07447433
v 24.98453331 41.11332703 47.22673416
v 24.97498512 41.18756104 47.37645721
v 24.96560287 41.2673378 47.5234375
v 24.95639992 41.35256195 47.6674614
v 24.9473896 41.44312668 47.80833054
v 24.9385891 41.53892517 47.94583893
v 24.93000603 41.63982773 48.07978821
v 24.92165565 41.74570847 48.20998764
v 24.91355324 41.85643005 48.33624649
v 24.90570831 41.97184372 48.45838547
v 24.89813232 42.09179688 48.57621765
v 24.89084053 42.21613693 48.68957138
v 24.88384056 42.34469223 48.79828262
v 24.87714577 42.47728348 48.90218735
v 24.87076569 42.61374283 49.00112534
v 24.86471176 42.75387192 49.09495926
v 24.85899353 42.89748383 49.18353653
v 24.85361862 43.04437637 49.26673126
v 24.84859657 43.19434738 49.34440994
v 24.84393692 43.34718323 49.41646194
v 24.83964539 43.5026741 49.48277283
v 24.83573151 43.66059875 49.54323578
v 24.8321991 43.82073212 49.59776688
v 24.82905579 43.98283768 49.64627457
v 24.8263073 44.14669418 49.68868637
v 24.82395744 44.31206131 49.72493744
v 24.82201004 44.47872162 49.75497437
v 24.82047081 44.64643097 49.77874756
v 24.81933975 44.81492996 49.79621506
v 24.81872559 44.95080948 49.80567169
v 24.81839943 45.07355118 49.81068039
v 24.81829071 45.19635391 49.81235123
v 24.81829071 50.45109558 49.81235123
v 24.81921387 51.24522018 49.79364395
v 24.82197762 52.03753281 49.73760986
v 24.82640648 52.80205536 49.64780426
v 24.83233643 53.53833389 49.52756882
v 24.83986473 54.2685585 49.37493134
v 24.84799576 54.91934967 49.2101059
v 24.85639954 55.49897385 49.03975296
v 24.86581993 56.07209015 48.84878159
v 24.87615776 56.63363266 48.63914108
v 24.88737869 57.18309021 48.41155624
v 24.89954376 57.72414398 48.16477585
v 24.9126339 58.2561264 47.8991127
v 24.92663765 58.77836227 47.61489487
v 24.94153214 59.29022217 47.31249619
v 24.95730209 59.7910614 46.9922905
v 24.97392273 60.28025436 46.65467834
v 24.99137497 60.75720596 46.30009079
v 25.00963783 61.22132492 45.92898178
v 25.02868462 61.67203522 45.54180145
v 25.04849243 62.10878372 45.13904953
v 25.06903648 62.53103638 44.72123337
v 25.09029007 62.93827057 44.28886795
v 25.11222839 63.32998657 43.84249496
v 25.13481903 63.70571136 43.38268661
v 25.15803719 64.06497955 42.91000748
v 25.18185234 64.40734863 42.42504883
v 25.20623398 64.73241425 41.92841721
v 25.23115158 65.03977203 41.42073822
v 25.25657463 65.32904816 40.90262985
v 25.2824707 65.59990692 40.37474823
v 25.30880737 65.852005 39.83774567
v 25.33555222 66.08503723 39.2922821
v 25.3626709 66.29873657 38.739048
v 25.39012718 66.49284363 38.1787262
v 25.41788864 66.66711426 37.61201096
v 25.44591904 66.82135773 37.03958893
v 25.47417831 66.95539856 36.46215439
v 25.50263214 67.06905365 35.88040543
v 25.53124619 67.16221619 35.29509354
v 25.55999184 67.23475647 34.70698166
v 25.58883286 67.28658295 34.11688614
v 25.61768341 67.31763458 33.52643585
v 25.64654732 67.32798767 32.93545532
v 26.20107651 67.32798767 20.23466873
v 26.22011185 67.31993103 19.8924427
v 26.2390976 67.29579163 19.55111694
v 26.2558918 67.26087952 19.24891853
v 26.27072906 67.21923828 18.98166847
v 26.2854538 67.16770935 18.71621895
v 26.29976654 67.1076355 18.4579792
v 26.31366348 67.03962708 18.20706177
v 26.32740593 66.96272278 17.95878983
v 26.33973312 66.88527679 17.73596764
v 26.35079002 66.8087616 17.5359993
v 26.36170959 66.72640991 17.3384037
v 26.3724823 66.63829803 17.14335251
v 26.38309669 66.54449463 16.95100975
v 26.39355278 66.44509125 16.76153755
v 26.40384483 66.34017181 16.57509041
v 26.41397095 66.22982025 16.39182854
v 26.42390633 66.11414337 16.21191597
v 26.43361855 65.99325562 16.03552246
v 26.44265556 65.8731842 15.87068367
v 26.44939995 65.77905273 15.74792957
v 78.20607758 55.21294785 20.16379929
v 78.21388245 55.03085327 19.98505974
v 78.34668732 64.17596436 16.94321632
v 78.19797516 55.38864899 20.34928703
v 78.22138214 54.84245682 19.81322289
v 78.18961334 55.55727768 20.54077148
v 78.22859955 54.64746094 19.64795685
v 78.18100739 55.71850967 20.73794365
v 78.23549652 54.44662094 19.48990822
v 78.74143982 56.772995 7.90184736
v 78.17212677 55.87276077 20.94129181
v 78.2420578 54.24056244 19.33961678
v 78.16301727 56.01950836 21.15006065
v 78.24829865 54.02870178 19.196661
v 78.15369415 56.15821457 21.36348724
v 78.25421143 53.81157303 19.06136322
v 78.14414978 56.2891655 21.58209229
v 78.259758 53.5900383 18.9342804
v 78.34004211 64.29285431 17.09552574
v 78.13439941 56.41221619 21.80552864
v 78.26494598 53.36399078 18.81540871
v 78.25701904 65.18144989 18.99694443
v 78.12446594 56.52689743 22.03290367
v 78.2660141 65.12731934 18.79104614
v 78.27492523 65.06475067 18.58695793
v 78.28371429 64.99402618 18.3855896
v 78.2923584 64.91532135 18.18759155
v 78.30088043 64.82844543 17.99242973
v 78.30924225 64.73375702 17.80089188
v 78.31741333 64.63157654 17.61373329
v 78.32541656 64.52165222 17.43046951
v 78.33322144 64.40433502 17.25164604
v 78.19917297 65.32798767 20.32190895
v 78.20918274 65.3267746 20.09259415
v 78.21920776 65.31556702 19.86293411
v 78.22920227 65.29441071 19.63410187
v 78.2387619 65.26463318 19.41511726
v 78.24793243 65.22724152 19.20513916
v 78.26978302 53.13327408 18.70461082
v 78.11437988 56.63305664 22.26400757
v 78.27425385 52.89880753 18.60232925
v 78.10410309 56.73093033 22.4992981
v 78.27832794 52.66120911 18.50888252
v 78.09368896 56.82017517 22.73786736
v 78.28203583 52.4197998 18.42399025
v 78.08316803 56.90048981 22.97891426
v 78.28536224 52.17532349 18.34788513
v 78.07250214 56.97205353 23.22308922
v 78.2882843 51.92873764 18.28088951
v 78.06172943 57.03477097 23.46988297
v 78.29081726 51.6796875 18.22294426
v 78.05088043 57.08840942 23.71831512
v 78.29295349 51.42825699 18.17402267
v 78.0399704 57.13290405 23.96827698
v 78.29468536 51.17546463 18.13432121
v 78.02896881 57.16835785 24.22014046
v 78.29616547 50.88506699 18.10034752
v 78.01792908 57.19466782 24.47304344
v 78.00687408 57.2117424 24.72628593
v 78.29721832 50.55059052 18.07633018
v 77.99743652 57.21902847 24.94241333
v 78.29756927 50.21582413 18.06829071
v 77.98980713 57.22075272 25.11719513
v 77.98890686 57.2205162 25.1378212
v 77.98800659 57.21965408 25.15842438
v 77.64464569 65.32798767 33.02269363
v 78.29756927 44.17080688 18.06829071
v 78.74143982 35.94450378 7.90184736
v 77.66759491 57.21965408 32.49707413
v 77.64337158 57.19032288 33.0518074
v 77.62212372 65.3139267 33.53850174
v 77.63114929 57.16772461 33.33174133
v 77.57440948 65.23123169 34.63127136
v 77.59964752 65.28620148 34.05323792
v 77.61772156 57.12750244 33.63929749
v 77.54927826 65.15380859 35.20692825
v 77.60422516 57.07457352 33.9484787
v 77.5243454 65.05423737 35.77793884
v 77.58796692 56.99455261 34.3208847
v 77.49958801 64.93231201 36.34495926
v 77.47502136 64.78820801 36.90765381
v 77.57345581 56.90763092 34.65311432
v 77.42681122 64.43552399 38.01185608
v 77.55944061 56.80924606 34.97418594
v 77.45075226 64.62259674 37.46346283
v 77.40315247 64.22679901 38.55367279
v 77.54561615 56.69794083 35.29080582
v 77.37989044 63.99739075 39.08652496
v 77.5320282 56.57403946 35.60193253
v 77.51865387 56.43721771 35.9083786
v 77.35707855 63.74779892 39.60902023
v 77.50553131 56.28808594 36.20891953
v 77.33465576 63.47740936 40.12252045
v 77.49271393 56.12717056 36.50243378
v 77.29133606 62.87862396 41.11474991
v 77.31271362 63.1873436 40.62505722
v 77.4801712 55.95402145 36.78969955
v 77.27046204 62.55038071 41.59289932
v 77.46794891 55.7693367 37.06968689
v 77.25014496 62.20364761 42.05819321
v 77.45609283 55.57384872 37.34124374
v 77.23048401 61.83991241 42.5085907
v 77.44457245 55.36701965 37.60506821
v 77.21143341 61.45843887 42.94486618
v 77.4334259 55.14957428 37.86034393
v 77.19302368 61.05982208 43.3665123
v 77.17533875 60.64587402 43.77161789
v 77.4227066 54.92245483 38.10593414
v 77.15837097 60.21651077 44.16010284
v 77.4123764 54.68508148 38.34241486
v 77.14212036 59.77152252 44.53230667
v 77.40248108 54.43815231 38.56918716
v 77.12665558 59.31293869 44.88656235
v 77.39305115 54.18280029 38.7851944
v 77.11200714 58.84154892 45.22212982
v 77.38407135 53.91846466 38.99084091
v 77.0981369 58.35634613 45.53979874
v 77.37555695 53.64575195 39.18574905
v 77.0851059 57.85939789 45.83828354
v 77.07295227 57.35227966 46.11655045
v 77.36756134 53.36597061 39.36898041
v 77.06165314 56.8335762 46.37536621
v 77.36006165 53.07870483 39.54074097
v 77.05123901 56.30508804 46.61393356
v 77.35306549 52.78433228 39.70088196
v 77.04174805 55.76897049 46.83122635
v 77.34661102 52.48416519 39.84867859
v 77.03317261 55.22394562 47.0276947
v 77.34069824 52.17813492 39.98412704
v 77.02552032 54.67117691 47.20303726
v 77.33789825 52.02030945 40.04826736
v 77.01882172 54.11315918 47.35644913
v 77.33525085 51.8614006 40.10903931
v 77.01307678 53.54934311 47.48796082
v 77.00828552 52.97990799 47.59765625
v 77.00447083 52.40743637 47.68504715
v 77.00146484 51.78912354 47.75389862
v 76.99948883 51.12027359 47.79912567
v 76.9988327 50.45109558 47.81425476
v 77.21131897 44.28632355 42.94744492
v 77.20738983 44.08329391 43.03751373
v 77.20388031 43.9317131 43.11791229
v 77.20597076 44.01823425 43.06988907
v 77.20101929 43.82529831 43.18332291
v 77.19841766 43.73752594 43.2429657
v 77.19599152 43.66236877 43.29853821
v 77.1934433 43.58922195 43.35694504
v 77.19078064 43.51838684 43.41792679
v 77.18801117 43.45000458 43.48137283
v 77.18511963 43.38389587 43.54745102
v 77.18213654 43.32029343 43.61590195
v 77.1758728 43.20118332 43.75932312
v 77.17905426 43.25943375 43.68646622
v 77.17259979 43.14562225 43.83433914
v 77.16580963 43.04327011 43.98985672
v 77.16924286 43.09296799 43.91119766
v 77.16228485 42.99643707 44.07044601
v 77.15869904 42.95263672 44.15262985
v 77.15133667 42.87446213 44.32123184
v 77.15505219 42.91201401 44.2361412
v 77.14756775 42.84005356 44.40766525
v 77.13988495 42.78107071 44.58355713
v 77.14374542 42.80892563 44.49508667
v 77.1359787 42.75645828 44.67311478
v 77.12407684 42.70271301 44.94568253
v 77.1320343 42.73517227 44.7633934
v 77.12806702 42.71727371 44.85416031
v 77.12005615 42.69152069 45.03765869
v 77.11200714 42.67932129 45.22202682
v 77.11604309 42.68371964 45.12971497
v 76.9988327 45.19635391 47.81425476
v 77.10797119 42.67831039 45.31451797
v 76.99885559 45.14450073 47.8137207
v 76.99892426 45.09264755 47.81211472
v 76.99916077 45.00217438 47.80674744
v 77.09591675 42.69553757 45.59062195
v 77.10394287 42.68067169 45.4068222
v 77.09992981 42.686409 45.4987793
v 77.09192657 42.70799637 45.68201065
v 77.00005341 44.82230377 47.78631973
v 77.00070953 44.73299789 47.77124786
v 76.99953461 44.91197586 47.79814148
v 77.08403778 42.74281311 45.86265945
v 77.08796692 42.72373581 45.77261734
v 77.08013916 42.76517487 45.95199203
v 77.00244141 44.5561142 47.73151016
v 77.00351715 44.46900177 47.70692062
v 77.00150299 44.64415359 47.75295639
v 77.00473022 44.38261795 47.67914581
v 77.07247925 42.81941605 46.12740707
v 77.07628632 42.79071045 46.04026413
v 77.06871796 42.85133743 46.21358109
v 77.0075531 44.21324921 47.61442566
v 77.00917053 44.13036346 47.57749176
v 77.006073 44.29726791 47.64828491
v 77.05779266 42.96530151 46.46372223
v 77.06501007 42.88633347 46.29845428
v 77.06137085 42.92428207 46.38176346
v 77.05428314 43.00928116 46.54416275
v 77.01277924 43.96868896 47.49473572
v 77.01477814 43.89028168 47.44906998
v 77.01091003 44.04873657 47.53754807
v 77.01689911 43.81337357 47.40048981
v 77.04750061 43.10557175 46.699543
v 77.05084991 43.05603027 46.62276459
v 77.04421997 43.15794754 46.77457428
v 77.01913452 43.73825455 47.34916687
v 77.021492 43.66516876 47.29524994
v 77.02396393 43.59392166 47.23859406
v 77.03494263 43.33044815 46.98709106
v 77.04103851 43.21293259 46.84757614
v 77.03794861 43.2703743 46.91835022
v 77.03204346 43.39296722 47.05361176
v 77.02924347 43.45767593 47.11767578
v 77.02655029 43.52466583 47.17932892
v 68.06739807 44.17080688 18.06829071
v 67.62352753 56.772995 7.90184736
v 67.62352753 35.94450378 7.90184736
v 68.06739807 50.21582413 18.06829071
v 68.06774902 50.55059052 18.07633018
v 68.06880188 50.88506699 18.10034752
v 68.07028198 51.17546463 18.13432121
v 68.07201385 51.42825699 18.17402267
v 68.07415009 51.6796875 18.22294426
v 68.07668304 51.92873764 18.28088951
v 68.0796051 52.17532349 18.34788513
v 68.08293152 52.4197998 18.42399025
v 68.0866394 52.66120911 18.50888252
v 68.0907135 52.89880753 18.60232925
v 68.09518433 53.13327408 18.70461082
v 68.10002136 53.36399078 18.81540871
v 68.10520935 53.5900383 18.9342804
v 68.11075592 53.81157303 19.06136322
v 68.1166687 54.02870178 19.196661
v 68.12290955 54.24056244 19.33961678
v 68.12947083 54.44662094 19.48990822
v 68.01828003 64.17596436 16.94321632
v 68.1363678 54.64746094 19.64795685
v 68.14358521 54.84245682 19.81322289
v 68.1510849 55.03085327 19.98505974
v 68.15888977 55.21294785 20.16379929
v 68.16699219 55.38864899 20.34928703
v 68.175354 55.55727768 20.54077148
v 68.18395996 55.71850967 20.73794365
v 68.19284058 55.87276077 20.94129181
v 68.20195007 56.01950836 21.15006065
v 68.21127319 56.15821457 21.36348724
v 68.22081757 56.2891655 21.58209229
v 68.23056793 56.41221619 21.80552864
v 68.02492523 64.29285431 17.09552574
v 68.2405014 56.52689743 22.03290367
v 68.03174591 64.40433502 17.25164604
v 68.03955078 64.52165222 17.43046951
v 68.04755402 64.63157654 17.61373329
v 68.0557251 64.73375702 17.80089188
v 68.06408691 64.82844543 17.99242973
v 68.07260895 64.91532135 18.18759155
v 68.08125305 64.99402618 18.3855896
v 68.09004211 65.06475067 18.58695793
v 68.09895325 65.12731934 18.79104614
v 68.1079483 65.18144989 18.99694443
v 68.11703491 65.22724152 19.20513916
v 68.12620544 65.26463318 19.41511726
v 68.13576508 65.29441071 19.63410187
v 68.14575958 65.31556702 19.86293411
v 68.15578461 65.3267746 20.09259415
v 68.26086426 56.73093033 22.4992981
v 68.16579437 65.32798767 20.32190895
v 68.25058746 56.63305664 22.26400757
v 68.27127838 56.82017517 22.73786736
v 68.28179932 56.90048981 22.97891426
v 68.29246521 56.97205353 23.22308922
v 68.30323792 57.03477097 23.46988297
v 68.31408691 57.08840942 23.71831512
v 68.32499695 57.13290405 23.96827698
v 68.33599854 57.16835785 24.22014046
v 68.34703827 57.19466782 24.47304344
v 68.35809326 57.2117424 24.72628593
v 68.36753082 57.21902847 24.94241333
v 68.37516022 57.22075272 25.11719513
v 68.37606049 57.2205162 25.1378212
v 68.37696075 57.21965408 25.15842438
v 69.18591309 43.25943375 43.68646622
v 69.18909454 43.20118332 43.75932312
v 69.18283081 43.32029343 43.61590195
v 69.19572449 43.09296799 43.91119766
v 69.19915771 43.04327011 43.98985672
v 69.19236755 43.14562225 43.83433914
v 69.2026825 42.99643707 44.07044601
v 69.16108704 43.9317131 43.11791229
v 69.15757751 44.08329391 43.03751373
v 69.15899658 44.01823425 43.06988907
v 69.16394806 43.82529831 43.18332291
v 69.16654968 43.73752594 43.2429657
v 69.16897583 43.66236877 43.29853821
v 69.17152405 43.58922195 43.35694504
v 69.17418671 43.51838684 43.41792679
v 69.17695618 43.45000458 43.48137283
v 69.17984772 43.38389587 43.54745102
v 69.20626831 42.95263672 44.15262985
v 69.21363068 42.87446213 44.32123184
v 69.20991516 42.91201401 44.2361412
v 69.2173996 42.84005356 44.40766525
v 69.22122192 42.80892563 44.49508667
v 69.2250824 42.78107071 44.58355713
v 69.22898865 42.75645828 44.67311478
v 69.23293304 42.73517227 44.7633934
v 69.2408905 42.70271301 44.94568253
v 69.23690033 42.71727371 44.85416031
v 69.24491119 42.69152069 45.03765869
v 69.24892426 42.68371964 45.12971497
v 69.25296021 42.67932129 45.22202682
v 69.25699615 42.67831039 45.31451797
v 69.26102448 42.68067169 45.4068222
v 69.2690506 42.69553757 45.59062195
v 69.26503754 42.686409 45.4987793
v 69.27700043 42.72373581 45.77261734
v 69.28092957 42.74281311 45.86265945
v 69.27304077 42.70799637 45.68201065
v 69.28868103 42.79071045 46.04026413
v 69.2924881 42.81941605 46.12740707
v 69.28482819 42.76517487 45.95199203
v 69.29624939 42.85133743 46.21358109
v 69.29995728 42.88633347 46.29845428
v 69.30717468 42.96530151 46.46372223
v 69.3035965 42.92428207 46.38176346
v 69.31411743 43.05603027 46.62276459
v 69.31746674 43.10557175 46.699543
v 69.3106842 43.00928116 46.54416275
v 69.32074738 43.15794754 46.77457428
v 69.32392883 43.21293259 46.84757614
v 69.33002472 43.33044815 46.98709106
v 69.32701874 43.2703743 46.91835022
v 69.33572388 43.45767593 47.11767578
v 69.33841705 43.52466583 47.17932892
v 69.33292389 43.39296722 47.05361176
v 69.34100342 43.59392166 47.23859406
v 69.34347534 43.66516876 47.29524994
v 69.34806824 43.81337357 47.40048981
v 69.34583282 43.73825455 47.34916687
v 69.35218811 43.96868896 47.49473572
v 69.35405731 44.04873657 47.53754807
v 69.35018921 43.89028168 47.44906998
v 69.35579681 44.13036346 47.57749176
v 69.35741425 44.21324921 47.61442566
v 69.35889435 44.29726791 47.64828491
v 69.36023712 44.38261795 47.67914581
v 69.3614502 44.46900177 47.70692062
v 69.36346436 44.64415359 47.75295639
v 69.36252594 44.5561142 47.73151016
v 69.36425781 44.73299789 47.77124786
v 69.36491394 44.82230377 47.78631973
v 69.36543274 44.91197586 47.79814148
v 69.36580658 45.00217438 47.80674744
v 69.36613464 45.19635391 47.81425476
v 69.36604309 45.09264755 47.81211472
v 69.36611176 45.14450073 47.8137207
v 69.15364838 44.28632355 42.94744492
v 69.36613464 50.45109558 47.81425476
v 69.02971649 51.8614006 40.10903931
v 68.72159576 57.19032288 33.0518074
v 68.72032166 65.32798767 33.02269363
v 68.69737244 57.21965408 32.49707413
v 68.74284363 65.3139267 33.53850174
v 68.73381805 57.16772461 33.33174133
v 69.36547852 51.12027359 47.79912567
v 68.76531982 65.28620148 34.05323792
v 69.3635025 51.78912354 47.75389862
v 68.74724579 57.12750244 33.63929749
v 68.79055786 65.23123169 34.63127136
v 69.36049652 52.40743637 47.68504715
v 68.76074219 57.07457352 33.9484787
v 68.81568909 65.15380859 35.20692825
v 69.35668182 52.97990799 47.59765625
v 68.77700043 56.99455261 34.3208847
v 68.84062195 65.05423737 35.77793884
v 69.35189056 53.54934311 47.48796082
v 68.79151154 56.90763092 34.65311432
v 68.86537933 64.93231201 36.34495926
v 69.34614563 54.11315918 47.35644913
v 69.02706909 52.02030945 40.04826736
v 68.80552673 56.80924606 34.97418594
v 68.88994598 64.78820801 36.90765381
v 69.33944702 54.67117691 47.20303726
v 69.0242691 52.17813492 39.98412704
v 68.91421509 64.62259674 37.46346283
v 69.33179474 55.22394562 47.0276947
v 69.01835632 52.48416519 39.84867859
v 68.8193512 56.69794083 35.29080582
v 68.93815613 64.43552399 38.01185608
v 69.3232193 55.76897049 46.83122635
v 69.01190186 52.78433228 39.70088196
v 68.83293915 56.57403946 35.60193253
v 68.96181488 64.22679901 38.55367279
v 69.31372833 56.30508804 46.61393356
v 69.0049057 53.07870483 39.54074097
v 68.9850769 63.99739075 39.08652496
v 68.84631348 56.43721771 35.9083786
v 69.30331421 56.8335762 46.37536621
v 68.99740601 53.36597061 39.36898041
v 68.85943604 56.28808594 36.20891953
v 69.00788879 63.74779892 39.60902023
v 69.29201508 57.35227966 46.11655045
v 68.9894104 53.64575195 39.18574905
v 69.03031158 63.47740936 40.12252045
v 68.87225342 56.12717056 36.50243378
v 69.27986145 57.85939789 45.83828354
v 69.05225372 63.1873436 40.62505722
v 69.26683044 58.35634613 45.53979874
v 68.980896 53.91846466 38.99084091
v 68.88479614 55.95402145 36.78969955
v 69.07363129 62.87862396 41.11474991
v 69.25296021 58.84154892 45.22212982
v 68.9719162 54.18280029 38.7851944
v 68.89701843 55.7693367 37.06968689
v 69.09450531 62.55038071 41.59289932
v 69.23831177 59.31293869 44.88656235
v 68.96248627 54.43815231 38.56918716
v 69.11482239 62.20364761 42.05819321
v 68.90887451 55.57384872 37.34124374
v 69.22284698 59.77152252 44.53230667
v 68.95259094 54.68508148 38.34241486
v 69.13448334 61.83991241 42.5085907
v 68.9203949 55.36701965 37.60506821
v 69.20659637 60.21651077 44.16010284
v 68.94226074 54.92245483 38.10593414
v 69.15353394 61.45843887 42.94486618
v 68.93154144 55.14957428 37.86034393
v 69.1896286 60.64587402 43.77161789
v 69.17194366 61.05982208 43.3665123
v 76.11702728 43.21582413 20.06638718
v 76.11702728 50.21582413 20.06638718
v 70.24794006 43.21582413 20.06638718
v 70.24794006 50.21582413 20.06638718
v 70.2480545 50.43214798 20.07106781
v 76.11691284 50.43214798 20.07106781
v 70.24839783 50.64805603 20.08509445
v 76.11656952 50.64805603 20.08509445
v 70.24897003 50.86316299 20.10843658
v 76.11599731 50.86316299 20.10843658
v 70.24977112 51.07706451 20.14106369
v 76.11519623 51.07706451 20.14106369
v 70.25080109 51.28937149 20.18290901
v 76.11416626 51.28937149 20.18290901
v 70.25195312 51.48480606 20.22996902
v 76.11301422 51.48480606 20.22996902
v 70.25320435 51.66452408 20.28068924
v 76.111763 51.66452408 20.28068924
v 70.25461578 51.84223938 20.33808517
v 76.11035156 51.84223938 20.33808517
v 70.2561264 52.01088333 20.39944839
v 76.10884094 52.01088333 20.39944839
v 70.25772095 52.17076874 20.46408081
v 76.1072464 52.17076874 20.46408081
v 70.25945282 52.32834625 20.53418922
v 76.10551453 52.32834625 20.53418922
v 70.26132202 52.48343277 20.60969353
v 76.10364532 52.48343277 20.60969353
v 70.26332092 52.63583755 20.6905098
v 76.10164642 52.63583755 20.6905098
v 70.26544952 52.78538513 20.77654076
v 76.09951782 52.78538513 20.77654076
v 70.26771545 52.93189621 20.86768532
v 76.09725189 52.93189621 20.86768532
v 70.27010345 53.0751915 20.96384048
v 76.09486389 53.0751915 20.96384048
v 70.27261353 53.21510696 21.06489563
v 76.09235382 53.21510696 21.06489563
v 70.2752533 53.35147095 21.17072678
v 76.08971405 53.35147095 21.17072678
v 70.27800751 53.48412323 21.28121758
v 76.08695984 53.48412323 21.28121758
v 70.28087616 53.61290359 21.39623642
v 76.08409119 53.61290359 21.39623642
v 70.28386688 53.73765945 21.51564598
v 76.08110046 53.73765945 21.51564598
v 70.28696442 53.85824203 21.63931084
v 76.07800293 53.85824203 21.63931084
v 70.29017639 53.97449875 21.76708603
v 76.07479095 53.97449875 21.76708603
v 70.29348755 54.08629608 21.89882088
v 76.0714798 54.08629608 21.89882088
v 70.29690552 54.1934967 22.03435898
v 76.06806183 54.1934967 22.03435898
v 70.30042267 54.29597092 22.17354584
v 76.06454468 54.29597092 22.17354584
v 70.30403137 54.39359283 22.31621361
v 76.06093597 54.39359283 22.31621361
v 70.30773163 54.48624802 22.46219635
v 76.05723572 54.48624802 22.46219635
v 70.31151581 54.57382202 22.6113224
v 76.05345154 54.57382202 22.6113224
v 70.31538391 54.65620422 22.76341438
v 76.04958344 54.65620422 22.76341438
v 70.31933594 54.73329544 22.91829491
v 76.04563141 54.73329544 22.91829491
v 70.32335663 54.80500031 23.07577896
v 76.04161072 54.80500031 23.07577896
v 70.32745361 54.87122726 23.23568153
v 76.03751373 54.87122726 23.23568153
v 70.33161163 54.93190002 23.39781189
v 76.03335571 54.93190002 23.39781189
v 70.33583832 54.98693848 23.56197548
v 76.02912903 54.98693848 23.56197548
v 70.34011078 55.03627014 23.72797966
v 76.02485657 55.03627014 23.72797966
v 70.34444427 55.0798378 23.89562798
v 76.02052307 55.0798378 23.89562798
v 70.34881592 55.11758804 24.06472588
v 76.01615143 55.11758804 24.06472588
v 70.35323334 55.14946747 24.235075
v 76.01173401 55.14946747 24.235075
v 70.3576889 55.17543411 24.40646362
v 76.00727844 55.17543411 24.40646362
v 70.36216736 55.19545364 24.57866669
v 76.00279999 55.19545364 24.57866669
v 70.36664581 55.20939255 24.7499218
v 75.99832153 55.20939255 24.7499218
v 70.37084198 55.21709824 24.91033554
v 75.99412537 55.21709824 24.91033554
v 70.37505341 55.21965408 25.0709095
v 75.98991394 55.21965408 25.0709095
v 75.66949463 55.21965408 32.40983582
v 70.69547272 55.21965408 32.40983582
v 70.70261383 55.21496964 32.65097427
v 75.66235352 55.21496964 32.65097427
v 70.70976257 55.20092773 32.8917923
v 75.65520477 55.20092773 32.8917923
v 70.71689606 55.17755127 33.13192749
v 75.64807129 55.17755127 33.13192749
v 70.72401428 55.14485168 33.37102509
v 75.64095306 55.14485168 33.37102509
v 70.73110199 55.1028862 33.60872269
v 75.63386536 55.1028862 33.60872269
v 70.73815155 55.05170822 33.8446579
v 75.6268158 55.05170822 33.8446579
v 70.74492645 54.9933815 34.07130814
v 75.62004089 54.9933815 34.07130814
v 70.75144196 54.92873001 34.28876877
v 75.61352539 54.92873001 34.28876877
v 70.75738525 54.8622551 34.48669815
v 75.60758209 54.8622551 34.48669815
v 70.76278687 54.79522705 34.66678619
v 75.60218048 54.79522705 34.66678619
v 70.76813507 54.72265244 34.84474182
v 75.59683228 54.72265244 34.84474182
v 70.77342224 54.6445961 35.02039337
v 75.5915451 54.6445961 35.02039337
v 70.77863312 54.56113434 35.193573
v 75.58633423 54.56113434 35.193573
v 70.78377533 54.47233582 35.36410904
v 75.58119202 54.47233582 35.36410904
v 70.78883362 54.37829208 35.53184509
v 75.57613373 54.37829208 35.53184509
v 70.79380798 54.27909088 35.6966095
v 75.57115936 54.27909088 35.6966095
v 70.79869843 54.17481995 35.85824585
v 75.56626892 54.17481995 35.85824585
v 70.80348969 54.06557846 36.01660156
v 75.56147766 54.06557846 36.01660156
v 70.80818176 53.95147324 36.17151642
v 75.55678558 53.95147324 36.17151642
v 70.81276703 53.83261108 36.32284546
v 75.55220032 53.83261108 36.32284546
v 70.81724548 53.70910263 36.4704361
v 75.54772186 53.70910263 36.4704361
v 70.8216095 53.58106613 36.61415482
v 75.54335785 53.58106613 36.61415482
v 70.82585907 53.44862366 36.75384903
v 75.53910828 53.44862366 36.75384903
v 75.53498077 53.31189728 36.88939285
v 70.82998657 53.31189728 36.88939285
v 75.53098297 53.17102432 37.02064514
v 70.83398438 53.17102432 37.02064514
v 75.5271225 53.02613831 37.14748764
v 70.83784485 53.02613831 37.14748764
v 70.84157562 52.87737274 37.26978683
v 75.52339172 52.87737274 37.26978683
v 70.84516144 52.72487259 37.3874321
v 75.51980591 52.72487259 37.3874321
v 70.84860992 52.56878281 37.50030518
v 75.51635742 52.56878281 37.50030518
v 70.85191345 52.40924454 37.60829926
v 75.51305389 52.40924454 37.60829926
v 70.85507202 52.246418 37.71130371
v 75.50989532 52.246418 37.71130371
v 70.85806274 52.08046722 37.80921936
v 75.5069046 52.08046722 37.80921936
v 75.50409698 51.91155624 37.90194321
v 70.86087036 51.91155624 37.90194321
v 75.50144958 51.73985672 37.98937988
v 70.86351776 51.73985672 37.98937988
v 75.498909 51.56552887 38.07145309
v 70.86605835 51.56552887 38.07145309
v 75.4964447 51.38875198 38.1480751
v 70.86852264 51.38875198 38.1480751
v 75.49518585 51.28804398 38.18885422
v 70.86978149 51.28804398 38.18885422
v 75.49410248 51.18663788 38.22786331
v 70.87086487 51.18663788 38.22786331
v 70.99479675 43.61156082 41.06627274
v 75.37017059 43.61156082 41.06627274
v 75.36511993 43.42076111 41.14276505
v 70.99984741 43.42076111 41.14276505
v 75.35993958 43.23360825 41.22787476
v 71.00502777 43.23360825 41.22787476
v 75.35439301 43.0504837 41.32142258
v 71.01057434 43.0504837 41.32142258
v 75.34825134 42.87177658 41.42323303
v 71.016716 42.87177658 41.42323303
v 75.34147644 42.69784927 41.53310776
v 71.02349091 42.69784927 41.53310776
v 75.33415985 42.52906418 41.65081024
v 71.0308075 42.52906418 41.65081024
v 75.32653046 42.36872101 41.77374649
v 71.03843689 42.36872101 41.77374649
v 75.31865692 42.21678543 41.9013176
v 71.04631042 42.21678543 41.9013176
v 75.3103714 42.07055283 42.03547668
v 71.05459595 42.07055283 42.03547668
v 75.30249023 41.94280624 42.16294861
v 71.06247711 41.94280624 42.16294861
v 75.29504395 41.83114243 42.28321838
v 71.0699234 41.83114243 42.28321838
v 75.28733826 41.7238884 42.40750122
v 71.07762909 41.7238884 42.40750122
v 75.27938843 41.62118912 42.53564453
v 71.08557892 41.62118912 42.53564453
v 75.27120972 41.52318573 42.66748428
v 71.09375763 41.52318573 42.66748428
v 75.26280975 41.43000412 42.802845
v 71.10215759 41.43000412 42.802845
v 75.25418854 41.3417778 42.94155502
v 71.11077881 41.3417778 42.94155502
v 75.24536896 41.25863266 43.0834465
v 71.11959839 41.25863266 43.0834465
v 75.23635101 41.18067169 43.22832489
v 71.12861633 41.18067169 43.22832489
v 75.22714996 41.10800934 43.37601089
v 71.13781738 41.10800934 43.37601089
v 75.21778107 41.04075241 43.52631378
v 71.14718628 41.04075241 43.52631378
v 75.20825195 40.97898865 43.679039
v 71.15671539 40.97898865 43.679039
v 75.19857788 40.9228096 43.83398438
v 71.16638947 40.9228096 43.83398438
v 75.18877411 40.87229919 43.99095917
v 71.17619324 40.87229919 43.99095917
v 75.17884064 40.82753372 44.14974976
v 71.18612671 40.82753372 44.14974976
v 75.16879272 40.78857422 44.31015396
v 71.19617462 40.78857422 44.31015396
v 75.15865326 40.75548935 44.47196579
v 71.20631409 40.75548935 44.47196579
v 75.14842987 40.7283287 44.63496399
v 71.21653748 40.7283287 44.63496399
v 75.13813782 40.70713806 44.79894638
v 71.22682953 40.70713806 44.79894638
v 75.12778473 40.69195557 44.9636879
v 71.23718262 40.69195557 44.9636879
v 75.11738586 40.68281174 45.12897491
v 71.24758148 40.68281174 45.12897491
v 75.10696411 40.67973328 45.29458618
v 71.25800323 40.67973328 45.29458618
v 75.09651947 40.68273163 45.46030426
v 71.26844788 40.68273163 45.46030426
v 75.0860672 40.69181442 45.62590408
v 71.27890015 40.69181442 45.62590408
v 75.07563782 40.70698929 45.79116821
v 71.28932953 40.70698929 45.79116821
v 75.06522369 40.72823715 45.95587158
v 71.29974365 40.72823715 45.95587158
v 75.05484772 40.75554276 46.11979294
v 71.31011963 40.75554276 46.11979294
v 75.04453278 40.78889084 46.28271103
v 71.32043457 40.78889084 46.28271103
v 75.03427887 40.82823944 46.44439697
v 71.33068848 40.82823944 46.44439697
v 75.02410889 40.87355042 46.60464096
v 71.34085846 40.87355042 46.60464096
v 75.01403809 40.92477798 46.7632103
v 71.35092926 40.92477798 46.7632103
v 75.0040741 40.98186111 46.91989517
v 71.36089325 40.98186111 46.91989517
v 74.99423218 41.04473877 47.07447433
v 71.37073517 41.04473877 47.07447433
v 74.98453522 41.11332703 47.22673416
v 71.38043213 41.11332703 47.22673416
v 74.97498322 41.18756104 47.37645721
v 71.38998413 41.18756104 47.37645721
v 74.96559906 41.2673378 47.5234375
v 71.39936829 41.2673378 47.5234375
v 74.95639801 41.35256195 47.6674614
v 71.40856934 41.35256195 47.6674614
v 74.9473877 41.44312668 47.80833054
v 71.41757965 41.44312668 47.80833054
v 74.938591 41.53892517 47.94583893
v 71.42637634 41.53892517 47.94583893
v 74.93000793 41.63982773 48.07978821
v 71.43495941 41.63982773 48.07978821
v 74.92165375 41.74570847 48.20998764
v 71.4433136 41.74570847 48.20998764
v 74.91355133 41.85643005 48.33624649
v 71.45141602 41.85643005 48.33624649
v 74.90570831 41.97184372 48.45838547
v 71.45925903 41.97184372 48.45838547
v 74.89813232 42.09179688 48.57621765
v 71.46683502 42.09179688 48.57621765
v 74.89083862 42.21613693 48.68957138
v 71.47412872 42.21613693 48.68957138
v 74.88384247 42.34469223 48.79828262
v 71.48112488 42.34469223 48.79828262
v 74.87714386 42.47728348 48.90218735
v 71.48782349 42.47728348 48.90218735
v 74.87076569 42.61374283 49.00112534
v 71.49420166 42.61374283 49.00112534
v 74.86470795 42.75387192 49.09495926
v 71.5002594 42.75387192 49.09495926
v 74.85899353 42.89748383 49.18353653
v 71.50597382 42.89748383 49.18353653
v 74.85361481 43.04437637 49.26673126
v 71.51135254 43.04437637 49.26673126
v 74.84859467 43.19434738 49.34440994
v 71.51637268 43.19434738 49.34440994
v 74.84394073 43.34718323 49.41646194
v 71.52102661 43.34718323 49.41646194
v 74.83964539 43.5026741 49.48277283
v 71.52532196 43.5026741 49.48277283
v 74.83573151 43.66059875 49.54323578
v 71.52923584 43.66059875 49.54323578
v 74.8321991 43.82073212 49.59776688
v 71.53276825 43.82073212 49.59776688
v 74.82905579 43.98283768 49.64627457
v 71.53591156 43.98283768 49.64627457
v 74.8263092 44.14669418 49.68868637
v 71.53865814 44.14669418 49.68868637
v 74.82395935 44.31206131 49.72493744
v 71.541008 44.31206131 49.72493744
v 74.82201385 44.47872162 49.75497437
v 71.54295349 44.47872162 49.75497437
v 74.82047272 44.64643097 49.77874756
v 71.54449463 44.64643097 49.77874756
v 74.81933594 44.81492996 49.79621506
v 71.54563141 44.81492996 49.79621506
v 74.81872559 44.95080948 49.80567169
v 71.54624176 44.95080948 49.80567169
v 74.81839752 45.07355118 49.81068039
v 71.54656982 45.07355118 49.81068039
v 74.81829071 45.19635391 49.81235123
v 71.54667664 45.19635391 49.81235123
v 74.81829071 50.45109558 49.81235123
v 71.54667664 50.45109558 49.81235123
v 71.54575348 51.24522018 49.79364395
v 74.81921387 51.24522018 49.79364395
v 71.54299164 52.03753281 49.73760986
v 74.82197571 52.03753281 49.73760986
v 71.53855896 52.80205536 49.64780426
v 74.82640839 52.80205536 49.64780426
v 71.53263092 53.53833389 49.52756882
v 74.83233643 53.53833389 49.52756882
v 71.52510071 54.2685585 49.37493134
v 74.83986664 54.2685585 49.37493134
v 71.5169754 54.91934967 49.2101059
v 74.84799194 54.91934967 49.2101059
v 71.50856781 55.49897385 49.03975296
v 74.85639954 55.49897385 49.03975296
v 71.49914551 56.07209015 48.84878159
v 74.86582184 56.07209015 48.84878159
v 71.48880768 56.63363266 48.63914108
v 74.87615967 56.63363266 48.63914108
v 71.47758484 57.18309021 48.41155624
v 74.88738251 57.18309021 48.41155624
v 71.46542358 57.72414398 48.16477585
v 74.89954376 57.72414398 48.16477585
v 71.45233154 58.2561264 47.8991127
v 74.9126358 58.2561264 47.8991127
v 71.4383316 58.77836227 47.61489487
v 74.92663574 58.77836227 47.61489487
v 71.4234314 59.29022217 47.31249619
v 74.94153595 59.29022217 47.31249619
v 71.40766907 59.7910614 46.9922905
v 74.95729828 59.7910614 46.9922905
v 71.39104462 60.28025436 46.65467834
v 74.97392273 60.28025436 46.65467834
v 71.37358856 60.75720596 46.30009079
v 74.99137878 60.75720596 46.30009079
v 71.35533142 61.22132492 45.92898178
v 75.00963593 61.22132492 45.92898178
v 71.33628082 61.67203522 45.54180145
v 75.02868652 61.67203522 45.54180145
v 71.31647491 62.10878372 45.13904953
v 75.04849243 62.10878372 45.13904953
v 71.29592896 62.53103638 44.72123337
v 75.06903839 62.53103638 44.72123337
v 75.09029388 62.93827057 44.28886795
v 71.27467346 62.93827057 44.28886795
v 71.25273895 63.32998657 43.84249496
v 75.11222839 63.32998657 43.84249496
v 71.23014832 63.70571136 43.38268661
v 75.13481903 63.70571136 43.38268661
v 71.20693207 64.06497955 42.91000748
v 75.15803528 64.06497955 42.91000748
v 71.1831131 64.40734863 42.42504883
v 75.18185425 64.40734863 42.42504883
v 75.20623016 64.73241425 41.92841721
v 71.15873718 64.73241425 41.92841721
v 75.2311554 65.03977203 41.42073822
v 71.13381195 65.03977203 41.42073822
v 75.25657654 65.32904816 40.90262985
v 71.10839081 65.32904816 40.90262985
v 71.08249664 65.59990692 40.37474823
v 75.2824707 65.59990692 40.37474823
v 71.05615997 65.852005 39.83774567
v 75.30880737 65.852005 39.83774567
v 71.02941132 66.08503723 39.2922821
v 75.33555603 66.08503723 39.2922821
v 71.00229645 66.29873657 38.739048
v 75.3626709 66.29873657 38.739048
v 70.97483826 66.49284363 38.1787262
v 75.39012909 66.49284363 38.1787262
v 70.94707489 66.66711426 37.61201096
v 75.41789246 66.66711426 37.61201096
v 75.44592285 66.82135773 37.03958893
v 70.91904449 66.82135773 37.03958893
v 75.47418213 66.95539856 36.46215439
v 70.89078522 66.95539856 36.46215439
v 75.50263214 67.06905365 35.88040543
v 70.86233521 67.06905365 35.88040543
v 75.53125 67.16221619 35.29509354
v 70.83371735 67.16221619 35.29509354
v 75.55998993 67.23475647 34.70698166
v 70.80497742 67.23475647 34.70698166
v 75.58882904 67.28658295 34.11688614
v 70.77613831 67.28658295 34.11688614
v 75.61768341 67.31763458 33.52643585
v 70.74728394 67.31763458 33.52643585
v 75.64654541 67.32798767 32.93545532
v 70.71842194 67.32798767 32.93545532
v 76.20107269 67.32798767 20.23466873
v 70.16389465 67.32798767 20.23466873
v 70.14485168 67.31993103 19.8924427
v 76.22011566 67.31993103 19.8924427
v 70.12586975 67.29579163 19.55111694
v 76.2390976 67.29579163 19.55111694
v 70.10907745 67.26087952 19.24891853
v 76.25588989 67.26087952 19.24891853
v 70.09423828 67.21923828 18.98166847
v 76.27072906 67.21923828 18.98166847
v 70.07951355 67.16770935 18.71621895
v 76.2854538 67.16770935 18.71621895
v 70.06520081 67.1076355 18.4579792
v 76.29976654 67.1076355 18.4579792
v 70.05130005 67.03962708 18.20706177
v 76.3136673 67.03962708 18.20706177
v 70.03755951 66.96272278 17.95878983
v 76.32740784 66.96272278 17.95878983
v 70.02523804 66.88527679 17.73596764
v 76.33972931 66.88527679 17.73596764
v 70.01417542 66.8087616 17.5359993
v 76.35079193 66.8087616 17.5359993
v 70.00325775 66.72640991 17.3384037
v 76.36170959 66.72640991 17.3384037
v 69.99248505 66.63829803 17.14335251
v 76.3724823 66.63829803 17.14335251
v 69.98187256 66.54449463 16.95100975
v 76.38309479 66.54449463 16.95100975
v 69.97141266 66.44509125 16.76153755
v 76.39355469 66.44509125 16.76153755
v 69.96112061 66.34017181 16.57509041
v 76.40384674 66.34017181 16.57509041
v 69.9509964 66.22982025 16.39182854
v 76.41397095 66.22982025 16.39182854
v 69.94106293 66.11414337 16.21191597
v 76.42390442 66.11414337 16.21191597
v 76.43361664 65.99325562 16.03552246
v 69.93135071 65.99325562 16.03552246
v 76.44265747 65.8731842 15.87068367
v 69.92230988 65.8731842 15.87068367
v 76.44940186 65.77905273 15.74792957
v 69.91556549 65.77905273 15.74792957
v 76.45609283 65.68236542 15.6272459
v 69.90887451 65.68236542 15.6272459
v 69.57157898 59.35689545 7.90184736
v 76.79338837 59.35689545 7.90184736
v 69.68193054 33.37273407 7.90184736
v 76.6830368 33.37273407 7.90184736
v 70.211586 43.18887329 20.03307915
v 76.15338135 43.18887329 20.03307915
usemtl mat0
f 1 2 3
f 1 3 4
f 5 1 4
f 6 5 4
f 3 7 8
f 2 7 3
f 9 10 11
f 12 9 11
f 11 13 14
f 10 13 11
f 15 16 17
f 15 17 18
f 19 15 18
f 19 18 20
f 21 19 20
f 22 21 20
f 17 23 24
f 16 23 17
f 25 26 27
f 25 27 28
f 29 25 28
f 29 28 30
f 31 29 30
f 32 31 30
f 27 33 34
f 26 33 27
f 35 36 37
f 38 36 35
f 39 38 35
f 39 35 40
f 41 39 40
f 41 40 42
f 43 41 42
f 44 43 42
f 45 46 47
f 45 47 48
f 49 45 48
f 50 49 48
f 47 51 52
f 46 51 47
f 53 54 55
f 56 54 53
f 57 56 53
f 58 56 57
f 59 58 57
f 59 57 60
f 61 59 60
f 61 60 62
f 63 61 62
f 64 63 62
f 65 66 67
f 68 66 65
f 69 68 65
f 69 65 70
f 71 69 70
f 71 70 72
f 73 71 72
f 74 71 73
f 75 74 73
f 76 75 73
f 77 78 79
f 80 77 79
f 81 82 83
f 84 82 81
f 85 84 81
f 85 81 86
f 87 85 86
f 87 86 88
f 78 87 88
f 78 88 79
f 89 90 91
f 89 91 92
f 93 89 92
f 93 92 94
f 95 93 94
f 96 93 95
f 97 96 95
f 98 97 95
f 91 99 100
f 90 99 91
f 101 102 103
f 104 101 103
f 105 101 104
f 106 105 104
f 106 104 107
f 108 106 107
f 108 107 109
f 110 108 109
f 111 110 109
f 102 112 103
f 113 114 115
f 113 115 116
f 117 113 116
f 118 117 116
f 119 120 121
f 122 120 119
f 114 122 119
f 114 119 115
f 123 124 125
f 123 125 126
f 127 123 126
f 127 126 128
f 129 127 128
f 129 128 130
f 131 129 130
f 131 130 132
f 133 131 132
f 133 132 134
f 124 133 134
f 124 134 125
f 135 136 137
f 135 137 138
f 139 135 138
f 139 138 140
f 141 139 140
f 142 141 140
f 143 144 145
f 146 144 143
f 136 146 143
f 136 143 137
f 147 148 149
f 147 149 150
f 151 147 150
f 151 150 152
f 153 151 152
f 153 152 154
f 155 153 154
f 155 154 156
f 157 155 156
f 157 156 158
f 159 157 158
f 159 158 160
f 148 159 160
f 148 160 149
f 161 162 163
f 161 163 164
f 165 161 164
f 165 164 166
f 167 165 166
f 167 166 168
f 169 167 168
f 169 168 170
f 171 169 170
f 171 170 172
f 173 171 172
f 174 171 173
f 162 174 173
f 162 173 163
f 175 176 177
f 175 177 178
f 179 175 178
f 179 178 180
f 181 179 180
f 181 180 182
f 183 181 182
f 184 181 183
f 185 184 183
f 185 183 186
f 187 185 186
f 187 186 188
f 189 187 188
f 189 188 190
f 176 189 190
f 176 190 177
f 191 192 193
f 191 193 194
f 195 191 194
f 195 194 196
f 197 195 196
f 197 196 198
f 192 197 198
f 192 198 193
f 199 200 201
f 199 201 202
f 203 199 202
f 203 202 204
f 205 203 204
f 205 204 206
f 207 205 206
f 207 206 208
f 200 207 208
f 200 208 201
f 209 210 211
f 209 211 212
f 213 209 212
f 213 212 214
f 215 213 214
f 215 214 216
f 217 215 216
f 217 216 218
f 211 217 218
f 210 217 211
f 219 220 221
f 219 221 222
f 223 219 222
f 223 222 224
f 225 223 224
f 225 224 226
f 227 225 226
f 227 226 228
f 220 227 228
f 220 228 221
f 229 230 231
f 229 231 232
f 233 229 232
f 234 229 233
f 235 234 233
f 235 233 236
f 231 235 236
f 230 235 231
f 237 238 239
f 237 239 240
f 241 237 240
f 241 240 242
f 243 241 242
f 243 242 244
f 245 243 244
f 245 244 246
f 238 245 246
f 238 246 239
f 247 248 249
f 247 249 250
f 251 247 250
f 251 250 252
f 253 251 252
f 253 252 254
f 255 253 254
f 255 254 256
f 248 255 256
f 248 256 249
f 257 258 259
f 257 259 260
f 261 257 260
f 261 260 262
f 263 261 262
f 264 261 263
f 265 264 263
f 265 263 266
f 258 265 266
f 258 266 259
f 267 268 269
f 267 269 270
f 271 267 270
f 272 271 270
f 273 274 275
f 276 274 273
f 268 276 273
f 268 273 269
f 277 278 279
f 277 279 280
f 281 277 280
f 282 277 281
f 283 282 281
f 283 281 284
f 285 283 284
f 285 284 286
f 287 285 286
f 287 286 288
f 278 287 288
f 278 288 279
f 289 290 291
f 289 291 292
f 293 289 292
f 294 289 293
f 295 294 293
f 295 293 296
f 290 295 296
f 290 296 291
f 297 298 299
f 297 299 300
f 301 297 300
f 301 300 302
f 303 301 302
f 303 302 304
f 298 303 304
f 298 304 299
f 305 306 307
f 305 307 308
f 309 305 308
f 309 308 310
f 311 309 310
f 311 310 312
f 313 311 312
f 313 312 314
f 306 313 314
f 306 314 307
f 20 112 22
f 103 112 20
f 236 103 20
f 17 24 32
f 30 17 32
f 163 17 30
f 18 236 20
f 18 17 163
f 231 236 18
f 173 18 163
f 173 231 18
f 104 236 233
f 104 103 236
f 304 104 233
f 232 304 233
f 172 232 231
f 172 231 173
f 299 232 172
f 299 304 232
f 302 107 104
f 302 104 304
f 28 163 30
f 149 107 302
f 164 163 28
f 208 164 28
f 300 299 172
f 160 107 149
f 160 109 107
f 3 109 160
f 3 8 111
f 3 111 109
f 170 300 172
f 150 300 170
f 150 302 300
f 62 27 34
f 62 34 64
f 201 27 62
f 201 28 27
f 201 208 28
f 168 150 170
f 152 150 168
f 288 152 168
f 166 288 168
f 206 164 208
f 206 166 164
f 279 288 166
f 279 166 206
f 154 152 288
f 286 154 288
f 291 154 286
f 4 3 160
f 4 160 158
f 119 4 158
f 156 119 158
f 296 156 154
f 296 154 291
f 115 156 296
f 115 119 156
f 280 206 204
f 280 279 206
f 190 280 204
f 202 190 204
f 60 202 201
f 60 201 62
f 177 202 60
f 177 190 202
f 57 177 60
f 178 177 57
f 198 178 57
f 284 291 286
f 292 291 284
f 256 292 284
f 281 280 190
f 188 281 190
f 249 281 188
f 249 256 284
f 249 284 281
f 53 198 57
f 73 53 55
f 73 55 76
f 193 198 53
f 193 53 73
f 116 115 296
f 116 296 293
f 254 292 256
f 254 293 292
f 91 116 293
f 92 293 254
f 92 91 293
f 6 4 119
f 121 6 119
f 250 249 188
f 186 250 188
f 211 250 186
f 212 211 186
f 212 186 183
f 228 212 183
f 194 193 73
f 72 194 73
f 65 67 12
f 94 92 254
f 94 254 252
f 218 94 252
f 218 250 211
f 218 252 250
f 11 65 12
f 126 194 72
f 196 194 126
f 196 178 198
f 180 178 196
f 79 65 11
f 182 228 183
f 125 182 180
f 125 180 196
f 134 182 125
f 221 228 182
f 221 182 134
f 100 116 91
f 100 118 116
f 70 126 72
f 70 65 79
f 128 126 70
f 88 128 70
f 88 70 79
f 222 134 132
f 222 221 134
f 307 222 132
f 266 307 132
f 130 128 88
f 86 130 88
f 226 212 228
f 259 130 86
f 137 214 226
f 81 259 86
f 260 259 81
f 216 94 218
f 216 214 137
f 95 94 216
f 42 260 81
f 143 95 216
f 143 216 137
f 224 222 307
f 314 224 307
f 138 226 224
f 138 224 314
f 262 260 42
f 40 262 42
f 14 79 11
f 239 262 40
f 80 79 14
f 312 138 314
f 140 138 312
f 273 140 312
f 98 95 143
f 145 98 143
f 263 262 239
f 44 42 81
f 308 307 266
f 308 266 263
f 246 263 239
f 246 308 263
f 310 308 246
f 244 310 246
f 269 273 310
f 269 310 244
f 242 269 244
f 270 269 242
f 47 270 242
f 240 47 242
f 35 240 239
f 35 239 40
f 48 240 35
f 48 47 240
f 142 140 273
f 275 142 273
f 272 270 47
f 52 272 47
f 37 48 35
f 50 48 37
f 81 83 44
f 138 137 226
f 312 310 273
f 259 266 130
f 214 212 226
f 150 149 302
f 132 130 266
f 126 125 196
f 315 316 1
f 1 317 315
f 316 318 1
f 1 319 317
f 318 320 1
f 1 321 319
f 320 322 1
f 1 323 321
f 322 324 1
f 1 325 323
f 1 326 2
f 324 326 1
f 1 327 325
f 326 328 2
f 1 329 327
f 328 330 2
f 1 331 329
f 330 332 2
f 1 333 331
f 332 334 2
f 1 335 333
f 334 336 2
f 1 337 335
f 336 338 2
f 1 339 337
f 338 340 2
f 1 341 339
f 340 342 2
f 5 343 1
f 1 343 341
f 342 344 2
f 5 345 343
f 344 346 2
f 5 347 345
f 346 348 2
f 5 349 347
f 348 350 2
f 5 351 349
f 2 352 7
f 350 352 2
f 5 353 351
f 352 354 7
f 5 355 353
f 354 356 7
f 5 357 355
f 356 358 7
f 5 359 357
f 358 360 7
f 5 361 359
f 360 362 7
f 5 363 361
f 362 364 7
f 5 365 363
f 364 366 7
f 5 367 365
f 366 368 7
f 5 369 367
f 368 370 7
f 5 371 369
f 370 372 7
f 5 373 371
f 372 374 7
f 5 375 373
f 374 376 7
f 5 377 375
f 376 378 7
f 5 379 377
f 378 380 7
f 5 381 379
f 380 382 7
f 5 383 381
f 382 384 7
f 5 385 383
f 384 386 7
f 5 387 385
f 386 388 7
f 5 389 387
f 388 390 7
f 5 391 389
f 390 392 7
f 5 393 391
f 392 394 7
f 5 395 393
f 394 396 7
f 5 397 395
f 396 398 7
f 398 399 7
f 400 401 402
f 403 401 400
f 404 401 403
f 405 401 404
f 406 401 405
f 407 401 408
f 409 401 407
f 410 401 409
f 411 401 410
f 412 401 411
f 413 401 412
f 414 401 413
f 415 401 414
f 416 401 415
f 417 401 416
f 418 401 417
f 419 401 418
f 420 401 419
f 421 401 420
f 402 401 421
f 422 423 424
f 425 423 422
f 426 423 425
f 427 423 426
f 428 423 427
f 429 423 428
f 430 423 429
f 431 423 430
f 432 423 431
f 433 423 432
f 399 423 7
f 434 423 433
f 435 423 434
f 436 423 435
f 437 423 436
f 438 423 437
f 439 423 438
f 408 423 439
f 401 423 408
f 440 423 399
f 441 423 440
f 442 423 441
f 424 423 442
f 5 401 406
f 5 406 397
f 52 443 444
f 272 52 444
f 51 443 52
f 275 271 272
f 275 272 444
f 142 275 444
f 274 271 275
f 145 141 142
f 145 142 444
f 98 145 444
f 144 141 145
f 99 97 98
f 99 98 100
f 120 117 118
f 120 118 121
f 445 6 121
f 445 118 100
f 445 100 98
f 445 98 444
f 445 121 118
f 401 5 6
f 401 6 445
f 8 423 446
f 111 8 446
f 7 423 8
f 112 111 446
f 101 112 102
f 101 110 111
f 101 111 112
f 19 21 22
f 447 22 112
f 447 112 446
f 448 22 447
f 448 19 22
f 13 10 449
f 449 10 450
f 450 10 9
f 24 451 452
f 32 24 452
f 23 451 24
f 34 32 452
f 64 34 452
f 33 31 32
f 33 32 34
f 54 63 64
f 54 64 55
f 67 75 76
f 66 75 67
f 453 12 67
f 453 76 55
f 453 9 12
f 453 55 64
f 453 64 452
f 453 67 76
f 450 9 453
f 454 50 455
f 50 37 455
f 454 49 50
f 37 44 455
f 36 43 37
f 37 43 44
f 82 77 83
f 83 77 80
f 83 456 44
f 14 456 80
f 44 456 455
f 80 456 83
f 13 449 14
f 14 449 456
f 15 451 16
f 16 451 23
f 15 448 451
f 15 19 448
f 26 31 33
f 26 25 31
f 25 29 31
f 43 39 41
f 36 38 43
f 43 38 39
f 457 458 49
f 49 459 457
f 458 460 49
f 49 461 459
f 460 462 49
f 49 463 461
f 462 464 49
f 49 465 463
f 464 466 49
f 49 467 465
f 466 468 49
f 49 469 467
f 468 470 49
f 49 471 469
f 49 472 45
f 470 472 49
f 49 473 471
f 472 474 45
f 49 475 473
f 474 476 45
f 49 477 475
f 476 478 45
f 49 479 477
f 478 480 45
f 49 481 479
f 480 482 45
f 482 483 45
f 483 484 45
f 484 485 45
f 485 486 45
f 486 487 45
f 487 488 45
f 488 489 45
f 489 490 45
f 490 491 45
f 491 492 45
f 493 454 494
f 494 454 495
f 495 454 496
f 496 454 497
f 497 454 498
f 498 454 499
f 499 454 500
f 49 454 481
f 481 454 501
f 501 454 502
f 502 454 493
f 454 503 500
f 492 504 45
f 454 505 503
f 504 506 45
f 454 507 505
f 506 508 45
f 454 509 507
f 454 510 509
f 454 511 510
f 454 512 511
f 454 513 512
f 454 514 513
f 454 515 514
f 515 443 516
f 516 443 517
f 517 443 518
f 518 443 519
f 519 443 520
f 520 443 521
f 521 443 522
f 522 443 523
f 523 443 524
f 454 443 515
f 443 525 524
f 443 526 525
f 443 527 526
f 443 528 527
f 443 529 528
f 443 530 529
f 443 531 530
f 443 532 531
f 443 533 532
f 443 534 533
f 535 46 536
f 536 46 537
f 537 46 538
f 538 46 539
f 539 46 540
f 540 46 541
f 541 46 542
f 508 46 45
f 542 46 543
f 543 46 544
f 544 46 545
f 545 46 546
f 546 46 547
f 547 46 548
f 548 46 549
f 549 46 550
f 550 46 551
f 551 46 552
f 552 46 553
f 553 46 554
f 554 46 555
f 555 46 556
f 556 46 557
f 557 46 508
f 443 558 534
f 558 51 559
f 559 51 560
f 560 51 561
f 561 51 562
f 562 51 563
f 563 51 564
f 564 51 565
f 565 51 566
f 566 51 567
f 567 51 568
f 535 51 46
f 568 51 569
f 569 51 570
f 570 51 571
f 571 51 572
f 572 51 573
f 573 51 574
f 574 51 575
f 575 51 576
f 576 51 577
f 577 51 578
f 578 51 579
f 579 51 580
f 580 51 581
f 581 51 582
f 582 51 535
f 443 51 558
f 56 61 54
f 54 61 63
f 58 59 56
f 56 59 61
f 68 74 66
f 66 74 75
f 69 71 68
f 68 71 74
f 82 78 77
f 78 84 87
f 82 84 78
f 84 85 87
f 93 90 89
f 97 99 96
f 96 99 93
f 93 99 90
f 108 110 106
f 106 110 105
f 105 110 101
f 113 117 114
f 114 120 122
f 117 120 114
f 129 123 127
f 129 131 123
f 131 124 123
f 131 133 124
f 141 136 139
f 139 136 135
f 136 144 146
f 141 144 136
f 151 153 147
f 153 155 147
f 155 148 147
f 155 157 148
f 157 159 148
f 161 174 162
f 165 171 161
f 161 171 174
f 167 169 165
f 165 169 171
f 175 189 176
f 181 184 179
f 179 184 175
f 184 185 175
f 175 187 189
f 185 187 175
f 191 197 192
f 191 195 197
f 199 207 200
f 199 203 207
f 203 205 207
f 209 213 210
f 215 217 213
f 213 217 210
f 223 227 219
f 219 227 220
f 223 225 227
f 229 234 230
f 234 235 230
f 237 245 238
f 241 243 237
f 237 243 245
f 247 251 248
f 248 251 255
f 251 253 255
f 257 261 258
f 264 265 261
f 261 265 258
f 267 276 268
f 271 274 267
f 267 274 276
f 277 282 278
f 282 283 278
f 278 285 287
f 283 285 278
f 294 295 289
f 289 295 290
f 297 303 298
f 297 301 303
f 309 311 305
f 305 313 306
f 311 313 305
f 445 423 401
f 445 446 423
f 402 583 400
f 584 583 402
f 400 585 403
f 583 585 400
f 403 586 404
f 585 586 403
f 404 587 405
f 586 587 404
f 405 588 406
f 587 588 405
f 406 589 397
f 588 589 406
f 397 590 395
f 589 590 397
f 395 591 393
f 590 591 395
f 393 592 391
f 591 592 393
f 391 593 389
f 592 593 391
f 593 594 389
f 389 594 387
f 594 595 387
f 387 595 385
f 595 596 385
f 385 596 383
f 383 596 381
f 596 597 381
f 381 598 379
f 597 598 381
f 379 599 377
f 598 599 379
f 377 600 375
f 375 600 373
f 599 600 377
f 600 601 373
f 601 602 373
f 373 602 371
f 371 602 369
f 602 603 369
f 369 604 367
f 367 604 365
f 603 604 369
f 604 605 365
f 365 606 363
f 605 606 365
f 363 607 361
f 606 607 363
f 361 608 359
f 607 608 361
f 359 609 357
f 608 609 359
f 357 610 355
f 609 610 357
f 355 611 353
f 610 611 355
f 353 612 351
f 611 612 353
f 351 613 349
f 612 613 351
f 349 614 347
f 613 614 349
f 347 615 345
f 345 615 343
f 614 615 347
f 615 616 343
f 343 617 341
f 616 617 343
f 341 618 339
f 617 618 341
f 339 619 337
f 618 619 339
f 337 620 335
f 619 620 337
f 620 621 335
f 335 621 333
f 333 621 331
f 621 622 331
f 622 623 331
f 331 623 329
f 623 624 329
f 329 624 327
f 624 625 327
f 327 625 325
f 625 626 325
f 325 626 323
f 626 627 323
f 323 627 321
f 627 628 321
f 321 628 319
f 628 629 319
f 319 629 317
f 629 630 317
f 317 630 315
f 315 631 316
f 630 631 315
f 316 632 318
f 631 632 316
f 318 633 320
f 632 633 318
f 320 634 322
f 633 634 320
f 322 635 324
f 324 635 326
f 634 635 322
f 635 636 326
f 326 637 328
f 636 637 326
f 328 638 330
f 637 638 328
f 330 639 332
f 638 639 330
f 332 640 334
f 639 640 332
f 334 641 336
f 640 641 334
f 336 642 338
f 641 642 336
f 338 643 340
f 642 643 338
f 340 644 342
f 643 644 340
f 342 645 344
f 644 645 342
f 645 646 344
f 344 646 346
f 646 647 346
f 346 647 348
f 647 648 348
f 348 648 350
f 648 649 350
f 350 649 352
f 649 650 352
f 352 650 354
f 650 651 354
f 354 651 356
f 651 652 356
f 356 652 358
f 652 653 358
f 358 653 360
f 653 654 360
f 360 654 362
f 654 655 362
f 362 655 364
f 655 656 364
f 364 656 366
f 366 656 368
f 656 657 368
f 657 658 368
f 368 658 370
f 658 659 370
f 370 659 372
f 659 660 372
f 372 660 374
f 660 661 374
f 374 661 376
f 661 662 376
f 376 662 378
f 662 663 378
f 378 663 380
f 663 664 380
f 380 664 382
f 664 665 382
f 382 665 384
f 384 666 386
f 665 666 384
f 386 667 388
f 388 667 390
f 666 667 386
f 667 668 390
f 390 669 392
f 668 669 390
f 392 670 394
f 669 670 392
f 670 671 394
f 394 671 396
f 671 672 396
f 396 672 398
f 672 673 398
f 398 673 399
f 673 674 399
f 399 674 440
f 674 675 440
f 440 675 441
f 675 676 441
f 441 676 442
f 676 677 442
f 442 677 424
f 677 678 424
f 424 678 422
f 678 679 422
f 422 679 425
f 679 680 425
f 425 680 426
f 680 681 426
f 426 681 427
f 681 682 427
f 427 682 428
f 682 683 428
f 428 683 429
f 429 684 430
f 683 684 429
f 430 685 431
f 684 685 430
f 431 686 432
f 685 686 431
f 432 687 433
f 686 687 432
f 433 688 434
f 687 688 433
f 434 689 435
f 688 689 434
f 435 690 436
f 689 690 435
f 436 691 437
f 690 691 436
f 437 692 438
f 691 692 437
f 438 693 439
f 692 693 438
f 439 694 408
f 693 694 439
f 408 695 407
f 694 695 408
f 695 696 407
f 407 696 409
f 696 697 409
f 409 697 410
f 697 698 410
f 410 698 411
f 698 699 411
f 411 699 412
f 412 700 413
f 699 700 412
f 413 701 414
f 700 701 413
f 414 702 415
f 701 702 414
f 415 703 416
f 702 703 415
f 416 704 417
f 703 704 416
f 417 705 418
f 704 705 417
f 418 706 419
f 705 706 418
f 419 707 420
f 706 707 419
f 420 708 421
f 707 708 420
f 708 584 421
f 421 584 402
f 455 444 454
f 454 444 443
f 709 445 444
f 709 710 445
f 711 447 446
f 711 712 447
f 447 451 448
f 447 452 451
f 453 456 450
f 450 456 449
f 713 714 453
f 713 453 452
f 456 715 455
f 716 715 456
f 530 531 717
f 717 531 718
f 718 532 719
f 531 532 718
f 719 533 720
f 532 533 719
f 720 534 721
f 533 534 720
f 721 558 722
f 534 558 721
f 722 559 723
f 723 559 724
f 558 559 722
f 559 560 724
f 724 561 725
f 560 561 724
f 725 562 726
f 561 562 725
f 726 563 727
f 562 563 726
f 563 564 727
f 727 564 728
f 564 565 728
f 728 565 729
f 565 566 729
f 729 566 730
f 566 567 730
f 730 567 731
f 567 568 731
f 731 568 732
f 568 569 732
f 732 569 733
f 569 570 733
f 733 570 734
f 570 571 734
f 734 571 735
f 571 572 735
f 735 572 736
f 736 572 737
f 572 573 737
f 737 573 738
f 573 574 738
f 574 575 738
f 738 575 739
f 739 576 740
f 575 576 739
f 740 577 741
f 576 577 740
f 741 578 742
f 577 578 741
f 742 579 743
f 578 579 742
f 743 580 744
f 579 580 743
f 744 581 745
f 580 581 744
f 745 582 746
f 581 582 745
f 746 535 747
f 582 535 746
f 747 536 748
f 535 536 747
f 748 537 749
f 749 537 750
f 536 537 748
f 537 538 750
f 750 539 751
f 538 539 750
f 751 540 752
f 539 540 751
f 752 541 753
f 540 541 752
f 541 542 753
f 753 542 754
f 542 543 754
f 754 543 755
f 543 544 755
f 755 544 756
f 544 545 756
f 756 545 757
f 545 546 757
f 757 546 758
f 758 546 759
f 546 547 759
f 547 548 759
f 759 548 760
f 548 549 760
f 760 549 761
f 549 550 761
f 761 550 762
f 550 551 762
f 762 551 763
f 551 552 763
f 763 552 764
f 552 553 764
f 764 553 765
f 553 554 765
f 765 554 766
f 554 555 766
f 766 555 767
f 555 556 767
f 767 556 768
f 556 557 768
f 768 557 769
f 557 508 769
f 769 508 770
f 508 506 770
f 770 506 771
f 506 504 771
f 771 504 772
f 504 492 772
f 772 492 773
f 492 491 773
f 773 491 774
f 774 490 775
f 491 490 774
f 775 489 776
f 490 489 775
f 776 488 777
f 489 488 776
f 777 487 778
f 488 487 777
f 487 486 778
f 778 486 779
f 486 485 779
f 779 485 780
f 485 484 780
f 780 484 781
f 484 483 781
f 781 483 782
f 483 482 782
f 782 482 783
f 482 480 783
f 783 480 784
f 480 478 784
f 784 478 785
f 478 476 785
f 785 476 786
f 476 474 786
f 786 474 787
f 474 472 787
f 787 472 788
f 472 470 788
f 788 470 789
f 470 468 789
f 789 468 790
f 790 468 791
f 468 466 791
f 791 464 792
f 466 464 791
f 792 462 793
f 464 462 792
f 793 460 794
f 462 460 793
f 794 458 795
f 460 458 794
f 795 457 796
f 458 457 795
f 796 459 797
f 457 459 796
f 797 461 798
f 459 461 797
f 798 463 799
f 461 463 798
f 799 465 800
f 463 465 799
f 800 467 801
f 465 467 800
f 801 469 802
f 467 469 801
f 802 471 803
f 469 471 802
f 803 473 804
f 471 473 803
f 473 475 804
f 804 475 805
f 475 477 805
f 805 477 806
f 477 479 806
f 806 479 807
f 479 481 807
f 807 481 808
f 808 501 809
f 481 501 808
f 809 502 810
f 501 502 809
f 810 493 811
f 502 493 810
f 811 494 812
f 493 494 811
f 812 495 813
f 494 495 812
f 813 496 814
f 495 496 813
f 814 497 815
f 496 497 814
f 815 498 816
f 497 498 815
f 816 499 817
f 498 499 816
f 817 500 818
f 499 500 817
f 818 503 819
f 500 503 818
f 819 505 820
f 503 505 819
f 820 507 821
f 505 507 820
f 821 509 822
f 507 509 821
f 822 510 823
f 509 510 822
f 823 511 824
f 510 511 823
f 824 512 825
f 511 512 824
f 825 513 826
f 512 513 825
f 826 514 827
f 513 514 826
f 827 515 828
f 514 515 827
f 515 516 828
f 828 516 829
f 516 517 829
f 829 517 830
f 517 518 830
f 830 518 831
f 518 519 831
f 831 519 832
f 519 520 832
f 832 520 833
f 520 521 833
f 833 521 834
f 521 522 834
f 834 522 835
f 522 523 835
f 835 523 836
f 523 524 836
f 836 524 837
f 524 525 837
f 837 525 838
f 525 526 838
f 838 526 839
f 526 527 839
f 839 527 840
f 527 528 840
f 840 528 841
f 841 529 842
f 528 529 841
f 842 530 717
f 529 530 842
f 446 445 710
f 711 446 710
f 704 843 705
f 705 843 706
f 706 843 844
f 845 843 846
f 847 848 849
f 850 848 847
f 851 848 850
f 852 853 851
f 854 853 852
f 855 856 857
f 858 853 854
f 702 859 703
f 703 859 704
f 843 859 846
f 846 859 860
f 704 859 843
f 861 862 863
f 849 862 861
f 848 862 849
f 853 864 851
f 860 865 858
f 700 865 701
f 701 865 702
f 859 865 860
f 702 865 859
f 866 867 868
f 863 867 866
f 862 867 863
f 864 869 851
f 848 869 862
f 851 869 848
f 698 870 699
f 699 870 700
f 865 870 858
f 700 870 865
f 858 870 853
f 867 871 868
f 872 871 873
f 868 871 872
f 584 708 874
f 869 875 862
f 698 876 870
f 696 876 697
f 697 876 698
f 853 876 864
f 870 876 853
f 877 878 879
f 873 878 877
f 871 878 873
f 862 880 867
f 875 880 862
f 869 881 875
f 694 881 695
f 695 881 696
f 864 881 869
f 876 881 864
f 696 881 876
f 882 883 884
f 879 883 882
f 878 883 879
f 880 885 867
f 867 885 871
f 694 886 881
f 692 886 693
f 693 886 694
f 881 886 875
f 884 887 888
f 883 887 884
f 888 887 889
f 885 890 871
f 871 890 878
f 878 890 883
f 886 891 875
f 692 891 886
f 875 891 880
f 690 891 691
f 691 891 692
f 887 892 889
f 893 892 894
f 889 892 893
f 890 895 883
f 891 896 880
f 688 896 689
f 689 896 690
f 880 896 885
f 690 896 891
f 892 897 894
f 898 897 899
f 894 897 898
f 883 900 887
f 887 900 892
f 895 900 883
f 688 901 896
f 686 901 687
f 687 901 688
f 896 901 885
f 885 901 890
f 897 902 899
f 903 902 904
f 899 902 903
f 900 905 892
f 684 906 685
f 685 906 686
f 890 906 895
f 901 906 890
f 686 906 901
f 902 907 904
f 908 907 909
f 904 907 908
f 892 910 897
f 905 910 892
f 897 910 902
f 895 911 900
f 684 911 906
f 682 911 683
f 683 911 684
f 900 911 905
f 906 911 895
f 907 912 909
f 913 912 914
f 909 912 913
f 910 915 902
f 682 916 911
f 680 916 681
f 681 916 682
f 911 916 905
f 912 917 914
f 918 917 919
f 914 917 918
f 902 920 907
f 915 920 902
f 907 920 912
f 680 921 916
f 910 921 915
f 678 921 679
f 679 921 680
f 916 921 905
f 905 921 910
f 922 923 924
f 919 923 922
f 917 923 919
f 920 925 912
f 678 926 921
f 921 926 915
f 676 926 677
f 677 926 678
f 915 926 920
f 923 927 924
f 928 927 929
f 924 927 928
f 925 930 912
f 917 930 923
f 912 930 917
f 674 931 675
f 675 931 676
f 676 931 926
f 926 931 920
f 932 933 934
f 929 933 932
f 927 933 929
f 930 935 923
f 931 936 920
f 674 936 931
f 672 936 673
f 673 936 674
f 920 936 925
f 933 937 934
f 938 937 939
f 934 937 938
f 935 940 923
f 927 940 933
f 923 940 927
f 936 941 925
f 670 941 671
f 671 941 672
f 930 941 935
f 672 941 936
f 925 941 930
f 937 942 939
f 943 942 944
f 939 942 943
f 940 945 933
f 668 946 669
f 669 946 670
f 941 946 935
f 935 946 940
f 670 946 941
f 947 948 949
f 944 948 947
f 942 948 944
f 945 950 933
f 937 950 942
f 933 950 937
f 666 951 667
f 667 951 668
f 668 951 946
f 946 951 940
f 948 952 949
f 953 952 954
f 949 952 953
f 950 955 942
f 942 955 948
f 664 956 665
f 665 956 666
f 940 956 945
f 951 956 940
f 666 956 951
f 952 957 954
f 958 957 959
f 954 957 958
f 955 960 948
f 948 960 952
f 956 961 945
f 662 961 663
f 663 961 664
f 664 961 956
f 950 961 955
f 945 961 950
f 962 963 964
f 959 963 962
f 957 963 959
f 960 965 952
f 662 966 961
f 660 966 661
f 661 966 662
f 961 966 955
f 963 967 964
f 968 967 969
f 964 967 968
f 952 970 957
f 965 970 952
f 658 971 659
f 659 971 660
f 955 971 960
f 966 971 955
f 660 971 966
f 960 971 965
f 967 972 969
f 973 972 974
f 969 972 973
f 957 975 963
f 970 975 957
f 656 976 657
f 657 976 658
f 971 976 965
f 658 976 971
f 977 978 979
f 974 978 977
f 972 978 974
f 963 980 967
f 975 980 963
f 654 981 655
f 655 981 656
f 976 981 965
f 965 981 970
f 656 981 976
f 982 983 984
f 979 983 982
f 978 983 979
f 980 985 967
f 967 985 972
f 972 985 978
f 981 986 970
f 970 986 975
f 654 986 981
f 652 986 653
f 653 986 654
f 983 987 984
f 988 987 989
f 984 987 988
f 985 990 978
f 975 991 980
f 986 991 975
f 652 991 986
f 980 991 985
f 650 991 651
f 651 991 652
f 992 993 994
f 989 993 992
f 987 993 989
f 978 995 983
f 990 995 978
f 991 996 985
f 650 996 991
f 648 996 649
f 649 996 650
f 993 997 994
f 998 997 999
f 994 997 998
f 995 1000 983
f 987 1000 993
f 983 1000 987
f 985 1001 990
f 996 1001 985
f 646 1001 647
f 647 1001 648
f 648 1001 996
f 1002 1003 1004
f 999 1003 1002
f 997 1003 999
f 993 1005 997
f 1000 1005 993
f 646 1006 1001
f 990 1006 995
f 1001 1006 990
f 644 1006 645
f 645 1006 646
f 995 1006 1000
f 1007 1008 1009
f 1004 1008 1007
f 1003 1008 1004
f 1005 1010 997
f 644 1011 1006
f 1006 1011 1000
f 642 1011 643
f 643 1011 644
f 1012 1013 1014
f 1009 1013 1012
f 1008 1013 1009
f 1003 1015 1008
f 1010 1015 997
f 997 1015 1003
f 1011 1016 1000
f 642 1016 1011
f 1000 1016 1005
f 640 1016 641
f 641 1016 642
f 1013 1017 1014
f 1018 1017 1019
f 1014 1017 1018
f 1015 1020 1008
f 1016 1021 1005
f 1005 1021 1010
f 640 1021 1016
f 638 1021 639
f 639 1021 640
f 1017 1022 1019
f 1023 1022 1024
f 1019 1022 1023
f 1013 1025 1017
f 1008 1025 1013
f 1020 1025 1008
f 1010 1026 1015
f 1021 1026 1010
f 638 1026 1021
f 636 1026 637
f 637 1026 638
f 1022 1027 1024
f 1028 1027 1029
f 1024 1027 1028
f 1025 1030 1017
f 1020 1031 1025
f 1026 1031 1015
f 636 1031 1026
f 1015 1031 1020
f 634 1031 635
f 635 1031 636
f 1027 1032 1029
f 1033 1032 1034
f 1029 1032 1033
f 1017 1035 1022
f 1030 1035 1017
f 1022 1035 1027
f 1031 1036 1025
f 1025 1036 1030
f 634 1036 1031
f 632 1036 633
f 633 1036 634
f 1032 1037 1034
f 1038 1037 1039
f 1034 1037 1038
f 1035 1040 1027
f 1036 1041 1030
f 632 1041 1036
f 630 1041 631
f 631 1041 632
f 1037 1042 1039
f 1043 1042 1044
f 1039 1042 1043
f 1027 1045 1032
f 1040 1045 1027
f 1035 1046 1040
f 1030 1046 1035
f 1041 1046 1030
f 628 1046 629
f 629 1046 630
f 630 1046 1041
f 1047 1048 1049
f 1044 1048 1047
f 1042 1048 1044
f 1045 1050 1032
f 1032 1050 1037
f 1046 1051 1040
f 628 1051 1046
f 626 1051 627
f 627 1051 628
f 1040 1051 1045
f 1048 1052 1049
f 1053 1052 1054
f 1049 1052 1053
f 1037 1055 1042
f 1050 1055 1037
f 626 1056 1051
f 624 1056 625
f 625 1056 626
f 1051 1056 1045
f 1057 1058 1059
f 1054 1058 1057
f 1052 1058 1054
f 1048 1060 1052
f 1042 1060 1048
f 1055 1060 1042
f 1050 1061 1055
f 624 1061 1056
f 1056 1061 1045
f 622 1061 623
f 623 1061 624
f 1045 1061 1050
f 1062 1063 1064
f 1059 1063 1062
f 1058 1063 1059
f 1060 1065 1052
f 622 1066 1061
f 620 1066 621
f 621 1066 622
f 1061 1066 1055
f 1067 1068 1069
f 1064 1068 1067
f 1063 1068 1064
f 1052 1070 1058
f 1065 1070 1052
f 620 1071 1066
f 1066 1071 1055
f 618 1071 619
f 619 1071 620
f 1055 1071 1060
f 1068 1072 1069
f 1073 1072 1074
f 1069 1072 1073
f 1063 1075 1068
f 1070 1075 1058
f 1058 1075 1063
f 1065 1076 1070
f 1060 1076 1065
f 1071 1076 1060
f 618 1076 1071
f 616 1076 617
f 617 1076 618
f 1072 1077 1074
f 1078 1077 1079
f 1074 1077 1078
f 1075 1080 1068
f 1076 1081 1070
f 616 1081 1076
f 614 1081 615
f 615 1081 616
f 1082 1083 1084
f 1079 1083 1082
f 1077 1083 1079
f 1068 1085 1072
f 1080 1085 1068
f 1075 1086 1080
f 1081 1086 1070
f 614 1086 1081
f 612 1086 613
f 613 1086 614
f 1070 1086 1075
f 1087 1088 1089
f 1084 1088 1087
f 1083 1088 1084
f 1085 1090 1072
f 1072 1090 1077
f 612 1091 1086
f 610 1091 611
f 611 1091 612
f 1086 1091 1080
f 1092 1093 1094
f 1089 1093 1092
f 1088 1093 1089
f 1077 1095 1083
f 1090 1095 1077
f 610 1096 1091
f 1080 1096 1085
f 1085 1096 1090
f 1091 1096 1080
f 608 1096 609
f 609 1096 610
f 1097 1098 1099
f 1094 1098 1097
f 1093 1098 1094
f 1095 1100 1083
f 1083 1100 1088
f 606 1101 607
f 607 1101 608
f 1096 1101 1090
f 608 1101 1096
f 1102 1103 1104
f 1099 1103 1102
f 1098 1103 1099
f 1088 1105 1093
f 1100 1105 1088
f 606 1106 1101
f 604 1106 605
f 605 1106 606
f 1090 1106 1095
f 1101 1106 1090
f 1107 1108 1109
f 1104 1108 1107
f 1103 1108 1104
f 1093 1110 1098
f 1105 1110 1093
f 604 1111 1106
f 1100 1111 1105
f 602 1111 603
f 603 1111 604
f 1095 1111 1100
f 1106 1111 1095
f 1112 1113 1114
f 1109 1113 1112
f 1108 1113 1109
f 1098 1115 1103
f 1110 1115 1098
f 1103 1115 1108
f 602 1116 1111
f 600 1116 601
f 601 1116 602
f 1111 1116 1105
f 1117 1118 1119
f 1114 1118 1117
f 1113 1118 1114
f 1115 1120 1108
f 600 1121 1116
f 1116 1121 1105
f 598 1121 599
f 599 1121 600
f 1105 1121 1110
f 1122 1123 1124
f 1119 1123 1122
f 1118 1123 1119
f 1120 1125 1108
f 1108 1125 1113
f 1113 1125 1118
f 1110 1126 1115
f 598 1126 1121
f 1121 1126 1110
f 596 1126 597
f 597 1126 598
f 1115 1126 1120
f 1127 1128 1129
f 1124 1128 1127
f 1123 1128 1124
f 1125 1130 1118
f 1120 1131 1125
f 1126 1131 1120
f 596 1131 1126
f 594 1131 595
f 595 1131 596
f 1132 1133 1134
f 1129 1133 1132
f 1128 1133 1129
f 856 1133 1135
f 1134 1133 856
f 1130 1136 1118
f 1118 1136 1123
f 1131 1137 1125
f 594 1137 1131
f 592 1137 593
f 593 1137 594
f 1136 1138 1123
f 1123 1138 1128
f 1125 1139 1130
f 1137 1139 1125
f 590 1139 591
f 591 1139 592
f 592 1139 1137
f 1128 1140 1133
f 1133 1140 1135
f 1138 1140 1128
f 1136 1141 1138
f 588 1141 589
f 589 1141 590
f 1139 1141 1130
f 590 1141 1139
f 1130 1141 1136
f 1141 1142 1138
f 586 1142 587
f 587 1142 588
f 588 1142 1141
f 1142 1143 1138
f 1135 1143 874
f 583 1143 585
f 585 1143 586
f 586 1143 1142
f 1140 1143 1135
f 1138 1143 1140
f 874 1143 583
f 1134 856 855
f 583 584 874
f 1144 1145 1146
f 857 1145 1144
f 856 1145 857
f 1145 1147 1146
f 1148 1147 1149
f 1146 1147 1148
f 1150 1151 1152
f 1149 1151 1150
f 1147 1151 1149
f 1135 845 856
f 856 845 1145
f 1153 854 1154
f 1152 854 1153
f 1151 854 1152
f 1145 846 1147
f 845 846 1145
f 1155 852 1156
f 1154 852 1155
f 854 852 1154
f 1151 860 854
f 846 860 1147
f 1147 860 1151
f 708 844 874
f 706 844 707
f 707 844 708
f 874 844 1135
f 1135 844 845
f 1157 851 850
f 1156 851 1157
f 852 851 1156
f 860 858 854
f 844 843 845
f 444 455 709
f 455 715 709
f 1158 1159 716
f 1160 716 1159
f 1161 1158 716
f 1162 715 716
f 1162 716 1160
f 1163 1161 716
f 1164 715 1162
f 1165 1163 716
f 1166 715 1164
f 1167 1165 716
f 1168 715 1166
f 1169 1167 716
f 1170 715 1168
f 1171 1169 716
f 1172 715 1170
f 1173 1171 716
f 1174 715 1172
f 1175 1173 716
f 1176 715 1174
f 1177 1175 716
f 1178 715 1176
f 1179 1177 716
f 1180 715 1178
f 1181 1179 716
f 1182 715 1180
f 1183 1181 716
f 1184 715 1182
f 1185 1183 716
f 1186 715 1184
f 1187 1185 716
f 1188 715 1186
f 1189 1187 716
f 1190 715 1188
f 1191 1189 716
f 1192 715 1190
f 1193 1191 716
f 1194 715 1192
f 1195 1193 716
f 1196 715 1194
f 1197 1195 716
f 1198 715 1196
f 1199 1197 716
f 1200 715 1198
f 1201 1199 716
f 1202 715 1200
f 1203 1201 716
f 1204 715 1202
f 1205 1203 716
f 1206 715 1204
f 1207 716 714
f 1207 1205 716
f 1208 715 1206
f 1209 1207 714
f 1210 715 1208
f 1211 1209 714
f 1212 715 1210
f 1213 1211 714
f 1214 715 1212
f 1215 1213 714
f 1216 715 1214
f 1217 1215 714
f 1218 715 1216
f 1219 1217 714
f 1220 715 1218
f 1221 1219 714
f 1222 715 1220
f 1223 1221 714
f 709 1224 1225
f 709 1225 1226
f 709 1226 1227
f 709 1227 1228
f 709 1228 1229
f 709 1229 1230
f 709 1230 1231
f 709 1231 1232
f 709 1232 1233
f 709 1233 1234
f 709 1222 1235
f 709 1234 1236
f 709 1235 1237
f 709 1236 1238
f 709 1237 1239
f 709 1238 1240
f 709 1239 1241
f 709 1240 1242
f 709 1241 1243
f 709 1242 1244
f 709 1243 1245
f 709 1244 1246
f 709 1245 1247
f 709 1247 1248
f 709 1248 1249
f 709 1249 1250
f 709 1250 1251
f 709 1251 1252
f 709 1252 1253
f 709 1253 1254
f 709 1254 1224
f 709 715 1222
f 713 1223 714
f 1255 1256 713
f 1257 1223 713
f 1257 713 1256
f 1258 1255 713
f 1259 1223 1257
f 1259 1260 1261
f 1259 1261 1223
f 1262 1258 713
f 1263 1260 1259
f 1263 1264 1260
f 1265 1262 713
f 1266 1264 1263
f 1267 1265 713
f 1268 1264 1266
f 1268 1269 1264
f 1270 1267 713
f 1271 1269 1268
f 1271 1272 1269
f 1273 713 712
f 1273 1270 713
f 1274 1272 1271
f 1274 1275 1272
f 1276 1273 712
f 1277 1275 1274
f 1277 1278 1279
f 1277 1279 1275
f 1280 1276 712
f 1281 1278 1277
f 1282 1280 712
f 1283 1278 1281
f 1283 1284 1278
f 1285 1282 712
f 1286 1284 1283
f 1286 1287 1284
f 1288 1285 712
f 1289 1290 1291
f 1289 1287 1286
f 1289 1291 1287
f 1292 1288 712
f 1293 1290 1289
f 1294 1292 712
f 1295 1296 1297
f 1295 1297 1290
f 1295 1290 1293
f 1298 1294 712
f 1299 1296 1295
f 1300 1298 712
f 1301 1302 1296
f 1301 1296 1299
f 1303 1300 712
f 1304 1302 1301
f 1304 1305 1302
f 1306 1303 712
f 1307 1305 1304
f 1307 1308 1305
f 1309 1306 712
f 1310 1311 1308
f 1310 1308 1307
f 1312 1309 712
f 1313 1314 1311
f 1313 1311 1310
f 1315 1312 712
f 1316 1317 1314
f 1316 1314 1313
f 1318 1315 712
f 1319 1320 1317
f 1319 1317 1316
f 1321 1318 712
f 1322 1323 1324
f 1322 1324 1320
f 1322 1320 1319
f 1325 1321 712
f 1326 1323 1322
f 1327 1325 712
f 1328 1329 1323
f 1328 1323 1326
f 1330 1327 712
f 1331 1329 1328
f 1331 1332 1329
f 1333 1330 712
f 1334 1332 1331
f 1334 1335 1332
f 1336 1333 712
f 1337 1335 1334
f 1337 1338 1335
f 1339 1336 712
f 1340 1341 1338
f 1340 1338 1337
f 1342 1339 712
f 1343 1341 1340
f 1343 1344 1341
f 1345 1342 712
f 1346 1246 1344
f 1346 1344 1343
f 1347 1345 712
f 1348 1347 712
f 1349 1348 712
f 711 1350 1351
f 711 1352 1350
f 711 1353 1352
f 711 1354 1353
f 711 1355 1354
f 711 1356 1355
f 711 1357 1356
f 711 1358 1357
f 711 1359 1358
f 711 1360 1359
f 711 1361 1360
f 711 1362 1361
f 711 1363 1362
f 711 1364 1363
f 711 1365 1364
f 711 1366 1365
f 711 1367 1366
f 711 1368 1367
f 711 1369 1368
f 711 1349 712
f 711 1370 1349
f 711 1371 1370
f 711 1372 1371
f 711 1373 1372
f 711 1374 1373
f 711 1375 1374
f 711 1376 1375
f 711 1377 1376
f 711 1378 1377
f 711 1379 1378
f 711 1351 1379
f 710 1380 1381
f 710 1382 1380
f 710 1383 1382
f 710 1384 1383
f 710 1369 711
f 710 1385 1384
f 710 1386 1385
f 710 1387 1386
f 710 1388 1387
f 710 1389 1388
f 710 1390 1389
f 710 1391 1390
f 710 1392 1369
f 710 1393 1391
f 710 1394 1392
f 710 1395 1393
f 710 1396 1394
f 710 1397 1395
f 710 1398 1396
f 710 1399 1397
f 710 1400 1398
f 710 1346 1399
f 710 1401 1400
f 710 1402 1401
f 710 1403 1402
f 710 1404 1403
f 710 1405 1404
f 710 1406 1405
f 710 1407 1406
f 710 1408 1407
f 710 1409 1408
f 710 1381 1409
f 710 709 1246
f 710 1246 1346
f 452 447 712
f 713 452 712
f 456 453 716
f 453 714 716
f 1410 1411 1412
f 1413 1411 1410
f 1414 1415 1416
f 1417 1415 1414
f 721 1415 720
f 722 1415 721
f 720 1415 1417
f 1418 1419 1420
f 1420 1419 1421
f 1422 1423 1424
f 1425 1419 1418
f 1411 1426 1412
f 1412 1426 1427
f 1416 1428 1413
f 1415 1428 1416
f 722 1428 1415
f 723 1428 722
f 724 1428 723
f 1413 1428 1411
f 1421 1429 1430
f 1430 1429 1431
f 1419 1429 1421
f 1427 1432 1425
f 1426 1432 1427
f 724 1433 1428
f 1428 1433 1411
f 725 1433 724
f 726 1433 725
f 1431 1434 1435
f 1435 1434 1436
f 1429 1434 1431
f 1425 1437 1419
f 1432 1437 1425
f 727 1438 726
f 728 1438 727
f 1411 1438 1426
f 726 1438 1433
f 1433 1438 1411
f 1436 1439 1440
f 1440 1439 1441
f 717 718 1442
f 1434 1439 1436
f 1437 1443 1419
f 1419 1443 1429
f 1438 1444 1426
f 1432 1444 1437
f 728 1444 1438
f 729 1444 728
f 730 1444 729
f 1426 1444 1432
f 1441 1445 1446
f 1446 1445 1447
f 1439 1445 1441
f 1429 1448 1434
f 1443 1448 1429
f 1434 1448 1439
f 730 1449 1444
f 731 1449 730
f 732 1449 731
f 1444 1449 1437
f 1447 1450 1451
f 1451 1450 1452
f 1445 1450 1447
f 1448 1453 1439
f 732 1454 1449
f 733 1454 732
f 734 1454 733
f 1449 1454 1437
f 1437 1454 1443
f 1452 1455 1456
f 1456 1455 1457
f 1450 1455 1452
f 1439 1458 1445
f 1453 1458 1439
f 1445 1458 1450
f 734 1459 1454
f 1454 1459 1443
f 1443 1459 1448
f 735 1459 734
f 736 1459 735
f 1457 1460 1461
f 1461 1460 1462
f 1455 1460 1457
f 1458 1463 1450
f 1448 1464 1453
f 1453 1464 1458
f 736 1464 1459
f 737 1464 736
f 738 1464 737
f 1459 1464 1448
f 1462 1465 1466
f 1466 1465 1467
f 1460 1465 1462
f 1450 1468 1455
f 1463 1468 1450
f 1464 1469 1458
f 739 1469 738
f 740 1469 739
f 738 1469 1464
f 1467 1470 1471
f 1471 1470 1472
f 1465 1470 1467
f 1455 1473 1460
f 1468 1473 1455
f 1469 1474 1458
f 740 1474 1469
f 1458 1474 1463
f 741 1474 740
f 742 1474 741
f 1463 1474 1468
f 1472 1475 1476
f 1476 1475 1477
f 1470 1475 1472
f 1460 1478 1465
f 1473 1478 1460
f 742 1479 1474
f 743 1479 742
f 744 1479 743
f 1474 1479 1468
f 1475 1480 1477
f 1477 1480 1481
f 1481 1480 1482
f 1470 1483 1475
f 1478 1483 1465
f 1465 1483 1470
f 1473 1484 1478
f 1479 1484 1468
f 744 1484 1479
f 745 1484 744
f 746 1484 745
f 1468 1484 1473
f 1480 1485 1482
f 1482 1485 1486
f 1486 1485 1487
f 1483 1488 1475
f 1484 1489 1478
f 746 1489 1484
f 747 1489 746
f 748 1489 747
f 1487 1490 1491
f 1491 1490 1492
f 1485 1490 1487
f 1488 1493 1475
f 1475 1493 1480
f 748 1494 1489
f 1483 1494 1488
f 1489 1494 1478
f 749 1494 748
f 750 1494 749
f 1478 1494 1483
f 1490 1495 1492
f 1492 1495 1496
f 1496 1495 1497
f 1480 1498 1485
f 1493 1498 1480
f 750 1499 1494
f 751 1499 750
f 752 1499 751
f 1494 1499 1488
f 1495 1500 1497
f 1497 1500 1501
f 1501 1500 1502
f 1498 1503 1485
f 1485 1503 1490
f 1493 1504 1498
f 1488 1504 1493
f 753 1504 752
f 754 1504 753
f 1499 1504 1488
f 752 1504 1499
f 1502 1505 1506
f 1506 1505 1507
f 1500 1505 1502
f 1495 1508 1500
f 1490 1508 1495
f 1503 1508 1490
f 754 1509 1504
f 755 1509 754
f 756 1509 755
f 1504 1509 1498
f 1505 1510 1507
f 1507 1510 1511
f 1511 1510 1512
f 1508 1513 1500
f 1500 1513 1505
f 1509 1514 1498
f 756 1514 1509
f 1498 1514 1503
f 757 1514 756
f 758 1514 757
f 1510 1515 1512
f 1512 1515 1516
f 1516 1515 1517
f 1513 1518 1505
f 1503 1519 1508
f 758 1519 1514
f 1514 1519 1503
f 759 1519 758
f 760 1519 759
f 1517 1520 1521
f 1521 1520 1522
f 1515 1520 1517
f 1518 1523 1505
f 1505 1523 1510
f 1508 1524 1513
f 1513 1524 1518
f 1519 1524 1508
f 761 1524 760
f 762 1524 761
f 760 1524 1519
f 1522 1525 1526
f 1526 1525 1527
f 1520 1525 1522
f 1523 1528 1510
f 1515 1528 1520
f 1510 1528 1515
f 762 1529 1524
f 1524 1529 1518
f 763 1529 762
f 764 1529 763
f 1525 1530 1527
f 1527 1530 1531
f 1531 1530 1532
f 1528 1533 1520
f 1529 1534 1518
f 765 1534 764
f 766 1534 765
f 1518 1534 1523
f 764 1534 1529
f 1532 1535 1536
f 1536 1535 1537
f 1530 1535 1532
f 1525 1538 1530
f 1520 1538 1525
f 1533 1538 1520
f 1523 1539 1528
f 1534 1539 1523
f 766 1539 1534
f 767 1539 766
f 768 1539 767
f 1535 1540 1537
f 1537 1540 1541
f 1541 1540 1542
f 1538 1543 1530
f 1533 1544 1538
f 1528 1544 1533
f 1539 1544 1528
f 769 1544 768
f 770 1544 769
f 768 1544 1539
f 1542 1545 1546
f 1540 1545 1542
f 1546 1545 1547
f 1543 1548 1530
f 1535 1548 1540
f 1530 1548 1535
f 1544 1549 1538
f 770 1549 1544
f 771 1549 770
f 772 1549 771
f 1545 1550 1547
f 1547 1550 1551
f 1551 1550 1552
f 1548 1553 1540
f 1538 1554 1543
f 1549 1554 1538
f 772 1554 1549
f 773 1554 772
f 774 1554 773
f 1550 1555 1552
f 1552 1555 1556
f 1556 1555 1557
f 1540 1558 1545
f 1553 1558 1540
f 1554 1559 1543
f 1543 1559 1548
f 774 1559 1554
f 775 1559 774
f 776 1559 775
f 1548 1559 1553
f 1557 1560 1561
f 1561 1560 1562
f 1555 1560 1557
f 1545 1563 1550
f 1558 1563 1545
f 1559 1564 1553
f 777 1564 776
f 778 1564 777
f 776 1564 1559
f 1560 1565 1562
f 1562 1565 1566
f 1566 1565 1567
f 1550 1568 1555
f 1555 1568 1560
f 1563 1568 1550
f 1553 1569 1558
f 1558 1569 1563
f 1564 1569 1553
f 778 1569 1564
f 779 1569 778
f 780 1569 779
f 1567 1570 1571
f 1571 1570 1572
f 1565 1570 1567
f 1568 1573 1560
f 1569 1574 1563
f 780 1574 1569
f 781 1574 780
f 782 1574 781
f 1572 1575 1576
f 1576 1575 1577
f 1570 1575 1572
f 1573 1578 1560
f 1560 1578 1565
f 1574 1579 1563
f 1568 1579 1573
f 1563 1579 1568
f 783 1579 782
f 784 1579 783
f 782 1579 1574
f 1577 1580 1581
f 1581 1580 1582
f 1575 1580 1577
f 1565 1583 1570
f 1578 1583 1565
f 1570 1583 1575
f 1579 1584 1573
f 1573 1584 1578
f 784 1584 1579
f 785 1584 784
f 786 1584 785
f 1580 1585 1582
f 1582 1585 1586
f 1586 1585 1587
f 1583 1588 1575
f 1584 1589 1578
f 786 1589 1584
f 787 1589 786
f 788 1589 787
f 1585 1590 1587
f 1587 1590 1591
f 1591 1590 1592
f 1580 1593 1585
f 1575 1593 1580
f 1588 1593 1575
f 789 1594 788
f 790 1594 789
f 788 1594 1589
f 1578 1594 1583
f 1589 1594 1578
f 1590 1595 1592
f 1592 1595 1596
f 1596 1595 1597
f 1593 1598 1585
f 791 1599 790
f 792 1599 791
f 1583 1599 1588
f 1594 1599 1583
f 790 1599 1594
f 1588 1599 1593
f 1595 1600 1597
f 1597 1600 1601
f 1601 1600 1602
f 1585 1603 1590
f 1598 1603 1585
f 793 1604 792
f 794 1604 793
f 1599 1604 1593
f 792 1604 1599
f 1600 1605 1602
f 1602 1605 1606
f 1606 1605 1607
f 1590 1608 1595
f 1603 1608 1590
f 1598 1609 1603
f 795 1609 794
f 796 1609 795
f 794 1609 1604
f 1593 1609 1598
f 1604 1609 1593
f 1607 1610 1611
f 1611 1610 1612
f 1605 1610 1607
f 1595 1613 1600
f 1608 1613 1595
f 1600 1613 1605
f 797 1614 796
f 798 1614 797
f 796 1614 1609
f 1609 1614 1603
f 1610 1615 1612
f 1612 1615 1616
f 1616 1615 1617
f 1613 1618 1605
f 799 1619 798
f 800 1619 799
f 798 1619 1614
f 1603 1619 1608
f 1608 1619 1613
f 1614 1619 1603
f 1615 1620 1617
f 1617 1620 1621
f 1621 1620 1622
f 1605 1623 1610
f 1618 1623 1605
f 801 1624 800
f 802 1624 801
f 800 1624 1619
f 1613 1624 1618
f 1619 1624 1613
f 1622 1625 1626
f 1620 1625 1622
f 1626 1625 1627
f 1610 1628 1615
f 1623 1628 1610
f 1624 1629 1618
f 802 1629 1624
f 803 1629 802
f 804 1629 803
f 1625 1630 1627
f 1627 1630 1631
f 1631 1630 1632
f 1615 1633 1620
f 1628 1633 1615
f 805 1634 804
f 806 1634 805
f 804 1634 1629
f 1618 1634 1623
f 1629 1634 1618
f 1630 1635 1632
f 1632 1635 1636
f 1636 1635 1637
f 1633 1638 1620
f 1625 1638 1630
f 1620 1638 1625
f 1623 1639 1628
f 806 1639 1634
f 807 1639 806
f 808 1639 807
f 1628 1639 1633
f 1634 1639 1623
f 1640 1641 1642
f 1635 1641 1637
f 1637 1641 1640
f 1638 1643 1630
f 808 1644 1639
f 809 1644 808
f 810 1644 809
f 1639 1644 1633
f 1642 1645 1646
f 1646 1645 1647
f 1641 1645 1642
f 1630 1648 1635
f 1643 1648 1630
f 1633 1649 1638
f 811 1649 810
f 812 1649 811
f 1638 1649 1643
f 810 1649 1644
f 1644 1649 1633
f 1647 1650 1651
f 1651 1650 1652
f 1645 1650 1647
f 1648 1653 1635
f 1635 1653 1641
f 813 1654 812
f 814 1654 813
f 1649 1654 1643
f 812 1654 1649
f 1652 1655 1656
f 1656 1655 1657
f 1650 1655 1652
f 1641 1658 1645
f 1653 1658 1641
f 815 1659 814
f 814 1659 1654
f 816 1659 815
f 1654 1659 1643
f 1643 1659 1648
f 1657 1660 1661
f 1661 1660 1662
f 1655 1660 1657
f 1650 1663 1655
f 1645 1663 1650
f 1658 1663 1645
f 817 1664 816
f 818 1664 817
f 1653 1664 1658
f 1648 1664 1653
f 816 1664 1659
f 1659 1664 1648
f 1662 1665 1666
f 1666 1665 1667
f 1660 1665 1662
f 1663 1668 1655
f 819 1669 818
f 820 1669 819
f 1664 1669 1658
f 818 1669 1664
f 1667 1670 1671
f 1671 1670 1672
f 1665 1670 1667
f 1655 1673 1660
f 1668 1673 1655
f 820 1674 1669
f 821 1674 820
f 1663 1674 1668
f 822 1674 821
f 1658 1674 1663
f 1669 1674 1658
f 1672 1675 1676
f 1676 1675 1677
f 1670 1675 1672
f 1660 1678 1665
f 1673 1678 1660
f 823 1679 822
f 824 1679 823
f 822 1679 1674
f 1674 1679 1668
f 1677 1680 1681
f 1681 1680 1682
f 1675 1680 1677
f 1665 1683 1670
f 1678 1683 1665
f 1679 1684 1668
f 825 1684 824
f 826 1684 825
f 1668 1684 1673
f 824 1684 1679
f 1680 1685 1682
f 1682 1685 1686
f 1686 1685 1687
f 1683 1688 1670
f 1670 1688 1675
f 826 1689 1684
f 1684 1689 1673
f 827 1689 826
f 828 1689 827
f 1678 1689 1683
f 1673 1689 1678
f 1685 1690 1687
f 1687 1690 1691
f 1691 1690 1692
f 1675 1693 1680
f 1688 1693 1675
f 828 1694 1689
f 829 1694 828
f 830 1694 829
f 1689 1694 1683
f 1690 1695 1692
f 1692 1695 1696
f 1696 1695 1697
f 1685 1698 1690
f 1680 1698 1685
f 1693 1698 1680
f 1683 1699 1688
f 830 1699 1694
f 1688 1699 1693
f 831 1699 830
f 832 1699 831
f 1694 1699 1683
f 1697 1700 1701
f 1701 1700 1702
f 1423 1700 1703
f 1695 1700 1697
f 1702 1700 1423
f 1698 1704 1690
f 1699 1705 1693
f 833 1705 832
f 834 1705 833
f 832 1705 1699
f 1690 1706 1695
f 1704 1706 1690
f 1693 1707 1698
f 1698 1707 1704
f 834 1707 1705
f 835 1707 834
f 836 1707 835
f 1705 1707 1693
f 1695 1708 1700
f 1700 1708 1703
f 1706 1708 1695
f 1707 1709 1704
f 837 1709 836
f 1704 1709 1706
f 838 1709 837
f 836 1709 1707
f 839 1710 838
f 840 1710 839
f 1709 1710 1706
f 838 1710 1709
f 1706 1711 1708
f 1703 1711 1442
f 841 1711 840
f 842 1711 841
f 1708 1711 1703
f 1710 1711 1706
f 840 1711 1710
f 1442 1711 842
f 1702 1423 1422
f 842 717 1442
f 1424 1712 1713
f 1713 1712 1714
f 1423 1712 1424
f 1714 1715 1716
f 1716 1715 1717
f 1712 1715 1714
f 1717 1410 1718
f 1718 1410 1719
f 1715 1410 1717
f 1703 1414 1423
f 1423 1414 1712
f 1719 1412 1720
f 1720 1412 1721
f 1410 1412 1719
f 1712 1416 1715
f 1414 1416 1712
f 1721 1427 1722
f 1722 1427 1723
f 1412 1427 1721
f 1416 1413 1715
f 1715 1413 1410
f 718 1417 1442
f 719 1417 718
f 720 1417 719
f 1442 1417 1703
f 1703 1417 1414
f 1723 1425 1724
f 1724 1425 1418
f 1427 1425 1723
f 855 1380 1134
f 1381 1380 855
f 1134 1382 1132
f 1380 1382 1134
f 1132 1383 1129
f 1382 1383 1132
f 1129 1384 1127
f 1127 1384 1124
f 1383 1384 1129
f 1384 1385 1124
f 1124 1386 1122
f 1385 1386 1124
f 1122 1387 1119
f 1386 1387 1122
f 1119 1388 1117
f 1387 1388 1119
f 1117 1389 1114
f 1388 1389 1117
f 1114 1390 1112
f 1389 1390 1114
f 1390 1391 1112
f 1112 1391 1109
f 1391 1393 1109
f 1109 1393 1107
f 1393 1395 1107
f 1107 1395 1104
f 1104 1397 1102
f 1395 1397 1104
f 1102 1399 1099
f 1397 1399 1102
f 1099 1346 1097
f 1399 1346 1099
f 1097 1343 1094
f 1094 1343 1092
f 1346 1343 1097
f 1343 1340 1092
f 1340 1337 1092
f 1092 1337 1089
f 1089 1334 1087
f 1337 1334 1089
f 1087 1331 1084
f 1334 1331 1087
f 1084 1328 1082
f 1331 1328 1084
f 1082 1326 1079
f 1079 1326 1078
f 1328 1326 1082
f 1326 1322 1078
f 1078 1319 1074
f 1322 1319 1078
f 1074 1316 1073
f 1319 1316 1074
f 1073 1313 1069
f 1316 1313 1073
f 1069 1310 1067
f 1067 1310 1064
f 1313 1310 1069
f 1310 1307 1064
f 1064 1304 1062
f 1307 1304 1064
f 1062 1301 1059
f 1304 1301 1062
f 1059 1299 1057
f 1057 1299 1054
f 1301 1299 1059
f 1299 1295 1054
f 1054 1293 1053
f 1295 1293 1054
f 1053 1289 1049
f 1293 1289 1053
f 1049 1286 1047
f 1289 1286 1049
f 1047 1283 1044
f 1286 1283 1047
f 1283 1281 1044
f 1044 1281 1043
f 1281 1277 1043
f 1043 1277 1039
f 1277 1274 1039
f 1039 1274 1038
f 1274 1271 1038
f 1038 1271 1034
f 1271 1268 1034
f 1034 1268 1033
f 1268 1266 1033
f 1033 1266 1029
f 1266 1263 1029
f 1029 1263 1028
f 1263 1259 1028
f 1028 1259 1024
f 1259 1257 1024
f 1024 1257 1023
f 1257 1256 1023
f 1023 1256 1019
f 1019 1255 1018
f 1256 1255 1019
f 1018 1258 1014
f 1255 1258 1018
f 1014 1262 1012
f 1258 1262 1014
f 1012 1265 1009
f 1262 1265 1012
f 1009 1267 1007
f 1265 1267 1009
f 1007 1270 1004
f 1267 1270 1007
f 1004 1273 1002
f 1270 1273 1004
f 1002 1276 999
f 1273 1276 1002
f 999 1280 998
f 1276 1280 999
f 998 1282 994
f 1280 1282 998
f 994 1285 992
f 1282 1285 994
f 992 1288 989
f 1285 1288 992
f 989 1292 988
f 1288 1292 989
f 988 1294 984
f 1292 1294 988
f 984 1298 982
f 1294 1298 984
f 1298 1300 982
f 982 1300 979
f 1300 1303 979
f 979 1303 977
f 1303 1306 977
f 977 1306 974
f 1306 1309 974
f 974 1309 973
f 1309 1312 973
f 973 1312 969
f 1312 1315 969
f 969 1315 968
f 1315 1318 968
f 968 1318 964
f 1318 1321 964
f 964 1321 962
f 1321 1325 962
f 962 1325 959
f 1325 1327 959
f 959 1327 958
f 1327 1330 958
f 958 1330 954
f 1330 1333 954
f 954 1333 953
f 1333 1336 953
f 953 1336 949
f 1336 1339 949
f 949 1339 947
f 1339 1342 947
f 947 1342 944
f 1342 1345 944
f 944 1345 943
f 1345 1347 943
f 943 1347 939
f 1347 1348 939
f 939 1348 938
f 1348 1349 938
f 938 1349 934
f 1349 1370 934
f 934 1370 932
f 932 1371 929
f 1370 1371 932
f 929 1372 928
f 1371 1372 929
f 928 1373 924
f 1372 1373 928
f 924 1374 922
f 1373 1374 924
f 1374 1375 922
f 922 1375 919
f 1375 1376 919
f 919 1376 918
f 1376 1377 918
f 918 1377 914
f 1377 1378 914
f 914 1378 913
f 1378 1379 913
f 913 1379 909
f 1379 1351 909
f 909 1351 908
f 1351 1350 908
f 908 1350 904
f 1350 1352 904
f 904 1352 903
f 1352 1353 903
f 903 1353 899
f 1353 1354 899
f 899 1354 898
f 1354 1355 898
f 898 1355 894
f 1355 1356 894
f 894 1356 893
f 1356 1357 893
f 893 1357 889
f 1357 1358 889
f 889 1358 888
f 888 1359 884
f 1358 1359 888
f 884 1360 882
f 1359 1360 884
f 882 1361 879
f 1360 1361 882
f 879 1362 877
f 1361 1362 879
f 877 1363 873
f 1362 1363 877
f 873 1364 872
f 1363 1364 873
f 872 1365 868
f 1364 1365 872
f 868 1366 866
f 1365 1366 868
f 866 1367 863
f 1366 1367 866
f 863 1368 861
f 1367 1368 863
f 861 1369 849
f 1368 1369 861
f 849 1392 847
f 1369 1392 849
f 1392 1394 847
f 847 1394 850
f 1394 1396 850
f 850 1396 1157
f 1396 1398 1157
f 1157 1398 1156
f 1398 1400 1156
f 1156 1400 1155
f 1155 1401 1154
f 1400 1401 1155
f 1154 1402 1153
f 1401 1402 1154
f 1153 1403 1152
f 1402 1403 1153
f 1152 1404 1150
f 1403 1404 1152
f 1150 1405 1149
f 1404 1405 1150
f 1149 1406 1148
f 1405 1406 1149
f 1148 1407 1146
f 1406 1407 1148
f 1146 1408 1144
f 1407 1408 1146
f 1144 1409 857
f 857 1409 855
f 1408 1409 1144
f 1409 1381 855
f 1422 1424 1224
f 1224 1424 1225
f 1225 1713 1226
f 1424 1713 1225
f 1226 1714 1227
f 1713 1714 1226
f 1227 1716 1228
f 1228 1716 1229
f 1714 1716 1227
f 1716 1717 1229
f 1229 1718 1230
f 1717 1718 1229
f 1230 1719 1231
f 1718 1719 1230
f 1231 1720 1232
f 1719 1720 1231
f 1232 1721 1233
f 1720 1721 1232
f 1233 1722 1234
f 1721 1722 1233
f 1722 1723 1234
f 1234 1723 1236
f 1723 1724 1236
f 1236 1724 1238
f 1724 1418 1238
f 1238 1418 1240
f 1240 1418 1242
f 1418 1420 1242
f 1420 1421 1242
f 1242 1421 1244
f 1421 1430 1244
f 1244 1430 1246
f 1430 1431 1246
f 1246 1431 1344
f 1344 1431 1341
f 1431 1435 1341
f 1435 1436 1341
f 1341 1436 1338
f 1436 1440 1338
f 1338 1440 1335
f 1335 1440 1332
f 1440 1441 1332
f 1441 1446 1332
f 1332 1446 1329
f 1329 1447 1323
f 1446 1447 1329
f 1323 1447 1324
f 1447 1451 1324
f 1324 1452 1320
f 1451 1452 1324
f 1320 1456 1317
f 1452 1456 1320
f 1317 1457 1314
f 1456 1457 1317
f 1314 1461 1311
f 1457 1461 1314
f 1311 1462 1308
f 1461 1462 1311
f 1308 1466 1305
f 1462 1466 1308
f 1305 1467 1302
f 1466 1467 1305
f 1302 1471 1296
f 1467 1471 1302
f 1296 1472 1297
f 1471 1472 1296
f 1297 1476 1290
f 1290 1476 1291
f 1472 1476 1297
f 1476 1477 1291
f 1477 1481 1291
f 1291 1481 1287
f 1481 1482 1287
f 1287 1482 1284
f 1482 1486 1284
f 1284 1486 1278
f 1486 1487 1278
f 1278 1487 1279
f 1487 1491 1279
f 1279 1491 1275
f 1491 1492 1275
f 1275 1492 1272
f 1492 1496 1272
f 1272 1496 1269
f 1496 1497 1269
f 1269 1497 1264
f 1497 1501 1264
f 1264 1501 1260
f 1501 1502 1260
f 1260 1502 1261
f 1502 1506 1261
f 1261 1506 1223
f 1506 1507 1223
f 1223 1507 1221
f 1507 1511 1221
f 1221 1511 1219
f 1511 1512 1219
f 1219 1512 1217
f 1512 1516 1217
f 1217 1516 1215
f 1516 1517 1215
f 1215 1517 1213
f 1517 1521 1213
f 1213 1521 1211
f 1521 1522 1211
f 1211 1522 1209
f 1522 1526 1209
f 1209 1526 1207
f 1526 1527 1207
f 1207 1527 1205
f 1527 1531 1205
f 1205 1531 1203
f 1531 1532 1203
f 1203 1532 1201
f 1201 1536 1199
f 1532 1536 1201
f 1199 1537 1197
f 1536 1537 1199
f 1197 1541 1195
f 1537 1541 1197
f 1195 1542 1193
f 1541 1542 1195
f 1542 1546 1193
f 1193 1546 1191
f 1546 1547 1191
f 1191 1547 1189
f 1547 1551 1189
f 1189 1551 1187
f 1551 1552 1187
f 1187 1552 1185
f 1552 1556 1185
f 1185 1556 1183
f 1556 1557 1183
f 1183 1557 1181
f 1557 1561 1181
f 1181 1561 1179
f 1561 1562 1179
f 1179 1562 1177
f 1562 1566 1177
f 1177 1566 1175
f 1566 1567 1175
f 1175 1567 1173
f 1567 1571 1173
f 1173 1571 1171
f 1571 1572 1171
f 1171 1572 1169
f 1572 1576 1169
f 1169 1576 1167
f 1167 1577 1165
f 1576 1577 1167
f 1165 1581 1163
f 1577 1581 1165
f 1163 1582 1161
f 1581 1582 1163
f 1161 1586 1158
f 1582 1586 1161
f 1158 1587 1159
f 1586 1587 1158
f 1159 1591 1160
f 1587 1591 1159
f 1160 1592 1162
f 1591 1592 1160
f 1162 1596 1164
f 1592 1596 1162
f 1164 1597 1166
f 1596 1597 1164
f 1166 1601 1168
f 1597 1601 1166
f 1168 1602 1170
f 1601 1602 1168
f 1170 1606 1172
f 1602 1606 1170
f 1172 1607 1174
f 1606 1607 1172
f 1607 1611 1174
f 1174 1611 1176
f 1611 1612 1176
f 1176 1612 1178
f 1612 1616 1178
f 1178 1616 1180
f 1616 1617 1180
f 1180 1617 1182
f 1182 1621 1184
f 1617 1621 1182
f 1184 1622 1186
f 1621 1622 1184
f 1186 1626 1188
f 1622 1626 1186
f 1188 1627 1190
f 1626 1627 1188
f 1190 1631 1192
f 1627 1631 1190
f 1192 1632 1194
f 1631 1632 1192
f 1194 1636 1196
f 1632 1636 1194
f 1196 1637 1198
f 1636 1637 1196
f 1198 1640 1200
f 1637 1640 1198
f 1200 1642 1202
f 1640 1642 1200
f 1202 1646 1204
f 1642 1646 1202
f 1204 1647 1206
f 1646 1647 1204
f 1206 1651 1208
f 1647 1651 1206
f 1208 1652 1210
f 1651 1652 1208
f 1210 1656 1212
f 1652 1656 1210
f 1212 1657 1214
f 1656 1657 1212
f 1214 1661 1216
f 1657 1661 1214
f 1216 1662 1218
f 1661 1662 1216
f 1218 1666 1220
f 1662 1666 1218
f 1220 1667 1222
f 1666 1667 1220
f 1667 1671 1222
f 1222 1671 1235
f 1671 1672 1235
f 1235 1672 1237
f 1672 1676 1237
f 1237 1676 1239
f 1676 1677 1239
f 1239 1677 1241
f 1677 1681 1241
f 1241 1681 1243
f 1681 1682 1243
f 1243 1682 1245
f 1682 1686 1245
f 1245 1686 1247
f 1686 1687 1247
f 1247 1687 1248
f 1687 1691 1248
f 1248 1691 1249
f 1691 1692 1249
f 1249 1692 1250
f 1692 1696 1250
f 1250 1696 1251
f 1696 1697 1251
f 1251 1697 1252
f 1697 1701 1252
f 1252 1701 1253
f 1253 1702 1254
f 1701 1702 1253
f 1254 1702 1224
f 1702 1422 1224
f 1725 1726 1727
f 1726 1728 1727
f 1727 1729 1730
f 1728 1729 1727
f 1731 1726 1725
f 1731 1732 1733
f 1734 1731 1733
f 1726 1731 1734
f 1728 1734 1735
f 1728 1726 1734
f 1736 1737 1738
f 1736 1738 1739
f 1740 1739 1741
f 1740 1736 1739
f 1732 1741 1733
f 1732 1740 1741
f 1742 1743 1744
f 1745 1744 1743
f 1746 1742 1744
f 1747 1744 1745
f 1748 1746 1744
f 1749 1744 1747
f 1750 1744 1736
f 1750 1748 1744
f 1751 1744 1749
f 1752 1750 1736
f 1753 1744 1751
f 1754 1752 1736
f 1755 1744 1753
f 1756 1754 1736
f 1757 1744 1755
f 1758 1756 1736
f 1759 1760 1744
f 1759 1744 1757
f 1761 1758 1736
f 1762 1763 1764
f 1762 1764 1765
f 1762 1765 1766
f 1762 1766 1767
f 1762 1767 1768
f 1762 1768 1769
f 1762 1769 1770
f 1762 1770 1771
f 1762 1771 1772
f 1762 1772 1773
f 1762 1773 1760
f 1762 1760 1759
f 1762 1774 1775
f 1762 1775 1776
f 1762 1776 1777
f 1762 1777 1778
f 1762 1778 1763
f 1779 1761 1736
f 1780 1774 1762
f 1781 1779 1736
f 1782 1774 1780
f 1783 1781 1736
f 1784 1774 1782
f 1785 1783 1736
f 1786 1774 1784
f 1787 1785 1736
f 1788 1774 1786
f 1789 1787 1736
f 1790 1774 1788
f 1791 1789 1736
f 1792 1774 1790
f 1793 1791 1736
f 1794 1774 1792
f 1795 1793 1736
f 1796 1774 1794
f 1797 1736 1740
f 1797 1795 1736
f 1798 1774 1796
f 1799 1774 1798
f 1800 1797 1740
f 1801 1774 1799
f 1730 1800 1740
f 1802 1774 1801
f 1803 1774 1802
f 1804 1774 1803
f 1804 1805 1774
f 1727 1730 1740
f 1806 1805 1804
f 1807 1805 1806
f 1807 1808 1805
f 1809 1808 1807
f 1809 1810 1811
f 1809 1811 1808
f 1812 1810 1809
f 1812 1813 1810
f 1814 1813 1812
f 1814 1815 1813
f 1816 1815 1814
f 1816 1817 1815
f 1818 1819 1817
f 1818 1817 1816
f 1820 1821 1822
f 1820 1822 1819
f 1820 1819 1818
f 1823 1824 1821
f 1823 1821 1820
f 1825 1826 1824
f 1825 1824 1823
f 1827 1826 1825
f 1827 1828 1826
f 1829 1828 1827
f 1829 1830 1828
f 1831 1830 1829
f 1831 1832 1833
f 1831 1833 1830
f 1834 1832 1831
f 1834 1835 1832
f 1836 1835 1834
f 1836 1837 1835
f 1838 1837 1836
f 1838 1839 1837
f 1840 1839 1838
f 1840 1841 1839
f 1842 1841 1840
f 1842 1843 1841
f 1844 1843 1842
f 1845 1844 1842
f 1846 1844 1845
f 1846 1845 1847
f 1848 1846 1847
f 1848 1847 1849
f 1850 1848 1849
f 1850 1849 1851
f 1852 1850 1851
f 1852 1851 1853
f 1854 1852 1853
f 1854 1853 1855
f 1856 1854 1855
f 1857 1856 1855
f 1857 1855 1858
f 1859 1857 1858
f 1859 1858 1860
f 1861 1859 1860
f 1861 1860 1862
f 1863 1861 1862
f 1863 1862 1864
f 1865 1863 1864
f 1865 1864 1866
f 1867 1865 1866
f 1867 1866 1868
f 1869 1868 1870
f 1869 1867 1868
f 1871 1869 1870
f 1872 1871 1870
f 1873 1872 1870
f 1874 1873 1870
f 1875 1874 1870
f 1876 1875 1870
f 1877 1876 1870
f 1878 1879 1880
f 1881 1879 1878
f 1882 1879 1881
f 1883 1879 1882
f 1884 1879 1883
f 1885 1879 1884
f 1886 1879 1885
f 1887 1879 1886
f 1888 1879 1887
f 1889 1879 1888
f 1889 1888 1890
f 1891 1879 1889
f 1892 1891 1893
f 1894 1879 1891
f 1894 1891 1892
f 1895 1879 1894
f 1896 1879 1895
f 1896 1895 1897
f 1898 1879 1896
f 1899 1898 1900
f 1901 1879 1898
f 1901 1898 1899
f 1902 1901 1903
f 1902 1903 1904
f 1902 1879 1901
f 1905 1879 1902
f 1906 1905 1907
f 1908 1877 1879
f 1908 1876 1877
f 1909 1879 1905
f 1909 1905 1906
f 1909 1908 1879
f 1910 1911 1908
f 1912 1910 1908
f 1913 1909 1914
f 1913 1914 1915
f 1913 1908 1909
f 1916 1908 1913
f 1917 1918 1919
f 1917 1919 1912
f 1920 1916 1921
f 1920 1908 1916
f 1922 1908 1920
f 1923 1924 1925
f 1926 1925 1917
f 1926 1917 1912
f 1926 1923 1925
f 1927 1922 1928
f 1929 1922 1927
f 1929 1908 1922
f 1930 1931 1932
f 1930 1932 1926
f 1930 1926 1912
f 1930 1912 1908
f 1933 1929 1934
f 1933 1934 1935
f 1933 1908 1929
f 1936 1908 1933
f 1937 1938 1939
f 1937 1939 1930
f 1940 1937 1930
f 1940 1930 1908
f 1941 1936 1942
f 1943 1908 1936
f 1943 1936 1941
f 1944 1945 1940
f 1946 1940 1908
f 1946 1944 1940
f 1947 1908 1943
f 1947 1943 1948
f 1947 1948 1949
f 1950 1946 1908
f 1950 1951 1952
f 1950 1952 1946
f 1950 1908 1947
f 1727 1740 1725
f 1740 1731 1725
f 1740 1732 1731
f 1729 1728 1735
f 1729 1735 1953
f 1729 1954 1730
f 1730 1954 1800
f 1954 1955 1800
f 1800 1955 1797
f 1955 1956 1797
f 1797 1956 1795
f 1956 1957 1795
f 1795 1957 1793
f 1793 1957 1791
f 1957 1958 1791
f 1791 1958 1789
f 1958 1959 1789
f 1789 1959 1787
f 1959 1960 1787
f 1787 1960 1785
f 1960 1961 1785
f 1785 1961 1783
f 1961 1962 1783
f 1783 1962 1781
f 1962 1963 1781
f 1781 1963 1779
f 1779 1964 1761
f 1963 1964 1779
f 1761 1965 1758
f 1964 1965 1761
f 1758 1966 1756
f 1965 1966 1758
f 1756 1967 1754
f 1966 1967 1756
f 1754 1968 1752
f 1967 1968 1754
f 1752 1969 1750
f 1968 1969 1752
f 1750 1970 1748
f 1969 1970 1750
f 1970 1971 1748
f 1748 1972 1746
f 1971 1972 1748
f 1746 1973 1742
f 1972 1973 1746
f 1742 1974 1743
f 1973 1974 1742
f 1974 1975 1743
f 1743 1975 1745
f 1975 1976 1745
f 1745 1976 1747
f 1976 1977 1747
f 1747 1977 1749
f 1977 1978 1749
f 1749 1978 1751
f 1978 1979 1751
f 1751 1979 1753
f 1753 1980 1755
f 1979 1980 1753
f 1980 1981 1755
f 1755 1981 1757
f 1981 1982 1757
f 1757 1982 1759
f 1982 1983 1759
f 1759 1983 1762
f 1983 1984 1762
f 1762 1984 1780
f 1984 1985 1780
f 1780 1985 1782
f 1985 1986 1782
f 1782 1986 1784
f 1986 1987 1784
f 1784 1987 1786
f 1987 1988 1786
f 1786 1988 1788
f 1988 1989 1788
f 1788 1989 1790
f 1790 1990 1792
f 1989 1990 1790
f 1990 1991 1792
f 1792 1991 1794
f 1991 1992 1794
f 1794 1992 1796
f 1992 1993 1796
f 1796 1993 1798
f 1993 1994 1798
f 1994 1995 1798
f 1798 1995 1799
f 1995 1996 1799
f 1799 1996 1801
f 1801 1996 1802
f 1996 1997 1802
f 1802 1997 1803
f 1803 1997 1804
f 1741 1734 1733
f 1741 1998 1734
f 1734 1998 1735
f 1998 1953 1735
f 1998 1999 1953
f 2000 1737 1744
f 1744 1737 1736
f 1737 2000 2001
f 1737 2001 1738
f 2002 1738 2001
f 2002 1739 1738
f 1739 1998 1741
f 1999 1998 1739
f 2003 1999 1739
f 2004 2003 1739
f 2005 2004 1739
f 2006 2005 1739
f 2007 2006 1739
f 2008 2007 1739
f 2009 2008 1739
f 2010 2009 1739
f 2011 2010 1739
f 2012 2011 1739
f 2013 2012 1739
f 2014 2013 1739
f 2015 2014 1739
f 2016 2015 1739
f 2017 2016 1739
f 2018 2017 1739
f 2019 2018 1739
f 2002 2019 1739
f 2002 2020 2019
f 2002 2021 2020
f 2002 2022 2021
f 2002 2023 2022
f 2002 2024 2023
f 2002 2025 2024
f 2002 2026 2025
f 2002 2027 2026
f 2002 2028 2027
f 2002 2029 2028
f 2002 2030 2029
f 2002 2031 2030
f 2032 2031 2002
f 2032 2033 2031
f 2034 2033 2032
f 2035 2033 2034
f 2036 2033 2035
f 2037 2033 2036
f 2038 2033 2037
f 2039 2033 2038
f 2040 2033 2039
f 2041 2033 2040
f 2042 2033 2041
f 2043 2033 2042
f 2044 2033 2043
f 2045 2033 2044
f 2046 2033 2045
f 2047 2033 2046
f 2048 2033 2047
f 2049 2050 2051
f 2049 2052 2050
f 2049 2053 2052
f 2049 2054 2053
f 2049 2055 2054
f 2049 2056 2055
f 2049 2057 2056
f 2049 2058 2057
f 2049 2059 2058
f 2049 2060 2059
f 2049 2061 2060
f 2049 2062 2061
f 2049 2063 2062
f 2049 2064 2063
f 2049 2033 2048
f 2049 2051 2033
f 2065 2066 2067
f 2068 2069 2070
f 2071 2068 2070
f 2072 2073 2074
f 2072 2065 2067
f 2072 2075 2073
f 2072 2076 2075
f 2072 2077 2076
f 2072 2078 2077
f 2072 2079 2078
f 2072 2080 2079
f 2072 2081 2080
f 2072 2067 2081
f 2072 2070 2065
f 2072 2071 2070
f 2072 2082 2071
f 2083 2082 2072
f 2083 2084 2082
f 2085 2083 2072
f 2086 2087 2085
f 2088 2085 2072
f 2088 2086 2085
f 2089 2090 2088
f 2089 2091 2090
f 2089 2088 2072
f 2092 2089 2072
f 2093 2094 2092
f 2095 2092 2072
f 2095 2093 2092
f 2096 2097 2095
f 2096 2098 2097
f 2099 2100 2101
f 2102 2103 2104
f 2105 2102 2104
f 2106 2107 2105
f 2106 2108 2107
f 2109 2110 2111
f 2112 2109 2111
f 2113 2114 2112
f 2113 2115 2114
f 2116 2117 2118
f 2119 2116 2118
f 2120 2121 2119
f 2120 2122 2121
f 2123 2124 2125
f 2126 2125 2120
f 2126 2123 2125
f 2127 2128 2126
f 2129 2127 2126
f 2130 2131 2129
f 2130 2132 2131
f 2133 2130 2129
f 2134 2135 2133
f 2136 2133 2129
f 2136 2129 2126
f 2136 2134 2133
f 2137 2104 2099
f 2137 2111 2106
f 2137 2095 2072
f 2137 2118 2113
f 2137 2096 2095
f 2137 2099 2101
f 2137 2136 2126
f 2137 2105 2104
f 2137 2138 2136
f 2137 2139 2138
f 2137 2106 2105
f 2137 2112 2111
f 2137 2113 2112
f 2137 2120 2119
f 2137 2072 2140
f 2137 2119 2118
f 2137 2126 2120
f 2137 2101 2096
f 2141 2137 2140
f 2141 2140 2142
f 2143 2144 2145
f 2143 2064 2049
f 2143 2145 2064
f 2146 2144 2143
f 2146 2147 2144
f 2148 2141 2142
f 2149 2147 2146
f 2150 2148 2142
f 2151 2152 2147
f 2151 2147 2149
f 2153 2150 2142
f 2154 2155 2152
f 2154 2152 2151
f 2156 2153 2142
f 2157 2158 2155
f 2157 2155 2154
f 2159 2156 2142
f 2160 2161 2158
f 2160 2158 2157
f 2162 2142 2163
f 2162 2159 2142
f 2164 2165 2161
f 2164 2161 2160
f 2166 2163 2167
f 2166 2162 2163
f 2168 2165 2164
f 2169 2167 2170
f 2169 2166 2167
f 2171 2172 2165
f 2171 2165 2168
f 2173 2169 2170
f 2173 2170 2174
f 2175 2176 2172
f 2175 2172 2171
f 2177 2173 2174
f 2177 2174 2178
f 2179 2176 2175
f 2179 2180 2176
f 2181 2177 2178
f 2181 2178 2182
f 2183 2184 2180
f 2183 2180 2179
f 2185 2181 2182
f 2185 2182 2186
f 2187 2184 2183
f 2187 2188 2184
f 2189 2185 2186
f 2190 2188 2187
f 2191 2189 2186
f 2191 2186 2192
f 2193 2194 2188
f 2193 2188 2190
f 2195 2191 2192
f 2195 2192 2196
f 2197 2198 2194
f 2197 2194 2193
f 2199 2195 2196
f 2199 2196 2200
f 2201 2198 2197
f 2201 2202 2198
f 2203 2199 2200
f 2203 2200 2204
f 2205 2202 2201
f 2205 2206 2202
f 2207 2203 2204
f 2207 2204 2208
f 2209 2206 2205
f 2209 2210 2206
f 2211 2207 2208
f 2211 2208 2210
f 2212 2210 2209
f 2212 2211 2210
f 1997 2213 1804
f 1804 2213 1806
f 2213 2214 1806
f 1806 2214 1807
f 1807 2215 1809
f 2214 2215 1807
f 1809 2216 1812
f 2215 2216 1809
f 1812 2217 1814
f 2216 2217 1812
f 1814 2218 1816
f 2217 2218 1814
f 2218 2219 1816
f 1816 2219 1818
f 2219 2220 1818
f 1818 2220 1820
f 2220 2221 1820
f 2221 2222 1820
f 1820 2222 1823
f 2222 2223 1823
f 1823 2223 1825
f 2223 2224 1825
f 1825 2224 1827
f 2224 2225 1827
f 2225 2226 1827
f 1827 2226 1829
f 2226 2227 1829
f 1829 2227 1831
f 2227 2228 1831
f 1831 2228 1834
f 2228 2229 1834
f 2229 2230 1834
f 1834 2230 1836
f 2230 2231 1836
f 1836 2231 1838
f 2231 2232 1838
f 1838 2232 1840
f 2232 2233 1840
f 2233 2234 1840
f 1840 2234 1842
f 1842 2235 1845
f 2234 2235 1842
f 2235 2236 1845
f 1845 2236 1847
f 2236 2237 1847
f 1847 2238 1849
f 2237 2238 1847
f 1849 2239 1851
f 2238 2239 1849
f 1851 2240 1853
f 2239 2240 1851
f 1853 2241 1855
f 2240 2241 1853
f 2241 2242 1855
f 1855 2243 1858
f 2242 2243 1855
f 2243 2244 1858
f 1858 2244 1860
f 1860 2245 1862
f 2244 2245 1860
f 2245 2246 1862
f 1862 2247 1864
f 2246 2247 1862
f 2247 2248 1864
f 1864 2248 1866
f 1866 2249 1868
f 2248 2249 1866
f 2249 2250 1868
f 1868 2250 1870
f 2250 2251 1870
f 2251 1877 1870
f 2251 2252 1877
f 2252 2253 1877
f 1877 2253 1879
f 1879 2254 1880
f 2253 2254 1879
f 2254 2255 1880
f 1880 2255 1878
f 2255 2256 1878
f 1878 2256 1881
f 2256 2257 1881
f 1881 2257 1882
f 2257 2258 1882
f 1882 2258 1883
f 1883 2258 1884
f 2258 2259 1884
f 1884 2259 1885
f 1885 2260 1886
f 2259 2260 1885
f 2260 2261 1886
f 1886 2261 1887
f 1887 2262 1888
f 2261 2262 1887
f 2262 2263 1888
f 1888 2263 1890
f 1890 2264 1889
f 2263 2264 1890
f 2264 2265 1889
f 1889 2265 1891
f 2265 2266 1891
f 1891 2266 1893
f 2266 2267 1893
f 1893 2267 1892
f 2267 2268 1892
f 1892 2268 1894
f 2268 2269 1894
f 1894 2269 1895
f 2269 2270 1895
f 1895 2270 1897
f 2270 2271 1897
f 1897 2271 1896
f 2271 2272 1896
f 1896 2272 1898
f 2272 2273 1898
f 1898 2273 1900
f 2273 2274 1900
f 1900 2274 1899
f 2274 2275 1899
f 1899 2275 1901
f 1901 2276 1903
f 2275 2276 1901
f 1903 2277 1904
f 2276 2277 1903
f 1904 2278 1902
f 2277 2278 1904
f 1902 2279 1905
f 2278 2279 1902
f 2279 2280 1905
f 1905 2280 1907
f 1907 2281 1906
f 2280 2281 1907
f 1906 2282 1909
f 2281 2282 1906
f 1909 2283 1914
f 2282 2283 1909
f 2283 2284 1914
f 1914 2284 1915
f 1915 2285 1913
f 2284 2285 1915
f 1913 2286 1916
f 2285 2286 1913
f 1916 2287 1921
f 2286 2287 1916
f 1921 2288 1920
f 2287 2288 1921
f 1920 2289 1922
f 2288 2289 1920
f 1922 2290 1928
f 2289 2290 1922
f 1928 2291 1927
f 2290 2291 1928
f 1927 2292 1929
f 2291 2292 1927
f 1929 2293 1934
f 2292 2293 1929
f 1934 2294 1935
f 2293 2294 1934
f 1935 2295 1933
f 2294 2295 1935
f 1933 2296 1936
f 2295 2296 1933
f 1936 2297 1942
f 2296 2297 1936
f 1942 2298 1941
f 2297 2298 1942
f 1941 2299 1943
f 2298 2299 1941
f 1943 2300 1948
f 2299 2300 1943
f 1948 2301 1949
f 2300 2301 1948
f 1949 2302 1947
f 2301 2302 1949
f 1947 2303 1950
f 2302 2303 1947
f 1950 2304 1951
f 2303 2304 1950
f 2304 2305 1951
f 1951 2305 1952
f 1952 2306 1946
f 2305 2306 1952
f 1946 2307 1944
f 2306 2307 1946
f 2307 2308 1944
f 1944 2308 1945
f 2308 2309 1945
f 1945 2309 1940
f 2309 2310 1940
f 1940 2310 1937
f 2310 2311 1937
f 1937 2311 1938
f 2311 2312 1938
f 1938 2312 1939
f 2312 2313 1939
f 1939 2313 1930
f 2313 2314 1930
f 1930 2314 1931
f 2314 2315 1931
f 1931 2315 1932
f 1932 2316 1926
f 2315 2316 1932
f 2316 2317 1926
f 1926 2317 1923
f 1923 2318 1924
f 2317 2318 1923
f 2318 2319 1924
f 1924 2319 1925
f 1925 2320 1917
f 2319 2320 1925
f 2320 2321 1917
f 1917 2321 1918
f 2321 2322 1918
f 1918 2322 1919
f 2322 2323 1919
f 1919 2323 1912
f 2323 2324 1912
f 1912 2324 1910
f 2324 2325 1910
f 1910 2325 1911
f 1911 2326 1908
f 2325 2326 1911
f 2326 2327 1908
f 1908 2327 1876
f 1876 2327 1875
f 1875 2328 1874
f 2327 2328 1875
f 1874 2329 1873
f 2328 2329 1874
f 2329 2330 1873
f 1873 2330 1872
f 2330 2331 1872
f 1872 2331 1871
f 2331 2332 1871
f 1871 2332 1869
f 2332 2333 1869
f 1869 2333 1867
f 2333 2334 1867
f 1867 2334 1865
f 2334 2335 1865
f 1865 2335 1863
f 2335 2336 1863
f 1863 2336 1861
f 2336 2337 1861
f 1861 2337 1859
f 2337 2338 1859
f 2338 2339 1859
f 1859 2339 1857
f 2339 2340 1857
f 1857 2340 1856
f 2340 2341 1856
f 1856 2341 1854
f 2341 2342 1854
f 1854 2342 1852
f 2342 2343 1852
f 1852 2343 1850
f 2343 2344 1850
f 1850 2344 1848
f 1848 2345 1846
f 2344 2345 1848
f 2345 2346 1846
f 1846 2346 1844
f 1844 2347 1843
f 2346 2347 1844
f 2347 2348 1843
f 1843 2349 1841
f 2348 2349 1843
f 1841 2350 1839
f 2349 2350 1841
f 1839 2351 1837
f 2350 2351 1839
f 1837 2352 1835
f 2351 2352 1837
f 1835 2353 1832
f 2352 2353 1835
f 1832 2354 1833
f 2353 2354 1832
f 2354 2355 1833
f 1833 2355 1830
f 2355 2356 1830
f 1830 2356 1828
f 2356 2357 1828
f 1828 2357 1826
f 2357 2358 1826
f 2358 2359 1826
f 1826 2359 1824
f 2359 2360 1824
f 1824 2360 1821
f 2360 2361 1821
f 1821 2361 1822
f 2361 2362 1822
f 1822 2362 1819
f 2362 2363 1819
f 1819 2363 1817
f 2363 2364 1817
f 1817 2364 1815
f 2364 2365 1815
f 1815 2365 1813
f 2365 2366 1813
f 1813 2366 1810
f 2366 2367 1810
f 1810 2367 1811
f 2367 2368 1811
f 2368 2369 1811
f 1811 2369 1808
f 2369 2370 1808
f 1808 2370 1805
f 2370 2371 1805
f 1805 2371 1774
f 1774 2371 1775
f 1775 2372 1776
f 2371 2372 1775
f 1776 2373 1777
f 2372 2373 1776
f 1777 2374 1778
f 2373 2374 1777
f 2374 2375 1778
f 1778 2376 1763
f 2375 2376 1778
f 1763 2377 1764
f 2376 2377 1763
f 1764 2378 1765
f 2377 2378 1764
f 1765 2379 1766
f 2378 2379 1765
f 1766 2380 1767
f 2379 2380 1766
f 1767 2381 1768
f 2380 2381 1767
f 2381 2382 1768
f 1768 2383 1769
f 2382 2383 1768
f 1769 2384 1770
f 2383 2384 1769
f 2384 2385 1770
f 2385 2386 1770
f 1770 2386 1771
f 1771 2387 1772
f 2386 2387 1771
f 1772 2388 1773
f 2387 2388 1772
f 2388 2389 1773
f 2389 2390 1773
f 1773 2390 1760
f 1760 2391 1744
f 2390 2391 1760
f 2391 2000 1744
f 1953 2392 1729
f 1729 2392 1954
f 1954 2393 1955
f 2392 2393 1954
f 2393 2394 1955
f 1955 2394 1956
f 2394 2395 1956
f 1956 2395 1957
f 2395 2396 1957
f 1957 2396 1958
f 2396 2397 1958
f 1958 2397 1959
f 2397 2398 1959
f 1959 2398 1960
f 2398 2399 1960
f 1960 2399 1961
f 2399 2400 1961
f 1961 2400 1962
f 2400 2401 1962
f 1962 2401 1963
f 2401 2402 1963
f 1963 2402 1964
f 2402 2403 1964
f 1964 2403 1965
f 2403 2404 1965
f 1965 2404 1966
f 2404 2405 1966
f 1966 2405 1967
f 2405 2406 1967
f 1967 2406 1968
f 2406 2407 1968
f 1968 2407 1969
f 1969 2408 1970
f 2407 2408 1969
f 1970 2409 1971
f 2408 2409 1970
f 1971 2410 1972
f 2409 2410 1971
f 1972 2411 1973
f 2410 2411 1972
f 1973 2412 1974
f 2411 2412 1973
f 1974 2413 1975
f 2412 2413 1974
f 1975 2414 1976
f 2413 2414 1975
f 1976 2415 1977
f 2414 2415 1976
f 1977 2416 1978
f 2415 2416 1977
f 1978 2417 1979
f 2416 2417 1978
f 2417 2418 1979
f 1979 2418 1980
f 2418 2419 1980
f 1980 2419 1981
f 2419 2420 1981
f 1981 2420 1982
f 2420 2421 1982
f 1982 2421 1983
f 2421 2422 1983
f 1983 2422 1984
f 2422 2423 1984
f 1984 2423 1985
f 2423 2424 1985
f 1985 2424 1986
f 2424 2425 1986
f 1986 2425 1987
f 2425 2426 1987
f 1987 2426 1988
f 2426 2427 1988
f 1988 2427 1989
f 2427 2428 1989
f 1989 2428 1990
f 2428 2429 1990
f 1990 2429 1991
f 2429 2430 1991
f 1991 2430 1992
f 2430 2431 1992
f 1992 2431 1993
f 2431 2432 1993
f 1993 2432 1994
f 2432 2433 1994
f 1994 2433 1995
f 2433 2434 1995
f 1995 2434 1996
f 2434 2435 1996
f 1996 2435 1997
f 1953 1999 2392
f 1999 2003 2392
f 2392 2003 2393
f 2003 2004 2393
f 2393 2004 2394
f 2004 2005 2394
f 2394 2005 2395
f 2005 2006 2395
f 2006 2007 2395
f 2395 2007 2396
f 2007 2008 2396
f 2396 2008 2397
f 2008 2009 2397
f 2397 2009 2398
f 2009 2010 2398
f 2398 2010 2399
f 2010 2011 2399
f 2399 2011 2400
f 2011 2012 2400
f 2400 2012 2401
f 2401 2013 2402
f 2012 2013 2401
f 2402 2014 2403
f 2013 2014 2402
f 2403 2015 2404
f 2014 2015 2403
f 2404 2016 2405
f 2015 2016 2404
f 2405 2017 2406
f 2016 2017 2405
f 2406 2018 2407
f 2017 2018 2406
f 2407 2019 2408
f 2018 2019 2407
f 2408 2020 2409
f 2409 2020 2410
f 2019 2020 2408
f 2020 2021 2410
f 2410 2021 2411
f 2411 2022 2412
f 2021 2022 2411
f 2412 2023 2413
f 2022 2023 2412
f 2023 2024 2413
f 2413 2024 2414
f 2024 2025 2414
f 2414 2025 2415
f 2025 2026 2415
f 2415 2026 2416
f 2026 2027 2416
f 2416 2027 2417
f 2027 2028 2417
f 2417 2028 2418
f 2028 2029 2418
f 2418 2029 2419
f 2029 2030 2419
f 2419 2030 2420
f 2030 2031 2420
f 2420 2031 2421
f 2031 2033 2421
f 2421 2033 2422
f 2033 2051 2422
f 2422 2051 2423
f 2051 2050 2423
f 2423 2050 2424
f 2050 2052 2424
f 2424 2052 2425
f 2052 2053 2425
f 2425 2053 2426
f 2426 2054 2427
f 2053 2054 2426
f 2054 2055 2427
f 2427 2055 2428
f 2055 2056 2428
f 2428 2056 2429
f 2056 2057 2429
f 2429 2057 2430
f 2430 2058 2431
f 2057 2058 2430
f 2058 2059 2431
f 2431 2059 2432
f 2432 2059 2433
f 2059 2060 2433
f 2433 2060 2434
f 2060 2061 2434
f 2061 2062 2434
f 2434 2062 2435
f 2062 2063 2435
f 2063 2064 2435
f 2371 2436 2437
f 2372 2437 2438
f 2372 2371 2437
f 2373 2438 2439
f 2373 2372 2438
f 2374 2439 2440
f 2374 2373 2439
f 2375 2374 2440
f 2376 2440 2441
f 2376 2375 2440
f 2377 2441 2442
f 2377 2376 2441
f 2378 2442 2443
f 2378 2377 2442
f 2379 2443 2444
f 2379 2378 2443
f 2380 2444 2445
f 2380 2379 2444
f 2381 2445 2446
f 2381 2380 2445
f 2382 2446 2447
f 2382 2381 2446
f 2383 2447 2448
f 2383 2382 2447
f 2384 2448 2449
f 2384 2383 2448
f 2385 2384 2449
f 2385 2449 2450
f 2386 2385 2450
f 2386 2450 2451
f 2387 2386 2451
f 2387 2451 2452
f 2388 2387 2452
f 2388 2452 2453
f 2389 2388 2453
f 2389 2453 2454
f 2390 2389 2454
f 2390 2454 2455
f 2391 2390 2455
f 2391 2455 2456
f 2000 2391 2456
f 2000 2456 2001
f 2049 2048 2436
f 2436 2048 2437
f 2437 2047 2438
f 2048 2047 2437
f 2438 2046 2439
f 2047 2046 2438
f 2439 2045 2440
f 2440 2045 2441
f 2046 2045 2439
f 2441 2044 2442
f 2045 2044 2441
f 2442 2043 2443
f 2044 2043 2442
f 2443 2042 2444
f 2043 2042 2443
f 2444 2041 2445
f 2042 2041 2444
f 2445 2040 2446
f 2041 2040 2445
f 2446 2039 2447
f 2447 2039 2448
f 2040 2039 2446
f 2448 2038 2449
f 2039 2038 2448
f 2449 2037 2450
f 2450 2037 2451
f 2038 2037 2449
f 2451 2036 2452
f 2037 2036 2451
f 2452 2035 2453
f 2036 2035 2452
f 2453 2034 2454
f 2454 2034 2455
f 2035 2034 2453
f 2455 2032 2456
f 2034 2032 2455
f 2456 2002 2001
f 2032 2002 2456
f 2143 2436 2457
f 2143 2049 2436
f 2141 2148 2458
f 2458 2148 2459
f 2459 2150 2460
f 2148 2150 2459
f 2150 2153 2460
f 2460 2153 2461
f 2153 2156 2461
f 2461 2156 2462
f 2156 2159 2462
f 2462 2159 2463
f 2159 2162 2463
f 2463 2162 2464
f 2162 2166 2464
f 2464 2166 2465
f 2166 2169 2465
f 2465 2169 2466
f 2169 2173 2466
f 2466 2173 2467
f 2173 2177 2467
f 2467 2177 2468
f 2177 2181 2468
f 2468 2181 2469
f 2469 2181 2470
f 2470 2185 2471
f 2181 2185 2470
f 2185 2189 2471
f 2471 2189 2472
f 2189 2191 2472
f 2472 2191 2473
f 2191 2195 2473
f 2473 2195 2474
f 2195 2199 2474
f 2474 2199 2475
f 2475 2203 2476
f 2199 2203 2475
f 2476 2207 2477
f 2203 2207 2476
f 2477 2211 2478
f 2207 2211 2477
f 2478 2212 2479
f 2479 2212 2480
f 2211 2212 2478
f 2212 2209 2480
f 2480 2209 2481
f 2481 2205 2482
f 2209 2205 2481
f 2482 2201 2483
f 2205 2201 2482
f 2483 2197 2484
f 2201 2197 2483
f 2484 2193 2485
f 2197 2193 2484
f 2485 2190 2486
f 2193 2190 2485
f 2190 2187 2486
f 2486 2187 2487
f 2487 2183 2488
f 2187 2183 2487
f 2183 2179 2488
f 2488 2179 2489
f 2489 2179 2490
f 2179 2175 2490
f 2490 2175 2491
f 2175 2171 2491
f 2491 2171 2492
f 2171 2168 2492
f 2492 2168 2493
f 2168 2164 2493
f 2493 2164 2494
f 2164 2160 2494
f 2494 2160 2495
f 2160 2157 2495
f 2495 2157 2496
f 2157 2154 2496
f 2496 2154 2497
f 2154 2151 2497
f 2497 2151 2498
f 2151 2149 2498
f 2498 2149 2499
f 2499 2149 2500
f 2149 2146 2500
f 2500 2146 2457
f 2146 2143 2457
f 2137 2141 2501
f 2501 2141 2458
f 2502 2140 2503
f 2140 2072 2503
f 2503 2072 2504
f 2504 2074 2505
f 2072 2074 2504
f 2074 2073 2505
f 2505 2073 2506
f 2073 2075 2506
f 2506 2075 2507
f 2075 2076 2507
f 2507 2076 2508
f 2076 2077 2508
f 2077 2078 2508
f 2508 2078 2509
f 2509 2079 2510
f 2078 2079 2509
f 2079 2080 2510
f 2510 2080 2511
f 2511 2081 2512
f 2080 2081 2511
f 2081 2067 2512
f 2512 2067 2513
f 2513 2066 2514
f 2067 2066 2513
f 2066 2065 2514
f 2514 2065 2515
f 2065 2070 2515
f 2515 2070 2516
f 2070 2069 2516
f 2516 2069 2517
f 2069 2068 2517
f 2517 2068 2518
f 2068 2071 2518
f 2518 2071 2519
f 2071 2082 2519
f 2519 2082 2520
f 2082 2084 2520
f 2520 2084 2521
f 2084 2083 2521
f 2521 2083 2522
f 2083 2085 2522
f 2522 2085 2523
f 2085 2087 2523
f 2523 2087 2524
f 2087 2086 2524
f 2524 2086 2525
f 2525 2088 2526
f 2086 2088 2525
f 2526 2090 2527
f 2088 2090 2526
f 2527 2091 2528
f 2090 2091 2527
f 2528 2089 2529
f 2091 2089 2528
f 2529 2092 2530
f 2089 2092 2529
f 2530 2094 2531
f 2092 2094 2530
f 2531 2093 2532
f 2094 2093 2531
f 2532 2095 2533
f 2093 2095 2532
f 2533 2097 2534
f 2095 2097 2533
f 2534 2098 2535
f 2097 2098 2534
f 2098 2096 2535
f 2535 2096 2536
f 2536 2101 2537
f 2096 2101 2536
f 2537 2100 2538
f 2101 2100 2537
f 2538 2099 2539
f 2100 2099 2538
f 2539 2104 2540
f 2099 2104 2539
f 2540 2103 2541
f 2104 2103 2540
f 2541 2102 2542
f 2103 2102 2541
f 2542 2105 2543
f 2102 2105 2542
f 2543 2107 2544
f 2105 2107 2543
f 2544 2108 2545
f 2107 2108 2544
f 2545 2106 2546
f 2108 2106 2545
f 2546 2111 2547
f 2106 2111 2546
f 2547 2110 2548
f 2111 2110 2547
f 2548 2109 2549
f 2110 2109 2548
f 2549 2112 2550
f 2109 2112 2549
f 2550 2114 2551
f 2112 2114 2550
f 2551 2115 2552
f 2114 2115 2551
f 2552 2113 2553
f 2115 2113 2552
f 2553 2118 2554
f 2113 2118 2553
f 2554 2117 2555
f 2118 2117 2554
f 2117 2116 2555
f 2555 2116 2556
f 2116 2119 2556
f 2556 2119 2557
f 2119 2121 2557
f 2557 2121 2558
f 2121 2122 2558
f 2558 2122 2559
f 2122 2120 2559
f 2559 2120 2560
f 2120 2125 2560
f 2560 2125 2561
f 2125 2124 2561
f 2561 2124 2562
f 2124 2123 2562
f 2562 2123 2563
f 2563 2126 2564
f 2123 2126 2563
f 2126 2128 2564
f 2564 2128 2565
f 2565 2127 2566
f 2128 2127 2565
f 2127 2129 2566
f 2566 2129 2567
f 2129 2131 2567
f 2567 2131 2568
f 2568 2132 2569
f 2131 2132 2568
f 2132 2130 2569
f 2569 2130 2570
f 2130 2133 2570
f 2570 2133 2571
f 2133 2135 2571
f 2571 2135 2572
f 2135 2134 2572
f 2572 2134 2573
f 2134 2136 2573
f 2573 2136 2574
f 2136 2138 2574
f 2574 2138 2575
f 2138 2139 2575
f 2575 2139 2501
f 2139 2137 2501
f 2142 2140 2576
f 2576 2140 2502
f 2577 2145 2578
f 2578 2144 2579
f 2145 2144 2578
f 2579 2147 2580
f 2144 2147 2579
f 2147 2152 2580
f 2580 2152 2581
f 2152 2155 2581
f 2581 2155 2582
f 2155 2158 2582
f 2582 2158 2583
f 2158 2161 2583
f 2583 2161 2584
f 2161 2165 2584
f 2584 2165 2585
f 2585 2165 2586
f 2586 2172 2587
f 2165 2172 2586
f 2172 2176 2587
f 2587 2176 2588
f 2176 2180 2588
f 2588 2180 2589
f 2589 2180 2590
f 2180 2184 2590
f 2590 2184 2591
f 2184 2188 2591
f 2591 2188 2592
f 2592 2194 2593
f 2188 2194 2592
f 2593 2194 2594
f 2594 2198 2595
f 2194 2198 2594
f 2595 2202 2596
f 2198 2202 2595
f 2596 2206 2597
f 2597 2206 2598
f 2202 2206 2596
f 2598 2210 2599
f 2206 2210 2598
f 2599 2208 2600
f 2210 2208 2599
f 2600 2204 2601
f 2601 2204 2602
f 2208 2204 2600
f 2602 2200 2603
f 2204 2200 2602
f 2603 2196 2604
f 2200 2196 2603
f 2604 2192 2605
f 2196 2192 2604
f 2605 2186 2606
f 2606 2186 2607
f 2192 2186 2605
f 2186 2182 2607
f 2607 2182 2608
f 2608 2178 2609
f 2182 2178 2608
f 2609 2174 2610
f 2610 2174 2611
f 2178 2174 2609
f 2174 2170 2611
f 2611 2170 2612
f 2612 2167 2613
f 2170 2167 2612
f 2613 2163 2614
f 2167 2163 2613
f 2614 2142 2576
f 2163 2142 2614
f 2064 2577 2435
f 2064 2145 2577
f 2213 2435 2577
f 2213 1997 2435
f 2577 2578 2213
f 2213 2578 2214
f 2214 2579 2215
f 2215 2579 2216
f 2578 2579 2214
f 2216 2580 2217
f 2579 2580 2216
f 2217 2581 2218
f 2580 2581 2217
f 2581 2582 2218
f 2218 2582 2219
f 2582 2583 2219
f 2219 2583 2220
f 2583 2584 2220
f 2220 2584 2221
f 2584 2585 2221
f 2221 2585 2222
f 2585 2586 2222
f 2222 2586 2223
f 2586 2587 2223
f 2223 2587 2224
f 2587 2588 2224
f 2224 2588 2225
f 2588 2589 2225
f 2225 2589 2226
f 2589 2590 2226
f 2226 2590 2227
f 2590 2591 2227
f 2227 2591 2228
f 2591 2592 2228
f 2228 2592 2229
f 2592 2593 2229
f 2229 2593 2230
f 2593 2594 2230
f 2230 2594 2231
f 2594 2595 2231
f 2231 2595 2232
f 2595 2596 2232
f 2232 2596 2233
f 2233 2597 2234
f 2596 2597 2233
f 2234 2598 2235
f 2597 2598 2234
f 2235 2599 2236
f 2598 2599 2235
f 2236 2600 2237
f 2599 2600 2236
f 2237 2601 2238
f 2600 2601 2237
f 2238 2602 2239
f 2601 2602 2238
f 2239 2603 2240
f 2602 2603 2239
f 2240 2604 2241
f 2603 2604 2240
f 2241 2605 2242
f 2604 2605 2241
f 2242 2606 2243
f 2605 2606 2242
f 2606 2607 2243
f 2243 2607 2244
f 2607 2608 2244
f 2244 2608 2245
f 2608 2609 2245
f 2245 2609 2246
f 2609 2610 2246
f 2246 2610 2247
f 2610 2611 2247
f 2247 2611 2248
f 2611 2612 2248
f 2248 2612 2249
f 2612 2613 2249
f 2249 2613 2250
f 2613 2614 2250
f 2250 2614 2251
f 2614 2576 2251
f 2252 2251 2576
f 2252 2576 2502
f 2252 2502 2503
f 2253 2252 2503
f 2253 2503 2504
f 2254 2253 2504
f 2255 2254 2504
f 2255 2504 2505
f 2256 2255 2505
f 2256 2505 2506
f 2257 2256 2506
f 2257 2506 2507
f 2258 2257 2507
f 2258 2507 2508
f 2259 2258 2508
f 2259 2508 2509
f 2260 2509 2510
f 2260 2259 2509
f 2261 2510 2511
f 2261 2260 2510
f 2262 2511 2512
f 2262 2261 2511
f 2263 2512 2513
f 2263 2262 2512
f 2264 2263 2513
f 2264 2513 2514
f 2265 2264 2514
f 2265 2514 2515
f 2266 2265 2515
f 2266 2515 2516
f 2267 2266 2516
f 2267 2516 2517
f 2268 2267 2517
f 2268 2517 2518
f 2269 2268 2518
f 2269 2518 2519
f 2270 2269 2519
f 2270 2519 2520
f 2271 2270 2520
f 2271 2520 2521
f 2272 2271 2521
f 2272 2521 2522
f 2273 2272 2522
f 2273 2522 2523
f 2274 2273 2523
f 2274 2523 2524
f 2275 2274 2524
f 2275 2524 2525
f 2276 2275 2525
f 2276 2525 2526
f 2277 2276 2526
f 2277 2526 2527
f 2278 2527 2528
f 2278 2277 2527
f 2279 2528 2529
f 2279 2278 2528
f 2280 2529 2530
f 2280 2279 2529
f 2281 2530 2531
f 2281 2280 2530
f 2282 2531 2532
f 2282 2281 2531
f 2283 2532 2533
f 2283 2282 2532
f 2284 2533 2534
f 2284 2283 2533
f 2285 2534 2535
f 2285 2284 2534
f 2286 2535 2536
f 2286 2285 2535
f 2287 2536 2537
f 2287 2286 2536
f 2288 2537 2538
f 2288 2287 2537
f 2289 2288 2538
f 2289 2538 2539
f 2290 2289 2539
f 2290 2539 2540
f 2291 2290 2540
f 2291 2540 2541
f 2292 2541 2542
f 2292 2291 2541
f 2293 2542 2543
f 2293 2292 2542
f 2294 2543 2544
f 2294 2293 2543
f 2295 2544 2545
f 2295 2294 2544
f 2296 2545 2546
f 2296 2295 2545
f 2297 2546 2547
f 2297 2296 2546
f 2298 2547 2548
f 2298 2297 2547
f 2299 2548 2549
f 2299 2298 2548
f 2300 2549 2550
f 2300 2299 2549
f 2301 2550 2551
f 2301 2300 2550
f 2302 2551 2552
f 2302 2301 2551
f 2303 2552 2553
f 2303 2302 2552
f 2304 2553 2554
f 2304 2303 2553
f 2305 2554 2555
f 2305 2304 2554
f 2306 2555 2556
f 2306 2305 2555
f 2307 2556 2557
f 2307 2306 2556
f 2308 2557 2558
f 2308 2307 2557
f 2309 2558 2559
f 2309 2308 2558
f 2310 2559 2560
f 2310 2309 2559
f 2311 2560 2561
f 2311 2310 2560
f 2312 2561 2562
f 2312 2311 2561
f 2313 2562 2563
f 2313 2312 2562
f 2314 2563 2564
f 2314 2313 2563
f 2315 2314 2564
f 2315 2564 2565
f 2316 2315 2565
f 2316 2565 2566
f 2317 2316 2566
f 2317 2566 2567
f 2318 2317 2567
f 2318 2567 2568
f 2319 2318 2568
f 2319 2568 2569
f 2320 2319 2569
f 2320 2569 2570
f 2321 2320 2570
f 2321 2570 2571
f 2322 2321 2571
f 2322 2571 2572
f 2323 2322 2572
f 2323 2572 2573
f 2324 2323 2573
f 2324 2573 2574
f 2325 2324 2574
f 2325 2574 2575
f 2326 2575 2501
f 2326 2325 2575
f 2327 2326 2501
f 2327 2501 2458
f 2327 2458 2459
f 2328 2327 2459
f 2329 2459 2460
f 2329 2328 2459
f 2330 2329 2460
f 2330 2460 2461
f 2331 2330 2461
f 2331 2461 2462
f 2332 2331 2462
f 2332 2462 2463
f 2333 2332 2463
f 2333 2463 2464
f 2334 2333 2464
f 2334 2464 2465
f 2335 2334 2465
f 2335 2465 2466
f 2336 2335 2466
f 2336 2466 2467
f 2337 2336 2467
f 2337 2467 2468
f 2338 2337 2468
f 2338 2468 2469
f 2339 2338 2469
f 2339 2469 2470
f 2340 2339 2470
f 2340 2470 2471
f 2341 2340 2471
f 2341 2471 2472
f 2342 2341 2472
f 2342 2472 2473
f 2343 2342 2473
f 2343 2473 2474
f 2344 2474 2475
f 2344 2343 2474
f 2345 2475 2476
f 2345 2344 2475
f 2346 2476 2477
f 2346 2477 2478
f 2346 2345 2476
f 2347 2478 2479
f 2347 2346 2478
f 2348 2479 2480
f 2348 2347 2479
f 2349 2480 2481
f 2349 2348 2480
f 2350 2481 2482
f 2350 2349 2481
f 2351 2482 2483
f 2351 2350 2482
f 2352 2483 2484
f 2352 2351 2483
f 2353 2484 2485
f 2353 2352 2484
f 2354 2353 2485
f 2354 2485 2486
f 2355 2354 2486
f 2355 2486 2487
f 2356 2355 2487
f 2356 2487 2488
f 2357 2356 2488
f 2357 2488 2489
f 2358 2357 2489
f 2358 2489 2490
f 2359 2358 2490
f 2359 2490 2491
f 2360 2359 2491
f 2360 2491 2492
f 2361 2360 2492
f 2361 2492 2493
f 2362 2361 2493
f 2362 2493 2494
f 2363 2362 2494
f 2363 2494 2495
f 2364 2363 2495
f 2364 2495 2496
f 2365 2364 2496
f 2365 2496 2497
f 2366 2365 2497
f 2366 2497 2498
f 2367 2366 2498
f 2367 2498 2499
f 2368 2367 2499
f 2368 2499 2500
f 2369 2368 2500
f 2369 2500 2457
f 2370 2369 2457
f 2371 2370 2457
f 2371 2457 2436
f 2615 2616 2617
f 2617 2618 2619
f 2616 2618 2617
f 2620 2621 2622
f 2621 2623 2622
f 2621 2624 2623
f 2624 2621 2617
f 2624 2617 2619
f 2625 2619 2626
f 2625 2624 2619
f 2627 2628 2629
f 2627 2629 2630
f 2622 2630 2616
f 2622 2616 2615
f 2622 2627 2630
f 2620 2622 2615
f 2620 2615 2621
f 2621 2615 2617
f 2630 2618 2616
f 2631 2618 2630
f 2632 2631 2630
f 2633 2632 2630
f 2634 2633 2630
f 2635 2634 2630
f 2636 2635 2630
f 2637 2636 2630
f 2638 2637 2630
f 2639 2638 2630
f 2640 2639 2630
f 2641 2640 2630
f 2642 2641 2630
f 2643 2642 2630
f 2644 2643 2630
f 2645 2644 2630
f 2646 2645 2630
f 2647 2646 2630
f 2648 2647 2630
f 2649 2648 2630
f 2649 2650 2648
f 2649 2651 2650
f 2649 2652 2651
f 2649 2653 2652
f 2649 2654 2653
f 2649 2655 2654
f 2649 2656 2655
f 2649 2657 2656
f 2649 2658 2657
f 2649 2659 2658
f 2649 2660 2659
f 2649 2661 2660
f 2662 2661 2649
f 2662 2663 2661
f 2664 2663 2662
f 2665 2663 2664
f 2666 2663 2665
f 2667 2663 2666
f 2668 2663 2667
f 2669 2663 2668
f 2670 2663 2669
f 2671 2663 2670
f 2672 2663 2671
f 2673 2663 2672
f 2674 2663 2673
f 2675 2663 2674
f 2676 2663 2675
f 2677 2663 2676
f 2678 2663 2677
f 2679 2680 2681
f 2679 2682 2680
f 2679 2683 2682
f 2679 2684 2683
f 2679 2685 2684
f 2679 2686 2685
f 2679 2687 2686
f 2679 2688 2687
f 2679 2689 2688
f 2679 2690 2689
f 2679 2691 2690
f 2679 2692 2691
f 2679 2693 2692
f 2679 2694 2693
f 2679 2663 2678
f 2679 2681 2663
f 2695 2696 2697
f 2698 2699 2700
f 2701 2698 2700
f 2702 2703 2704
f 2702 2695 2697
f 2702 2705 2703
f 2702 2706 2705
f 2702 2707 2706
f 2702 2708 2707
f 2702 2709 2708
f 2702 2710 2709
f 2702 2711 2710
f 2702 2697 2711
f 2702 2700 2695
f 2702 2701 2700
f 2702 2712 2701
f 2713 2712 2702
f 2713 2714 2712
f 2715 2713 2702
f 2716 2717 2715
f 2718 2715 2702
f 2718 2716 2715
f 2719 2720 2718
f 2719 2721 2720
f 2719 2718 2702
f 2722 2719 2702
f 2723 2724 2722
f 2725 2722 2702
f 2725 2723 2722
f 2726 2727 2725
f 2726 2728 2727
f 2729 2730 2731
f 2732 2733 2734
f 2735 2732 2734
f 2736 2737 2735
f 2736 2738 2737
f 2739 2740 2741
f 2742 2739 2741
f 2743 2744 2742
f 2743 2745 2744
f 2746 2747 2748
f 2749 2746 2748
f 2750 2751 2749
f 2750 2752 2751
f 2753 2754 2755
f 2756 2755 2750
f 2756 2753 2755
f 2757 2758 2756
f 2759 2757 2756
f 2760 2761 2759
f 2760 2762 2761
f 2763 2760 2759
f 2764 2765 2763
f 2766 2763 2759
f 2766 2759 2756
f 2766 2764 2763
f 2767 2734 2729
f 2767 2741 2736
f 2767 2725 2702
f 2767 2748 2743
f 2767 2726 2725
f 2767 2729 2731
f 2767 2766 2756
f 2767 2735 2734
f 2767 2768 2766
f 2767 2769 2768
f 2767 2736 2735
f 2767 2742 2741
f 2767 2743 2742
f 2767 2750 2749
f 2767 2702 2770
f 2767 2749 2748
f 2767 2756 2750
f 2767 2731 2726
f 2771 2767 2770
f 2771 2770 2772
f 2773 2774 2775
f 2773 2694 2679
f 2773 2775 2694
f 2776 2774 2773
f 2776 2777 2774
f 2778 2771 2772
f 2779 2777 2776
f 2780 2778 2772
f 2781 2782 2777
f 2781 2777 2779
f 2783 2780 2772
f 2784 2785 2782
f 2784 2782 2781
f 2786 2783 2772
f 2787 2788 2785
f 2787 2785 2784
f 2789 2786 2772
f 2790 2791 2788
f 2790 2788 2787
f 2792 2772 2793
f 2792 2789 2772
f 2794 2795 2791
f 2794 2791 2790
f 2796 2793 2797
f 2796 2792 2793
f 2798 2795 2794
f 2799 2797 2800
f 2799 2796 2797
f 2801 2802 2795
f 2801 2795 2798
f 2803 2799 2800
f 2803 2800 2804
f 2805 2806 2802
f 2805 2802 2801
f 2807 2803 2804
f 2807 2804 2808
f 2809 2806 2805
f 2809 2810 2806
f 2811 2807 2808
f 2811 2808 2812
f 2813 2814 2810
f 2813 2810 2809
f 2815 2811 2812
f 2815 2812 2816
f 2817 2814 2813
f 2817 2818 2814
f 2819 2815 2816
f 2820 2818 2817
f 2821 2819 2816
f 2821 2816 2822
f 2823 2824 2818
f 2823 2818 2820
f 2825 2821 2822
f 2825 2822 2826
f 2827 2828 2824
f 2827 2824 2823
f 2829 2825 2826
f 2829 2826 2830
f 2831 2828 2827
f 2831 2832 2828
f 2833 2829 2830
f 2833 2830 2834
f 2835 2832 2831
f 2835 2836 2832
f 2837 2833 2834
f 2837 2834 2838
f 2839 2836 2835
f 2839 2840 2836
f 2841 2837 2838
f 2841 2838 2840
f 2842 2840 2839
f 2842 2841 2840
f 2619 2618 2626
f 2618 2843 2626
f 2618 2631 2843
f 2624 2625 2623
f 2623 2844 2845
f 2625 2844 2623
f 2846 2847 2848
f 2849 2848 2847
f 2850 2846 2848
f 2851 2848 2849
f 2852 2850 2848
f 2853 2848 2851
f 2854 2848 2627
f 2854 2852 2848
f 2855 2848 2853
f 2856 2854 2627
f 2857 2848 2855
f 2858 2856 2627
f 2859 2848 2857
f 2860 2858 2627
f 2861 2848 2859
f 2862 2860 2627
f 2863 2864 2848
f 2863 2848 2861
f 2865 2862 2627
f 2866 2867 2868
f 2866 2868 2869
f 2866 2869 2870
f 2866 2870 2871
f 2866 2871 2872
f 2866 2872 2873
f 2866 2873 2874
f 2866 2874 2875
f 2866 2875 2876
f 2866 2876 2864
f 2866 2864 2863
f 2866 2877 2878
f 2866 2878 2879
f 2866 2879 2880
f 2866 2880 2881
f 2866 2881 2882
f 2866 2882 2867
f 2883 2865 2627
f 2884 2877 2866
f 2885 2883 2627
f 2886 2877 2884
f 2887 2885 2627
f 2888 2877 2886
f 2889 2887 2627
f 2890 2877 2888
f 2891 2889 2627
f 2892 2877 2890
f 2893 2891 2627
f 2894 2877 2892
f 2895 2893 2627
f 2896 2877 2894
f 2897 2895 2627
f 2898 2877 2896
f 2899 2897 2627
f 2900 2877 2898
f 2901 2899 2627
f 2902 2877 2900
f 2903 2877 2902
f 2904 2901 2627
f 2905 2877 2903
f 2845 2904 2627
f 2906 2877 2905
f 2907 2877 2906
f 2908 2877 2907
f 2908 2909 2877
f 2623 2627 2622
f 2623 2845 2627
f 2910 2909 2908
f 2911 2909 2910
f 2911 2912 2909
f 2913 2912 2911
f 2913 2914 2915
f 2913 2915 2912
f 2916 2914 2913
f 2916 2917 2914
f 2918 2917 2916
f 2918 2919 2917
f 2920 2919 2918
f 2920 2921 2919
f 2922 2923 2921
f 2922 2921 2920
f 2924 2925 2926
f 2924 2926 2923
f 2924 2923 2922
f 2927 2928 2925
f 2927 2925 2924
f 2929 2930 2928
f 2929 2928 2927
f 2931 2930 2929
f 2931 2932 2930
f 2933 2932 2931
f 2933 2934 2932
f 2935 2934 2933
f 2935 2936 2937
f 2935 2937 2934
f 2938 2936 2935
f 2938 2939 2936
f 2940 2939 2938
f 2940 2941 2939
f 2942 2941 2940
f 2942 2943 2941
f 2944 2943 2942
f 2944 2945 2943
f 2946 2945 2944
f 2946 2947 2945
f 2948 2947 2946
f 2949 2948 2946
f 2950 2948 2949
f 2950 2949 2951
f 2952 2950 2951
f 2952 2951 2953
f 2954 2952 2953
f 2954 2953 2955
f 2956 2954 2955
f 2956 2955 2957
f 2958 2956 2957
f 2958 2957 2959
f 2960 2958 2959
f 2961 2960 2959
f 2961 2959 2962
f 2963 2961 2962
f 2963 2962 2964
f 2965 2963 2964
f 2965 2964 2966
f 2967 2965 2966
f 2967 2966 2968
f 2969 2967 2968
f 2969 2968 2970
f 2971 2970 2972
f 2971 2969 2970
f 2973 2972 2974
f 2973 2971 2972
f 2975 2973 2974
f 2976 2975 2974
f 2977 2976 2974
f 2978 2977 2974
f 2979 2978 2974
f 2980 2979 2974
f 2981 2980 2974
f 2982 2983 2984
f 2985 2983 2982
f 2986 2983 2985
f 2987 2983 2986
f 2988 2983 2987
f 2989 2983 2988
f 2990 2983 2989
f 2991 2983 2990
f 2992 2983 2991
f 2993 2983 2992
f 2993 2992 2994
f 2995 2983 2993
f 2996 2995 2997
f 2998 2983 2995
f 2998 2995 2996
f 2999 2983 2998
f 3000 2983 2999
f 3000 2999 3001
f 3002 2983 3000
f 3003 3002 3004
f 3005 2983 3002
f 3005 3002 3003
f 3006 3005 3007
f 3006 3007 3008
f 3006 2983 3005
f 3009 2983 3006
f 3010 3009 3011
f 3012 2981 2983
f 3012 2980 2981
f 3013 2983 3009
f 3013 3009 3010
f 3013 3012 2983
f 3014 3015 3012
f 3016 3014 3012
f 3017 3013 3018
f 3017 3018 3019
f 3017 3012 3013
f 3020 3012 3017
f 3021 3022 3023
f 3021 3023 3016
f 3024 3020 3025
f 3024 3012 3020
f 3026 3012 3024
f 3027 3028 3029
f 3030 3029 3021
f 3030 3021 3016
f 3030 3027 3029
f 3031 3026 3032
f 3033 3026 3031
f 3033 3012 3026
f 3034 3035 3036
f 3034 3036 3030
f 3034 3030 3016
f 3034 3016 3012
f 3037 3033 3038
f 3037 3038 3039
f 3037 3012 3033
f 3040 3012 3037
f 3041 3042 3043
f 3041 3043 3034
f 3044 3041 3034
f 3044 3034 3012
f 3045 3040 3046
f 3047 3012 3040
f 3047 3040 3045
f 3048 3049 3044
f 3050 3044 3012
f 3050 3048 3044
f 3051 3012 3047
f 3051 3047 3052
f 3051 3052 3053
f 3054 3050 3012
f 3054 3055 3056
f 3054 3056 3050
f 3054 3012 3051
f 2844 2625 2626
f 2844 2626 2843
f 3057 2628 2848
f 2848 2628 2627
f 2629 3057 3058
f 2628 3057 2629
f 2649 2629 3058
f 2649 2630 2629
f 2679 2678 3059
f 3059 2678 3060
f 3060 2677 3061
f 2678 2677 3060
f 3061 2676 3062
f 2677 2676 3061
f 3062 2675 3063
f 3063 2675 3064
f 2676 2675 3062
f 3064 2674 3065
f 2675 2674 3064
f 3065 2673 3066
f 2674 2673 3065
f 3066 2672 3067
f 2673 2672 3066
f 3067 2671 3068
f 2672 2671 3067
f 3068 2670 3069
f 2671 2670 3068
f 3069 2669 3070
f 3070 2669 3071
f 2670 2669 3069
f 3071 2668 3072
f 2669 2668 3071
f 3072 2667 3073
f 3073 2667 3074
f 2668 2667 3072
f 3074 2666 3075
f 2667 2666 3074
f 3075 2665 3076
f 2666 2665 3075
f 3076 2664 3077
f 3077 2664 3078
f 2665 2664 3076
f 3078 2662 3079
f 2664 2662 3078
f 3079 2649 3058
f 2662 2649 3079
f 2773 3059 3080
f 2773 2679 3059
f 2771 2778 3081
f 3081 2778 3082
f 3082 2780 3083
f 2778 2780 3082
f 2780 2783 3083
f 3083 2783 3084
f 2783 2786 3084
f 3084 2786 3085
f 2786 2789 3085
f 3085 2789 3086
f 2789 2792 3086
f 3086 2792 3087
f 2792 2796 3087
f 3087 2796 3088
f 2796 2799 3088
f 3088 2799 3089
f 2799 2803 3089
f 3089 2803 3090
f 2803 2807 3090
f 3090 2807 3091
f 2807 2811 3091
f 3091 2811 3092
f 3092 2811 3093
f 3093 2815 3094
f 2811 2815 3093
f 2815 2819 3094
f 3094 2819 3095
f 2819 2821 3095
f 3095 2821 3096
f 2821 2825 3096
f 3096 2825 3097
f 2825 2829 3097
f 3097 2829 3098
f 3098 2833 3099
f 2829 2833 3098
f 3099 2837 3100
f 2833 2837 3099
f 3100 2841 3101
f 2837 2841 3100
f 3101 2842 3102
f 3102 2842 3103
f 2841 2842 3101
f 2842 2839 3103
f 3103 2839 3104
f 3104 2835 3105
f 2839 2835 3104
f 3105 2831 3106
f 2835 2831 3105
f 3106 2827 3107
f 2831 2827 3106
f 3107 2823 3108
f 2827 2823 3107
f 3108 2820 3109
f 2823 2820 3108
f 2820 2817 3109
f 3109 2817 3110
f 3110 2813 3111
f 2817 2813 3110
f 2813 2809 3111
f 3111 2809 3112
f 3112 2809 3113
f 2809 2805 3113
f 3113 2805 3114
f 2805 2801 3114
f 3114 2801 3115
f 2801 2798 3115
f 3115 2798 3116
f 2798 2794 3116
f 3116 2794 3117
f 2794 2790 3117
f 3117 2790 3118
f 2790 2787 3118
f 3118 2787 3119
f 2787 2784 3119
f 3119 2784 3120
f 2784 2781 3120
f 3120 2781 3121
f 2781 2779 3121
f 3121 2779 3122
f 3122 2779 3123
f 2779 2776 3123
f 3123 2776 3080
f 2776 2773 3080
f 2767 3081 3124
f 2767 2771 3081
f 3125 2770 3126
f 2770 2702 3126
f 3126 2702 3127
f 3127 2704 3128
f 2702 2704 3127
f 2704 2703 3128
f 3128 2703 3129
f 2703 2705 3129
f 3129 2705 3130
f 2705 2706 3130
f 3130 2706 3131
f 2706 2707 3131
f 2707 2708 3131
f 3131 2708 3132
f 3132 2709 3133
f 2708 2709 3132
f 2709 2710 3133
f 3133 2710 3134
f 3134 2711 3135
f 2710 2711 3134
f 2711 2697 3135
f 3135 2697 3136
f 3136 2696 3137
f 2697 2696 3136
f 2696 2695 3137
f 3137 2695 3138
f 2695 2700 3138
f 3138 2700 3139
f 2700 2699 3139
f 3139 2699 3140
f 2699 2698 3140
f 3140 2698 3141
f 2698 2701 3141
f 3141 2701 3142
f 2701 2712 3142
f 3142 2712 3143
f 2712 2714 3143
f 3143 2714 3144
f 2714 2713 3144
f 3144 2713 3145
f 2713 2715 3145
f 3145 2715 3146
f 2715 2717 3146
f 3146 2717 3147
f 2717 2716 3147
f 3147 2716 3148
f 3148 2718 3149
f 2716 2718 3148
f 3149 2720 3150
f 2718 2720 3149
f 3150 2721 3151
f 2720 2721 3150
f 3151 2719 3152
f 2721 2719 3151
f 3152 2722 3153
f 2719 2722 3152
f 3153 2724 3154
f 2722 2724 3153
f 3154 2723 3155
f 2724 2723 3154
f 3155 2725 3156
f 2723 2725 3155
f 3156 2727 3157
f 2725 2727 3156
f 3157 2728 3158
f 2727 2728 3157
f 2728 2726 3158
f 3158 2726 3159
f 3159 2731 3160
f 2726 2731 3159
f 3160 2730 3161
f 2731 2730 3160
f 3161 2729 3162
f 2730 2729 3161
f 3162 2734 3163
f 2729 2734 3162
f 3163 2733 3164
f 2734 2733 3163
f 3164 2732 3165
f 2733 2732 3164
f 3165 2735 3166
f 2732 2735 3165
f 3166 2737 3167
f 2735 2737 3166
f 3167 2738 3168
f 2737 2738 3167
f 3168 2736 3169
f 2738 2736 3168
f 3169 2741 3170
f 2736 2741 3169
f 3170 2740 3171
f 2741 2740 3170
f 3171 2739 3172
f 2740 2739 3171
f 3172 2742 3173
f 2739 2742 3172
f 3173 2744 3174
f 2742 2744 3173
f 3174 2745 3175
f 2744 2745 3174
f 3175 2743 3176
f 2745 2743 3175
f 3176 2748 3177
f 2743 2748 3176
f 3177 2747 3178
f 2748 2747 3177
f 2747 2746 3178
f 3178 2746 3179
f 2746 2749 3179
f 3179 2749 3180
f 2749 2751 3180
f 3180 2751 3181
f 2751 2752 3181
f 3181 2752 3182
f 2752 2750 3182
f 3182 2750 3183
f 2750 2755 3183
f 3183 2755 3184
f 2755 2754 3184
f 3184 2754 3185
f 2754 2753 3185
f 3185 2753 3186
f 3186 2756 3187
f 2753 2756 3186
f 2756 2758 3187
f 3187 2758 3188
f 3188 2757 3189
f 2758 2757 3188
f 2757 2759 3189
f 3189 2759 3190
f 2759 2761 3190
f 3190 2761 3191
f 3191 2762 3192
f 2761 2762 3191
f 2762 2760 3192
f 3192 2760 3193
f 2760 2763 3193
f 3193 2763 3194
f 2763 2765 3194
f 3194 2765 3195
f 2765 2764 3195
f 3195 2764 3196
f 2764 2766 3196
f 3196 2766 3197
f 2766 2768 3197
f 3197 2768 3198
f 2768 2769 3198
f 3198 2769 3124
f 2769 2767 3124
f 2772 2770 3199
f 3199 2770 3125
f 3200 2775 3201
f 3201 2774 3202
f 2775 2774 3201
f 3202 2777 3203
f 2774 2777 3202
f 2777 2782 3203
f 3203 2782 3204
f 2782 2785 3204
f 3204 2785 3205
f 2785 2788 3205
f 3205 2788 3206
f 2788 2791 3206
f 3206 2791 3207
f 2791 2795 3207
f 3207 2795 3208
f 3208 2795 3209
f 3209 2802 3210
f 2795 2802 3209
f 2802 2806 3210
f 3210 2806 3211
f 2806 2810 3211
f 3211 2810 3212
f 3212 2810 3213
f 2810 2814 3213
f 3213 2814 3214
f 2814 2818 3214
f 3214 2818 3215
f 3215 2824 3216
f 2818 2824 3215
f 3216 2824 3217
f 3217 2828 3218
f 2824 2828 3217
f 3218 2832 3219
f 2828 2832 3218
f 3219 2836 3220
f 3220 2836 3221
f 2832 2836 3219
f 3221 2840 3222
f 2836 2840 3221
f 3222 2838 3223
f 2840 2838 3222
f 3223 2834 3224
f 3224 2834 3225
f 2838 2834 3223
f 3225 2830 3226
f 2834 2830 3225
f 3226 2826 3227
f 2830 2826 3226
f 3227 2822 3228
f 2826 2822 3227
f 3228 2816 3229
f 3229 2816 3230
f 2822 2816 3228
f 2816 2812 3230
f 3230 2812 3231
f 3231 2808 3232
f 2812 2808 3231
f 3232 2804 3233
f 3233 2804 3234
f 2808 2804 3232
f 2804 2800 3234
f 3234 2800 3235
f 3235 2797 3236
f 2800 2797 3235
f 3236 2793 3237
f 2797 2793 3236
f 3237 2772 3199
f 2793 2772 3237
f 2694 3200 3238
f 2694 2775 3200
f 2843 2631 3239
f 2631 2632 3239
f 3239 2632 3240
f 2632 2633 3240
f 3240 2633 3241
f 2633 2634 3241
f 3241 2634 3242
f 2634 2635 3242
f 2635 2636 3242
f 3242 2636 3243
f 2636 2637 3243
f 3243 2637 3244
f 2637 2638 3244
f 3244 2638 3245
f 2638 2639 3245
f 3245 2639 3246
f 2639 2640 3246
f 3246 2640 3247
f 2640 2641 3247
f 3247 2641 3248
f 3248 2642 3249
f 2641 2642 3248
f 3249 2643 3250
f 2642 2643 3249
f 3250 2644 3251
f 2643 2644 3250
f 3251 2645 3252
f 2644 2645 3251
f 3252 2646 3253
f 2645 2646 3252
f 3253 2647 3254
f 2646 2647 3253
f 3254 2648 3255
f 2647 2648 3254
f 3255 2650 3256
f 3256 2650 3257
f 2648 2650 3255
f 2650 2651 3257
f 3257 2651 3258
f 3258 2652 3259
f 2651 2652 3258
f 3259 2653 3260
f 2652 2653 3259
f 2653 2654 3260
f 3260 2654 3261
f 2654 2655 3261
f 3261 2655 3262
f 2655 2656 3262
f 3262 2656 3263
f 2656 2657 3263
f 3263 2657 3264
f 2657 2658 3264
f 3264 2658 3265
f 2658 2659 3265
f 3265 2659 3266
f 2659 2660 3266
f 3266 2660 3267
f 2660 2661 3267
f 3267 2661 3268
f 2661 2663 3268
f 3268 2663 3269
f 2663 2681 3269
f 3269 2681 3270
f 2681 2680 3270
f 3270 2680 3271
f 2680 2682 3271
f 3271 2682 3272
f 2682 2683 3272
f 3272 2683 3273
f 3273 2684 3274
f 2683 2684 3273
f 2684 2685 3274
f 3274 2685 3275
f 2685 2686 3275
f 3275 2686 3276
f 2686 2687 3276
f 3276 2687 3277
f 3277 2688 3278
f 2687 2688 3277
f 2688 2689 3278
f 3278 2689 3279
f 3279 2689 3280
f 2689 2690 3280
f 3280 2690 3281
f 2690 2691 3281
f 2691 2692 3281
f 3281 2692 3238
f 2692 2693 3238
f 2693 2694 3238
f 2844 3282 2845
f 2845 3282 2904
f 3282 3283 2904
f 2904 3283 2901
f 3283 3284 2901
f 2901 3284 2899
f 3284 3285 2899
f 2899 3285 2897
f 2897 3285 2895
f 3285 3286 2895
f 2895 3286 2893
f 3286 3287 2893
f 2893 3287 2891
f 3287 3288 2891
f 2891 3288 2889
f 3288 3289 2889
f 2889 3289 2887
f 3289 3290 2887
f 2887 3290 2885
f 3290 3291 2885
f 2885 3291 2883
f 2883 3292 2865
f 3291 3292 2883
f 2865 3293 2862
f 3292 3293 2865
f 2862 3294 2860
f 3293 3294 2862
f 2860 3295 2858
f 3294 3295 2860
f 2858 3296 2856
f 3295 3296 2858
f 2856 3297 2854
f 3296 3297 2856
f 2854 3298 2852
f 3297 3298 2854
f 3298 3299 2852
f 2852 3300 2850
f 3299 3300 2852
f 2850 3301 2846
f 3300 3301 2850
f 2846 3302 2847
f 3301 3302 2846
f 3302 3303 2847
f 2847 3303 2849
f 3303 3304 2849
f 2849 3304 2851
f 3304 3305 2851
f 2851 3305 2853
f 3305 3306 2853
f 2853 3306 2855
f 3306 3307 2855
f 2855 3307 2857
f 2857 3308 2859
f 3307 3308 2857
f 3308 3309 2859
f 2859 3309 2861
f 3309 3310 2861
f 2861 3310 2863
f 3310 3311 2863
f 2863 3311 2866
f 3311 3312 2866
f 2866 3312 2884
f 3312 3313 2884
f 2884 3313 2886
f 3313 3314 2886
f 2886 3314 2888
f 3314 3315 2888
f 2888 3315 2890
f 3315 3316 2890
f 2890 3316 2892
f 3316 3317 2892
f 2892 3317 2894
f 2894 3318 2896
f 3317 3318 2894
f 3318 3319 2896
f 2896 3319 2898
f 3319 3320 2898
f 2898 3320 2900
f 3320 3321 2900
f 2900 3321 2902
f 3321 3322 2902
f 3322 3323 2902
f 2902 3323 2903
f 3323 3324 2903
f 2903 3324 2905
f 2905 3324 2906
f 3324 3325 2906
f 2906 3325 2907
f 2907 3325 2908
f 3325 3326 2908
f 2908 3326 2910
f 3326 3327 2910
f 2910 3327 2911
f 2911 3328 2913
f 3327 3328 2911
f 2913 3329 2916
f 3328 3329 2913
f 2916 3330 2918
f 3329 3330 2916
f 2918 3331 2920
f 3330 3331 2918
f 3331 3332 2920
f 2920 3332 2922
f 3332 3333 2922
f 2922 3333 2924
f 3333 3334 2924
f 3334 3335 2924
f 2924 3335 2927
f 3335 3336 2927
f 2927 3336 2929
f 3336 3337 2929
f 2929 3337 2931
f 3337 3338 2931
f 3338 3339 2931
f 2931 3339 2933
f 3339 3340 2933
f 2933 3340 2935
f 3340 3341 2935
f 2935 3341 2938
f 3341 3342 2938
f 3342 3343 2938
f 2938 3343 2940
f 3343 3344 2940
f 2940 3344 2942
f 3344 3345 2942
f 2942 3345 2944
f 3345 3346 2944
f 3346 3347 2944
f 2944 3347 2946
f 2946 3348 2949
f 3347 3348 2946
f 3348 3349 2949
f 2949 3349 2951
f 3349 3350 2951
f 2951 3351 2953
f 3350 3351 2951
f 2953 3352 2955
f 3351 3352 2953
f 2955 3353 2957
f 3352 3353 2955
f 2957 3354 2959
f 3353 3354 2957
f 3354 3355 2959
f 2959 3356 2962
f 3355 3356 2959
f 3356 3357 2962
f 2962 3357 2964
f 2964 3358 2966
f 3357 3358 2964
f 3358 3359 2966
f 2966 3360 2968
f 3359 3360 2966
f 3360 3361 2968
f 2968 3361 2970
f 2970 3362 2972
f 3361 3362 2970
f 3362 3363 2972
f 2972 3363 2974
f 3363 3364 2974
f 3364 2981 2974
f 3364 3365 2981
f 3365 3366 2981
f 2981 3366 2983
f 2983 3367 2984
f 3366 3367 2983
f 3367 3368 2984
f 2984 3368 2982
f 3368 3369 2982
f 2982 3369 2985
f 3369 3370 2985
f 2985 3370 2986
f 3370 3371 2986
f 2986 3371 2987
f 2987 3371 2988
f 3371 3372 2988
f 2988 3372 2989
f 2989 3373 2990
f 3372 3373 2989
f 3373 3374 2990
f 2990 3374 2991
f 2991 3375 2992
f 3374 3375 2991
f 3375 3376 2992
f 2992 3376 2994
f 2994 3377 2993
f 3376 3377 2994
f 3377 3378 2993
f 2993 3378 2995
f 3378 3379 2995
f 2995 3379 2997
f 3379 3380 2997
f 2997 3380 2996
f 3380 3381 2996
f 2996 3381 2998
f 3381 3382 2998
f 2998 3382 2999
f 3382 3383 2999
f 2999 3383 3001
f 3383 3384 3001
f 3001 3384 3000
f 3384 3385 3000
f 3000 3385 3002
f 3385 3386 3002
f 3002 3386 3004
f 3386 3387 3004
f 3004 3387 3003
f 3387 3388 3003
f 3003 3388 3005
f 3005 3389 3007
f 3388 3389 3005
f 3007 3390 3008
f 3389 3390 3007
f 3008 3391 3006
f 3390 3391 3008
f 3006 3392 3009
f 3391 3392 3006
f 3392 3393 3009
f 3009 3393 3011
f 3011 3394 3010
f 3393 3394 3011
f 3010 3395 3013
f 3394 3395 3010
f 3013 3396 3018
f 3395 3396 3013
f 3396 3397 3018
f 3018 3397 3019
f 3019 3398 3017
f 3397 3398 3019
f 3017 3399 3020
f 3398 3399 3017
f 3020 3400 3025
f 3399 3400 3020
f 3025 3401 3024
f 3400 3401 3025
f 3024 3402 3026
f 3401 3402 3024
f 3026 3403 3032
f 3402 3403 3026
f 3032 3404 3031
f 3403 3404 3032
f 3031 3405 3033
f 3404 3405 3031
f 3033 3406 3038
f 3405 3406 3033
f 3038 3407 3039
f 3406 3407 3038
f 3039 3408 3037
f 3407 3408 3039
f 3037 3409 3040
f 3408 3409 3037
f 3040 3410 3046
f 3409 3410 3040
f 3046 3411 3045
f 3410 3411 3046
f 3045 3412 3047
f 3411 3412 3045
f 3047 3413 3052
f 3412 3413 3047
f 3052 3414 3053
f 3413 3414 3052
f 3053 3415 3051
f 3414 3415 3053
f 3051 3416 3054
f 3415 3416 3051
f 3054 3417 3055
f 3416 3417 3054
f 3417 3418 3055
f 3055 3418 3056
f 3056 3419 3050
f 3418 3419 3056
f 3050 3420 3048
f 3419 3420 3050
f 3420 3421 3048
f 3048 3421 3049
f 3421 3422 3049
f 3049 3422 3044
f 3422 3423 3044
f 3044 3423 3041
f 3423 3424 3041
f 3041 3424 3042
f 3424 3425 3042
f 3042 3425 3043
f 3425 3426 3043
f 3043 3426 3034
f 3426 3427 3034
f 3034 3427 3035
f 3427 3428 3035
f 3035 3428 3036
f 3036 3429 3030
f 3428 3429 3036
f 3429 3430 3030
f 3030 3430 3027
f 3027 3431 3028
f 3430 3431 3027
f 3431 3432 3028
f 3028 3432 3029
f 3029 3433 3021
f 3432 3433 3029
f 3433 3434 3021
f 3021 3434 3022
f 3434 3435 3022
f 3022 3435 3023
f 3435 3436 3023
f 3023 3436 3016
f 3436 3437 3016
f 3016 3437 3014
f 3437 3438 3014
f 3014 3438 3015
f 3015 3439 3012
f 3438 3439 3015
f 3439 3440 3012
f 3012 3440 2980
f 2980 3440 2979
f 2979 3441 2978
f 3440 3441 2979
f 2978 3442 2977
f 3441 3442 2978
f 3442 3443 2977
f 2977 3443 2976
f 3443 3444 2976
f 2976 3444 2975
f 3444 3445 2975
f 2975 3445 2973
f 3445 3446 2973
f 2973 3446 2971
f 3446 3447 2971
f 2971 3447 2969
f 3447 3448 2969
f 2969 3448 2967
f 3448 3449 2967
f 2967 3449 2965
f 3449 3450 2965
f 2965 3450 2963
f 3450 3451 2963
f 3451 3452 2963
f 2963 3452 2961
f 3452 3453 2961
f 2961 3453 2960
f 3453 3454 2960
f 2960 3454 2958
f 3454 3455 2958
f 2958 3455 2956
f 3455 3456 2956
f 2956 3456 2954
f 3456 3457 2954
f 2954 3457 2952
f 2952 3458 2950
f 3457 3458 2952
f 3458 3459 2950
f 2950 3459 2948
f 2948 3460 2947
f 3459 3460 2948
f 3460 3461 2947
f 2947 3462 2945
f 3461 3462 2947
f 2945 3463 2943
f 3462 3463 2945
f 2943 3464 2941
f 3463 3464 2943
f 2941 3465 2939
f 3464 3465 2941
f 2939 3466 2936
f 3465 3466 2939
f 2936 3467 2937
f 3466 3467 2936
f 3467 3468 2937
f 2937 3468 2934
f 3468 3469 2934
f 2934 3469 2932
f 3469 3470 2932
f 2932 3470 2930
f 3470 3471 2930
f 3471 3472 2930
f 2930 3472 2928
f 3472 3473 2928
f 2928 3473 2925
f 3473 3474 2925
f 2925 3474 2926
f 3474 3475 2926
f 2926 3475 2923
f 3475 3476 2923
f 2923 3476 2921
f 3476 3477 2921
f 2921 3477 2919
f 3477 3478 2919
f 2919 3478 2917
f 3478 3479 2917
f 2917 3479 2914
f 3479 3480 2914
f 2914 3480 2915
f 3480 3481 2915
f 3481 3482 2915
f 2915 3482 2912
f 3482 3483 2912
f 2912 3483 2909
f 3483 3484 2909
f 2909 3484 2877
f 2877 3484 2878
f 2878 3485 2879
f 3484 3485 2878
f 2879 3486 2880
f 3485 3486 2879
f 2880 3487 2881
f 3486 3487 2880
f 3487 3488 2881
f 2881 3489 2882
f 3488 3489 2881
f 2882 3490 2867
f 3489 3490 2882
f 2867 3491 2868
f 3490 3491 2867
f 2868 3492 2869
f 3491 3492 2868
f 2869 3493 2870
f 3492 3493 2869
f 2870 3494 2871
f 3493 3494 2870
f 3494 3495 2871
f 2871 3496 2872
f 3495 3496 2871
f 2872 3497 2873
f 3496 3497 2872
f 3497 3498 2873
f 3498 3499 2873
f 2873 3499 2874
f 2874 3500 2875
f 3499 3500 2874
f 2875 3501 2876
f 3500 3501 2875
f 3501 3502 2876
f 3502 3503 2876
f 2876 3503 2864
f 2864 3504 2848
f 3503 3504 2864
f 3504 3057 2848
f 2843 3239 2844
f 2844 3239 3282
f 3282 3240 3283
f 3239 3240 3282
f 3240 3241 3283
f 3283 3241 3284
f 3241 3242 3284
f 3284 3242 3285
f 3242 3243 3285
f 3285 3243 3286
f 3243 3244 3286
f 3286 3244 3287
f 3244 3245 3287
f 3287 3245 3288
f 3245 3246 3288
f 3288 3246 3289
f 3246 3247 3289
f 3289 3247 3290
f 3247 3248 3290
f 3290 3248 3291
f 3248 3249 3291
f 3291 3249 3292
f 3249 3250 3292
f 3292 3250 3293
f 3250 3251 3293
f 3293 3251 3294
f 3251 3252 3294
f 3294 3252 3295
f 3252 3253 3295
f 3295 3253 3296
f 3253 3254 3296
f 3296 3254 3297
f 3297 3255 3298
f 3254 3255 3297
f 3298 3256 3299
f 3255 3256 3298
f 3299 3257 3300
f 3256 3257 3299
f 3300 3258 3301
f 3257 3258 3300
f 3301 3259 3302
f 3258 3259 3301
f 3302 3260 3303
f 3259 3260 3302
f 3303 3261 3304
f 3260 3261 3303
f 3304 3262 3305
f 3261 3262 3304
f 3305 3263 3306
f 3262 3263 3305
f 3306 3264 3307
f 3263 3264 3306
f 3264 3265 3307
f 3307 3265 3308
f 3265 3266 3308
f 3308 3266 3309
f 3266 3267 3309
f 3309 3267 3310
f 3267 3268 3310
f 3310 3268 3311
f 3268 3269 3311
f 3311 3269 3312
f 3269 3270 3312
f 3312 3270 3313
f 3270 3271 3313
f 3313 3271 3314
f 3271 3272 3314
f 3314 3272 3315
f 3272 3273 3315
f 3315 3273 3316
f 3273 3274 3316
f 3316 3274 3317
f 3274 3275 3317
f 3317 3275 3318
f 3275 3276 3318
f 3318 3276 3319
f 3276 3277 3319
f 3319 3277 3320
f 3277 3278 3320
f 3320 3278 3321
f 3278 3279 3321
f 3321 3279 3322
f 3279 3280 3322
f 3322 3280 3323
f 3280 3281 3323
f 3323 3281 3324
f 3281 3238 3324
f 3324 3238 3325
f 3484 3059 3060
f 3485 3060 3061
f 3485 3484 3060
f 3486 3061 3062
f 3486 3485 3061
f 3487 3062 3063
f 3487 3486 3062
f 3488 3063 3064
f 3488 3487 3063
f 3489 3064 3065
f 3489 3488 3064
f 3490 3065 3066
f 3490 3489 3065
f 3491 3066 3067
f 3491 3490 3066
f 3492 3067 3068
f 3492 3491 3067
f 3493 3068 3069
f 3493 3492 3068
f 3494 3069 3070
f 3494 3493 3069
f 3495 3070 3071
f 3495 3494 3070
f 3496 3071 3072
f 3496 3495 3071
f 3497 3496 3072
f 3497 3072 3073
f 3498 3497 3073
f 3498 3073 3074
f 3499 3498 3074
f 3499 3074 3075
f 3500 3499 3075
f 3500 3075 3076
f 3501 3500 3076
f 3501 3076 3077
f 3502 3501 3077
f 3502 3077 3078
f 3503 3502 3078
f 3503 3078 3079
f 3504 3503 3079
f 3504 3079 3058
f 3057 3504 3058
f 3484 3483 3080
f 3484 3080 3059
f 3440 3081 3082
f 3441 3440 3082
f 3442 3082 3083
f 3442 3441 3082
f 3443 3442 3083
f 3443 3083 3084
f 3444 3443 3084
f 3444 3084 3085
f 3445 3444 3085
f 3445 3085 3086
f 3446 3445 3086
f 3446 3086 3087
f 3447 3446 3087
f 3447 3087 3088
f 3448 3447 3088
f 3448 3088 3089
f 3449 3448 3089
f 3449 3089 3090
f 3450 3449 3090
f 3450 3090 3091
f 3451 3450 3091
f 3451 3091 3092
f 3452 3451 3092
f 3452 3092 3093
f 3453 3452 3093
f 3453 3093 3094
f 3454 3453 3094
f 3454 3094 3095
f 3455 3454 3095
f 3455 3095 3096
f 3456 3455 3096
f 3456 3096 3097
f 3457 3097 3098
f 3457 3456 3097
f 3458 3098 3099
f 3458 3457 3098
f 3459 3099 3100
f 3459 3458 3099
f 3460 3100 3101
f 3460 3459 3100
f 3461 3101 3102
f 3461 3460 3101
f 3462 3102 3103
f 3462 3461 3102
f 3463 3103 3104
f 3463 3462 3103
f 3464 3104 3105
f 3464 3463 3104
f 3465 3105 3106
f 3465 3464 3105
f 3466 3106 3107
f 3466 3465 3106
f 3467 3466 3107
f 3467 3107 3108
f 3468 3467 3108
f 3468 3108 3109
f 3469 3468 3109
f 3469 3109 3110
f 3470 3469 3110
f 3470 3110 3111
f 3471 3470 3111
f 3471 3111 3112
f 3472 3471 3112
f 3472 3112 3113
f 3473 3472 3113
f 3473 3113 3114
f 3474 3473 3114
f 3474 3114 3115
f 3475 3474 3115
f 3475 3115 3116
f 3476 3475 3116
f 3476 3116 3117
f 3477 3476 3117
f 3477 3117 3118
f 3478 3477 3118
f 3478 3118 3119
f 3479 3478 3119
f 3479 3119 3120
f 3480 3479 3120
f 3480 3120 3121
f 3481 3480 3121
f 3481 3121 3122
f 3482 3481 3122
f 3482 3122 3123
f 3483 3482 3123
f 3483 3123 3080
f 3440 3439 3124
f 3440 3124 3081
f 3366 3365 3125
f 3366 3125 3126
f 3367 3366 3126
f 3367 3126 3127
f 3368 3367 3127
f 3368 3127 3128
f 3369 3368 3128
f 3369 3128 3129
f 3370 3369 3129
f 3370 3129 3130
f 3371 3370 3130
f 3371 3130 3131
f 3372 3371 3131
f 3372 3131 3132
f 3373 3132 3133
f 3373 3372 3132
f 3374 3133 3134
f 3374 3373 3133
f 3375 3134 3135
f 3375 3374 3134
f 3376 3135 3136
f 3376 3375 3135
f 3377 3376 3136
f 3377 3136 3137
f 3378 3377 3137
f 3378 3137 3138
f 3379 3378 3138
f 3379 3138 3139
f 3380 3379 3139
f 3380 3139 3140
f 3381 3380 3140
f 3381 3140 3141
f 3382 3381 3141
f 3382 3141 3142
f 3383 3382 3142
f 3383 3142 3143
f 3384 3383 3143
f 3384 3143 3144
f 3385 3384 3144
f 3385 3144 3145
f 3386 3385 3145
f 3386 3145 3146
f 3387 3386 3146
f 3387 3146 3147
f 3388 3387 3147
f 3388 3147 3148
f 3389 3388 3148
f 3389 3148 3149
f 3390 3389 3149
f 3390 3149 3150
f 3391 3150 3151
f 3391 3390 3150
f 3392 3151 3152
f 3392 3391 3151
f 3393 3152 3153
f 3393 3392 3152
f 3394 3153 3154
f 3394 3393 3153
f 3395 3154 3155
f 3395 3394 3154
f 3396 3155 3156
f 3396 3395 3155
f 3397 3156 3157
f 3397 3396 3156
f 3398 3157 3158
f 3398 3397 3157
f 3399 3158 3159
f 3399 3398 3158
f 3400 3159 3160
f 3400 3399 3159
f 3401 3160 3161
f 3401 3400 3160
f 3402 3401 3161
f 3402 3161 3162
f 3403 3402 3162
f 3403 3162 3163
f 3404 3403 3163
f 3404 3163 3164
f 3405 3164 3165
f 3405 3404 3164
f 3406 3165 3166
f 3406 3405 3165
f 3407 3166 3167
f 3407 3406 3166
f 3408 3167 3168
f 3408 3407 3167
f 3409 3168 3169
f 3409 3408 3168
f 3410 3169 3170
f 3410 3409 3169
f 3411 3170 3171
f 3411 3410 3170
f 3412 3171 3172
f 3412 3411 3171
f 3413 3172 3173
f 3413 3412 3172
f 3414 3173 3174
f 3414 3413 3173
f 3415 3174 3175
f 3415 3414 3174
f 3416 3175 3176
f 3416 3415 3175
f 3417 3176 3177
f 3417 3416 3176
f 3418 3177 3178
f 3418 3417 3177
f 3419 3178 3179
f 3419 3418 3178
f 3420 3179 3180
f 3420 3419 3179
f 3421 3180 3181
f 3421 3420 3180
f 3422 3181 3182
f 3422 3421 3181
f 3423 3182 3183
f 3423 3422 3182
f 3424 3183 3184
f 3424 3423 3183
f 3425 3184 3185
f 3425 3424 3184
f 3426 3185 3186
f 3426 3425 3185
f 3427 3186 3187
f 3427 3426 3186
f 3428 3427 3187
f 3428 3187 3188
f 3429 3428 3188
f 3429 3188 3189
f 3430 3429 3189
f 3430 3189 3190
f 3431 3430 3190
f 3431 3190 3191
f 3432 3431 3191
f 3432 3191 3192
f 3433 3432 3192
f 3433 3192 3193
f 3434 3433 3193
f 3434 3193 3194
f 3435 3434 3194
f 3435 3194 3195
f 3436 3435 3195
f 3436 3195 3196
f 3437 3436 3196
f 3437 3196 3197
f 3438 3437 3197
f 3438 3197 3198
f 3439 3198 3124
f 3439 3438 3198
f 3125 3364 3199
f 3365 3364 3125
f 3326 3200 3327
f 3327 3201 3328
f 3200 3201 3327
f 3328 3202 3329
f 3201 3202 3328
f 3329 3203 3330
f 3202 3203 3329
f 3330 3204 3331
f 3203 3204 3330
f 3204 3205 3331
f 3331 3205 3332
f 3205 3206 3332
f 3332 3206 3333
f 3206 3207 3333
f 3333 3207 3334
f 3207 3208 3334
f 3334 3208 3335
f 3208 3209 3335
f 3335 3209 3336
f 3209 3210 3336
f 3336 3210 3337
f 3210 3211 3337
f 3337 3211 3338
f 3211 3212 3338
f 3338 3212 3339
f 3212 3213 3339
f 3339 3213 3340
f 3213 3214 3340
f 3340 3214 3341
f 3214 3215 3341
f 3341 3215 3342
f 3215 3216 3342
f 3342 3216 3343
f 3216 3217 3343
f 3343 3217 3344
f 3217 3218 3344
f 3344 3218 3345
f 3218 3219 3345
f 3345 3219 3346
f 3346 3220 3347
f 3219 3220 3346
f 3347 3221 3348
f 3220 3221 3347
f 3348 3222 3349
f 3221 3222 3348
f 3349 3223 3350
f 3222 3223 3349
f 3350 3224 3351
f 3223 3224 3350
f 3351 3225 3352
f 3224 3225 3351
f 3352 3226 3353
f 3225 3226 3352
f 3353 3227 3354
f 3226 3227 3353
f 3354 3228 3355
f 3227 3228 3354
f 3355 3229 3356
f 3228 3229 3355
f 3229 3230 3356
f 3356 3230 3357
f 3230 3231 3357
f 3357 3231 3358
f 3231 3232 3358
f 3358 3232 3359
f 3232 3233 3359
f 3359 3233 3360
f 3233 3234 3360
f 3234 3235 3360
f 3360 3235 3361
f 3235 3236 3361
f 3361 3236 3362
f 3362 3236 3363
f 3236 3237 3363
f 3363 3237 3364
f 3237 3199 3364
f 3326 3238 3200
f 3326 3325 3238
f 3505 3506 3507
f 3505 3507 3508
f 3506 3509 3507
f 3509 3510 3507
f 3510 3511 3507
f 3507 3512 3508
f 3511 3512 3507
f 3508 3513 3514
f 3512 3513 3508
f 3505 3508 3514
f 3515 3505 3514
f 3516 3505 3515
f 3506 3505 3509
f 3505 3517 3509
f 3505 3516 3517
f 3516 3518 3517
f 3518 3519 3517
f 3519 3520 3517
f 3520 3521 3517
f 3521 3522 3517
f 3522 3523 3517
f 3523 3524 3517
f 3524 3525 3517
f 3525 3526 3517
f 3526 3527 3517
f 3527 3528 3517
f 3528 3529 3517
f 3529 3530 3517
f 3530 3531 3517
f 3531 3532 3517
f 3532 3533 3517
f 3533 3534 3517
f 3534 3535 3517
f 3536 3535 3534
f 3537 3535 3536
f 3538 3535 3537
f 3539 3535 3538
f 3540 3535 3539
f 3541 3535 3540
f 3542 3535 3541
f 3543 3535 3542
f 3544 3535 3543
f 3545 3535 3544
f 3546 3535 3545
f 3547 3535 3546
f 3547 3548 3535
f 3549 3548 3547
f 3549 3550 3548
f 3549 3551 3550
f 3549 3552 3551
f 3549 3553 3552
f 3549 3554 3553
f 3549 3555 3554
f 3549 3556 3555
f 3549 3557 3556
f 3549 3558 3557
f 3549 3559 3558
f 3549 3560 3559
f 3549 3561 3560
f 3549 3562 3561
f 3549 3563 3562
f 3549 3564 3563
f 3565 3566 3567
f 3568 3566 3565
f 3569 3566 3568
f 3570 3566 3569
f 3571 3566 3570
f 3572 3566 3571
f 3573 3566 3572
f 3574 3566 3573
f 3575 3566 3574
f 3576 3566 3575
f 3577 3566 3576
f 3578 3566 3577
f 3549 3566 3564
f 3579 3566 3549
f 3580 3566 3579
f 3567 3566 3580
f 3581 3582 3583
f 3584 3585 3586
f 3585 3587 3586
f 3588 3589 3590
f 3591 3589 3588
f 3592 3589 3591
f 3593 3589 3592
f 3594 3589 3593
f 3595 3589 3594
f 3596 3589 3595
f 3582 3589 3583
f 3597 3589 3596
f 3583 3589 3597
f 3586 3589 3582
f 3598 3589 3587
f 3587 3589 3586
f 3599 3600 3598
f 3598 3600 3589
f 3600 3601 3589
f 3602 3603 3601
f 3603 3604 3601
f 3601 3604 3589
f 3604 3605 3589
f 3606 3605 3604
f 3607 3605 3606
f 3605 3608 3589
f 3609 3610 3608
f 3608 3611 3589
f 3610 3611 3608
f 3612 3613 3611
f 3614 3613 3612
f 3615 3616 3617
f 3618 3619 3620
f 3619 3621 3620
f 3622 3623 3621
f 3624 3623 3622
f 3625 3626 3627
f 3626 3628 3627
f 3629 3630 3628
f 3631 3630 3629
f 3632 3633 3634
f 3633 3635 3634
f 3636 3637 3635
f 3638 3637 3636
f 3639 3640 3641
f 3641 3642 3637
f 3640 3642 3641
f 3643 3644 3642
f 3644 3645 3642
f 3646 3647 3645
f 3648 3647 3646
f 3647 3649 3645
f 3650 3651 3649
f 3649 3652 3645
f 3651 3652 3649
f 3645 3652 3642
f 3627 3653 3623
f 3634 3653 3630
f 3611 3653 3589
f 3613 3653 3611
f 3652 3653 3642
f 3642 3653 3637
f 3616 3653 3617
f 3654 3653 3652
f 3621 3653 3620
f 3655 3653 3654
f 3623 3653 3621
f 3628 3653 3627
f 3637 3653 3635
f 3630 3653 3628
f 3589 3653 3656
f 3635 3653 3634
f 3617 3653 3613
f 3620 3653 3616
f 3656 3657 3658
f 3653 3657 3656
f 3659 3660 3661
f 3578 3660 3566
f 3661 3660 3578
f 3659 3662 3660
f 3663 3662 3659
f 3657 3664 3658
f 3663 3665 3662
f 3664 3666 3658
f 3667 3668 3663
f 3663 3668 3665
f 3666 3669 3658
f 3670 3671 3667
f 3667 3671 3668
f 3669 3672 3658
f 3673 3674 3670
f 3670 3674 3671
f 3672 3675 3658
f 3676 3677 3673
f 3673 3677 3674
f 3658 3678 3679
f 3675 3678 3658
f 3680 3681 3676
f 3676 3681 3677
f 3679 3682 3683
f 3678 3682 3679
f 3680 3684 3681
f 3683 3685 3686
f 3682 3685 3683
f 3687 3688 3680
f 3680 3688 3684
f 3686 3689 3690
f 3685 3689 3686
f 3691 3692 3687
f 3687 3692 3688
f 3689 3693 3690
f 3690 3693 3694
f 3691 3695 3692
f 3696 3695 3691
f 3693 3697 3694
f 3694 3697 3698
f 3699 3700 3696
f 3696 3700 3695
f 3697 3701 3698
f 3698 3701 3702
f 3699 3703 3700
f 3704 3703 3699
f 3701 3705 3702
f 3704 3706 3703
f 3702 3707 3708
f 3705 3707 3702
f 3709 3710 3704
f 3704 3710 3706
f 3707 3711 3708
f 3708 3711 3712
f 3709 3713 3710
f 3714 3713 3709
f 3711 3715 3712
f 3712 3715 3716
f 3717 3718 3714
f 3714 3718 3713
f 3715 3719 3716
f 3716 3719 3720
f 3717 3721 3718
f 3722 3721 3717
f 3719 3723 3720
f 3720 3723 3724
f 3722 3725 3721
f 3726 3725 3722
f 3723 3727 3724
f 3724 3727 3726
f 3726 3728 3725
f 3727 3728 3726
f 3729 3730 3731
f 3731 3730 3517
f 3730 3509 3517
f 3509 3732 3510
f 3730 3732 3509
f 3732 3511 3510
f 3512 3511 3732
f 3512 3732 3733
f 3513 3512 3733
f 3734 3733 3735
f 3734 3513 3733
f 3513 3734 3514
f 3514 3734 3515
f 3516 3515 3736
f 3518 3516 3736
f 3518 3736 3737
f 3519 3518 3737
f 3519 3737 3738
f 3520 3519 3738
f 3520 3738 3739
f 3521 3520 3739
f 3522 3521 3739
f 3522 3739 3740
f 3523 3522 3740
f 3523 3740 3741
f 3524 3523 3741
f 3524 3741 3742
f 3525 3524 3742
f 3525 3742 3743
f 3526 3525 3743
f 3526 3743 3744
f 3527 3526 3744
f 3527 3744 3745
f 3528 3745 3746
f 3528 3527 3745
f 3529 3746 3747
f 3529 3528 3746
f 3530 3747 3748
f 3530 3529 3747
f 3531 3748 3749
f 3531 3530 3748
f 3532 3749 3750
f 3532 3531 3749
f 3533 3750 3751
f 3533 3532 3750
f 3534 3751 3752
f 3534 3533 3751
f 3536 3752 3753
f 3536 3753 3754
f 3536 3534 3752
f 3537 3536 3754
f 3537 3754 3755
f 3538 3755 3756
f 3538 3537 3755
f 3539 3756 3757
f 3539 3538 3756
f 3540 3539 3757
f 3540 3757 3758
f 3541 3540 3758
f 3541 3758 3759
f 3542 3541 3759
f 3542 3759 3760
f 3543 3542 3760
f 3543 3760 3761
f 3544 3543 3761
f 3544 3761 3762
f 3545 3544 3762
f 3545 3762 3763
f 3546 3545 3763
f 3546 3763 3764
f 3547 3546 3764
f 3547 3764 3765
f 3549 3547 3765
f 3549 3765 3766
f 3579 3549 3766
f 3579 3766 3767
f 3580 3579 3767
f 3580 3767 3768
f 3567 3580 3768
f 3567 3768 3769
f 3565 3567 3769
f 3565 3769 3770
f 3568 3770 3771
f 3568 3565 3770
f 3569 3568 3771
f 3569 3771 3772
f 3570 3569 3772
f 3570 3772 3773
f 3571 3570 3773
f 3571 3773 3774
f 3572 3774 3775
f 3572 3571 3774
f 3573 3572 3775
f 3573 3775 3776
f 3573 3776 3777
f 3574 3573 3777
f 3574 3777 3778
f 3575 3574 3778
f 3576 3575 3778
f 3576 3778 3779
f 3577 3576 3779
f 3578 3577 3779
f 3780 3578 3779
f 3661 3578 3780
f 3661 3780 3781
f 3659 3781 3782
f 3659 3661 3781
f 3663 3782 3783
f 3663 3659 3782
f 3667 3663 3783
f 3667 3783 3784
f 3670 3667 3784
f 3670 3784 3785
f 3673 3670 3785
f 3673 3785 3786
f 3676 3673 3786
f 3676 3786 3787
f 3680 3676 3787
f 3680 3787 3788
f 3680 3788 3789
f 3687 3789 3790
f 3687 3680 3789
f 3691 3687 3790
f 3691 3790 3791
f 3696 3691 3791
f 3696 3791 3792
f 3696 3792 3793
f 3699 3696 3793
f 3699 3793 3794
f 3704 3699 3794
f 3704 3794 3795
f 3709 3795 3796
f 3709 3704 3795
f 3709 3796 3797
f 3714 3797 3798
f 3714 3709 3797
f 3717 3798 3799
f 3717 3714 3798
f 3722 3799 3800
f 3722 3800 3801
f 3722 3717 3799
f 3726 3801 3802
f 3726 3722 3801
f 3724 3802 3803
f 3724 3726 3802
f 3720 3803 3804
f 3720 3804 3805
f 3720 3724 3803
f 3716 3805 3806
f 3716 3720 3805
f 3712 3806 3807
f 3712 3716 3806
f 3708 3807 3808
f 3708 3712 3807
f 3702 3808 3809
f 3702 3809 3810
f 3702 3708 3808
f 3698 3702 3810
f 3698 3810 3811
f 3694 3811 3812
f 3694 3698 3811
f 3690 3812 3813
f 3690 3813 3814
f 3690 3694 3812
f 3686 3690 3814
f 3686 3814 3815
f 3683 3815 3816
f 3683 3686 3815
f 3679 3816 3817
f 3679 3683 3816
f 3658 3817 3818
f 3658 3679 3817
f 3656 3658 3818
f 3656 3818 3819
f 3656 3819 3820
f 3589 3656 3820
f 3589 3820 3821
f 3590 3821 3822
f 3590 3589 3821
f 3588 3590 3822
f 3588 3822 3823
f 3591 3588 3823
f 3591 3823 3824
f 3592 3591 3824
f 3592 3824 3825
f 3593 3592 3825
f 3594 3593 3825
f 3594 3825 3826
f 3595 3826 3827
f 3595 3594 3826
f 3596 3595 3827
f 3596 3827 3828
f 3597 3828 3829
f 3597 3596 3828
f 3583 3597 3829
f 3583 3829 3830
f 3581 3830 3831
f 3581 3583 3830
f 3582 3581 3831
f 3582 3831 3832
f 3586 3582 3832
f 3586 3832 3833
f 3584 3586 3833
f 3584 3833 3834
f 3585 3584 3834
f 3585 3834 3835
f 3587 3585 3835
f 3587 3835 3836
f 3598 3587 3836
f 3598 3836 3837
f 3599 3598 3837
f 3599 3837 3838
f 3600 3599 3838
f 3600 3838 3839
f 3601 3600 3839
f 3601 3839 3840
f 3602 3601 3840
f 3602 3840 3841
f 3603 3602 3841
f 3603 3841 3842
f 3604 3842 3843
f 3604 3603 3842
f 3606 3843 3844
f 3606 3604 3843
f 3607 3844 3845
f 3607 3606 3844
f 3605 3845 3846
f 3605 3607 3845
f 3608 3846 3847
f 3608 3605 3846
f 3609 3847 3848
f 3609 3608 3847
f 3610 3848 3849
f 3610 3609 3848
f 3611 3849 3850
f 3611 3610 3849
f 3612 3850 3851
f 3612 3611 3850
f 3614 3851 3852
f 3614 3612 3851
f 3613 3614 3852
f 3613 3852 3853
f 3617 3853 3854
f 3617 3613 3853
f 3615 3854 3855
f 3615 3617 3854
f 3616 3855 3856
f 3616 3615 3855
f 3620 3856 3857
f 3620 3616 3856
f 3618 3857 3858
f 3618 3620 3857
f 3619 3858 3859
f 3619 3618 3858
f 3621 3859 3860
f 3621 3619 3859
f 3622 3860 3861
f 3622 3621 3860
f 3624 3861 3862
f 3624 3622 3861
f 3623 3862 3863
f 3623 3624 3862
f 3627 3863 3864
f 3627 3623 3863
f 3625 3864 3865
f 3625 3627 3864
f 3626 3865 3866
f 3626 3625 3865
f 3628 3866 3867
f 3628 3626 3866
f 3629 3867 3868
f 3629 3628 3867
f 3631 3868 3869
f 3631 3629 3868
f 3630 3869 3870
f 3630 3631 3869
f 3634 3870 3871
f 3634 3630 3870
f 3632 3871 3872
f 3632 3634 3871
f 3633 3632 3872
f 3633 3872 3873
f 3635 3633 3873
f 3635 3873 3874
f 3636 3635 3874
f 3636 3874 3875
f 3638 3636 3875
f 3638 3875 3876
f 3637 3638 3876
f 3637 3876 3877
f 3641 3637 3877
f 3641 3877 3878
f 3639 3641 3878
f 3639 3878 3879
f 3640 3639 3879
f 3640 3879 3880
f 3642 3880 3881
f 3642 3640 3880
f 3643 3642 3881
f 3643 3881 3882
f 3644 3882 3883
f 3644 3643 3882
f 3645 3644 3883
f 3645 3883 3884
f 3646 3645 3884
f 3646 3884 3885
f 3648 3885 3886
f 3648 3646 3885
f 3647 3648 3886
f 3647 3886 3887
f 3649 3647 3887
f 3649 3887 3888
f 3650 3649 3888
f 3650 3888 3889
f 3651 3650 3889
f 3651 3889 3890
f 3652 3651 3890
f 3652 3890 3891
f 3654 3652 3891
f 3654 3891 3892
f 3655 3654 3892
f 3655 3892 3893
f 3653 3655 3893
f 3657 3653 3893
f 3657 3893 3894
f 3664 3657 3894
f 3664 3894 3895
f 3666 3895 3896
f 3666 3664 3895
f 3669 3666 3896
f 3669 3896 3897
f 3672 3669 3897
f 3672 3897 3898
f 3675 3672 3898
f 3675 3898 3899
f 3678 3675 3899
f 3678 3899 3900
f 3682 3678 3900
f 3682 3900 3901
f 3685 3682 3901
f 3685 3901 3902
f 3689 3685 3902
f 3689 3902 3903
f 3693 3689 3903
f 3693 3903 3904
f 3697 3693 3904
f 3697 3904 3905
f 3697 3905 3906
f 3701 3906 3907
f 3701 3697 3906
f 3705 3701 3907
f 3705 3907 3908
f 3707 3705 3908
f 3707 3908 3909
f 3711 3707 3909
f 3711 3909 3910
f 3715 3711 3910
f 3715 3910 3911
f 3719 3911 3912
f 3719 3715 3911
f 3723 3912 3913
f 3723 3719 3912
f 3727 3913 3914
f 3727 3723 3913
f 3728 3914 3915
f 3728 3915 3916
f 3728 3727 3914
f 3725 3728 3916
f 3725 3916 3917
f 3721 3917 3918
f 3721 3725 3917
f 3718 3918 3919
f 3718 3721 3918
f 3713 3919 3920
f 3713 3718 3919
f 3710 3920 3921
f 3710 3713 3920
f 3706 3921 3922
f 3706 3710 3921
f 3703 3706 3922
f 3703 3922 3923
f 3700 3923 3924
f 3700 3703 3923
f 3695 3700 3924
f 3695 3924 3925
f 3695 3925 3926
f 3692 3695 3926
f 3692 3926 3927
f 3688 3692 3927
f 3688 3927 3928
f 3684 3688 3928
f 3684 3928 3929
f 3681 3684 3929
f 3681 3929 3930
f 3677 3681 3930
f 3677 3930 3931
f 3674 3677 3931
f 3674 3931 3932
f 3671 3674 3932
f 3671 3932 3933
f 3668 3671 3933
f 3668 3933 3934
f 3665 3668 3934
f 3665 3934 3935
f 3665 3935 3936
f 3662 3665 3936
f 3662 3936 3937
f 3660 3662 3937
f 3938 3660 3937
f 3566 3660 3938
f 3564 3566 3938
f 3564 3938 3939
f 3563 3939 3940
f 3563 3564 3939
f 3562 3940 3941
f 3562 3563 3940
f 3561 3941 3942
f 3561 3942 3943
f 3561 3562 3941
f 3560 3943 3944
f 3560 3561 3943
f 3559 3944 3945
f 3559 3560 3944
f 3558 3945 3946
f 3558 3559 3945
f 3557 3946 3947
f 3557 3558 3946
f 3556 3947 3948
f 3556 3557 3947
f 3555 3948 3949
f 3555 3949 3950
f 3555 3556 3948
f 3554 3950 3951
f 3554 3555 3950
f 3553 3951 3952
f 3553 3952 3953
f 3553 3554 3951
f 3552 3953 3954
f 3552 3553 3953
f 3551 3954 3955
f 3551 3552 3954
f 3550 3955 3956
f 3550 3956 3957
f 3550 3551 3955
f 3548 3957 3958
f 3548 3550 3957
f 3535 3958 3959
f 3535 3548 3958
f 3731 3535 3959
f 3517 3535 3731
f 3960 3729 3959
f 3959 3729 3731
f 3729 3960 3961
f 3729 3961 3730
f 3962 3963 3961
f 3961 3964 3962
f 3963 3965 3961
f 3961 3966 3964
f 3965 3967 3961
f 3961 3968 3966
f 3961 3969 3730
f 3967 3969 3961
f 3961 3970 3968
f 3969 3971 3730
f 3961 3972 3970
f 3971 3973 3730
f 3961 3974 3972
f 3973 3975 3730
f 3961 3976 3974
f 3975 3977 3730
f 3978 3979 3961
f 3961 3979 3976
f 3977 3980 3730
f 3981 3982 3983
f 3983 3982 3984
f 3984 3982 3985
f 3985 3982 3986
f 3986 3982 3987
f 3987 3982 3988
f 3988 3982 3989
f 3989 3982 3990
f 3990 3982 3991
f 3991 3982 3978
f 3978 3982 3979
f 3992 3982 3993
f 3993 3982 3994
f 3994 3982 3995
f 3995 3982 3996
f 3996 3982 3997
f 3997 3982 3981
f 3980 3998 3730
f 3992 3999 3982
f 3998 4000 3730
f 3992 4001 3999
f 4000 4002 3730
f 3992 4003 4001
f 4002 4004 3730
f 3992 4005 4003
f 4004 4006 3730
f 3992 4007 4005
f 4006 4008 3730
f 3992 4009 4007
f 4008 4010 3730
f 3992 4011 4009
f 4010 4012 3730
f 3992 4013 4011
f 4012 4014 3730
f 3992 4015 4013
f 4014 4016 3730
f 3992 4017 4015
f 3992 4018 4017
f 4016 4019 3730
f 3992 4020 4018
f 4019 3735 3730
f 3992 4021 4020
f 3992 4022 4021
f 3992 4023 4022
f 4024 4023 3992
f 3730 3733 3732
f 3735 3733 3730
f 4024 4025 4023
f 4024 4026 4025
f 4027 4026 4024
f 4027 4028 4026
f 4029 4028 4030
f 4030 4028 4027
f 4029 4031 4028
f 4032 4031 4029
f 4032 4033 4031
f 4034 4033 4032
f 4034 4035 4033
f 4036 4035 4034
f 4037 4038 4036
f 4036 4038 4035
f 4039 4040 4041
f 4041 4040 4037
f 4037 4040 4038
f 4042 4043 4039
f 4039 4043 4040
f 4044 4045 4042
f 4042 4045 4043
f 4044 4046 4045
f 4047 4046 4044
f 4047 4048 4046
f 4049 4048 4047
f 4049 4050 4048
f 4051 4050 4052
f 4052 4050 4049
f 4051 4053 4050
f 4054 4053 4051
f 4054 4055 4053
f 4056 4055 4054
f 4056 4057 4055
f 4058 4057 4056
f 4058 4059 4057
f 4060 4059 4058
f 4060 4061 4059
f 4062 4061 4060
f 4062 4063 4061
f 4063 4064 4061
f 4063 4065 4064
f 4064 4065 4066
f 4065 4067 4066
f 4066 4067 4068
f 4067 4069 4068
f 4068 4069 4070
f 4069 4071 4070
f 4070 4071 4072
f 4071 4073 4072
f 4072 4073 4074
f 4073 4075 4074
f 4075 4076 4074
f 4074 4076 4077
f 4076 4078 4077
f 4077 4078 4079
f 4078 4080 4079
f 4079 4080 4081
f 4080 4082 4081
f 4081 4082 4083
f 4082 4084 4083
f 4083 4084 4085
f 4085 4086 4087
f 4084 4086 4085
f 4087 4088 4089
f 4086 4088 4087
f 4088 4090 4089
f 4090 4091 4089
f 4091 4092 4089
f 4092 4093 4089
f 4093 4094 4089
f 4094 4095 4089
f 4095 4096 4089
f 4097 4098 4099
f 4097 4100 4098
f 4097 4101 4100
f 4097 4102 4101
f 4097 4103 4102
f 4097 4104 4103
f 4097 4105 4104
f 4097 4106 4105
f 4097 4107 4106
f 4097 4108 4107
f 4107 4108 4109
f 4097 4110 4108
f 4110 4111 4112
f 4097 4113 4110
f 4110 4113 4111
f 4097 4114 4113
f 4097 4115 4114
f 4114 4115 4116
f 4097 4117 4115
f 4117 4118 4119
f 4097 4120 4117
f 4117 4120 4118
f 4120 4121 4122
f 4122 4121 4123
f 4097 4121 4120
f 4097 4124 4121
f 4124 4125 4126
f 4096 4127 4097
f 4095 4127 4096
f 4097 4128 4124
f 4124 4128 4125
f 4127 4128 4097
f 4129 4130 4127
f 4130 4131 4127
f 4128 4132 4133
f 4133 4132 4134
f 4127 4132 4128
f 4127 4135 4132
f 4136 4137 4138
f 4138 4137 4131
f 4135 4139 4140
f 4127 4139 4135
f 4127 4141 4139
f 4142 4143 4144
f 4144 4145 4137
f 4137 4145 4131
f 4143 4145 4144
f 4141 4146 4147
f 4141 4148 4146
f 4127 4148 4141
f 4149 4150 4151
f 4151 4150 4145
f 4145 4150 4131
f 4131 4150 4127
f 4148 4152 4153
f 4153 4152 4154
f 4127 4152 4148
f 4127 4155 4152
f 4156 4157 4158
f 4158 4157 4150
f 4157 4159 4150
f 4150 4159 4127
f 4155 4160 4161
f 4127 4162 4155
f 4155 4162 4160
f 4163 4164 4159
f 4159 4165 4127
f 4164 4165 4159
f 4127 4166 4162
f 4162 4166 4167
f 4167 4166 4168
f 4165 4169 4127
f 4170 4169 4171
f 4171 4169 4165
f 4127 4169 4166
f 4172 3734 3735
f 4172 3735 4019
f 4173 4172 4019
f 4173 4019 4016
f 4174 4173 4016
f 4174 4016 4014
f 4175 4174 4014
f 4175 4014 4012
f 4175 4012 4010
f 4176 4175 4010
f 4176 4010 4008
f 4177 4176 4008
f 4177 4008 4006
f 4178 4177 4006
f 4178 4006 4004
f 4179 4178 4004
f 4179 4004 4002
f 4180 4179 4002
f 4180 4002 4000
f 4181 4180 4000
f 4181 4000 3998
f 4182 3998 3980
f 4182 4181 3998
f 4183 3980 3977
f 4183 4182 3980
f 4184 3977 3975
f 4184 4183 3977
f 4185 3975 3973
f 4185 4184 3975
f 4186 3973 3971
f 4186 4185 3973
f 4187 3971 3969
f 4187 4186 3971
f 4188 3969 3967
f 4188 4187 3969
f 4189 4188 3967
f 4190 3967 3965
f 4190 4189 3967
f 4191 3965 3963
f 4191 4190 3965
f 4192 3963 3962
f 4192 4191 3963
f 4193 4192 3962
f 4193 3962 3964
f 4194 4193 3964
f 4194 3964 3966
f 4195 4194 3966
f 4195 3966 3968
f 4196 4195 3968
f 4196 3968 3970
f 4197 4196 3970
f 4197 3970 3972
f 4198 3972 3974
f 4198 4197 3972
f 4199 4198 3974
f 4199 3974 3976
f 4200 4199 3976
f 4200 3976 3979
f 4201 4200 3979
f 4201 3979 3982
f 4202 4201 3982
f 4202 3982 3999
f 4203 4202 3999
f 4203 3999 4001
f 4204 4203 4001
f 4204 4001 4003
f 4205 4204 4003
f 4205 4003 4005
f 4206 4205 4005
f 4206 4005 4007
f 4207 4206 4007
f 4207 4007 4009
f 4208 4009 4011
f 4208 4207 4009
f 4209 4208 4011
f 4209 4011 4013
f 4210 4209 4013
f 4210 4013 4015
f 4211 4210 4015
f 4211 4015 4017
f 4212 4211 4017
f 4213 4212 4017
f 4213 4017 4018
f 4214 4213 4018
f 4214 4018 4020
f 4214 4020 4021
f 4215 4214 4021
f 4215 4021 4022
f 4215 4022 4023
f 3515 3734 3736
f 3736 4172 3737
f 3734 4172 3736
f 4172 4173 3737
f 3737 4173 3738
f 4173 4174 3738
f 3738 4174 3739
f 4174 4175 3739
f 3739 4175 3740
f 4175 4176 3740
f 3740 4176 3741
f 4176 4177 3741
f 3741 4177 3742
f 4177 4178 3742
f 3742 4178 3743
f 4178 4179 3743
f 3743 4179 3744
f 4179 4180 3744
f 3744 4180 3745
f 4180 4181 3745
f 4181 4182 3745
f 3745 4182 3746
f 4182 4183 3746
f 3746 4183 3747
f 3747 4183 3748
f 4183 4184 3748
f 3748 4184 3749
f 4184 4185 3749
f 3749 4185 3750
f 4185 4186 3750
f 3750 4186 3751
f 4186 4187 3751
f 3751 4187 3752
f 3752 4188 3753
f 4187 4188 3752
f 3753 4189 3754
f 4188 4189 3753
f 3754 4190 3755
f 4189 4190 3754
f 3755 4191 3756
f 4190 4191 3755
f 3756 4192 3757
f 4191 4192 3756
f 3757 4193 3758
f 4192 4193 3757
f 3758 4194 3759
f 4193 4194 3758
f 3759 4195 3760
f 4194 4195 3759
f 3760 4196 3761
f 4195 4196 3760
f 3761 4197 3762
f 4196 4197 3761
f 4197 4198 3762
f 3762 4198 3763
f 4198 4199 3763
f 3763 4199 3764
f 4199 4200 3764
f 3764 4200 3765
f 4200 4201 3765
f 3765 4201 3766
f 4201 4202 3766
f 3766 4202 3767
f 4202 4203 3767
f 3767 4203 3768
f 4203 4204 3768
f 3768 4204 3769
f 4204 4205 3769
f 3769 4205 3770
f 4205 4206 3770
f 3770 4206 3771
f 4206 4207 3771
f 3771 4207 3772
f 4207 4208 3772
f 3772 4208 3773
f 4208 4209 3773
f 3773 4209 3774
f 4209 4210 3774
f 3774 4210 3775
f 4210 4211 3775
f 3775 4211 3776
f 4211 4212 3776
f 3776 4212 3777
f 4212 4213 3777
f 3777 4213 3778
f 4213 4214 3778
f 3778 4214 3779
f 4214 4215 3779
f 3779 4216 3780
f 4215 4216 3779
f 3780 4216 3781
f 3781 4217 3782
f 4216 4217 3781
f 3782 4218 3783
f 4217 4218 3782
f 3783 4219 3784
f 4218 4219 3783
f 3784 4220 3785
f 4219 4220 3784
f 4220 4221 3785
f 3785 4221 3786
f 4221 4222 3786
f 3786 4222 3787
f 4222 4223 3787
f 3787 4223 3788
f 4223 4224 3788
f 3788 4224 3789
f 4224 4225 3789
f 3789 4225 3790
f 4225 4226 3790
f 3790 4226 3791
f 4226 4227 3791
f 3791 4227 3792
f 4227 4228 3792
f 3792 4228 3793
f 4228 4229 3793
f 3793 4229 3794
f 4229 4230 3794
f 3794 4230 3795
f 4230 4231 3795
f 3795 4231 3796
f 4231 4232 3796
f 3796 4232 3797
f 4232 4233 3797
f 3797 4233 3798
f 3798 4234 3799
f 4233 4234 3798
f 3799 4235 3800
f 4234 4235 3799
f 3800 4236 3801
f 4235 4236 3800
f 3801 4237 3802
f 4236 4237 3801
f 3802 4238 3803
f 4237 4238 3802
f 3803 4239 3804
f 4238 4239 3803
f 3804 4240 3805
f 4239 4240 3804
f 3805 4241 3806
f 4240 4241 3805
f 3806 4242 3807
f 4241 4242 3806
f 3807 4243 3808
f 4242 4243 3807
f 3808 4244 3809
f 4243 4244 3808
f 3809 4245 3810
f 4244 4245 3809
f 4245 4246 3810
f 3810 4246 3811
f 4246 4247 3811
f 3811 4247 3812
f 4247 4248 3812
f 3812 4248 3813
f 4248 4249 3813
f 3813 4249 3814
f 4249 4250 3814
f 3814 4250 3815
f 4250 4251 3815
f 3815 4251 3816
f 4251 4252 3816
f 3816 4252 3817
f 4252 4253 3817
f 3817 4253 3818
f 4253 4254 3818
f 4254 4255 3818
f 3818 4255 3819
f 3820 3819 4255
f 3820 4255 4256
f 3821 3820 4256
f 3821 4256 4257
f 3822 3821 4257
f 3822 4257 4258
f 3823 3822 4258
f 3823 4258 4259
f 3824 3823 4259
f 3824 4259 4260
f 3825 3824 4260
f 3825 4260 4261
f 3826 3825 4261
f 3826 4261 4262
f 3827 4262 4263
f 3827 3826 4262
f 3828 4263 4264
f 3828 3827 4263
f 3829 4264 4265
f 3829 3828 4264
f 3830 4265 4266
f 3830 3829 4265
f 3831 4266 4267
f 3831 3830 4266
f 3832 3831 4267
f 3832 4267 4268
f 3833 3832 4268
f 3833 4268 4269
f 3834 3833 4269
f 3834 4269 4270
f 3835 3834 4270
f 3835 4270 4271
f 3836 3835 4271
f 3836 4271 4272
f 3837 3836 4272
f 3837 4272 4273
f 3838 3837 4273
f 3838 4273 4274
f 3839 3838 4274
f 3839 4274 4275
f 3840 3839 4275
f 3840 4275 4276
f 3841 3840 4276
f 3841 4276 4277
f 3842 3841 4277
f 3842 4277 4278
f 3843 3842 4278
f 3843 4278 4279
f 3844 4279 4280
f 3844 3843 4279
f 3845 4280 4281
f 3845 3844 4280
f 3846 4281 4282
f 3846 3845 4281
f 3847 4282 4283
f 3847 3846 4282
f 3848 4283 4284
f 3848 3847 4283
f 3849 4284 4285
f 3849 3848 4284
f 3850 4285 4286
f 3850 3849 4285
f 3851 4286 4287
f 3851 3850 4286
f 3852 4287 4288
f 3852 3851 4287
f 3853 4288 4289
f 3853 3852 4288
f 3854 4289 4290
f 3854 3853 4289
f 3855 4290 4291
f 3855 3854 4290
f 3856 3855 4291
f 3856 4291 4292
f 3857 3856 4292
f 3857 4292 4293
f 3858 3857 4293
f 3858 4293 4294
f 3859 3858 4294
f 3859 4294 4295
f 3860 3859 4295
f 3860 4295 4296
f 3861 4296 4297
f 3861 3860 4296
f 3862 4297 4298
f 3862 3861 4297
f 3863 4298 4299
f 3863 3862 4298
f 3864 4299 4300
f 3864 3863 4299
f 3865 4300 4301
f 3865 3864 4300
f 3866 4301 4302
f 3866 3865 4301
f 3867 4302 4303
f 3867 3866 4302
f 3868 4303 4304
f 3868 3867 4303
f 3869 4304 4305
f 3869 3868 4304
f 3870 4305 4306
f 3870 3869 4305
f 3871 4306 4307
f 3871 3870 4306
f 3872 4307 4308
f 3872 3871 4307
f 3873 4308 4309
f 3873 3872 4308
f 3874 4309 4310
f 3874 3873 4309
f 3875 4310 4311
f 3875 3874 4310
f 3876 4311 4312
f 3876 3875 4311
f 3877 4312 4313
f 3877 3876 4312
f 3878 4313 4314
f 3878 3877 4313
f 3879 4314 4315
f 3879 3878 4314
f 3880 4315 4316
f 3880 3879 4315
f 3881 4316 4317
f 3881 3880 4316
f 3882 3881 4317
f 3882 4317 4318
f 3883 3882 4318
f 3883 4318 4319
f 3884 3883 4319
f 3884 4319 4320
f 3885 3884 4320
f 3885 4320 4321
f 3886 3885 4321
f 3886 4321 4322
f 3887 3886 4322
f 3887 4322 4323
f 3888 3887 4323
f 3888 4323 4324
f 3889 3888 4324
f 3889 4324 4325
f 3890 3889 4325
f 3890 4325 4326
f 3891 3890 4326
f 3891 4326 4327
f 3892 3891 4327
f 3892 4327 4328
f 3893 3892 4328
f 3893 4328 4329
f 4329 4330 3893
f 3893 4330 3894
f 3894 4330 4331
f 3895 4331 4332
f 3895 3894 4331
f 3896 3895 4332
f 3896 4332 4333
f 3897 3896 4333
f 3897 4333 4334
f 3898 3897 4334
f 3898 4334 4335
f 3899 3898 4335
f 3899 4335 4336
f 3900 3899 4336
f 3900 4336 4337
f 3901 3900 4337
f 3901 4337 4338
f 3902 3901 4338
f 3902 4338 4339
f 3903 3902 4339
f 3903 4339 4340
f 3904 3903 4340
f 3904 4340 4341
f 3905 3904 4341
f 3905 4341 4342
f 3906 3905 4342
f 3906 4342 4343
f 3907 3906 4343
f 3907 4343 4344
f 3908 3907 4344
f 3908 4344 4345
f 3909 3908 4345
f 3909 4345 4346
f 3910 3909 4346
f 3910 4346 4347
f 3911 4347 4348
f 3911 3910 4347
f 3912 4348 4349
f 3912 3911 4348
f 3913 4349 4350
f 3913 3912 4349
f 3914 4350 4351
f 3914 3913 4350
f 3915 4351 4352
f 3915 3914 4351
f 3916 4352 4353
f 3916 3915 4352
f 3917 4353 4354
f 3917 3916 4353
f 3918 4354 4355
f 3918 3917 4354
f 3919 4355 4356
f 3919 3918 4355
f 3920 4356 4357
f 3920 3919 4356
f 3921 3920 4357
f 3921 4357 4358
f 3922 3921 4358
f 3922 4358 4359
f 3923 3922 4359
f 3923 4359 4360
f 3924 3923 4360
f 3924 4360 4361
f 3925 3924 4361
f 3925 4361 4362
f 3926 3925 4362
f 3926 4362 4363
f 3927 3926 4363
f 3927 4363 4364
f 3928 3927 4364
f 3928 4364 4365
f 3929 3928 4365
f 3929 4365 4366
f 3930 3929 4366
f 3930 4366 4367
f 3931 3930 4367
f 3932 3931 4367
f 3932 4367 4368
f 3933 3932 4368
f 3933 4368 4369
f 3934 3933 4369
f 3934 4369 4370
f 3935 3934 4370
f 3935 4370 4371
f 3936 3935 4371
f 3936 4371 4372
f 3937 3936 4372
f 3937 4372 4373
f 4373 4374 3937
f 3937 4374 3938
f 3939 3938 4374
f 3939 4374 4375
f 3940 4375 4376
f 3940 3939 4375
f 3941 4376 4377
f 3941 3940 4376
f 3942 4377 4378
f 3942 3941 4377
f 3943 4378 4379
f 3943 3942 4378
f 3944 4379 4380
f 3944 4380 4381
f 3944 3943 4379
f 3945 4381 4382
f 3945 3944 4381
f 3946 4382 4383
f 3946 3945 4382
f 3947 4383 4384
f 3947 3946 4383
f 3948 4384 4385
f 3948 3947 4384
f 3949 3948 4385
f 3950 4385 4386
f 3950 3949 4385
f 3951 4386 4387
f 3951 3950 4386
f 3952 3951 4387
f 3952 4387 4388
f 3953 3952 4388
f 3953 4388 4389
f 3954 3953 4389
f 3954 4389 4390
f 3955 3954 4390
f 3955 4390 4391
f 3956 3955 4391
f 3956 4391 4392
f 3957 3956 4392
f 3957 4392 4393
f 3958 3957 4393
f 3958 4393 4394
f 3959 3958 4394
f 3959 4394 3960
f 4374 3992 3993
f 4375 3993 3994
f 4375 4374 3993
f 4376 3994 3995
f 4376 4375 3994
f 4377 3995 3996
f 4377 4376 3995
f 4378 4377 3996
f 4379 3996 3997
f 4379 4378 3996
f 4380 3997 3981
f 4380 4379 3997
f 4381 3981 3983
f 4381 4380 3981
f 4382 3983 3984
f 4382 4381 3983
f 4383 3984 3985
f 4383 4382 3984
f 4384 3985 3986
f 4384 4383 3985
f 4385 4384 3986
f 4386 3986 3987
f 4386 4385 3986
f 4387 3987 3988
f 4387 4386 3987
f 4388 4387 3988
f 4389 4388 3988
f 4389 3988 3989
f 4390 3989 3990
f 4390 4389 3989
f 4391 3990 3991
f 4391 4390 3990
f 4392 4391 3991
f 4393 4392 3991
f 4393 3991 3978
f 4394 3978 3961
f 4394 4393 3978
f 3960 4394 3961
f 4374 4373 4024
f 4374 4024 3992
f 4330 4095 4094
f 4331 4094 4093
f 4331 4330 4094
f 4332 4093 4092
f 4332 4331 4093
f 4333 4332 4092
f 4333 4092 4091
f 4334 4333 4091
f 4334 4091 4090
f 4335 4334 4090
f 4335 4090 4088
f 4336 4335 4088
f 4336 4088 4086
f 4337 4336 4086
f 4337 4086 4084
f 4338 4337 4084
f 4338 4084 4082
f 4339 4338 4082
f 4339 4082 4080
f 4340 4339 4080
f 4340 4080 4078
f 4341 4340 4078
f 4342 4341 4078
f 4342 4078 4076
f 4343 4342 4076
f 4343 4076 4075
f 4344 4343 4075
f 4344 4075 4073
f 4345 4344 4073
f 4345 4073 4071
f 4346 4345 4071
f 4346 4071 4069
f 4347 4346 4069
f 4347 4069 4067
f 4348 4067 4065
f 4348 4347 4067
f 4349 4348 4065
f 4349 4065 4063
f 4350 4063 4062
f 4350 4349 4063
f 4351 4350 4062
f 4352 4062 4060
f 4352 4351 4062
f 4353 4060 4058
f 4353 4352 4060
f 4354 4058 4056
f 4354 4353 4058
f 4355 4056 4054
f 4355 4354 4056
f 4356 4054 4051
f 4356 4355 4054
f 4357 4051 4052
f 4357 4356 4051
f 4358 4357 4052
f 4358 4052 4049
f 4359 4358 4049
f 4359 4049 4047
f 4360 4359 4047
f 4360 4047 4044
f 4361 4360 4044
f 4362 4361 4044
f 4362 4044 4042
f 4363 4362 4042
f 4363 4042 4039
f 4364 4363 4039
f 4364 4039 4041
f 4365 4364 4041
f 4365 4041 4037
f 4366 4365 4037
f 4366 4037 4036
f 4367 4366 4036
f 4367 4036 4034
f 4368 4367 4034
f 4368 4034 4032
f 4369 4368 4032
f 4369 4032 4029
f 4370 4369 4029
f 4370 4029 4030
f 4371 4370 4030
f 4372 4371 4030
f 4372 4030 4027
f 4373 4372 4027
f 4373 4027 4024
f 4330 4329 4127
f 4330 4127 4095
f 4256 4255 4096
f 4256 4096 4097
f 4257 4097 4099
f 4257 4256 4097
f 4258 4257 4099
f 4258 4099 4098
f 4259 4258 4098
f 4259 4098 4100
f 4260 4259 4100
f 4260 4100 4101
f 4261 4260 4101
f 4261 4101 4102
f 4261 4102 4103
f 4262 4261 4103
f 4262 4103 4104
f 4263 4104 4105
f 4263 4262 4104
f 4264 4263 4105
f 4264 4105 4106
f 4265 4106 4107
f 4265 4264 4106
f 4266 4265 4107
f 4266 4107 4109
f 4267 4109 4108
f 4267 4266 4109
f 4268 4267 4108
f 4268 4108 4110
f 4269 4268 4110
f 4269 4110 4112
f 4270 4269 4112
f 4270 4112 4111
f 4271 4270 4111
f 4271 4111 4113
f 4272 4271 4113
f 4272 4113 4114
f 4273 4272 4114
f 4273 4114 4116
f 4274 4273 4116
f 4274 4116 4115
f 4275 4274 4115
f 4275 4115 4117
f 4276 4275 4117
f 4276 4117 4119
f 4277 4276 4119
f 4277 4119 4118
f 4278 4277 4118
f 4278 4118 4120
f 4279 4120 4122
f 4279 4278 4120
f 4280 4122 4123
f 4280 4279 4122
f 4281 4123 4121
f 4281 4280 4123
f 4282 4121 4124
f 4282 4281 4121
f 4283 4282 4124
f 4283 4124 4126
f 4284 4126 4125
f 4284 4283 4126
f 4285 4125 4128
f 4285 4284 4125
f 4286 4128 4133
f 4286 4285 4128
f 4287 4286 4133
f 4287 4133 4134
f 4288 4134 4132
f 4288 4287 4134
f 4289 4132 4135
f 4289 4288 4132
f 4290 4135 4140
f 4290 4289 4135
f 4291 4140 4139
f 4291 4290 4140
f 4292 4139 4141
f 4292 4291 4139
f 4293 4141 4147
f 4293 4292 4141
f 4294 4147 4146
f 4294 4293 4147
f 4295 4146 4148
f 4295 4294 4146
f 4296 4148 4153
f 4296 4295 4148
f 4297 4153 4154
f 4297 4296 4153
f 4298 4154 4152
f 4298 4297 4154
f 4299 4152 4155
f 4299 4298 4152
f 4300 4155 4161
f 4300 4299 4155
f 4301 4161 4160
f 4301 4300 4161
f 4302 4160 4162
f 4302 4301 4160
f 4303 4162 4167
f 4303 4302 4162
f 4304 4167 4168
f 4304 4303 4167
f 4305 4168 4166
f 4305 4304 4168
f 4306 4166 4169
f 4306 4305 4166
f 4307 4169 4170
f 4307 4306 4169
f 4308 4307 4170
f 4308 4170 4171
f 4309 4171 4165
f 4309 4308 4171
f 4310 4165 4164
f 4310 4309 4165
f 4311 4310 4164
f 4311 4164 4163
f 4312 4311 4163
f 4312 4163 4159
f 4313 4312 4159
f 4313 4159 4157
f 4314 4313 4157
f 4314 4157 4156
f 4315 4314 4156
f 4315 4156 4158
f 4316 4315 4158
f 4316 4158 4150
f 4317 4316 4150
f 4317 4150 4149
f 4318 4317 4149
f 4318 4149 4151
f 4319 4151 4145
f 4319 4318 4151
f 4320 4319 4145
f 4320 4145 4143
f 4321 4143 4142
f 4321 4320 4143
f 4322 4321 4142
f 4322 4142 4144
f 4323 4144 4137
f 4323 4322 4144
f 4324 4323 4137
f 4324 4137 4136
f 4325 4324 4136
f 4325 4136 4138
f 4326 4325 4138
f 4326 4138 4131
f 4327 4326 4131
f 4327 4131 4130
f 4328 4327 4130
f 4328 4130 4129
f 4329 4129 4127
f 4329 4328 4129
f 4096 4254 4089
f 4255 4254 4096
f 4217 4216 4025
f 4217 4025 4026
f 4218 4026 4028
f 4218 4217 4026
f 4219 4028 4031
f 4219 4218 4028
f 4220 4031 4033
f 4220 4219 4031
f 4221 4033 4035
f 4221 4220 4033
f 4222 4221 4035
f 4222 4035 4038
f 4223 4222 4038
f 4223 4038 4040
f 4224 4223 4040
f 4225 4224 4040
f 4225 4040 4043
f 4226 4225 4043
f 4226 4043 4045
f 4227 4226 4045
f 4227 4045 4046
f 4228 4227 4046
f 4229 4228 4046
f 4229 4046 4048
f 4230 4229 4048
f 4230 4048 4050
f 4231 4230 4050
f 4231 4050 4053
f 4232 4231 4053
f 4233 4232 4053
f 4233 4053 4055
f 4234 4233 4055
f 4234 4055 4057
f 4235 4234 4057
f 4235 4057 4059
f 4236 4235 4059
f 4237 4236 4059
f 4237 4059 4061
f 4238 4061 4064
f 4238 4237 4061
f 4239 4238 4064
f 4239 4064 4066
f 4240 4239 4066
f 4241 4066 4068
f 4241 4240 4066
f 4242 4068 4070
f 4242 4241 4068
f 4243 4070 4072
f 4243 4242 4070
f 4244 4072 4074
f 4244 4243 4072
f 4245 4244 4074
f 4246 4074 4077
f 4246 4245 4074
f 4247 4246 4077
f 4247 4077 4079
f 4248 4079 4081
f 4248 4247 4079
f 4249 4248 4081
f 4250 4081 4083
f 4250 4249 4081
f 4251 4250 4083
f 4251 4083 4085
f 4252 4085 4087
f 4252 4251 4085
f 4253 4252 4087
f 4253 4087 4089
f 4254 4253 4089
f 4216 4215 4023
f 4216 4023 4025
f 4395 4396 4397
f 4397 4398 4395
f 4396 4399 4397
f 4397 4400 4398
f 4399 4401 4397
f 4397 4402 4400
f 4397 4403 4404
f 4401 4403 4397
f 4397 4405 4402
f 4403 4406 4404
f 4397 4407 4405
f 4406 4408 4404
f 4397 4409 4407
f 4408 4410 4404
f 4397 4411 4409
f 4410 4412 4404
f 4413 4414 4397
f 4397 4414 4411
f 4412 4415 4404
f 4416 4417 4418
f 4418 4417 4419
f 4419 4417 4420
f 4420 4417 4421
f 4421 4417 4422
f 4422 4417 4423
f 4423 4417 4424
f 4424 4417 4425
f 4425 4417 4426
f 4426 4417 4413
f 4413 4417 4414
f 4427 4417 4428
f 4428 4417 4429
f 4429 4417 4430
f 4430 4417 4431
f 4431 4417 4432
f 4432 4417 4416
f 4415 4433 4404
f 4427 4434 4417
f 4433 4435 4404
f 4427 4436 4434
f 4435 4437 4404
f 4427 4438 4436
f 4437 4439 4404
f 4427 4440 4438
f 4439 4441 4404
f 4427 4442 4440
f 4441 4443 4404
f 4427 4444 4442
f 4443 4445 4404
f 4427 4446 4444
f 4445 4447 4404
f 4427 4448 4446
f 4447 4449 4404
f 4427 4450 4448
f 4449 4451 4404
f 4427 4452 4450
f 4427 4453 4452
f 4451 4454 4404
f 4427 4455 4453
f 4454 4456 4404
f 4427 4457 4455
f 4427 4458 4457
f 4427 4459 4458
f 4460 4459 4427
f 4404 4461 4462
f 4456 4461 4404
f 4460 4463 4459
f 4460 4464 4463
f 4465 4464 4460
f 4465 4466 4464
f 4467 4466 4468
f 4468 4466 4465
f 4467 4469 4466
f 4470 4469 4467
f 4470 4471 4469
f 4472 4471 4470
f 4472 4473 4471
f 4474 4473 4472
f 4475 4476 4474
f 4474 4476 4473
f 4477 4478 4479
f 4479 4478 4475
f 4475 4478 4476
f 4480 4481 4477
f 4477 4481 4478
f 4482 4483 4480
f 4480 4483 4481
f 4482 4484 4483
f 4485 4484 4482
f 4485 4486 4484
f 4487 4486 4485
f 4487 4488 4486
f 4489 4488 4490
f 4490 4488 4487
f 4489 4491 4488
f 4492 4491 4489
f 4492 4493 4491
f 4494 4493 4492
f 4494 4495 4493
f 4496 4495 4494
f 4496 4497 4495
f 4498 4497 4496
f 4498 4499 4497
f 4500 4499 4498
f 4500 4501 4499
f 4501 4502 4499
f 4501 4503 4502
f 4502 4503 4504
f 4503 4505 4504
f 4504 4505 4506
f 4505 4507 4506
f 4506 4507 4508
f 4507 4509 4508
f 4508 4509 4510
f 4509 4511 4510
f 4510 4511 4512
f 4511 4513 4512
f 4513 4514 4512
f 4512 4514 4515
f 4514 4516 4515
f 4515 4516 4517
f 4516 4518 4517
f 4517 4518 4519
f 4518 4520 4519
f 4519 4520 4521
f 4520 4522 4521
f 4521 4522 4523
f 4523 4524 4525
f 4522 4524 4523
f 4525 4526 4527
f 4524 4526 4525
f 4526 4528 4527
f 4528 4529 4527
f 4529 4530 4527
f 4530 4531 4527
f 4531 4532 4527
f 4532 4533 4527
f 4533 4534 4527
f 4535 4536 4537
f 4535 4538 4536
f 4535 4539 4538
f 4535 4540 4539
f 4535 4541 4540
f 4535 4542 4541
f 4535 4543 4542
f 4535 4544 4543
f 4535 4545 4544
f 4535 4546 4545
f 4545 4546 4547
f 4535 4548 4546
f 4548 4549 4550
f 4535 4551 4548
f 4548 4551 4549
f 4535 4552 4551
f 4535 4553 4552
f 4552 4553 4554
f 4535 4555 4553
f 4555 4556 4557
f 4535 4558 4555
f 4555 4558 4556
f 4558 4559 4560
f 4560 4559 4561
f 4535 4559 4558
f 4535 4562 4559
f 4562 4563 4564
f 4534 4565 4535
f 4533 4565 4534
f 4535 4566 4562
f 4562 4566 4563
f 4565 4566 4535
f 4567 4568 4565
f 4568 4569 4565
f 4566 4570 4571
f 4571 4570 4572
f 4565 4570 4566
f 4565 4573 4570
f 4574 4575 4576
f 4576 4575 4569
f 4573 4577 4578
f 4565 4577 4573
f 4565 4579 4577
f 4580 4581 4582
f 4582 4583 4575
f 4575 4583 4569
f 4581 4583 4582
f 4579 4584 4585
f 4579 4586 4584
f 4565 4586 4579
f 4587 4588 4589
f 4589 4588 4583
f 4583 4588 4569
f 4569 4588 4565
f 4586 4590 4591
f 4591 4590 4592
f 4565 4590 4586
f 4565 4593 4590
f 4594 4595 4596
f 4596 4595 4588
f 4595 4597 4588
f 4588 4597 4565
f 4593 4598 4599
f 4565 4600 4593
f 4593 4600 4598
f 4601 4602 4597
f 4597 4603 4565
f 4602 4603 4597
f 4565 4604 4600
f 4600 4604 4605
f 4605 4604 4606
f 4603 4607 4565
f 4608 4607 4609
f 4609 4607 4603
f 4565 4607 4604
f 4610 4611 4612
f 4610 4613 4611
f 4613 4614 4611
f 4614 4615 4611
f 4615 4616 4611
f 4616 4617 4611
f 4617 4618 4611
f 4618 4619 4611
f 4619 4620 4611
f 4620 4621 4611
f 4621 4622 4611
f 4622 4623 4611
f 4623 4624 4611
f 4624 4625 4611
f 4625 4626 4611
f 4626 4627 4611
f 4627 4628 4611
f 4628 4629 4611
f 4629 4630 4611
f 4630 4631 4611
f 4632 4631 4630
f 4633 4631 4632
f 4634 4631 4633
f 4635 4631 4634
f 4636 4631 4635
f 4637 4631 4636
f 4638 4631 4637
f 4639 4631 4638
f 4640 4631 4639
f 4641 4631 4640
f 4642 4631 4641
f 4643 4631 4642
f 4643 4644 4631
f 4645 4644 4643
f 4645 4646 4644
f 4645 4647 4646
f 4645 4648 4647
f 4645 4649 4648
f 4645 4650 4649
f 4645 4651 4650
f 4645 4652 4651
f 4645 4653 4652
f 4645 4654 4653
f 4645 4655 4654
f 4645 4656 4655
f 4645 4657 4656
f 4645 4658 4657
f 4645 4659 4658
f 4645 4660 4659
f 4661 4662 4663
f 4664 4662 4661
f 4665 4662 4664
f 4666 4662 4665
f 4667 4662 4666
f 4668 4662 4667
f 4669 4662 4668
f 4670 4662 4669
f 4671 4662 4670
f 4672 4662 4671
f 4673 4662 4672
f 4674 4662 4673
f 4675 4662 4674
f 4676 4662 4675
f 4645 4662 4660
f 4663 4662 4645
f 4677 4678 4679
f 4680 4681 4682
f 4681 4683 4682
f 4684 4685 4686
f 4678 4685 4679
f 4687 4685 4684
f 4688 4685 4687
f 4689 4685 4688
f 4690 4685 4689
f 4691 4685 4690
f 4692 4685 4691
f 4693 4685 4692
f 4679 4685 4693
f 4682 4685 4678
f 4683 4685 4682
f 4694 4685 4683
f 4694 4695 4685
f 4696 4695 4694
f 4695 4697 4685
f 4698 4699 4697
f 4697 4700 4685
f 4699 4700 4697
f 4701 4702 4700
f 4703 4702 4701
f 4700 4702 4685
f 4702 4704 4685
f 4705 4706 4704
f 4704 4707 4685
f 4706 4707 4704
f 4708 4709 4707
f 4710 4709 4708
f 4711 4712 4713
f 4714 4715 4716
f 4715 4717 4716
f 4718 4719 4717
f 4720 4719 4718
f 4721 4722 4723
f 4722 4724 4723
f 4725 4726 4724
f 4727 4726 4725
f 4728 4729 4730
f 4729 4731 4730
f 4732 4733 4731
f 4734 4733 4732
f 4735 4736 4737
f 4737 4738 4733
f 4736 4738 4737
f 4739 4740 4738
f 4740 4741 4738
f 4742 4743 4741
f 4744 4743 4742
f 4743 4745 4741
f 4746 4747 4745
f 4745 4748 4741
f 4741 4748 4738
f 4747 4748 4745
f 4716 4749 4712
f 4723 4749 4719
f 4707 4749 4685
f 4730 4749 4726
f 4709 4749 4707
f 4712 4749 4713
f 4748 4749 4738
f 4717 4749 4716
f 4750 4749 4748
f 4751 4749 4750
f 4719 4749 4717
f 4724 4749 4723
f 4726 4749 4724
f 4733 4749 4731
f 4685 4749 4752
f 4731 4749 4730
f 4738 4749 4733
f 4713 4749 4709
f 4749 4753 4752
f 4752 4753 4754
f 4755 4756 4757
f 4676 4756 4662
f 4757 4756 4676
f 4755 4758 4756
f 4759 4758 4755
f 4753 4760 4754
f 4759 4761 4758
f 4760 4762 4754
f 4763 4764 4759
f 4759 4764 4761
f 4762 4765 4754
f 4766 4767 4763
f 4763 4767 4764
f 4765 4768 4754
f 4769 4770 4766
f 4766 4770 4767
f 4768 4771 4754
f 4772 4773 4769
f 4769 4773 4770
f 4754 4774 4775
f 4771 4774 4754
f 4776 4777 4772
f 4772 4777 4773
f 4775 4778 4779
f 4774 4778 4775
f 4776 4780 4777
f 4779 4781 4782
f 4778 4781 4779
f 4783 4784 4776
f 4776 4784 4780
f 4781 4785 4782
f 4782 4785 4786
f 4787 4788 4783
f 4783 4788 4784
f 4785 4789 4786
f 4786 4789 4790
f 4787 4791 4788
f 4792 4791 4787
f 4789 4793 4790
f 4790 4793 4794
f 4795 4796 4792
f 4792 4796 4791
f 4793 4797 4794
f 4794 4797 4798
f 4795 4799 4796
f 4800 4799 4795
f 4797 4801 4798
f 4800 4802 4799
f 4801 4803 4798
f 4798 4803 4804
f 4805 4806 4800
f 4800 4806 4802
f 4803 4807 4804
f 4804 4807 4808
f 4809 4810 4805
f 4805 4810 4806
f 4807 4811 4808
f 4808 4811 4812
f 4809 4813 4810
f 4814 4813 4809
f 4811 4815 4812
f 4812 4815 4816
f 4814 4817 4813
f 4818 4817 4814
f 4815 4819 4816
f 4816 4819 4820
f 4818 4821 4817
f 4822 4821 4818
f 4819 4823 4820
f 4820 4823 4822
f 4822 4824 4821
f 4823 4824 4822
f 4825 4826 4827
f 4827 4826 4828
f 4828 4826 4829
f 4829 4830 4831
f 4826 4830 4829
f 4830 4832 4831
f 4831 4832 4833
f 4832 4834 4833
f 4833 4834 4835
f 4834 4836 4835
f 4835 4836 4837
f 4836 4838 4837
f 4837 4838 4839
f 4838 4840 4839
f 4839 4840 4841
f 4840 4842 4841
f 4841 4842 4843
f 4842 4844 4843
f 4843 4844 4845
f 4844 4846 4845
f 4845 4846 4847
f 4846 4848 4847
f 4847 4848 4849
f 4848 4850 4849
f 4849 4850 4851
f 4850 4852 4851
f 4851 4852 4853
f 4852 4854 4853
f 4853 4854 4855
f 4854 4856 4855
f 4855 4856 4857
f 4856 4858 4857
f 4857 4858 4859
f 4858 4860 4859
f 4859 4860 4861
f 4861 4862 4863
f 4860 4862 4861
f 4863 4864 4865
f 4862 4864 4863
f 4865 4866 4867
f 4864 4866 4865
f 4867 4868 4869
f 4866 4868 4867
f 4869 4870 4871
f 4868 4870 4869
f 4871 4872 4873
f 4870 4872 4871
f 4873 4874 4875
f 4872 4874 4873
f 4875 4876 4877
f 4874 4876 4875
f 4877 4878 4879
f 4876 4878 4877
f 4879 4880 4881
f 4878 4880 4879
f 4880 4882 4881
f 4881 4882 4883
f 4882 4884 4883
f 4883 4884 4885
f 4884 4886 4885
f 4885 4886 4887
f 4886 4888 4887
f 4887 4888 4889
f 4888 4890 4889
f 4889 4890 4891
f 4890 4892 4891
f 4891 4892 4893
f 4892 4894 4893
f 4893 4894 4895
f 4894 4896 4895
f 4895 4896 4897
f 4896 4898 4897
f 4897 4898 4899
f 4898 4900 4899
f 4899 4900 4901
f 4900 4902 4901
f 4901 4902 4903
f 4902 4904 4903
f 4903 4904 4905
f 4904 4906 4905
f 4905 4906 4907
f 4906 4908 4907
f 4907 4908 4909
f 4908 4910 4909
f 4909 4910 4911
f 4910 4912 4911
f 4911 4912 4913
f 4912 4914 4913
f 4913 4914 4915
f 4914 4916 4915
f 4915 4917 4918
f 4916 4917 4915
f 4918 4917 4919
f 4919 4920 4921
f 4917 4920 4919
f 4921 4922 4923
f 4920 4922 4921
f 4923 4924 4925
f 4922 4924 4923
f 4925 4926 4927
f 4924 4926 4925
f 4926 4928 4927
f 4927 4928 4929
f 4928 4930 4929
f 4929 4930 4931
f 4930 4932 4931
f 4931 4932 4933
f 4932 4934 4933
f 4933 4934 4935
f 4934 4936 4935
f 4935 4936 4937
f 4936 4938 4937
f 4937 4938 4939
f 4938 4940 4939
f 4939 4940 4941
f 4940 4942 4941
f 4941 4942 4943
f 4942 4944 4943
f 4943 4944 4945
f 4944 4946 4945
f 4945 4946 4947
f 4946 4948 4947
f 4947 4948 4949
f 4948 4950 4949
f 4949 4950 4951
f 4950 4952 4951
f 4951 4952 4953
f 4953 4954 4955
f 4952 4954 4953
f 4955 4956 4957
f 4954 4956 4955
f 4957 4958 4959
f 4956 4958 4957
f 4959 4960 4961
f 4958 4960 4959
f 4961 4962 4963
f 4960 4962 4961
f 4962 4964 4963
f 4963 4965 4966
f 4964 4965 4963
f 4966 4967 4968
f 4965 4967 4966
f 4968 4969 4970
f 4970 4969 4971
f 4967 4969 4968
f 4971 4972 4973
f 4969 4972 4971
f 4973 4974 4975
f 4972 4974 4973
f 4975 4976 4977
f 4974 4976 4975
f 4976 4978 4977
f 4977 4978 4979
f 4978 4980 4979
f 4979 4980 4981
f 4980 4982 4981
f 4982 4983 4981
f 4981 4983 4984
f 4983 4985 4984
f 4984 4985 4986
f 4985 4987 4986
f 4986 4987 4988
f 4987 4989 4988
f 4988 4989 4990
f 4989 4991 4990
f 4990 4991 4992
f 4991 4993 4992
f 4992 4993 4994
f 4993 4995 4994
f 4993 4996 4995
f 4995 4996 4997
f 4998 4995 4997
f 4998 4997 4999
f 5000 4998 4999
f 5000 4999 5001
f 5002 5000 5001
f 5002 5001 5003
f 5004 5002 5003
f 5004 5003 5005
f 5006 5004 5005
f 5006 5005 5007
f 5008 5006 5007
f 5008 5007 5009
f 5010 5009 5011
f 5010 5008 5009
f 5012 5011 5013
f 5012 5010 5011
f 5014 5013 5015
f 5014 5012 5013
f 5016 5015 5017
f 5016 5014 5015
f 5018 5017 5019
f 5018 5016 5017
f 5020 5018 5019
f 5020 5019 5021
f 5022 5020 5021
f 5022 5021 5023
f 5024 5022 5023
f 5024 5023 5025
f 5026 5024 5025
f 5026 5025 5027
f 5028 5026 5027
f 5028 5027 5029
f 5030 5028 5029
f 5030 5029 5031
f 5032 5030 5031
f 5032 5031 5033
f 5034 5032 5033
f 5034 5033 5035
f 5036 5034 5035
f 5036 5035 5037
f 5038 5036 5037
f 5038 5037 5039
f 5040 5038 5039
f 5040 5039 5041
f 5042 5040 5041
f 5042 5041 5043
f 5044 5043 5045
f 5044 5042 5043
f 5046 5045 5047
f 5046 5044 5045
f 5048 5047 5049
f 5048 5046 5047
f 5050 5049 5051
f 5050 5048 5049
f 5052 5051 5053
f 5052 5050 5051
f 5054 5053 5055
f 5054 5052 5053
f 5056 5055 5057
f 5056 5054 5055
f 5058 5057 5059
f 5058 5056 5057
f 5060 5059 5061
f 5060 5058 5059
f 5062 5061 5063
f 5062 5060 5061
f 5064 5063 5065
f 5064 5062 5063
f 5066 5065 5067
f 5066 5064 5065
f 5068 5067 5069
f 5068 5066 5067
f 5070 5068 5069
f 5070 5069 5071
f 5072 5070 5071
f 5072 5071 5073
f 5074 5072 5073
f 5074 5073 5075
f 5076 5074 5075
f 5076 5075 5077
f 5078 5077 5079
f 5078 5076 5077
f 5080 5079 5081
f 5080 5078 5079
f 5082 5081 5083
f 5082 5080 5081
f 5084 5083 5085
f 5084 5082 5083
f 5086 5085 5087
f 5086 5084 5085
f 5088 5087 5089
f 5088 5086 5087
f 5090 5089 5091
f 5090 5088 5089
f 5092 5091 5093
f 5092 5090 5091
f 5094 5093 5095
f 5094 5092 5093
f 5096 5095 5097
f 5096 5094 5095
f 5098 5097 5099
f 5098 5096 5097
f 5100 5099 5101
f 5100 5098 5099
f 5102 5101 5103
f 5102 5100 5101
f 5104 5103 5105
f 5104 5102 5103
f 5106 5105 5107
f 5106 5104 5105
f 5108 5107 5109
f 5108 5106 5107
f 5110 5109 5111
f 5110 5108 5109
f 5112 5111 5113
f 5112 5110 5111
f 5114 5113 5115
f 5114 5112 5113
f 5116 5115 5117
f 5116 5114 5115
f 5118 5117 5119
f 5118 5116 5117
f 5120 5119 5121
f 5120 5118 5119
f 5122 5120 5121
f 5122 5121 5123
f 5124 5122 5123
f 5124 5123 5125
f 5126 5124 5125
f 5126 5125 5127
f 5128 5126 5127
f 5128 5127 5129
f 5130 5128 5129
f 5130 5129 5131
f 5132 5130 5131
f 5132 5131 5133
f 5134 5132 5133
f 5134 5133 5135
f 5136 5134 5135
f 5136 5135 5137
f 5138 5136 5137
f 5138 5137 5139
f 5140 5138 5139
f 5140 5139 5141
f 5142 5140 5141
f 5142 5141 5143
f 5144 5142 5143
f 5143 5145 5144
f 5144 5145 5146
f 5147 5146 5145
f 5147 5145 5148
f 5149 5148 5150
f 5149 5147 5148
f 5151 5149 5150
f 5151 5150 5152
f 5153 5151 5152
f 5153 5152 5154
f 5155 5153 5154
f 5155 5154 5156
f 5157 5155 5156
f 5157 5156 5158
f 5159 5157 5158
f 5159 5158 5160
f 5161 5159 5160
f 5161 5160 5162
f 5163 5161 5162
f 5163 5162 5164
f 5165 5163 5164
f 5165 5164 5166
f 5167 5165 5166
f 5167 5166 5168
f 5169 5167 5168
f 5169 5168 5170
f 5171 5169 5170
f 5171 5170 5172
f 5173 5171 5172
f 5173 5172 5174
f 5175 5173 5174
f 5175 5174 5176
f 5177 5175 5176
f 5177 5176 5178
f 5179 5178 5180
f 5179 5177 5178
f 5181 5180 5182
f 5181 5179 5180
f 5183 5182 5184
f 5183 5181 5182
f 5185 5184 5186
f 5185 5183 5184
f 5187 5186 5188
f 5187 5188 5189
f 5187 5185 5186
f 5190 5187 5189
f 5191 5189 5192
f 5191 5190 5189
f 5193 5192 5194
f 5193 5191 5192
f 5195 5194 5196
f 5195 5193 5194
f 5197 5196 5198
f 5197 5198 5199
f 5197 5195 5196
f 5200 5199 5201
f 5200 5197 5199
f 5202 5200 5201
f 5202 5201 5203
f 5204 5202 5203
f 5205 5204 5203
f 5205 5203 5206
f 5207 5205 5206
f 5207 5206 5208
f 5209 5207 5208
f 5209 5208 5210
f 5211 5209 5210
f 5211 5210 5212
f 5213 5211 5212
f 5213 5212 5214
f 5215 5213 5214
f 5215 5214 5216
f 5215 5216 5217
f 5218 5215 5217
f 5218 5217 5219
f 5220 5218 5219
f 5220 5219 5221
f 5222 5220 5221
f 5222 5221 5223
f 5224 5222 5223
f 5224 5223 5225
f 5226 5224 5225
f 5226 5225 5227
f 5228 5226 5227
f 5228 5227 5229
f 5230 5228 5229
f 5230 5229 5231
f 5232 5230 5231
f 5231 5233 5232
f 5232 5233 5234
f 5235 5234 5233
f 5235 5233 5236
f 5237 5236 5238
f 5237 5235 5236
f 5239 5238 5240
f 5239 5237 5238
f 5241 5240 5242
f 5241 5239 5240
f 5243 5242 5244
f 5243 5241 5242
f 5245 5244 5246
f 5245 5243 5244
f 5247 5246 5248
f 5247 5245 5246
f 5249 5248 5250
f 5249 5247 5248
f 5251 5250 5252
f 5251 5249 5250
f 5253 5252 5254
f 5253 5251 5252
f 5255 5254 5256
f 5255 5253 5254
f 5257 5256 5258
f 5257 5255 5256
f 5259 5258 5260
f 5259 5257 5258
f 5261 5259 5260
f 5261 5260 5262
f 5263 5261 5262
f 5263 5262 5264
f 5265 5263 5264
f 5265 5264 5266
f 5267 5265 5266
f 5267 5266 5268
f 5267 5268 5269
f 5270 5267 5269
f 5270 5269 5271
f 5272 5270 5271
f 5272 5271 5273
f 5274 5272 5273
f 5274 5273 5275
f 5276 5274 5275
f 5275 5277 5276
f 5275 5278 5277
f 5278 4404 5277
f 5277 4404 4611
f 4611 4462 4612
f 4612 4462 5279
f 4404 4462 4611
f 4462 5280 5279
f 5280 5281 5279
f 5280 5282 5281
f 5281 4825 4827
f 5282 4825 5281
f 5282 5280 4462
f 5282 4462 4461
f 5281 4612 5279
f 4610 4612 5281
f 4610 5281 4827
f 4828 4610 4827
f 4613 4610 4828
f 4613 4828 4829
f 4614 4613 4829
f 4614 4829 4831
f 4615 4614 4831
f 4615 4831 4833
f 4616 4615 4833
f 4616 4833 4835
f 4617 4616 4835
f 4618 4617 4835
f 4618 4835 4837
f 4619 4618 4837
f 4619 4837 4839
f 4620 4619 4839
f 4620 4839 4841
f 4621 4620 4841
f 4621 4841 4843
f 4622 4621 4843
f 4622 4843 4845
f 4623 4622 4845
f 4623 4845 4847
f 4624 4847 4849
f 4624 4623 4847
f 4625 4849 4851
f 4625 4624 4849
f 4626 4851 4853
f 4626 4625 4851
f 4627 4853 4855
f 4627 4626 4853
f 4628 4855 4857
f 4628 4627 4855
f 4629 4857 4859
f 4629 4628 4857
f 4630 4859 4861
f 4630 4629 4859
f 4632 4861 4863
f 4632 4863 4865
f 4632 4630 4861
f 4633 4632 4865
f 4633 4865 4867
f 4634 4867 4869
f 4634 4633 4867
f 4635 4869 4871
f 4635 4634 4869
f 4636 4635 4871
f 4636 4871 4873
f 4637 4636 4873
f 4637 4873 4875
f 4638 4637 4875
f 4638 4875 4877
f 4639 4638 4877
f 4639 4877 4879
f 4640 4639 4879
f 4640 4879 4881
f 4641 4640 4881
f 4641 4881 4883
f 4642 4641 4883
f 4642 4883 4885
f 4643 4642 4885
f 4643 4885 4887
f 4645 4643 4887
f 4645 4887 4889
f 4663 4645 4889
f 4663 4889 4891
f 4661 4663 4891
f 4661 4891 4893
f 4664 4661 4893
f 4664 4893 4895
f 4665 4664 4895
f 4665 4895 4897
f 4666 4897 4899
f 4666 4665 4897
f 4667 4666 4899
f 4667 4899 4901
f 4668 4667 4901
f 4668 4901 4903
f 4669 4668 4903
f 4669 4903 4905
f 4670 4905 4907
f 4670 4669 4905
f 4671 4670 4907
f 4671 4907 4909
f 4671 4909 4911
f 4672 4671 4911
f 4672 4911 4913
f 4673 4672 4913
f 4674 4673 4913
f 4674 4913 4915
f 4675 4674 4915
f 4676 4675 4915
f 4918 4676 4915
f 4757 4676 4918
f 4757 4918 4919
f 4755 4919 4921
f 4755 4757 4919
f 4759 4921 4923
f 4759 4755 4921
f 4763 4759 4923
f 4763 4923 4925
f 4766 4763 4925
f 4766 4925 4927
f 4769 4766 4927
f 4769 4927 4929
f 4772 4769 4929
f 4772 4929 4931
f 4776 4772 4931
f 4776 4931 4933
f 4776 4933 4935
f 4783 4935 4937
f 4783 4776 4935
f 4787 4783 4937
f 4787 4937 4939
f 4792 4787 4939
f 4792 4939 4941
f 4792 4941 4943
f 4795 4792 4943
f 4795 4943 4945
f 4800 4795 4945
f 4800 4945 4947
f 4805 4947 4949
f 4805 4800 4947
f 4805 4949 4951
f 4809 4951 4953
f 4809 4805 4951
f 4814 4953 4955
f 4814 4809 4953
f 4818 4955 4957
f 4818 4957 4959
f 4818 4814 4955
f 4822 4959 4961
f 4822 4818 4959
f 4820 4961 4963
f 4820 4822 4961
f 4816 4963 4966
f 4816 4966 4968
f 4816 4820 4963
f 4812 4968 4970
f 4812 4816 4968
f 4808 4970 4971
f 4808 4812 4970
f 4804 4971 4973
f 4804 4808 4971
f 4798 4973 4975
f 4798 4975 4977
f 4798 4804 4973
f 4794 4798 4977
f 4794 4977 4979
f 4790 4979 4981
f 4790 4794 4979
f 4786 4981 4984
f 4786 4984 4986
f 4786 4790 4981
f 4782 4786 4986
f 4782 4986 4988
f 4779 4988 4990
f 4779 4782 4988
f 4775 4990 4992
f 4775 4779 4990
f 4754 4992 4994
f 4754 4775 4992
f 4752 4754 4994
f 4752 4994 4995
f 4752 4995 4998
f 4685 4752 4998
f 4685 4998 5000
f 4686 5000 5002
f 4686 4685 5000
f 4684 4686 5002
f 4684 5002 5004
f 4687 4684 5004
f 4687 5004 5006
f 4688 4687 5006
f 4688 5006 5008
f 4689 4688 5008
f 4690 4689 5008
f 4690 5008 5010
f 4691 5010 5012
f 4691 4690 5010
f 4692 4691 5012
f 4692 5012 5014
f 4693 5014 5016
f 4693 4692 5014
f 4679 4693 5016
f 4679 5016 5018
f 4677 5018 5020
f 4677 4679 5018
f 4678 4677 5020
f 4678 5020 5022
f 4682 4678 5022
f 4682 5022 5024
f 4680 4682 5024
f 4680 5024 5026
f 4681 4680 5026
f 4681 5026 5028
f 4683 4681 5028
f 4683 5028 5030
f 4694 4683 5030
f 4694 5030 5032
f 4696 4694 5032
f 4696 5032 5034
f 4695 4696 5034
f 4695 5034 5036
f 4697 4695 5036
f 4697 5036 5038
f 4698 4697 5038
f 4698 5038 5040
f 4699 4698 5040
f 4699 5040 5042
f 4700 5042 5044
f 4700 4699 5042
f 4701 5044 5046
f 4701 4700 5044
f 4703 5046 5048
f 4703 4701 5046
f 4702 5048 5050
f 4702 4703 5048
f 4704 5050 5052
f 4704 4702 5050
f 4705 5052 5054
f 4705 4704 5052
f 4706 5054 5056
f 4706 4705 5054
f 4707 5056 5058
f 4707 4706 5056
f 4708 5058 5060
f 4708 4707 5058
f 4710 5060 5062
f 4710 4708 5060
f 4709 4710 5062
f 4709 5062 5064
f 4713 5064 5066
f 4713 4709 5064
f 4711 5066 5068
f 4711 4713 5066
f 4712 5068 5070
f 4712 4711 5068
f 4716 5070 5072
f 4716 4712 5070
f 4714 5072 5074
f 4714 4716 5072
f 4715 5074 5076
f 4715 4714 5074
f 4717 5076 5078
f 4717 4715 5076
f 4718 5078 5080
f 4718 4717 5078
f 4720 5080 5082
f 4720 4718 5080
f 4719 5082 5084
f 4719 4720 5082
f 4723 5084 5086
f 4723 4719 5084
f 4721 5086 5088
f 4721 4723 5086
f 4722 5088 5090
f 4722 4721 5088
f 4724 5090 5092
f 4724 4722 5090
f 4725 5092 5094
f 4725 4724 5092
f 4727 5094 5096
f 4727 4725 5094
f 4726 5096 5098
f 4726 4727 5096
f 4730 5098 5100
f 4730 4726 5098
f 4728 5100 5102
f 4728 4730 5100
f 4729 4728 5102
f 4729 5102 5104
f 4731 4729 5104
f 4731 5104 5106
f 4732 4731 5106
f 4732 5106 5108
f 4734 4732 5108
f 4734 5108 5110
f 4733 4734 5110
f 4733 5110 5112
f 4737 4733 5112
f 4737 5112 5114
f 4735 4737 5114
f 4735 5114 5116
f 4736 4735 5116
f 4736 5116 5118
f 4738 5118 5120
f 4738 4736 5118
f 4739 4738 5120
f 4739 5120 5122
f 4740 5122 5124
f 4740 4739 5122
f 4741 4740 5124
f 4741 5124 5126
f 4742 4741 5126
f 4742 5126 5128
f 4744 5128 5130
f 4744 4742 5128
f 4743 4744 5130
f 4743 5130 5132
f 4745 4743 5132
f 4745 5132 5134
f 4746 4745 5134
f 4746 5134 5136
f 4747 4746 5136
f 4747 5136 5138
f 4748 4747 5138
f 4748 5138 5140
f 4750 4748 5140
f 4750 5140 5142
f 4751 4750 5142
f 4751 5142 5144
f 4749 4751 5144
f 5146 4749 5144
f 4753 4749 5146
f 4760 4753 5146
f 4760 5146 5147
f 4762 5147 5149
f 4762 4760 5147
f 4765 4762 5149
f 4765 5149 5151
f 4768 4765 5151
f 4768 5151 5153
f 4771 4768 5153
f 4771 5153 5155
f 4774 4771 5155
f 4774 5155 5157
f 4778 4774 5157
f 4778 5157 5159
f 4781 4778 5159
f 4781 5159 5161
f 4785 4781 5161
f 4785 5161 5163
f 4789 4785 5163
f 4789 5163 5165
f 4793 4789 5165
f 4793 5165 5167
f 4793 5167 5169
f 4797 5169 5171
f 4797 4793 5169
f 4801 4797 5171
f 4801 5171 5173
f 4803 4801 5173
f 4803 5173 5175
f 4807 4803 5175
f 4807 5175 5177
f 4811 4807 5177
f 4811 5177 5179
f 4815 5179 5181
f 4815 4811 5179
f 4819 5181 5183
f 4819 4815 5181
f 4823 5183 5185
f 4823 4819 5183
f 4824 5185 5187
f 4824 5187 5190
f 4824 4823 5185
f 4821 4824 5190
f 4821 5190 5191
f 4817 5191 5193
f 4817 4821 5191
f 4813 5193 5195
f 4813 4817 5193
f 4810 5195 5197
f 4810 4813 5195
f 4806 5197 5200
f 4806 4810 5197
f 4802 5200 5202
f 4802 4806 5200
f 4799 4802 5202
f 4799 5202 5204
f 4796 5204 5205
f 4796 4799 5204
f 4791 4796 5205
f 4791 5205 5207
f 4791 5207 5209
f 4788 4791 5209
f 4788 5209 5211
f 4784 4788 5211
f 4784 5211 5213
f 4780 4784 5213
f 4780 5213 5215
f 4777 4780 5215
f 4777 5215 5218
f 4773 4777 5218
f 4773 5218 5220
f 4770 4773 5220
f 4770 5220 5222
f 4767 4770 5222
f 4767 5222 5224
f 4764 4767 5224
f 4764 5224 5226
f 4761 4764 5226
f 4761 5226 5228
f 4761 5228 5230
f 4758 4761 5230
f 4758 5230 5232
f 4756 4758 5232
f 5234 4756 5232
f 4662 4756 5234
f 4660 4662 5234
f 4660 5234 5235
f 4659 5235 5237
f 4659 4660 5235
f 4658 5237 5239
f 4658 4659 5237
f 4657 5239 5241
f 4657 5241 5243
f 4657 4658 5239
f 4656 5243 5245
f 4656 4657 5243
f 4655 5245 5247
f 4655 4656 5245
f 4654 5247 5249
f 4654 4655 5247
f 4653 5249 5251
f 4653 4654 5249
f 4652 5251 5253
f 4652 4653 5251
f 4651 5253 5255
f 4651 5255 5257
f 4651 4652 5253
f 4650 5257 5259
f 4650 4651 5257
f 4649 5259 5261
f 4649 5261 5263
f 4649 4650 5259
f 4648 5263 5265
f 4648 4649 5263
f 4647 5265 5267
f 4647 4648 5265
f 4646 5267 5270
f 4646 5270 5272
f 4646 4647 5267
f 4644 5272 5274
f 4644 4646 5272
f 4631 5274 5276
f 4631 4644 5274
f 5277 4631 5276
f 4611 4631 5277
f 4825 5282 4461
f 4826 4461 4456
f 4826 4825 4461
f 4830 4826 4456
f 4830 4456 4454
f 4832 4830 4454
f 4832 4454 4451
f 4834 4832 4451
f 4834 4451 4449
f 4836 4834 4449
f 4836 4449 4447
f 4836 4447 4445
f 4838 4836 4445
f 4838 4445 4443
f 4840 4838 4443
f 4840 4443 4441
f 4842 4840 4441
f 4842 4441 4439
f 4844 4842 4439
f 4844 4439 4437
f 4846 4844 4437
f 4846 4437 4435
f 4848 4846 4435
f 4848 4435 4433
f 4850 4433 4415
f 4850 4848 4433
f 4852 4415 4412
f 4852 4850 4415
f 4854 4412 4410
f 4854 4852 4412
f 4856 4410 4408
f 4856 4854 4410
f 4858 4408 4406
f 4858 4856 4408
f 4860 4406 4403
f 4860 4858 4406
f 4862 4403 4401
f 4862 4860 4403
f 4864 4862 4401
f 4866 4401 4399
f 4866 4864 4401
f 4868 4399 4396
f 4868 4866 4399
f 4870 4396 4395
f 4870 4868 4396
f 4872 4870 4395
f 4872 4395 4398
f 4874 4872 4398
f 4874 4398 4400
f 4876 4874 4400
f 4876 4400 4402
f 4878 4876 4402
f 4878 4402 4405
f 4880 4878 4405
f 4880 4405 4407
f 4882 4407 4409
f 4882 4880 4407
f 4884 4882 4409
f 4884 4409 4411
f 4886 4884 4411
f 4886 4411 4414
f 4888 4886 4414
f 4888 4414 4417
f 4890 4888 4417
f 4890 4417 4434
f 4892 4890 4434
f 4892 4434 4436
f 4894 4892 4436
f 4894 4436 4438
f 4896 4894 4438
f 4896 4438 4440
f 4898 4896 4440
f 4898 4440 4442
f 4900 4898 4442
f 4900 4442 4444
f 4902 4444 4446
f 4902 4900 4444
f 4904 4902 4446
f 4904 4446 4448
f 4906 4904 4448
f 4906 4448 4450
f 4908 4906 4450
f 4908 4450 4452
f 4910 4908 4452
f 4912 4910 4452
f 4912 4452 4453
f 4914 4912 4453
f 4914 4453 4455
f 4914 4455 4457
f 4916 4914 4457
f 4916 4457 4458
f 4916 4458 4459
f 4917 4916 4459
f 4917 4459 4463
f 4920 4917 4463
f 4920 4463 4464
f 4922 4464 4466
f 4922 4920 4464
f 4924 4466 4469
f 4924 4922 4466
f 4926 4469 4471
f 4926 4924 4469
f 4928 4471 4473
f 4928 4926 4471
f 4930 4928 4473
f 4930 4473 4476
f 4932 4930 4476
f 4932 4476 4478
f 4934 4932 4478
f 4936 4934 4478
f 4936 4478 4481
f 4938 4936 4481
f 4938 4481 4483
f 4940 4938 4483
f 4940 4483 4484
f 4942 4940 4484
f 4944 4942 4484
f 4944 4484 4486
f 4946 4944 4486
f 4946 4486 4488
f 4948 4946 4488
f 4948 4488 4491
f 4950 4948 4491
f 4952 4950 4491
f 4952 4491 4493
f 4954 4952 4493
f 4954 4493 4495
f 4956 4954 4495
f 4956 4495 4497
f 4958 4956 4497
f 4960 4958 4497
f 4960 4497 4499
f 4962 4499 4502
f 4962 4960 4499
f 4964 4962 4502
f 4964 4502 4504
f 4965 4964 4504
f 4967 4504 4506
f 4967 4965 4504
f 4969 4506 4508
f 4969 4967 4506
f 4972 4508 4510
f 4972 4969 4508
f 4974 4510 4512
f 4974 4972 4510
f 4976 4974 4512
f 4978 4512 4515
f 4978 4976 4512
f 4980 4978 4515
f 4980 4515 4517
f 4982 4517 4519
f 4982 4980 4517
f 4983 4982 4519
f 4985 4519 4521
f 4985 4983 4519
f 4987 4985 4521
f 4987 4521 4523
f 4989 4523 4525
f 4989 4987 4523
f 4991 4989 4525
f 4991 4525 4527
f 4993 4991 4527
f 4534 4993 4527
f 4996 4993 4534
f 4997 4996 4534
f 4997 4534 4535
f 4999 4535 4537
f 4999 4997 4535
f 5001 4999 4537
f 5001 4537 4536
f 5003 5001 4536
f 5003 4536 4538
f 5005 5003 4538
f 5005 4538 4539
f 5007 5005 4539
f 5007 4539 4540
f 5007 4540 4541
f 5009 5007 4541
f 5009 4541 4542
f 5011 4542 4543
f 5011 5009 4542
f 5013 5011 4543
f 5013 4543 4544
f 5015 4544 4545
f 5015 5013 4544
f 5017 5015 4545
f 5017 4545 4547
f 5019 4547 4546
f 5019 5017 4547
f 5021 5019 4546
f 5021 4546 4548
f 5023 5021 4548
f 5023 4548 4550
f 5025 5023 4550
f 5025 4550 4549
f 5027 5025 4549
f 5027 4549 4551
f 5029 5027 4551
f 5029 4551 4552
f 5031 5029 4552
f 5031 4552 4554
f 5033 5031 4554
f 5033 4554 4553
f 5035 5033 4553
f 5035 4553 4555
f 5037 5035 4555
f 5037 4555 4557
f 5039 5037 4557
f 5039 4557 4556
f 5041 5039 4556
f 5041 4556 4558
f 5043 4558 4560
f 5043 5041 4558
f 5045 4560 4561
f 5045 5043 4560
f 5047 4561 4559
f 5047 5045 4561
f 5049 4559 4562
f 5049 5047 4559
f 5051 5049 4562
f 5051 4562 4564
f 5053 4564 4563
f 5053 5051 4564
f 5055 4563 4566
f 5055 5053 4563
f 5057 4566 4571
f 5057 5055 4566
f 5059 5057 4571
f 5059 4571 4572
f 5061 4572 4570
f 5061 5059 4572
f 5063 4570 4573
f 5063 5061 4570
f 5065 4573 4578
f 5065 5063 4573
f 5067 4578 4577
f 5067 5065 4578
f 5069 4577 4579
f 5069 5067 4577
f 5071 4579 4585
f 5071 5069 4579
f 5073 4585 4584
f 5073 5071 4585
f 5075 4584 4586
f 5075 5073 4584
f 5077 4586 4591
f 5077 5075 4586
f 5079 4591 4592
f 5079 5077 4591
f 5081 4592 4590
f 5081 5079 4592
f 5083 4590 4593
f 5083 5081 4590
f 5085 4593 4599
f 5085 5083 4593
f 5087 4599 4598
f 5087 5085 4599
f 5089 4598 4600
f 5089 5087 4598
f 5091 4600 4605
f 5091 5089 4600
f 5093 4605 4606
f 5093 5091 4605
f 5095 4606 4604
f 5095 5093 4606
f 5097 4604 4607
f 5097 5095 4604
f 5099 4607 4608
f 5099 5097 4607
f 5101 5099 4608
f 5101 4608 4609
f 5103 4609 4603
f 5103 5101 4609
f 5105 4603 4602
f 5105 5103 4603
f 5107 5105 4602
f 5107 4602 4601
f 5109 5107 4601
f 5109 4601 4597
f 5111 5109 4597
f 5111 4597 4595
f 5113 5111 4595
f 5113 4595 4594
f 5115 5113 4594
f 5115 4594 4596
f 5117 5115 4596
f 5117 4596 4588
f 5119 5117 4588
f 5119 4588 4587
f 5121 5119 4587
f 5121 4587 4589
f 5123 4589 4583
f 5123 5121 4589
f 5125 5123 4583
f 5125 4583 4581
f 5127 4581 4580
f 5127 5125 4581
f 5129 5127 4580
f 5129 4580 4582
f 5131 4582 4575
f 5131 5129 4582
f 5133 5131 4575
f 5133 4575 4574
f 5135 5133 4574
f 5135 4574 4576
f 5137 5135 4576
f 5137 4576 4569
f 5139 5137 4569
f 5139 4569 4568
f 5141 5139 4568
f 5141 4568 4567
f 5143 4567 4565
f 5143 5141 4567
f 5145 5143 4565
f 5145 4565 4533
f 5145 4533 4532
f 5148 4532 4531
f 5148 5145 4532
f 5150 4531 4530
f 5150 5148 4531
f 5152 5150 4530
f 5152 4530 4529
f 5154 5152 4529
f 5154 4529 4528
f 5156 5154 4528
f 5156 4528 4526
f 5158 5156 4526
f 5158 4526 4524
f 5160 5158 4524
f 5160 4524 4522
f 5162 5160 4522
f 5162 4522 4520
f 5164 5162 4520
f 5164 4520 4518
f 5166 5164 4518
f 5166 4518 4516
f 5168 5166 4516
f 5170 5168 4516
f 5170 4516 4514
f 5172 5170 4514
f 5172 4514 4513
f 5174 5172 4513
f 5174 4513 4511
f 5176 5174 4511
f 5176 4511 4509
f 5178 5176 4509
f 5178 4509 4507
f 5180 5178 4507
f 5180 4507 4505
f 5182 4505 4503
f 5182 5180 4505
f 5184 5182 4503
f 5184 4503 4501
f 5186 4501 4500
f 5186 5184 4501
f 5188 5186 4500
f 5189 4500 4498
f 5189 5188 4500
f 5192 4498 4496
f 5192 5189 4498
f 5194 4496 4494
f 5194 5192 4496
f 5196 4494 4492
f 5196 5194 4494
f 5198 4492 4489
f 5198 5196 4492
f 5199 4489 4490
f 5199 5198 4489
f 5201 5199 4490
f 5201 4490 4487
f 5203 5201 4487
f 5203 4487 4485
f 5206 5203 4485
f 5206 4485 4482
f 5208 5206 4482
f 5210 5208 4482
f 5210 4482 4480
f 5212 5210 4480
f 5212 4480 4477
f 5214 5212 4477
f 5214 4477 4479
f 5216 5214 4479
f 5216 4479 4475
f 5217 5216 4475
f 5217 4475 4474
f 5219 5217 4474
f 5219 4474 4472
f 5221 5219 4472
f 5221 4472 4470
f 5223 5221 4470
f 5223 4470 4467
f 5225 5223 4467
f 5225 4467 4468
f 5227 5225 4468
f 5229 5227 4468
f 5229 4468 4465
f 5231 5229 4465
f 5231 4465 4460
f 5233 5231 4460
f 5233 4460 4427
f 5233 4427 4428
f 5236 4428 4429
f 5236 5233 4428
f 5238 4429 4430
f 5238 5236 4429
f 5240 4430 4431
f 5240 5238 4430
f 5242 5240 4431
f 5244 4431 4432
f 5244 5242 4431
f 5246 4432 4416
f 5246 5244 4432
f 5248 4416 4418
f 5248 5246 4416
f 5250 4418 4419
f 5250 5248 4418
f 5252 4419 4420
f 5252 5250 4419
f 5254 4420 4421
f 5254 5252 4420
f 5256 5254 4421
f 5258 4421 4422
f 5258 5256 4421
f 5260 4422 4423
f 5260 5258 4422
f 5262 5260 4423
f 5264 5262 4423
f 5264 4423 4424
f 5266 4424 4425
f 5266 5264 4424
f 5268 4425 4426
f 5268 5266 4425
f 5269 5268 4426
f 5271 5269 4426
f 5271 4426 4413
f 5273 4413 4397
f 5273 5271 4413
f 5275 5273 4397
f 5278 5275 4397
f 5278 4397 4404
# Vertices: 5282, normals: 0, texture coordinates: 0, faces: 10552

