####
#
# OBJ File Generated by Meshlab
#
####
# Object small_surgical_tool.obj
#
# Vertices: 1671
# Faces: 588
#
####
vn 0.7855229 -0.3977915 -0.4740418
v 0.4063938 -0.0307363 -0.5807155
vn 0.7855299 -0.3977800 -0.4740400
v 0.4077009 -0.0280142 -0.5800534
vn 0.7855198 -0.3977999 -0.4740399
v -0.0441411 -0.0280142 0.3120447
vn 0.7854927 -0.3978514 -0.4740416
v 0.4063938 -0.0307363 -0.5807155
vn 0.7855501 -0.3977401 -0.4740401
v -0.0441411 -0.0280142 0.3120447
vn 0.7854997 -0.3978398 -0.4740398
v -0.0454481 -0.0307363 0.3113827
vn 0.7634631 -0.3867216 -0.5172722
v 0.4049673 -0.0333821 -0.5814380
vn 0.7635470 -0.3865885 -0.5172480
v -0.0454481 -0.0307363 0.3113827
vn 0.7634693 -0.3866996 -0.5172795
v -0.0468746 -0.0333821 0.3106602
vn 0.7634602 -0.3867301 -0.5172701
v 0.4049673 -0.0333821 -0.5814380
vn 0.7634631 -0.3867216 -0.5172722
v 0.4063938 -0.0307363 -0.5807155
vn 0.7635116 -0.3866408 -0.5172611
v -0.0454481 -0.0307363 0.3113827
vn 0.7395684 -0.3745092 -0.5592688
v 0.4034250 -0.0359448 -0.5822191
vn 0.7395972 -0.3744686 -0.5592579
v -0.0468746 -0.0333821 0.3106602
vn 0.7395610 -0.3745205 -0.5592708
v -0.0484169 -0.0359448 0.3098790
vn 0.7395482 -0.3745491 -0.5592687
v 0.4034250 -0.0359448 -0.5822191
vn 0.7395437 -0.3745519 -0.5592728
v 0.4049673 -0.0333821 -0.5814380
vn 0.7395409 -0.3745605 -0.5592707
v -0.0468746 -0.0333821 0.3106602
vn 0.7137914 -0.3614807 -0.5998612
v 0.4017706 -0.0384182 -0.5830570
vn 0.7138208 -0.3614404 -0.5998507
v -0.0484169 -0.0359448 0.3098790
vn 0.7137814 -0.3615007 -0.5998611
v -0.0500713 -0.0384182 0.3090411
vn 0.7137595 -0.3615298 -0.5998696
v 0.4017706 -0.0384182 -0.5830570
vn 0.7137478 -0.3615389 -0.5998781
v 0.4034250 -0.0359448 -0.5822191
vn 0.7137403 -0.3615502 -0.5998802
v -0.0484169 -0.0359448 0.3098790
vn 0.6862593 -0.3475697 -0.6389394
v 0.4000082 -0.0407961 -0.5839496
vn 0.6863036 -0.3475118 -0.6389233
v -0.0500713 -0.0384182 0.3090411
vn 0.6862738 -0.3475519 -0.6389335
v -0.0518336 -0.0407961 0.3081484
vn 0.6862497 -0.3475698 -0.6389497
v 0.4000082 -0.0407961 -0.5839496
vn 0.6862416 -0.3476008 -0.6389415
v 0.4017706 -0.0384182 -0.5830570
vn 0.6862021 -0.3476411 -0.6389620
v -0.0500713 -0.0384182 0.3090411
vn 0.6570371 -0.3327486 -0.6764471
v 0.3981424 -0.0430725 -0.5848947
vn 0.6570517 -0.3327308 -0.6764417
v -0.0518336 -0.0407961 0.3081484
vn 0.6569710 -0.3328305 -0.6764710
v -0.0536995 -0.0430725 0.3072034
vn 0.6569710 -0.3328305 -0.6764710
v 0.3981424 -0.0430725 -0.5848947
vn 0.6570293 -0.3327596 -0.6764493
v 0.4000082 -0.0407961 -0.5839496
vn 0.6569810 -0.3328105 -0.6764711
v -0.0518336 -0.0407961 0.3081484
vn 0.6261284 -0.3170992 -0.7123281
v 0.3961776 -0.0452419 -0.5858899
vn 0.6261696 -0.3170598 -0.7123095
v -0.0536995 -0.0430725 0.3072034
vn 0.6260897 -0.3171498 -0.7123396
v -0.0556643 -0.0452419 0.3062083
vn 0.6260791 -0.3171496 -0.7123491
v 0.3961776 -0.0452419 -0.5858899
vn 0.6260566 -0.3171783 -0.7123561
v 0.3981424 -0.0430725 -0.5848947
vn 0.6260711 -0.3171605 -0.7123512
v -0.0536995 -0.0430725 0.3072034
vn 0.5935720 -0.3007510 -0.7464725
v 0.3941188 -0.0472988 -0.5869326
vn 0.5937080 -0.3006190 -0.7464175
v -0.0556643 -0.0452419 0.3062083
vn 0.5936496 -0.3006798 -0.7464395
v -0.0577231 -0.0472988 0.3051655
vn 0.5936221 -0.3007011 -0.7464527
v 0.3941188 -0.0472988 -0.5869326
vn 0.5935994 -0.3007297 -0.7464592
v 0.3961776 -0.0452419 -0.5858899
vn 0.5936221 -0.3007011 -0.7464527
v -0.0556643 -0.0452419 0.3062083
vn 0.5596699 -0.2835699 -0.7786898
v 0.3919711 -0.0492381 -0.5880204
vn 0.5597900 -0.2834700 -0.7786399
v -0.0577231 -0.0472988 0.3051655
vn 0.5596895 -0.2835598 -0.7786794
v -0.0598708 -0.0492381 0.3040777
vn 0.5596699 -0.2835699 -0.7786898
v 0.3919711 -0.0492381 -0.5880204
vn 0.5597518 -0.2835109 -0.7786524
v 0.3941188 -0.0472988 -0.5869326
vn 0.5597389 -0.2835195 -0.7786585
v -0.0577231 -0.0472988 0.3051655
vn 0.5243617 -0.2656609 -0.8089926
v 0.3897398 -0.0510549 -0.5891505
vn 0.5244623 -0.2655812 -0.8089536
v -0.0598708 -0.0492381 0.3040777
vn 0.5244107 -0.2656303 -0.8089710
v -0.0621021 -0.0510549 0.3029476
vn 0.5243790 -0.2656395 -0.8089885
v 0.3897398 -0.0510549 -0.5891505
vn 0.5243690 -0.2656595 -0.8089885
v 0.3919711 -0.0492381 -0.5880204
vn 0.5244207 -0.2656103 -0.8089710
v -0.0598708 -0.0492381 0.3040777
vn 0.4877193 -0.2469696 -0.8373387
v 0.3874305 -0.0527449 -0.5903202
vn 0.4877104 -0.2469802 -0.8373407
v 0.3897398 -0.0510549 -0.5891505
vn 0.4877498 -0.2469399 -0.8373296
v -0.0621021 -0.0510549 0.3029476
vn 0.4876822 -0.2469911 -0.8373538
v 0.3874305 -0.0527449 -0.5903202
vn 0.4877779 -0.2469289 -0.8373165
v -0.0621021 -0.0510549 0.3029476
vn 0.4877410 -0.2469505 -0.8373317
v -0.0644114 -0.0527449 0.3017779
vn 0.4498802 -0.2277901 -0.8635505
v 0.3874305 -0.0527449 -0.5903202
vn 0.4499480 -0.2277490 -0.8635260
v -0.0644114 -0.0527449 0.3017779
vn 0.4498375 -0.2278187 -0.8635653
v -0.0667929 -0.0543037 0.3005717
vn 0.4498802 -0.2277901 -0.8635505
v 0.3850490 -0.0543037 -0.5915264
vn 0.4498802 -0.2277901 -0.8635505
v 0.3874305 -0.0527449 -0.5903202
vn 0.4497997 -0.2278398 -0.8635794
v -0.0667929 -0.0543037 0.3005717
vn 0.4109181 -0.2080490 -0.8876159
v 0.3826010 -0.0557275 -0.5927663
vn 0.4109301 -0.2080500 -0.8876101
v 0.3850490 -0.0543037 -0.5915264
vn 0.4108620 -0.2080810 -0.8876343
v -0.0667929 -0.0543037 0.3005717
vn 0.4109512 -0.2080406 -0.8876026
v 0.3826010 -0.0557275 -0.5927663
vn 0.4109906 -0.2080103 -0.8875914
v -0.0667929 -0.0543037 0.3005717
vn 0.4108483 -0.2080992 -0.8876364
v -0.0692409 -0.0557275 0.2993318
vn 0.3708708 -0.1877304 -0.9095120
v 0.3800928 -0.0570128 -0.5940368
vn 0.3708921 -0.1877211 -0.9095052
v 0.3826010 -0.0557275 -0.5927663
vn 0.3709494 -0.1876897 -0.9094884
v -0.0692409 -0.0557275 0.2993318
vn 0.3708708 -0.1877304 -0.9095120
v 0.3800928 -0.0570128 -0.5940368
vn 0.3709614 -0.1876907 -0.9094833
v -0.0692409 -0.0557275 0.2993318
vn 0.3709280 -0.1876990 -0.9094952
v -0.0717490 -0.0570128 0.2980615
vn 0.3299011 -0.1670205 -0.9291230
v 0.3775307 -0.0581563 -0.5953345
vn 0.3299403 -0.1670102 -0.9291109
v 0.3800928 -0.0570128 -0.5940368
vn 0.3300503 -0.1669602 -0.9290808
v -0.0717490 -0.0570128 0.2980615
vn 0.3299587 -0.1669993 -0.9291064
v 0.3775307 -0.0581563 -0.5953345
vn 0.3299801 -0.1669901 -0.9291004
v -0.0717490 -0.0570128 0.2980615
vn 0.3299801 -0.1669901 -0.9291004
v -0.0743113 -0.0581563 0.2967637
vn 0.2883312 -0.1458106 -0.9463638
v 0.3775307 -0.0581563 -0.5953345
vn 0.2882392 -0.1458396 -0.9463874
v -0.0743113 -0.0581563 0.2967637
vn 0.2882204 -0.1458502 -0.9463915
v -0.0769212 -0.0591552 0.2954418
vn 0.2881898 -0.1458599 -0.9463993
v 0.3749207 -0.0591552 -0.5966564
vn 0.2882607 -0.1458303 -0.9463822
v 0.3775307 -0.0581563 -0.5953345
vn 0.2882392 -0.1458396 -0.9463874
v -0.0769212 -0.0591552 0.2954418
vn 0.2457601 -0.1243600 -0.9613203
v 0.3722697 -0.0600071 -0.5979990
vn 0.2458405 -0.1243403 -0.9613022
v 0.3749207 -0.0591552 -0.5966564
vn 0.2459211 -0.1243205 -0.9612842
v -0.0769212 -0.0591552 0.2954418
vn 0.2458312 -0.1243406 -0.9613046
v 0.3722697 -0.0600071 -0.5979990
vn 0.2457988 -0.1243994 -0.9613053
v -0.0769212 -0.0591552 0.2954418
vn 0.2458999 -0.1243200 -0.9612896
v -0.0795722 -0.0600071 0.2940990
vn 0.2028105 -0.1025602 -0.9738323
v 0.3722697 -0.0600071 -0.5979990
vn 0.2026198 -0.1025899 -0.9738689
v -0.0795722 -0.0600071 0.2940990
vn 0.2027392 -0.1025696 -0.9738462
v -0.0822579 -0.0607097 0.2927388
vn 0.2027605 -0.1025603 -0.9738427
v 0.3695840 -0.0607097 -0.5993593
vn 0.2027991 -0.1025496 -0.9738358
v 0.3722697 -0.0600071 -0.5979990
vn 0.2027104 -0.1025702 -0.9738521
v -0.0822579 -0.0607097 0.2927388
vn 0.1592404 -0.0805002 -0.9839523
v 0.3695840 -0.0607097 -0.5993593
vn 0.1590501 -0.0805301 -0.9839807
v -0.0822579 -0.0607097 0.2927388
vn 0.1592908 -0.0804904 -0.9839450
v -0.0849714 -0.0612615 0.2913644
vn 0.1591900 -0.0805100 -0.9839597
v 0.3668704 -0.0612615 -0.6007337
vn 0.1591900 -0.0805100 -0.9839597
v 0.3695840 -0.0607097 -0.5993593
vn 0.1591493 -0.0805196 -0.9839655
v -0.0849714 -0.0612615 0.2913644
vn 0.1151600 -0.0583800 -0.9916300
v 0.3641357 -0.0616609 -0.6021189
vn 0.1153301 -0.0583700 -0.9916108
v 0.3668704 -0.0612615 -0.6007337
vn 0.1152796 -0.0583698 -0.9916167
v -0.0849714 -0.0612615 0.2913644
vn 0.1153795 -0.0583597 -0.9916056
v 0.3641357 -0.0616609 -0.6021189
vn 0.1151303 -0.0583902 -0.9916328
v -0.0849714 -0.0612615 0.2913644
vn 0.1153498 -0.0583699 -0.9916085
v -0.0877062 -0.0616609 0.2899792
vn 0.0710901 -0.0359601 -0.9968215
v 0.3641357 -0.0616609 -0.6021189
vn 0.0709103 -0.0359701 -0.9968339
v -0.0877062 -0.0616609 0.2899792
vn 0.0710901 -0.0359601 -0.9968215
v -0.0904552 -0.0619070 0.2885869
vn 0.0710198 -0.0359599 -0.9968265
v 0.3613866 -0.0619070 -0.6035112
vn 0.0709700 -0.0359700 -0.9968297
v 0.3641357 -0.0616609 -0.6021189
vn 0.0709998 -0.0359699 -0.9968276
v -0.0904552 -0.0619070 0.2885869
vn 0.0265399 -0.0134900 -0.9995568
v 0.3586301 -0.0619993 -0.6049075
vn 0.0266201 -0.0134901 -0.9995546
v 0.3613866 -0.0619070 -0.6035112
vn 0.0266201 -0.0134901 -0.9995546
v -0.0904552 -0.0619070 0.2885869
vn 0.0267101 -0.0134900 -0.9995522
v 0.3586301 -0.0619993 -0.6049075
vn 0.0264800 -0.0134900 -0.9995583
v -0.0904552 -0.0619070 0.2885869
vn 0.0266401 -0.0134901 -0.9995541
v -0.0932119 -0.0619993 0.2871906
vn -0.0178600 0.0090300 -0.9997998
v 0.3586301 -0.0619993 -0.6049075
vn -0.0179999 0.0090400 -0.9997972
v -0.0932119 -0.0619993 0.2871906
vn -0.0178700 0.0090300 -0.9997995
v -0.0959691 -0.0619373 0.2857941
vn -0.0622899 0.0315600 -0.9975590
v 0.3558727 -0.0619373 -0.6063039
vn -0.0623298 0.0315599 -0.9975566
v -0.0959691 -0.0619373 0.2857941
vn -0.0623702 0.0315601 -0.9975540
v -0.0987202 -0.0617214 0.2844007
vn -0.0178900 0.0090300 -0.9997992
v 0.3558727 -0.0619373 -0.6063039
vn -0.0178500 0.0090300 -0.9997999
v 0.3586301 -0.0619993 -0.6049075
vn -0.0177600 0.0090300 -0.9998015
v -0.0959691 -0.0619373 0.2857941
vn -0.0623298 0.0315499 -0.9975568
v 0.3531217 -0.0617214 -0.6076973
vn -0.0623099 0.0315499 -0.9975581
v 0.3558727 -0.0619373 -0.6063039
vn -0.0623802 0.0315601 -0.9975533
v -0.0987202 -0.0617214 0.2844007
vn -0.1065798 0.0539799 -0.9928378
v 0.3503835 -0.0613521 -0.6090842
vn -0.1065600 0.0539800 -0.9928400
v 0.3531217 -0.0617214 -0.6076973
vn -0.1066401 0.0539900 -0.9928308
v -0.0987202 -0.0617214 0.2844007
vn -0.1065403 0.0539701 -0.9928426
v 0.3503835 -0.0613521 -0.6090842
vn -0.1065995 0.0539798 -0.9928358
v -0.0987202 -0.0617214 0.2844007
vn -0.1066599 0.0539899 -0.9928287
v -0.1014583 -0.0613521 0.2830139
vn -0.1507098 0.0763099 -0.9856284
v 0.3476653 -0.0608302 -0.6104611
vn -0.1505893 0.0763296 -0.9856453
v -0.1014583 -0.0613521 0.2830139
vn -0.1505995 0.0762898 -0.9856468
v -0.1041766 -0.0608302 0.2816371
vn -0.1943295 0.0985097 -0.9759774
v 0.3476653 -0.0608302 -0.6104611
vn -0.1940995 0.0984697 -0.9760272
v -0.1041766 -0.0608302 0.2816371
vn -0.1942299 0.0984899 -0.9759992
v -0.1068683 -0.0601571 0.2802738
vn -0.1505395 0.0762797 -0.9856567
v 0.3476653 -0.0608302 -0.6104611
vn -0.1506097 0.0763799 -0.9856383
v 0.3503835 -0.0613521 -0.6090842
vn -0.1506205 0.0762903 -0.9856436
v -0.1014583 -0.0613521 0.2830139
vn -0.1942395 0.0984897 -0.9759973
v 0.3449737 -0.0601571 -0.6118243
vn -0.1943199 0.0985099 -0.9759793
v 0.3476653 -0.0608302 -0.6104611
vn -0.1942395 0.0984897 -0.9759973
v -0.1068683 -0.0601571 0.2802738
vn -0.2373792 0.1203996 -0.9639269
v 0.3423152 -0.0593344 -0.6131708
vn -0.2372200 0.1203700 -0.9639698
v -0.1068683 -0.0601571 0.2802738
vn -0.2374110 0.1203605 -0.9639240
v -0.1095266 -0.0593344 0.2789273
vn -0.2799905 0.1419402 -0.9494516
v 0.3423152 -0.0593344 -0.6131708
vn -0.2798102 0.1419001 -0.9495108
v -0.1095266 -0.0593344 0.2789273
vn -0.2799905 0.1419402 -0.9494516
v -0.1121452 -0.0583642 0.2776011
vn -0.2372809 0.1203804 -0.9639535
v 0.3423152 -0.0593344 -0.6131708
vn -0.2374496 0.1204098 -0.9639083
v 0.3449737 -0.0601571 -0.6118243
vn -0.2374704 0.1204202 -0.9639019
v -0.1068683 -0.0601571 0.2802738
vn -0.2799509 0.1419405 -0.9494632
v 0.3396968 -0.0583642 -0.6144970
vn -0.2799391 0.1419395 -0.9494669
v 0.3423152 -0.0593344 -0.6131708
vn -0.2799000 0.1419300 -0.9494799
v -0.1121452 -0.0583642 0.2776011
vn -0.3218583 0.1631491 -0.9326251
v 0.3371246 -0.0572489 -0.6157997
vn -0.3216786 0.1630993 -0.9326959
v -0.1121452 -0.0583642 0.2776011
vn -0.3218788 0.1631594 -0.9326163
v -0.1147172 -0.0572489 0.2762983
vn -0.3218200 0.1631400 -0.9326400
v 0.3371246 -0.0572489 -0.6157997
vn -0.3218115 0.1631308 -0.9326445
v 0.3396968 -0.0583642 -0.6144970
vn -0.3217702 0.1631201 -0.9326606
v -0.1121452 -0.0583642 0.2776011
vn -0.3628790 0.1839095 -0.9135076
v 0.3346054 -0.0559913 -0.6170757
vn -0.3627516 0.1838808 -0.9135640
v -0.1147172 -0.0572489 0.2762983
vn -0.3628990 0.1839195 -0.9134976
v -0.1172366 -0.0559913 0.2750223
vn -0.4031411 0.2042106 -0.8920624
v 0.3346054 -0.0559913 -0.6170757
vn -0.4029797 0.2041498 -0.8921493
v -0.1172366 -0.0559913 0.2750223
vn -0.4030502 0.2041801 -0.8921105
v -0.1196968 -0.0545945 0.2737762
vn -0.3628517 0.1839308 -0.9135142
v 0.3346054 -0.0559913 -0.6170757
vn -0.3629297 0.1839499 -0.9134793
v 0.3371246 -0.0572489 -0.6157997
vn -0.3629585 0.1839592 -0.9134660
v -0.1147172 -0.0572489 0.2762983
vn -0.4030622 0.2041811 -0.8921048
v 0.3321451 -0.0545945 -0.6183218
vn -0.4031383 0.2041992 -0.8920663
v 0.3346054 -0.0559913 -0.6170757
vn -0.4030594 0.2041697 -0.8921086
v -0.1196968 -0.0545945 0.2737762
vn -0.4422019 0.2240009 -0.8684936
v 0.3297500 -0.0530619 -0.6195350
vn -0.4421283 0.2239791 -0.8685367
v -0.1196968 -0.0545945 0.2737762
vn -0.4422985 0.2240293 -0.8684371
v -0.1220919 -0.0530619 0.2725631
vn -0.4421991 0.2239496 -0.8685082
v 0.3297500 -0.0530619 -0.6195350
vn -0.4422019 0.2240009 -0.8684936
v 0.3321451 -0.0545945 -0.6183218
vn -0.4422786 0.2240293 -0.8684472
v -0.1196968 -0.0545945 0.2737762
vn -0.4803413 0.2432607 -0.8426723
v 0.3274260 -0.0513974 -0.6207121
vn -0.4803230 0.2432515 -0.8426853
v -0.1220919 -0.0530619 0.2725631
vn -0.4803596 0.2432698 -0.8426592
v -0.1244159 -0.0513974 0.2713860
vn -0.4802677 0.2432888 -0.8427060
v 0.3274260 -0.0513974 -0.6207121
vn -0.4802890 0.2432395 -0.8427082
v 0.3297500 -0.0530619 -0.6195350
vn -0.4802495 0.2432797 -0.8427191
v -0.1220919 -0.0530619 0.2725631
vn -0.5172396 0.2618498 -0.8147994
v 0.3251790 -0.0496052 -0.6218502
vn -0.5172281 0.2618490 -0.8148069
v -0.1244159 -0.0513974 0.2713860
vn -0.5172294 0.2618397 -0.8148090
v -0.1266629 -0.0496052 0.2702479
vn -0.5527614 0.2798307 -0.7849520
v 0.3251790 -0.0496052 -0.6218502
vn -0.5528678 0.2798589 -0.7848669
v -0.1266629 -0.0496052 0.2702479
vn -0.5528691 0.2798795 -0.7848587
v -0.1288275 -0.0476896 0.2691516
vn -0.5172904 0.2618702 -0.8147606
v 0.3251790 -0.0496052 -0.6218502
vn -0.5172687 0.2618593 -0.8147779
v 0.3274260 -0.0513974 -0.6207121
vn -0.5171713 0.2618206 -0.8148520
v -0.1244159 -0.0513974 0.2713860
vn -0.5529033 0.2798517 -0.7848446
v 0.3230144 -0.0476896 -0.6229466
vn -0.5528302 0.2798401 -0.7849002
v 0.3251790 -0.0496052 -0.6218502
vn -0.5528386 0.2798293 -0.7848980
v -0.1288275 -0.0476896 0.2691516
vn -0.5870507 0.2971803 -0.7530308
v 0.3209377 -0.0456555 -0.6239983
vn -0.5869993 0.2971596 -0.7530791
v 0.3230144 -0.0476896 -0.6229466
vn -0.5870664 0.2971882 -0.7530154
v -0.1288275 -0.0476896 0.2691516
vn -0.5870019 0.2971710 -0.7530724
v 0.3209377 -0.0456555 -0.6239983
vn -0.5870599 0.2971900 -0.7530198
v -0.1288275 -0.0476896 0.2691516
vn -0.5870489 0.2971894 -0.7530286
v -0.1309042 -0.0456555 0.2680997
vn -0.6197668 0.3137584 -0.7193363
v 0.3209377 -0.0456555 -0.6239983
vn -0.6198865 0.3137982 -0.7192159
v -0.1309042 -0.0456555 0.2680997
vn -0.6198099 0.3137799 -0.7192898
v -0.1328879 -0.0435078 0.2670950
vn -0.6198087 0.3137394 -0.7193086
v 0.3189540 -0.0435078 -0.6250030
vn -0.6197920 0.3137410 -0.7193223
v 0.3209377 -0.0456555 -0.6239983
vn -0.6198305 0.3137603 -0.7192806
v -0.1328879 -0.0435078 0.2670950
vn -0.6509922 0.3295811 -0.6838022
v 0.3170683 -0.0412520 -0.6259583
vn -0.6509796 0.3295698 -0.6838197
v 0.3189540 -0.0435078 -0.6250030
vn -0.6510126 0.3295813 -0.6837828
v -0.1328879 -0.0435078 0.2670950
vn -0.6509614 0.3295607 -0.6838414
v 0.3170683 -0.0412520 -0.6259583
vn -0.6511004 0.3296202 -0.6836804
v -0.1328879 -0.0435078 0.2670950
vn -0.6509694 0.3295697 -0.6838294
v -0.1347736 -0.0412520 0.2661399
vn -0.6806728 0.3446314 -0.6464626
v 0.3152853 -0.0388936 -0.6268613
vn -0.6805786 0.3445993 -0.6465787
v 0.3170683 -0.0412520 -0.6259583
vn -0.6806370 0.3446185 -0.6465071
v -0.1347736 -0.0412520 0.2661399
vn -0.6805864 0.3445882 -0.6465766
v 0.3152853 -0.0388936 -0.6268613
vn -0.6806923 0.3446312 -0.6464422
v -0.1347736 -0.0412520 0.2661399
vn -0.6806198 0.3446099 -0.6465298
v -0.1365566 -0.0388936 0.2652368
vn -0.7085132 0.3588416 -0.6076527
v 0.3136093 -0.0364385 -0.6277102
vn -0.7084792 0.3588296 -0.6076993
v 0.3152853 -0.0388936 -0.6268613
vn -0.7084928 0.3588314 -0.6076825
v -0.1365566 -0.0388936 0.2652368
vn -0.7084453 0.3588176 -0.6077459
v 0.3136093 -0.0364385 -0.6277102
vn -0.7085428 0.3588514 -0.6076124
v -0.1365566 -0.0388936 0.2652368
vn -0.7084589 0.3588194 -0.6077290
v -0.1382326 -0.0364385 0.2643880
vn -0.7346200 0.3720700 -0.5673600
v 0.3120446 -0.0338928 -0.6285027
vn -0.7346505 0.3720703 -0.5673203
v 0.3136093 -0.0364385 -0.6277102
vn -0.7346547 0.3720724 -0.5673136
v -0.1382326 -0.0364385 0.2643880
vn -0.7346098 0.3720599 -0.5673799
v 0.3120446 -0.0338928 -0.6285027
vn -0.7346783 0.3720791 -0.5672786
v -0.1382326 -0.0364385 0.2643880
vn -0.7346227 0.3720614 -0.5673621
v -0.1397973 -0.0338928 0.2635954
vn -0.7589898 0.3843999 -0.5255199
v 0.3120446 -0.0338928 -0.6285027
vn -0.7589898 0.3843999 -0.5255199
v -0.1397973 -0.0338928 0.2635954
vn -0.7589683 0.3843891 -0.5255588
v -0.1412468 -0.0312629 0.2628613
vn -0.7589389 0.3844195 -0.5255792
v 0.3105951 -0.0312629 -0.6292368
vn -0.7589389 0.3844195 -0.5255792
v 0.3120446 -0.0338928 -0.6285027
vn -0.7589307 0.3844203 -0.5255904
v -0.1412468 -0.0312629 0.2628613
vn -0.7813685 0.3957392 -0.4825491
v 0.3092643 -0.0285552 -0.6299109
vn -0.7813495 0.3957397 -0.4825796
v 0.3105951 -0.0312629 -0.6292368
vn -0.7813685 0.3957392 -0.4825491
v -0.1412468 -0.0312629 0.2628613
vn -0.7813974 0.3957687 -0.4824784
v 0.3092643 -0.0285552 -0.6299109
vn -0.7814057 0.3957778 -0.4824573
v -0.1412468 -0.0312629 0.2628613
vn -0.7813897 0.3957699 -0.4824898
v -0.1425776 -0.0285552 0.2621872
vn -0.8017923 0.4062712 -0.4382612
v 0.3080555 -0.0257766 -0.6305230
vn -0.8018276 0.4062688 -0.4381987
v 0.3092643 -0.0285552 -0.6299109
vn -0.8017746 0.4062673 -0.4382971
v -0.1425776 -0.0285552 0.2621872
vn -0.8018198 0.4062399 -0.4382399
v 0.3080555 -0.0257766 -0.6305230
vn -0.8018057 0.4062378 -0.4382676
v -0.1425776 -0.0285552 0.2621872
vn -0.8018195 0.4062298 -0.4382497
v -0.1437864 -0.0257766 0.2615750
vn -0.8202794 0.4156297 -0.3929297
v 0.3080555 -0.0257766 -0.6305230
vn -0.8202794 0.4156297 -0.3929297
v -0.1437864 -0.0257766 0.2615750
vn -0.8202534 0.4156318 -0.3929817
v -0.1448701 -0.0229339 0.2610261
vn -0.8202992 0.4156096 -0.3929096
v 0.3069719 -0.0229339 -0.6310720
vn -0.8202441 0.4156121 -0.3930220
v 0.3080555 -0.0257766 -0.6305230
vn -0.8202571 0.4156085 -0.3929986
v -0.1448701 -0.0229339 0.2610261
vn -0.8367587 0.4239393 -0.3465694
v 0.3060159 -0.0200341 -0.6315561
vn -0.8367169 0.4239485 -0.3466588
v 0.3069719 -0.0229339 -0.6310720
vn -0.8367169 0.4239485 -0.3466588
v -0.1448701 -0.0229339 0.2610261
vn -0.8367470 0.4239385 -0.3465987
v 0.3060159 -0.0200341 -0.6315561
vn -0.8367150 0.4239825 -0.3466220
v -0.1448701 -0.0229339 0.2610261
vn -0.8367411 0.4239405 -0.3466105
v -0.1458260 -0.0200341 0.2605419
vn -0.8510936 0.4312618 -0.2994213
v 0.3060159 -0.0200341 -0.6315561
vn -0.8510795 0.4312697 -0.2994498
v -0.1458260 -0.0200341 0.2605419
vn -0.8510857 0.4312629 -0.2994420
v -0.1466518 -0.0170846 0.2601237
vn -0.8510986 0.4312393 -0.2994395
v 0.3051901 -0.0170846 -0.6319744
vn -0.8511137 0.4312219 -0.2994213
v 0.3060159 -0.0200341 -0.6315561
vn -0.8511295 0.4312197 -0.2993798
v -0.1466518 -0.0170846 0.2601237
vn -0.8633876 0.4374188 -0.2514493
v 0.3044965 -0.0140925 -0.6323258
vn -0.8633897 0.4374199 -0.2514399
v 0.3051901 -0.0170846 -0.6319744
vn -0.8633615 0.4374408 -0.2515005
v -0.1466518 -0.0170846 0.2601237
vn -0.8633717 0.4374609 -0.2514305
v 0.3044965 -0.0140925 -0.6323258
vn -0.8633499 0.4374699 -0.2514900
v -0.1466518 -0.0170846 0.2601237
vn -0.8633696 0.4374598 -0.2514399
v -0.1473454 -0.0140925 0.2597724
vn -0.8734804 0.4425602 -0.2029101
v 0.3039367 -0.0110654 -0.6326092
vn -0.8735210 0.4425305 -0.2028002
v 0.3044965 -0.0140925 -0.6323258
vn -0.8735095 0.4425397 -0.2028299
v -0.1473454 -0.0140925 0.2597724
vn -0.8734717 0.4425909 -0.2028804
v 0.3039367 -0.0110654 -0.6326092
vn -0.8734717 0.4425909 -0.2028804
v -0.1473454 -0.0140925 0.2597724
vn -0.8734753 0.4425927 -0.2028612
v -0.1479051 -0.0110654 0.2594889
vn -0.8814268 0.4465684 -0.1538295
v 0.3035124 -0.0080109 -0.6328242
vn -0.8814588 0.4465294 -0.1537598
v 0.3039367 -0.0110654 -0.6326092
vn -0.8814268 0.4465684 -0.1538295
v -0.1479051 -0.0110654 0.2594889
vn -0.8814499 0.4465399 -0.1537800
v 0.3035124 -0.0080109 -0.6328242
vn -0.8814424 0.4465512 -0.1537904
v -0.1479051 -0.0110654 0.2594889
vn -0.8814321 0.4465611 -0.1538204
v -0.1483295 -0.0080109 0.2592739
vn -0.8871721 0.4494711 -0.1044102
v 0.3035124 -0.0080109 -0.6328242
vn -0.8871800 0.4494600 -0.1043900
v -0.1483295 -0.0080109 0.2592739
vn -0.8871721 0.4494711 -0.1044102
v -0.1486176 -0.0049364 0.2591280
vn -0.8871716 0.4494908 -0.1043302
v 0.3032244 -0.0049364 -0.6329700
vn -0.8871706 0.4494903 -0.1043401
v 0.3035124 -0.0080109 -0.6328242
vn -0.8871716 0.4494908 -0.1043302
v -0.1486176 -0.0049364 0.2591280
vn -0.8907282 0.4512391 -0.0546499
v 0.3030734 -0.0018496 -0.6330464
vn -0.8907171 0.4512585 -0.0546698
v 0.3032244 -0.0049364 -0.6329700
vn -0.8907171 0.4512585 -0.0546698
v -0.1486176 -0.0049364 0.2591280
vn -0.8907397 0.4512199 -0.0546200
v 0.3030734 -0.0018496 -0.6330464
vn -0.8907397 0.4512199 -0.0546200
v -0.1486176 -0.0049364 0.2591280
vn -0.8907332 0.4512316 -0.0546302
v -0.1487685 -0.0018496 0.2590516
vn -0.8920566 0.4518983 -0.0048000
v 0.3030598 0.0012418 -0.6330534
vn -0.8920301 0.4519500 -0.0048500
v 0.3030734 -0.0018496 -0.6330464
vn -0.8920566 0.4518983 -0.0048000
v -0.1487685 -0.0018496 0.2590516
vn -0.8920262 0.4519581 -0.0048300
v 0.3030598 0.0012418 -0.6330534
vn -0.8920607 0.4518904 -0.0047700
v -0.1487685 -0.0018496 0.2590516
vn -0.8920404 0.4519302 -0.0048000
v -0.1487820 0.0012418 0.2590447
vn -0.8911790 0.4514095 0.0450500
v 0.3031838 0.0043301 -0.6329905
vn -0.8911373 0.4514987 0.0449799
v 0.3030598 0.0012418 -0.6330534
vn -0.8911507 0.4514703 0.0450000
v -0.1487820 0.0012418 0.2590447
vn -0.8911476 0.4514687 0.0450799
v 0.3031838 0.0043301 -0.6329905
vn -0.8911382 0.4514891 0.0450599
v -0.1487820 0.0012418 0.2590447
vn -0.8911321 0.4515011 0.0450601
v -0.1486581 0.0043301 0.2591075
vn -0.8880658 0.4498379 0.0947895
v 0.3034450 0.0074076 -0.6328583
vn -0.8880287 0.4499193 0.0947499
v 0.3031838 0.0043301 -0.6329905
vn -0.8880388 0.4498994 0.0947499
v -0.1486581 0.0043301 0.2591075
vn -0.8880566 0.4498583 0.0947796
v 0.3034450 0.0074076 -0.6328583
vn -0.8880753 0.4498127 0.0948206
v -0.1486581 0.0043301 0.2591075
vn -0.8880597 0.4498498 0.0947900
v -0.1483970 0.0074076 0.2592398
vn -0.8827406 0.4471603 0.1442801
v 0.3038426 0.0104667 -0.6326570
vn -0.8827468 0.4471484 0.1442795
v 0.3034450 0.0074076 -0.6328583
vn -0.8827609 0.4471105 0.1443102
v -0.1483970 0.0074076 0.2592398
vn -0.8827232 0.4471816 0.1443205
v 0.3038426 0.0104667 -0.6326570
vn -0.8827521 0.4471311 0.1443003
v -0.1483970 0.0074076 0.2592398
vn -0.8827409 0.4471404 0.1443401
v -0.1479993 0.0104667 0.2594412
vn -0.8752037 0.4433819 0.1934708
v 0.3043758 0.0134997 -0.6323869
vn -0.8752205 0.4433403 0.1934901
v -0.1479993 0.0104667 0.2594412
vn -0.8752292 0.4433496 0.1934298
v -0.1474661 0.0134997 0.2597112
vn -0.8655437 0.4383918 0.2421710
v 0.3043758 0.0134997 -0.6323869
vn -0.8655100 0.4384700 0.2421500
v -0.1474661 0.0134997 0.2597112
vn -0.8655298 0.4384199 0.2421699
v -0.1467987 0.0164993 0.2600493
vn -0.8751903 0.4434001 0.1934900
v 0.3043758 0.0134997 -0.6323869
vn -0.8752087 0.4433594 0.1934997
v 0.3038426 0.0104667 -0.6326570
vn -0.8752127 0.4433513 0.1935006
v -0.1479993 0.0104667 0.2594412
vn -0.8655217 0.4384409 0.2421605
v 0.3050432 0.0164993 -0.6320488
vn -0.8655517 0.4383708 0.2421805
v 0.3043758 0.0134997 -0.6323869
vn -0.8655217 0.4384409 0.2421605
v -0.1467987 0.0164993 0.2600493
vn -0.8537084 0.4323892 0.2902095
v 0.3058431 0.0194578 -0.6316436
vn -0.8536742 0.4324622 0.2902015
v -0.1467987 0.0164993 0.2600493
vn -0.8537185 0.4323693 0.2902095
v -0.1459987 0.0194578 0.2604544
vn -0.8397681 0.4252490 0.3375692
v 0.3058431 0.0194578 -0.6316436
vn -0.8397104 0.4253702 0.3375601
v -0.1459987 0.0194578 0.2604544
vn -0.8397406 0.4253103 0.3375602
v -0.1450682 0.0223679 0.2609257
vn -0.8537008 0.4324104 0.2902003
v 0.3058431 0.0194578 -0.6316436
vn -0.8537298 0.4323399 0.2902199
v 0.3050432 0.0164993 -0.6320488
vn -0.8536806 0.4324503 0.2902002
v -0.1467987 0.0164993 0.2600493
vn -0.8236703 0.4172201 0.3840502
v 0.3067737 0.0223679 -0.6311724
vn -0.8236766 0.4172183 0.3840384
v -0.1450682 0.0223679 0.2609257
vn -0.8236874 0.4171787 0.3840588
v -0.1440095 0.0252224 0.2614620
vn -0.8397240 0.4253420 0.3375616
v 0.3067737 0.0223679 -0.6311724
vn -0.8236937 0.4171819 0.3840417
v 0.3078324 0.0252224 -0.6306360
vn -0.8237274 0.4171087 0.3840488
v 0.3067737 0.0223679 -0.6311724
vn -0.8237073 0.4171486 0.3840487
v -0.1440095 0.0252224 0.2614620
vn -0.8056094 0.4080097 0.4295597
v 0.3090169 0.0280142 -0.6300362
vn -0.8056430 0.4079415 0.4295616
v 0.3078324 0.0252224 -0.6306360
vn -0.8055992 0.4080196 0.4295696
v -0.1440095 0.0252224 0.2614620
vn -0.8056397 0.4079499 0.4295599
v 0.3090169 0.0280142 -0.6300362
vn -0.8055757 0.4080679 0.4295677
v -0.1440095 0.0252224 0.2614620
vn -0.8055993 0.4080297 0.4295596
v -0.1428251 0.0280142 0.2620619
vn -0.7854896 0.3978598 0.4740398
v 0.3103239 0.0307363 -0.6293742
vn -0.7855577 0.3977388 0.4740286
v 0.3090169 0.0280142 -0.6300362
vn -0.7855098 0.3978199 0.4740399
v -0.1428251 0.0280142 0.2620619
vn -0.7855400 0.3977600 0.4740400
v 0.3103239 0.0307363 -0.6293742
vn -0.7855028 0.3978314 0.4740417
v -0.1428251 0.0280142 0.2620619
vn -0.7855129 0.3978115 0.4740417
v -0.1415180 0.0307363 0.2627239
vn -0.7634703 0.3867101 0.5172702
v 0.3117504 0.0333821 -0.6286517
vn -0.7635388 0.3865894 0.5172592
v 0.3103239 0.0307363 -0.6293742
vn -0.7634875 0.3866787 0.5172683
v -0.1415180 0.0307363 0.2627239
vn -0.7635258 0.3866179 0.5172572
v 0.3117504 0.0333821 -0.6286517
vn -0.7634944 0.3866722 0.5172630
v -0.1415180 0.0307363 0.2627239
vn -0.7634975 0.3866588 0.5172684
v -0.1400915 0.0333821 0.2634464
vn -0.7395725 0.3745113 0.5592619
v 0.3132927 0.0359448 -0.6278705
vn -0.7395899 0.3744799 0.5592600
v 0.3117504 0.0333821 -0.6286517
vn -0.7395167 0.3745983 0.5592774
v -0.1400915 0.0333821 0.2634464
vn -0.7395396 0.3745498 0.5592796
v 0.3132927 0.0359448 -0.6278705
vn -0.7395167 0.3745983 0.5592774
v -0.1400915 0.0333821 0.2634464
vn -0.7395108 0.3745904 0.5592906
v -0.1385492 0.0359448 0.2642276
vn -0.7137889 0.3614894 0.5998591
v 0.3149471 0.0384182 -0.6270326
vn -0.7137796 0.3614898 0.5998697
v 0.3132927 0.0359448 -0.6278705
vn -0.7138182 0.3614491 0.5998485
v -0.1385492 0.0359448 0.2642276
vn -0.7137622 0.3615211 0.5998718
v 0.3149471 0.0384182 -0.6270326
vn -0.7138107 0.3614604 0.5998506
v -0.1385492 0.0359448 0.2642276
vn -0.7137989 0.3614695 0.5998591
v -0.1368948 0.0384182 0.2650655
vn -0.6863024 0.3475712 0.6388923
v 0.3167094 0.0407961 -0.6261399
vn -0.6862420 0.3475810 0.6389518
v 0.3149471 0.0384182 -0.6270326
vn -0.6863004 0.3475602 0.6389003
v -0.1368948 0.0384182 0.2650655
vn -0.6862295 0.3476098 0.6389495
v 0.3167094 0.0407961 -0.6261399
vn -0.6862319 0.3476010 0.6389517
v -0.1368948 0.0384182 0.2650655
vn -0.6862408 0.3476404 0.6389207
v -0.1351325 0.0407961 0.2659581
vn -0.6569686 0.3327793 0.6764986
v 0.3185753 0.0430725 -0.6251950
vn -0.6570012 0.3327906 0.6764613
v 0.3167094 0.0407961 -0.6261399
vn -0.6569587 0.3328393 0.6764786
v -0.1351325 0.0407961 0.2659581
vn -0.6570091 0.3327795 0.6764591
v 0.3185753 0.0430725 -0.6251950
vn -0.6570193 0.3327796 0.6764492
v -0.1351325 0.0407961 0.2659581
vn -0.6570012 0.3327906 0.6764613
v -0.1332666 0.0430725 0.2669032
vn -0.6260998 0.3171299 0.7123397
v 0.3205401 0.0452419 -0.6241998
vn -0.6260791 0.3171496 0.7123491
v 0.3185753 0.0430725 -0.6251950
vn -0.6260380 0.3171890 0.7123677
v -0.1332666 0.0430725 0.2669032
vn -0.6260998 0.3171299 0.7123397
v 0.3205401 0.0452419 -0.6241998
vn -0.6261303 0.3170902 0.7123304
v -0.1332666 0.0430725 0.2669032
vn -0.6261183 0.3171192 0.7123281
v -0.1313018 0.0452419 0.2678983
vn -0.5936832 0.3007016 0.7464039
v 0.3225988 0.0472988 -0.6231570
vn -0.5936095 0.3007097 0.7464593
v 0.3205401 0.0452419 -0.6241998
vn -0.5936012 0.3007206 0.7464615
v -0.1313018 0.0452419 0.2678983
vn -0.5936723 0.3007012 0.7464129
v 0.3225988 0.0472988 -0.6231570
vn -0.5936203 0.3007601 0.7464304
v -0.1313018 0.0452419 0.2678983
vn -0.5935738 0.3007419 0.7464747
v -0.1292430 0.0472988 0.2689411
vn -0.5597602 0.2835001 0.7786503
v 0.3225988 0.0472988 -0.6231570
vn -0.5597574 0.2834887 0.7786565
v -0.1292430 0.0472988 0.2689411
vn -0.5596811 0.2835705 0.7786815
v -0.1270953 0.0492381 0.2700289
vn -0.5596783 0.2835592 0.7786877
v 0.3247466 0.0492381 -0.6220692
vn -0.5596895 0.2835598 0.7786794
v 0.3225988 0.0472988 -0.6231570
vn -0.5596827 0.2835613 0.7786837
v -0.1270953 0.0492381 0.2700289
vn -0.5244193 0.2656196 0.8089689
v 0.3269778 0.0510549 -0.6209391
vn -0.5243704 0.2656502 0.8089905
v 0.3247466 0.0492381 -0.6220692
vn -0.5243905 0.2656403 0.8089808
v -0.1270953 0.0492381 0.2700289
vn -0.5243201 0.2656900 0.8090101
v 0.3269778 0.0510549 -0.6209391
vn -0.5243489 0.2656694 0.8089982
v -0.1270953 0.0492381 0.2700289
vn -0.5243301 0.2656700 0.8090101
v -0.1248640 0.0510549 0.2711591
vn -0.4877410 0.2469505 0.8373317
v 0.3292871 0.0527449 -0.6197694
vn -0.4876987 0.2469793 0.8373477
v 0.3269778 0.0510549 -0.6209391
vn -0.4877193 0.2469696 0.8373387
v -0.1248640 0.0510549 0.2711591
vn -0.4876476 0.2470188 0.8373659
v 0.3292871 0.0527449 -0.6197694
vn -0.4876693 0.2469996 0.8373588
v -0.1248640 0.0510549 0.2711591
vn -0.4876605 0.2470102 0.8373609
v -0.1225547 0.0527449 0.2723287
vn -0.4498205 0.2278303 0.8635710
v 0.3316687 0.0543037 -0.6185632
vn -0.4498723 0.2277911 0.8635544
v -0.1225547 0.0527449 0.2723287
vn -0.4498723 0.2277911 0.8635544
v -0.1201732 0.0543037 0.2735349
vn -0.4498491 0.2278596 0.8635483
v 0.3316687 0.0543037 -0.6185632
vn -0.4499102 0.2277701 0.8635402
v 0.3292871 0.0527449 -0.6197694
vn -0.4498972 0.2277786 0.8635447
v -0.1225547 0.0527449 0.2723287
vn -0.4109007 0.2080603 0.8876213
v 0.3341166 0.0557275 -0.6173233
vn -0.4108703 0.2080802 0.8876307
v -0.1201732 0.0543037 0.2735349
vn -0.4108915 0.2080707 0.8876231
v -0.1177253 0.0557275 0.2747748
vn -0.4109512 0.2080406 0.8876026
v 0.3341166 0.0557275 -0.6173233
vn -0.4109603 0.2080302 0.8876007
v 0.3316687 0.0543037 -0.6185632
vn -0.4108189 0.2081095 0.8876476
v -0.1201732 0.0543037 0.2735349
vn -0.3708196 0.1877498 0.9095290
v 0.3366248 0.0570128 -0.6160529
vn -0.3708102 0.1877601 0.9095306
v -0.1177253 0.0557275 0.2747748
vn -0.3708409 0.1877405 0.9095222
v -0.1152171 0.0570128 0.2760451
vn -0.3709008 0.1877204 0.9095019
v 0.3366248 0.0570128 -0.6160529
vn -0.3709707 0.1876803 0.9094816
v 0.3341166 0.0557275 -0.6173233
vn -0.3709101 0.1877100 0.9095002
v -0.1177253 0.0557275 0.2747748
vn -0.3299189 0.1670194 0.9291168
v 0.3391871 0.0581563 -0.6147552
vn -0.3299801 0.1669901 0.9291004
v -0.1152171 0.0570128 0.2760451
vn -0.3300289 0.1669694 0.9290868
v -0.1126548 0.0581563 0.2773429
vn -0.2882388 0.1458494 0.9463860
v 0.3391871 0.0581563 -0.6147552
vn -0.2882392 0.1458396 0.9463874
v -0.1126548 0.0581563 0.2773429
vn -0.2883195 0.1458697 0.9463583
v -0.1100449 0.0591552 0.2786648
vn -0.3299403 0.1670102 0.9291109
v 0.3391871 0.0581563 -0.6147552
vn -0.3300686 0.1669493 0.9290763
v 0.3366248 0.0570128 -0.6160529
vn -0.3300016 0.1669808 0.9290944
v -0.1152171 0.0570128 0.2760451
vn -0.2883011 0.1458706 0.9463637
v 0.3417969 0.0591552 -0.6134333
vn -0.2883312 0.1458106 0.9463638
v 0.3391871 0.0581563 -0.6147552
vn -0.2883410 0.1458605 0.9463531
v -0.1100449 0.0591552 0.2786648
vn -0.2457812 0.1243606 0.9613148
v 0.3444480 0.0600071 -0.6120905
vn -0.2457195 0.1243797 0.9613280
v -0.1100449 0.0591552 0.2786648
vn -0.2458097 0.1243498 0.9613089
v -0.1073939 0.0600071 0.2800075
vn -0.2458097 0.1243498 0.9613089
v 0.3444480 0.0600071 -0.6120905
vn -0.2458999 0.1243200 0.9612896
v 0.3417969 0.0591552 -0.6134333
vn -0.2458714 0.1243307 0.9612955
v -0.1100449 0.0591552 0.2786648
vn -0.2027392 0.1025696 0.9738462
v 0.3471337 0.0607097 -0.6107304
vn -0.2026505 0.1025903 0.9738624
v -0.1073939 0.0600071 0.2800075
vn -0.2027605 0.1025603 0.9738427
v -0.1047082 0.0607097 0.2813678
vn -0.2027392 0.1025696 0.9738462
v 0.3471337 0.0607097 -0.6107304
vn -0.2028898 0.1025299 0.9738190
v 0.3444480 0.0600071 -0.6120905
vn -0.2028299 0.1025499 0.9738294
v -0.1073939 0.0600071 0.2800075
vn -0.1591705 0.0805102 0.9839628
v 0.3498472 0.0612615 -0.6093559
vn -0.1591997 0.0805099 0.9839582
v -0.1047082 0.0607097 0.2813678
vn -0.1591997 0.0805099 0.9839582
v -0.1019947 0.0612615 0.2827422
vn -0.1591494 0.0805097 0.9839664
v 0.3498472 0.0612615 -0.6093559
vn -0.1593397 0.0804798 0.9839379
v 0.3471337 0.0607097 -0.6107304
vn -0.1592600 0.0804900 0.9839500
v -0.1047082 0.0607097 0.2813678
vn -0.1153301 0.0583700 0.9916108
v 0.3525819 0.0616609 -0.6079708
vn -0.1152302 0.0583801 0.9916218
v -0.1019947 0.0612615 0.2827422
vn -0.1152598 0.0583799 0.9916183
v -0.0992599 0.0616609 0.2841273
vn -0.1151896 0.0583798 0.9916266
v 0.3525819 0.0616609 -0.6079708
vn -0.1154004 0.0583602 0.9916032
v 0.3498472 0.0612615 -0.6093559
vn -0.1152401 0.0583800 0.9916207
v -0.1019947 0.0612615 0.2827422
vn -0.0710198 0.0359599 0.9968265
v 0.3553310 0.0619070 -0.6065783
vn -0.0709999 0.0359599 0.9968280
v -0.0992599 0.0616609 0.2841273
vn -0.0710503 0.0359602 0.9968243
v -0.0965109 0.0619070 0.2855197
vn -0.0709501 0.0359700 0.9968311
v 0.3553310 0.0619070 -0.6065783
vn -0.0711498 0.0359499 0.9968176
v 0.3525819 0.0616609 -0.6079708
vn -0.0711200 0.0359600 0.9968194
v -0.0992599 0.0616609 0.2841273
vn -0.0266601 0.0134900 0.9995536
v 0.3580876 0.0619993 -0.6051821
vn -0.0266101 0.0134901 0.9995549
v -0.0965109 0.0619070 0.2855197
vn -0.0266901 0.0134900 0.9995528
v -0.0937542 0.0619993 0.2869159
vn -0.0265599 0.0134899 0.9995562
v 0.3580876 0.0619993 -0.6051821
vn -0.0266401 0.0134901 0.9995541
v 0.3553310 0.0619070 -0.6065783
vn -0.0265699 0.0134899 0.9995559
v -0.0965109 0.0619070 0.2855197
vn 0.0179300 -0.0090300 0.9997985
v 0.3608449 0.0619373 -0.6037856
vn 0.0179600 -0.0090400 0.9997979
v -0.0937542 0.0619993 0.2869159
vn 0.0178500 -0.0090300 0.9997999
v -0.0909970 0.0619373 0.2883125
vn 0.0178700 -0.0090300 0.9997995
v 0.3608449 0.0619373 -0.6037856
vn 0.0178600 -0.0090300 0.9997998
v 0.3580876 0.0619993 -0.6051821
vn 0.0178400 -0.0090300 0.9998001
v -0.0937542 0.0619993 0.2869159
vn 0.0623603 -0.0315601 0.9975546
v 0.3635960 0.0617214 -0.6023921
vn 0.0623298 -0.0315599 0.9975566
v -0.0909970 0.0619373 0.2883125
vn 0.0623397 -0.0315599 0.9975559
v -0.0882459 0.0617214 0.2897059
vn 0.0623802 -0.0315601 0.9975533
v 0.3635960 0.0617214 -0.6023921
vn 0.0623298 -0.0315599 0.9975566
v 0.3608449 0.0619373 -0.6037856
vn 0.0622601 -0.0315500 0.9975612
v -0.0909970 0.0619373 0.2883125
vn 0.1065501 -0.0539801 0.9928410
v 0.3663341 0.0613521 -0.6010054
vn 0.1066203 -0.0539902 0.9928329
v 0.3635960 0.0617214 -0.6023921
vn 0.1066796 -0.0539898 0.9928266
v -0.0882459 0.0617214 0.2897059
vn 0.1065897 -0.0539798 0.9928368
v 0.3663341 0.0613521 -0.6010054
vn 0.1066302 -0.0539901 0.9928319
v -0.0882459 0.0617214 0.2897059
vn 0.1066104 -0.0539902 0.9928340
v -0.0855078 0.0613521 0.2910927
vn 0.1506492 -0.0763496 0.9856346
v 0.3690524 0.0608302 -0.5996286
vn 0.1506898 -0.0763499 0.9856284
v 0.3663341 0.0613521 -0.6010054
vn 0.1506693 -0.0762996 0.9856354
v -0.0855078 0.0613521 0.2910927
vn 0.1505594 -0.0763797 0.9856460
v 0.3690524 0.0608302 -0.5996286
vn 0.1506006 -0.0763303 0.9856436
v -0.0855078 0.0613521 0.2910927
vn 0.1506903 -0.0763002 0.9856322
v -0.0827895 0.0608302 0.2924695
vn 0.1942299 -0.0984899 0.9759992
v 0.3717440 0.0601571 -0.5982652
vn 0.1943699 -0.0985099 0.9759694
v 0.3690524 0.0608302 -0.5996286
vn 0.1943102 -0.0985101 0.9759812
v -0.0827895 0.0608302 0.2924695
vn 0.1942202 -0.0984901 0.9760011
v 0.3717440 0.0601571 -0.5982652
vn 0.1941800 -0.0984800 0.9760101
v -0.0827895 0.0608302 0.2924695
vn 0.1942395 -0.0984897 0.9759973
v -0.0800979 0.0601571 0.2938328
vn 0.2373792 -0.1203996 0.9639269
v 0.3744024 0.0593344 -0.5969188
vn 0.2374893 -0.1204197 0.9638973
v 0.3717440 0.0601571 -0.5982652
vn 0.2373395 -0.1203897 0.9639379
v -0.0800979 0.0601571 0.2938328
vn 0.2374307 -0.1204104 0.9639128
v 0.3744024 0.0593344 -0.5969188
vn 0.2373300 -0.1203900 0.9639402
v -0.0800979 0.0601571 0.2938328
vn 0.2373607 -0.1203903 0.9639326
v -0.0774395 0.0593344 0.2951793
vn 0.2800591 -0.1419695 0.9494269
v 0.3770209 0.0583642 -0.5955927
vn 0.2799395 -0.1419297 0.9494682
v -0.0774395 0.0593344 0.2951793
vn 0.2799391 -0.1419395 0.9494669
v -0.0748210 0.0583642 0.2965055
vn 0.2798700 -0.1419200 0.9494901
v 0.3770209 0.0583642 -0.5955927
vn 0.2800591 -0.1419695 0.9494269
v 0.3744024 0.0593344 -0.5969188
vn 0.2799694 -0.1419397 0.9494579
v -0.0774395 0.0593344 0.2951793
vn 0.3218997 -0.1631598 0.9326090
v 0.3795930 0.0572489 -0.5942897
vn 0.3217403 -0.1631202 0.9326709
v -0.0748210 0.0583642 0.2965055
vn 0.3218409 -0.1631405 0.9326326
v -0.0722489 0.0572489 0.2978083
vn 0.3217702 -0.1631201 0.9326606
v 0.3795930 0.0572489 -0.5942897
vn 0.3219385 -0.1631592 0.9325957
v 0.3770209 0.0583642 -0.5955927
vn 0.3218205 -0.1631303 0.9326414
v -0.0748210 0.0583642 0.2965055
vn 0.3629184 -0.1839392 0.9134860
v 0.3821124 0.0559913 -0.5930137
vn 0.3628984 -0.1839292 0.9134960
v -0.0722489 0.0572489 0.2978083
vn 0.3628490 -0.1839195 0.9135175
v -0.0697296 0.0559913 0.2990843
vn 0.3628290 -0.1839095 0.9135275
v 0.3821124 0.0559913 -0.5930137
vn 0.3629798 -0.1839499 0.9134595
v 0.3795930 0.0572489 -0.5942897
vn 0.3628377 -0.1839088 0.9135242
v -0.0722489 0.0572489 0.2978083
vn 0.4030391 -0.2041695 0.8921179
v 0.3845727 0.0545945 -0.5917676
vn 0.4030195 -0.2041598 0.8921289
v -0.0697296 0.0559913 0.2990843
vn 0.4030622 -0.2041811 0.8921048
v -0.0672693 0.0545945 0.3003304
vn 0.4030594 -0.2041697 0.8921086
v 0.3845727 0.0545945 -0.5917676
vn 0.4031902 -0.2042101 0.8920404
v 0.3821124 0.0559913 -0.5930137
vn 0.4031224 -0.2041912 0.8920753
v -0.0697296 0.0559913 0.2990843
vn 0.4422407 -0.2240104 0.8684714
v 0.3869677 0.0530619 -0.5905545
vn 0.4422326 -0.2240114 0.8684753
v -0.0672693 0.0545945 0.3003304
vn 0.4422606 -0.2240103 0.8684613
v -0.0648742 0.0530619 0.3015435
vn 0.4422696 -0.2240398 0.8684491
v 0.3869677 0.0530619 -0.5905545
vn 0.4422506 -0.2240303 0.8684612
v 0.3845727 0.0545945 -0.5917676
vn 0.4423113 -0.2240606 0.8684225
v -0.0672693 0.0545945 0.3003304
vn 0.4803867 -0.2432683 0.8426442
v 0.3892917 0.0513974 -0.5893776
vn 0.4803307 -0.2432504 0.8426812
v -0.0648742 0.0530619 0.3015435
vn 0.4803319 -0.2432410 0.8426833
v -0.0625502 0.0513974 0.3027206
vn 0.4803778 -0.2432789 0.8426462
v 0.3892917 0.0513974 -0.5893776
vn 0.4803413 -0.2432607 0.8426723
v 0.3869677 0.0530619 -0.5905545
vn 0.4803113 -0.2432507 0.8426923
v -0.0648742 0.0530619 0.3015435
vn 0.5172775 -0.2618787 0.8147660
v 0.3915387 0.0496052 -0.5882394
vn 0.5172092 -0.2618496 0.8148186
v -0.0625502 0.0513974 0.3027206
vn 0.5171875 -0.2618387 0.8148360
v -0.0603032 0.0496052 0.3038587
vn 0.5172424 -0.2618612 0.8147938
v 0.3915387 0.0496052 -0.5882394
vn 0.5172424 -0.2618612 0.8147938
v 0.3892917 0.0513974 -0.5893776
vn 0.5172092 -0.2618496 0.8148186
v -0.0625502 0.0513974 0.3027206
vn 0.5528189 -0.2798394 0.7849084
v 0.3937033 0.0476896 -0.5871430
vn 0.5528399 -0.2798499 0.7848898
v -0.0603032 0.0496052 0.3038587
vn 0.5528022 -0.2798311 0.7849231
v -0.0581386 0.0476896 0.3049550
vn 0.5528807 -0.2798504 0.7848610
v 0.3937033 0.0476896 -0.5871430
vn 0.5527407 -0.2797904 0.7849810
v 0.3915387 0.0496052 -0.5882394
vn 0.5528920 -0.2798510 0.7848528
v -0.0603032 0.0496052 0.3038587
vn 0.5870331 -0.2971816 0.7530440
v 0.3957799 0.0456555 -0.5860912
vn 0.5870801 -0.2972000 0.7530001
v -0.0581386 0.0476896 0.3049550
vn 0.5870177 -0.2971789 0.7530571
v -0.0560619 0.0456555 0.3060069
vn 0.5871077 -0.2972289 0.7529671
v 0.3957799 0.0456555 -0.5860912
vn 0.5869515 -0.2971708 0.7531119
v 0.3937033 0.0476896 -0.5871430
vn 0.5870920 -0.2972210 0.7529826
v -0.0581386 0.0476896 0.3049550
vn 0.6198199 -0.3137600 0.7192900
v 0.3977637 0.0435078 -0.5850865
vn 0.6198778 -0.3137889 0.7192274
v -0.0560619 0.0456555 0.3060069
vn 0.6198006 -0.3137503 0.7193107
v -0.0540783 0.0435078 0.3070116
vn 0.6198300 -0.3137400 0.7192900
v 0.3977637 0.0435078 -0.5850865
vn 0.6197395 -0.3137597 0.7193593
v 0.3957799 0.0456555 -0.5860912
vn 0.6197501 -0.3137600 0.7193500
v -0.0560619 0.0456555 0.3060069
vn 0.6509798 -0.3295899 0.6838098
v 0.3996494 0.0412520 -0.5841314
vn 0.6510288 -0.3295994 0.6837587
v -0.0540783 0.0435078 0.3070116
vn 0.6510208 -0.3296104 0.6837608
v -0.0521926 0.0412520 0.3079667
vn 0.6510572 -0.3296086 0.6837271
v 0.3996494 0.0412520 -0.5841314
vn 0.6509387 -0.3295694 0.6838587
v 0.3977637 0.0435078 -0.5850865
vn 0.6510369 -0.3296084 0.6837466
v -0.0540783 0.0435078 0.3070116
vn 0.6806204 -0.3445702 0.6465504
v 0.4014324 0.0388936 -0.5832284
vn 0.6806278 -0.3445789 0.6465379
v -0.0521926 0.0412520 0.3079667
vn 0.6806207 -0.3445503 0.6465606
v -0.0504095 0.0388936 0.3088698
vn 0.6806411 -0.3446406 0.6464910
v 0.4014324 0.0388936 -0.5832284
vn 0.6805493 -0.3445997 0.6466094
v 0.3996494 0.0412520 -0.5841314
vn 0.6805538 -0.3446019 0.6466036
v -0.0521926 0.0412520 0.3079667
vn 0.7084725 -0.3588212 0.6077121
v 0.4031083 0.0364385 -0.5823795
vn 0.7084682 -0.3588191 0.6077185
v -0.0504095 0.0388936 0.3088698
vn 0.7084411 -0.3588006 0.6077610
v -0.0487335 0.0364385 0.3097186
vn 0.7085130 -0.3587915 0.6076826
v 0.4031083 0.0364385 -0.5823795
vn 0.7084540 -0.3588220 0.6077334
v 0.4014324 0.0388936 -0.5832284
vn 0.7084200 -0.3588100 0.6077800
v -0.0504095 0.0388936 0.3088698
vn 0.7346288 -0.3720694 0.5673491
v 0.4046730 0.0338928 -0.5815870
vn 0.7346432 -0.3720816 0.5673224
v -0.0487335 0.0364385 0.3097186
vn 0.7345968 -0.3720584 0.5673975
v -0.0471689 0.0338928 0.3105111
vn 0.7346594 -0.3720997 0.5672895
v 0.4046730 0.0338928 -0.5815870
vn 0.7346172 -0.3720786 0.5673579
v 0.4031083 0.0364385 -0.5823795
vn 0.7345808 -0.3720704 0.5674106
v -0.0487335 0.0364385 0.3097186
vn 0.7589315 -0.3843907 0.5256110
v 0.4061226 0.0312629 -0.5808528
vn 0.7589436 -0.3843918 0.5255925
v -0.0471689 0.0338928 0.3105111
vn 0.7589407 -0.3844004 0.5255905
v -0.0457193 0.0312629 0.3112453
vn 0.7589492 -0.3844396 0.5255495
v 0.4061226 0.0312629 -0.5808528
vn 0.7589697 -0.3844398 0.5255198
v 0.4046730 0.0338928 -0.5815870
vn 0.7589574 -0.3844387 0.5255383
v -0.0471689 0.0338928 0.3105111
vn 0.7813495 -0.3957397 0.4825796
v 0.4074534 0.0285552 -0.5801787
vn 0.7813890 -0.3957595 0.4824994
v -0.0457193 0.0312629 0.3112453
vn 0.7813605 -0.3957903 0.4825203
v -0.0443885 0.0285552 0.3119194
vn 0.7813269 -0.3957984 0.4825681
v 0.4074534 0.0285552 -0.5801787
vn 0.7814165 -0.3957682 0.4824478
v 0.4061226 0.0312629 -0.5808528
vn 0.7813619 -0.3958110 0.4825012
v -0.0457193 0.0312629 0.3112453
vn 0.8018208 -0.4062804 0.4382004
v 0.4086622 0.0257766 -0.5795665
vn 0.8018100 -0.4062700 0.4382300
v -0.0443885 0.0285552 0.3119194
vn 0.8017752 -0.4062876 0.4382774
v -0.0431798 0.0257766 0.3125316
vn 0.8202571 -0.4156085 0.3929986
v 0.4086622 0.0257766 -0.5795665
vn 0.8202894 -0.4156097 0.3929297
v -0.0431798 0.0257766 0.3125316
vn 0.8202798 -0.4156099 0.3929499
v -0.0420960 0.0229339 0.3130805
vn 0.8017948 -0.4062324 0.4382926
v 0.4086622 0.0257766 -0.5795665
vn 0.8018410 -0.4062405 0.4382005
v 0.4074534 0.0285552 -0.5801787
vn 0.8018057 -0.4062378 0.4382676
v -0.0443885 0.0285552 0.3119194
vn 0.8202664 -0.4156282 0.3929583
v 0.4097458 0.0229339 -0.5790177
vn 0.8202891 -0.4156296 0.3929096
v 0.4086622 0.0257766 -0.5795665
vn 0.8202794 -0.4156297 0.3929297
v -0.0420960 0.0229339 0.3130805
vn 0.8367443 -0.4239822 0.3465518
v 0.4107018 0.0200341 -0.5785335
vn 0.8366939 -0.4239920 0.3466616
v -0.0420960 0.0229339 0.3130805
vn 0.8367085 -0.4239893 0.3466294
v -0.0411401 0.0200341 0.3135647
vn 0.8367405 -0.4239502 0.3466002
v 0.4107018 0.0200341 -0.5785335
vn 0.8367493 -0.4239496 0.3465797
v 0.4097458 0.0229339 -0.5790177
vn 0.8367281 -0.4239590 0.3466192
v -0.0420960 0.0229339 0.3130805
vn 0.8511242 -0.4312221 0.2993914
v 0.4115276 0.0170846 -0.5781152
vn 0.8510803 -0.4312401 0.2994901
v -0.0411401 0.0200341 0.3135647
vn 0.8511047 -0.4312324 0.2994317
v -0.0403143 0.0170846 0.3139829
vn 0.8511008 -0.4312204 0.2994603
v 0.4115276 0.0170846 -0.5781152
vn 0.8511331 -0.4312116 0.2993811
v 0.4107018 0.0200341 -0.5785335
vn 0.8511033 -0.4312217 0.2994512
v -0.0411401 0.0200341 0.3135647
vn 0.8633525 -0.4374813 0.2514607
v 0.4122212 0.0140925 -0.5777639
vn 0.8633701 -0.4374700 0.2514200
v 0.4115276 0.0170846 -0.5781152
vn 0.8633525 -0.4374813 0.2514607
v -0.0403143 0.0170846 0.3139829
vn 0.8633872 -0.4374485 0.2513992
v 0.4122212 0.0140925 -0.5777639
vn 0.8633370 -0.4374785 0.2515191
v -0.0403143 0.0170846 0.3139829
vn 0.8633931 -0.4374416 0.2513909
v -0.0396207 0.0140925 0.3143342
vn 0.8734790 -0.4425495 0.2029398
v 0.4127809 0.0110654 -0.5774805
vn 0.8735216 -0.4425108 0.2028404
v 0.4122212 0.0140925 -0.5777639
vn 0.8735314 -0.4425007 0.2028203
v -0.0396207 0.0140925 0.3143342
vn 0.8734916 -0.4425608 0.2028604
v 0.4127809 0.0110654 -0.5774805
vn 0.8734410 -0.4426105 0.2029702
v -0.0396207 0.0140925 0.3143342
vn 0.8734738 -0.4425820 0.2028909
v -0.0390610 0.0110654 0.3146177
vn 0.8814166 -0.4465782 0.1538594
v 0.4132052 0.0080109 -0.5772654
vn 0.8814335 -0.4465618 0.1538106
v 0.4127809 0.0110654 -0.5774805
vn 0.8814396 -0.4465498 0.1538099
v -0.0390610 0.0110654 0.3146177
vn 0.8814601 -0.4465300 0.1537500
v 0.4132052 0.0080109 -0.5772654
vn 0.8814015 -0.4466008 0.1538803
v -0.0390610 0.0110654 0.3146177
vn 0.8814512 -0.4465406 0.1537702
v -0.0386366 0.0080109 0.3148327
vn 0.8871800 -0.4494600 0.1043900
v 0.4134934 0.0049364 -0.5771195
vn 0.8871890 -0.4494495 0.1043599
v 0.4132052 0.0080109 -0.5772654
vn 0.8871691 -0.4494795 0.1043999
v -0.0386366 0.0080109 0.3148327
vn 0.8871645 -0.4495023 0.1043405
v 0.4134934 0.0049364 -0.5771195
vn 0.8871577 -0.4495088 0.1043697
v -0.0386366 0.0080109 0.3148327
vn 0.8871676 -0.4494988 0.1043297
v -0.0383486 0.0049364 0.3149785
vn 0.8906989 -0.4512994 0.0546299
v 0.4136443 0.0018496 -0.5770431
vn 0.8907070 -0.4512785 0.0546698
v 0.4134934 0.0049364 -0.5771195
vn 0.8907059 -0.4512880 0.0546098
v -0.0383486 0.0049364 0.3149785
vn 0.8907141 -0.4512621 0.0546902
v 0.4136443 0.0018496 -0.5770431
vn 0.8907508 -0.4512005 0.0546001
v -0.0383486 0.0049364 0.3149785
vn 0.8907278 -0.4512388 0.0546599
v -0.0381976 0.0018496 0.3150550
vn 0.8920505 -0.4519102 0.0048100
v 0.4136578 -0.0012418 -0.5770362
vn 0.8920301 -0.4519500 0.0048500
v 0.4136443 0.0018496 -0.5770431
vn 0.8920260 -0.4519580 0.0048600
v -0.0381976 0.0018496 0.3150550
vn 0.8920403 -0.4519301 0.0048200
v 0.4136578 -0.0012418 -0.5770362
vn 0.8920811 -0.4518505 0.0047400
v -0.0381976 0.0018496 0.3150550
vn 0.8920362 -0.4519381 0.0048300
v -0.0381841 -0.0012418 0.3150619
vn 0.8911576 -0.4514487 -0.0450799
v 0.4135339 -0.0043301 -0.5770990
vn 0.8911519 -0.4514610 -0.0450701
v 0.4136578 -0.0012418 -0.5770362
vn 0.8911483 -0.4514691 -0.0450599
v -0.0381841 -0.0012418 0.3150619
vn 0.8911475 -0.4514787 -0.0449799
v 0.4135339 -0.0043301 -0.5770990
vn 0.8912016 -0.4513608 -0.0450901
v -0.0381841 -0.0012418 0.3150619
vn 0.8911511 -0.4514706 -0.0449901
v -0.0383080 -0.0043301 0.3149991
vn 0.8880190 -0.4499195 -0.0948399
v 0.4132727 -0.0074076 -0.5772313
vn 0.8880075 -0.4499488 -0.0948097
v 0.4135339 -0.0043301 -0.5770990
vn 0.8880107 -0.4499403 -0.0948201
v -0.0383080 -0.0043301 0.3149991
vn 0.8880628 -0.4498415 -0.0948003
v 0.4132727 -0.0074076 -0.5772313
vn 0.8880805 -0.4498003 -0.0948301
v -0.0383080 -0.0043301 0.3149991
vn 0.8880464 -0.4498782 -0.0947796
v -0.0385692 -0.0074076 0.3148668
vn 0.8827392 -0.4471696 -0.1442599
v 0.4128751 -0.0104667 -0.5774327
vn 0.8827419 -0.4471609 -0.1442703
v 0.4132727 -0.0074076 -0.5772313
vn 0.8827392 -0.4471696 -0.1442599
v -0.0385692 -0.0074076 0.3148668
vn 0.8827482 -0.4471391 -0.1442997
v 0.4128751 -0.0104667 -0.5774327
vn 0.8827394 -0.4471596 -0.1442899
v -0.0385692 -0.0074076 0.3148668
vn 0.8827394 -0.4471596 -0.1442899
v -0.0389668 -0.0104667 0.3146654
vn 0.8752106 -0.4433904 -0.1934201
v 0.4123419 -0.0134997 -0.5777027
vn 0.8752353 -0.4433326 -0.1934412
v 0.4128751 -0.0104667 -0.5774327
vn 0.8752520 -0.4432910 -0.1934604
v -0.0389668 -0.0104667 0.3146654
vn 0.8752275 -0.4433487 -0.1934395
v 0.4123419 -0.0134997 -0.5777027
vn 0.8752044 -0.4434023 -0.1934210
v -0.0389668 -0.0104667 0.3146654
vn 0.8752419 -0.4433110 -0.1934604
v -0.0395000 -0.0134997 0.3143954
vn 0.8655213 -0.4384806 -0.2420903
v 0.4116745 -0.0164993 -0.5780408
vn 0.8655394 -0.4384397 -0.2420998
v 0.4123419 -0.0134997 -0.5777027
vn 0.8655629 -0.4383815 -0.2421208
v -0.0395000 -0.0134997 0.3143954
vn 0.8655310 -0.4384505 -0.2421103
v 0.4116745 -0.0164993 -0.5780408
vn 0.8655073 -0.4385086 -0.2420893
v -0.0395000 -0.0134997 0.3143954
vn 0.8655352 -0.4384376 -0.2421186
v -0.0401674 -0.0164993 0.3140573
vn 0.8536806 -0.4324503 -0.2902002
v 0.4108745 -0.0194578 -0.5784459
vn 0.8536870 -0.4324385 -0.2901990
v 0.4116745 -0.0164993 -0.5780408
vn 0.8537008 -0.4324104 -0.2902003
v -0.0401674 -0.0164993 0.3140573
vn 0.8537286 -0.4323493 -0.2902095
v 0.4108745 -0.0194578 -0.5784459
vn 0.8536629 -0.4324915 -0.2901910
v -0.0401674 -0.0164993 0.3140573
vn 0.8537109 -0.4323905 -0.2902003
v -0.0409674 -0.0194578 0.3136522
vn 0.8397111 -0.4253605 -0.3375704
v 0.4099440 -0.0223679 -0.5789172
vn 0.8397479 -0.4252889 -0.3375692
v 0.4108745 -0.0194578 -0.5784459
vn 0.8397211 -0.4253406 -0.3375705
v -0.0409674 -0.0194578 0.3136522
vn 0.8397816 -0.4252608 -0.3375207
v 0.4099440 -0.0223679 -0.5789172
vn 0.8397066 -0.4254183 -0.3375086
v -0.0409674 -0.0194578 0.3136522
vn 0.8397470 -0.4253385 -0.3375088
v -0.0418979 -0.0223679 0.3131809
vn 0.8236972 -0.4171686 -0.3840487
v 0.4088853 -0.0252224 -0.5794534
vn 0.8236766 -0.4172183 -0.3840384
v -0.0418979 -0.0223679 0.3131809
vn 0.8236905 -0.4171802 -0.3840503
v -0.0429567 -0.0252224 0.3126446
vn 0.8236699 -0.4172399 -0.3840299
v 0.4088853 -0.0252224 -0.5794534
vn 0.8236902 -0.4171901 -0.3840401
v 0.4099440 -0.0223679 -0.5789172
vn 0.8236836 -0.4172018 -0.3840417
v -0.0418979 -0.0223679 0.3131809
vn 0.8056395 -0.4079398 -0.4295697
v 0.4077009 -0.0280142 -0.5800534
vn 0.8056094 -0.4080097 -0.4295597
v -0.0429567 -0.0252224 0.3126446
vn 0.8056124 -0.4079812 -0.4295813
v -0.0441411 -0.0280142 0.3120447
vn 0.8055886 -0.4080093 -0.4295993
v 0.4077009 -0.0280142 -0.5800534
vn 0.8056194 -0.4079797 -0.4295696
v 0.4088853 -0.0252224 -0.5794534
vn 0.8056120 -0.4079610 -0.4296011
v -0.0429567 -0.0252224 0.3126446
vn 0.4522822 0.8918743 -0.0010400
v 0.3471337 0.0607097 -0.6107304
vn 0.4517718 0.8921335 0.0001000
v 0.3417969 0.0591552 -0.6134333
vn 0.4520710 0.8919818 -0.0004800
v 0.3444480 0.0600071 -0.6120905
vn 0.4512889 0.8923778 0.0006400
v 0.3316687 0.0543037 -0.6185632
vn 0.4514406 0.8923011 0.0003800
v 0.3341166 0.0557275 -0.6173233
vn 0.4516002 0.8922204 0.0000200
v 0.3366248 0.0570128 -0.6160529
vn 0.4511009 0.8924719 0.0013700
v 0.3525819 0.0616609 -0.6079708
vn 0.4514085 0.8923170 0.0009300
v 0.3471337 0.0607097 -0.6107304
vn 0.4512487 0.8923975 0.0011600
v 0.3498472 0.0612615 -0.6093559
vn 0.4519074 0.8920649 -0.0000700
v 0.3247466 0.0492381 -0.6220692
vn 0.4518795 0.8920791 -0.0001800
v 0.3316687 0.0543037 -0.6185632
vn 0.4519593 0.8920386 -0.0001800
v 0.3366248 0.0570128 -0.6160529
vn 0.4515882 0.8922265 0.0001200
v 0.3247466 0.0492381 -0.6220692
vn 0.4519791 0.8920282 -0.0008300
v 0.3269778 0.0510549 -0.6209391
vn 0.4524093 0.8918086 -0.0017700
v 0.3292871 0.0527449 -0.6197694
vn 0.4517877 0.8921254 0.0003100
v 0.3247466 0.0492381 -0.6220692
vn 0.4515523 0.8922445 0.0006000
v 0.3292871 0.0527449 -0.6197694
vn 0.4515002 0.8922705 0.0009800
v 0.3316687 0.0543037 -0.6185632
vn 0.4518915 0.8920729 0.0000000
v 0.3247466 0.0492381 -0.6220692
vn 0.4517718 0.8921335 0.0000300
v 0.3366248 0.0570128 -0.6160529
vn 0.4518396 0.8920993 0.0001800
v 0.3391871 0.0581563 -0.6147552
vn 0.4522505 0.8918909 -0.0002500
v 0.3608449 0.0619373 -0.6037856
vn 0.4521907 0.8919213 -0.0002500
v 0.3553310 0.0619070 -0.6065783
vn 0.4522585 0.8918870 -0.0002400
v 0.3580876 0.0619993 -0.6051821
vn 0.4517478 0.8921456 0.0000300
v 0.3225988 0.0472988 -0.6231570
vn 0.4517997 0.8921195 -0.0002300
v 0.3247466 0.0492381 -0.6220692
vn 0.4519792 0.8920284 -0.0004800
v 0.3391871 0.0581563 -0.6147552
vn 0.4518595 0.8920891 -0.0000400
v 0.3663341 0.0613521 -0.6010054
vn 0.4518197 0.8921093 -0.0000900
v 0.3417969 0.0591552 -0.6134333
vn 0.4519314 0.8920528 -0.0000200
v 0.3471337 0.0607097 -0.6107304
vn 0.4518715 0.8920830 -0.0000600
v 0.3663341 0.0613521 -0.6010054
vn 0.4517718 0.8921335 -0.0000400
v 0.3471337 0.0607097 -0.6107304
vn 0.4518516 0.8920932 -0.0000600
v 0.3525819 0.0616609 -0.6079708
vn 0.4518197 0.8921093 0.0001300
v 0.3663341 0.0613521 -0.6010054
vn 0.4517000 0.8921700 0.0001200
v 0.3553310 0.0619070 -0.6065783
vn 0.4517598 0.8921396 0.0001400
v 0.3608449 0.0619373 -0.6037856
vn 0.4519114 0.8920628 0.0002700
v 0.3663341 0.0613521 -0.6010054
vn 0.4518595 0.8920891 0.0002100
v 0.3525819 0.0616609 -0.6079708
vn 0.4518316 0.8921032 0.0002500
v 0.3553310 0.0619070 -0.6065783
vn 0.4512407 0.8924014 0.0012700
v 0.3663341 0.0613521 -0.6010054
vn 0.4513404 0.8923509 0.0013600
v 0.3608449 0.0619373 -0.6037856
vn 0.4512806 0.8923811 0.0013500
v 0.3635960 0.0617214 -0.6023921
vn 0.4523621 0.8918342 -0.0004800
v 0.3185753 0.0430725 -0.6251950
vn 0.4522185 0.8919072 0.0000100
v 0.3205401 0.0452419 -0.6241998
vn 0.4520191 0.8920082 0.0004800
v 0.3225988 0.0472988 -0.6231570
vn 0.4518396 0.8920993 0.0000100
v 0.3167094 0.0407961 -0.6261399
vn 0.4518117 0.8921133 0.0000800
v 0.3225988 0.0472988 -0.6231570
vn 0.4518396 0.8920993 0.0001200
v 0.3391871 0.0581563 -0.6147552
vn 0.4519713 0.8920325 -0.0002000
v 0.3167094 0.0407961 -0.6261399
vn 0.4521188 0.8919576 -0.0005100
v 0.3185753 0.0430725 -0.6251950
vn 0.4522822 0.8918744 -0.0008700
v 0.3225988 0.0472988 -0.6231570
vn 0.4518197 0.8921093 -0.0000400
v 0.3167094 0.0407961 -0.6261399
vn 0.4517918 0.8921235 -0.0000700
v 0.3391871 0.0581563 -0.6147552
vn 0.4518915 0.8920729 0.0000100
v 0.3417969 0.0591552 -0.6134333
vn 0.4516795 0.8921791 0.0014400
v 0.3770209 0.0583642 -0.5955927
vn 0.4518714 0.8920827 0.0008600
v 0.3690524 0.0608302 -0.5996286
vn 0.4517396 0.8921492 0.0011700
v 0.3717440 0.0601571 -0.5982652
vn 0.4517318 0.8921536 0.0006600
v 0.3770209 0.0583642 -0.5955927
vn 0.4514602 0.8922905 0.0011800
v 0.3717440 0.0601571 -0.5982652
vn 0.4516200 0.8922099 0.0009200
v 0.3744024 0.0593344 -0.5969188
vn 0.4520110 0.8920118 -0.0010000
v 0.3795930 0.0572489 -0.5942897
vn 0.4519113 0.8920626 -0.0007300
v 0.3690524 0.0608302 -0.5996286
vn 0.4518913 0.8920726 -0.0009000
v 0.3770209 0.0583642 -0.5955927
vn 0.4516481 0.8921962 -0.0002100
v 0.3103239 0.0307363 -0.6293742
vn 0.4520189 0.8920078 -0.0010500
v 0.3117504 0.0333821 -0.6286517
vn 0.4523813 0.8918226 -0.0019400
v 0.3132927 0.0359448 -0.6278705
vn 0.4517120 0.8921639 0.0001000
v 0.3103239 0.0307363 -0.6293742
vn 0.4518595 0.8920891 -0.0002600
v 0.3132927 0.0359448 -0.6278705
vn 0.4519712 0.8920323 -0.0007100
v 0.3149471 0.0384182 -0.6270326
vn 0.4516800 0.8921800 0.0000900
v 0.3103239 0.0307363 -0.6293742
vn 0.4517598 0.8921396 0.0001200
v 0.3149471 0.0384182 -0.6270326
vn 0.4517678 0.8921356 0.0001300
v 0.3167094 0.0407961 -0.6261399
vn 0.4515084 0.8922668 -0.0003800
v 0.3078324 0.0252224 -0.6306360
vn 0.4518912 0.8920723 -0.0011700
v 0.3090169 0.0280142 -0.6300362
vn 0.4522495 0.8918890 -0.0021300
v 0.3103239 0.0307363 -0.6293742
vn 0.4519792 0.8920285 0.0000000
v 0.3078324 0.0252224 -0.6306360
vn 0.4519393 0.8920487 0.0001200
v 0.3103239 0.0307363 -0.6293742
vn 0.4518875 0.8920750 0.0002200
v 0.3167094 0.0407961 -0.6261399
vn 0.4518595 0.8920891 0.0001600
v 0.3892917 0.0513974 -0.5893776
vn 0.4516400 0.8922001 0.0006600
v 0.3821124 0.0559913 -0.5930137
vn 0.4516401 0.8922002 0.0003600
v 0.3845727 0.0545945 -0.5917676
vn 0.4520908 0.8919716 0.0007800
v 0.3892917 0.0513974 -0.5893776
vn 0.4523103 0.8918605 0.0005500
v 0.3845727 0.0545945 -0.5917676
vn 0.4522305 0.8919009 0.0006800
v 0.3869677 0.0530619 -0.5905545
vn 0.4520590 0.8919880 0.0004200
v 0.3058431 0.0194578 -0.6316436
vn 0.4518713 0.8920826 0.0009700
v 0.3067737 0.0223679 -0.6311724
vn 0.4515718 0.8922335 0.0015300
v 0.3078324 0.0252224 -0.6306360
vn 0.4518715 0.8920830 -0.0000600
v 0.3043758 0.0134997 -0.6323869
vn 0.4518515 0.8920931 -0.0001900
v 0.3058431 0.0194578 -0.6316436
vn 0.4519114 0.8920628 -0.0003300
v 0.3078324 0.0252224 -0.6306360
vn 0.4520311 0.8920022 0.0000800
v 0.3043758 0.0134997 -0.6323869
vn 0.4519992 0.8920184 0.0000800
v 0.3050432 0.0164993 -0.6320488
vn 0.4519593 0.8920386 0.0001600
v 0.3058431 0.0194578 -0.6316436
vn 0.4512677 0.8923854 0.0023900
v 0.3957799 0.0456555 -0.5860912
vn 0.4524619 0.8917837 -0.0002800
v 0.3915387 0.0496052 -0.5882394
vn 0.4518194 0.8921088 0.0010800
v 0.3937033 0.0476896 -0.5871430
vn 0.4520311 0.8920022 -0.0002800
v 0.3034450 0.0074076 -0.6328583
vn 0.4521188 0.8919577 -0.0002000
v 0.3038426 0.0104667 -0.6326570
vn 0.4521388 0.8919476 -0.0001600
v 0.3043758 0.0134997 -0.6323869
vn 0.4521308 0.8919516 -0.0004500
v 0.3996494 0.0412520 -0.5841314
vn 0.4519513 0.8920426 -0.0002000
v 0.3957799 0.0456555 -0.5860912
vn 0.4520590 0.8919880 -0.0003100
v 0.3977637 0.0435078 -0.5850865
vn 0.4517996 0.8921193 0.0005600
v 0.4014324 0.0388936 -0.5832284
vn 0.4519713 0.8920325 -0.0000100
v 0.3957799 0.0456555 -0.5860912
vn 0.4518874 0.8920749 0.0002700
v 0.3996494 0.0412520 -0.5841314
vn 0.4516321 0.8922042 0.0002100
v 0.4014324 0.0388936 -0.5832284
vn 0.4516800 0.8921800 0.0001500
v 0.3915387 0.0496052 -0.5882394
vn 0.4516122 0.8922144 0.0001400
v 0.3957799 0.0456555 -0.5860912
vn 0.4519593 0.8920386 -0.0001500
v 0.3030734 -0.0018496 -0.6330464
vn 0.4519593 0.8920386 -0.0001600
v 0.3034450 0.0074076 -0.6328583
vn 0.4519593 0.8920386 -0.0001700
v 0.3043758 0.0134997 -0.6323869
vn 0.4516799 0.8921799 0.0005900
v 0.3030734 -0.0018496 -0.6330464
vn 0.4516401 0.8922001 0.0005200
v 0.3030598 0.0012418 -0.6330534
vn 0.4516520 0.8921940 0.0005800
v 0.3031838 0.0043301 -0.6329905
vn 0.4517397 0.8921493 -0.0009500
v 0.3030734 -0.0018496 -0.6330464
vn 0.4516599 0.8921897 -0.0009400
v 0.3031838 0.0043301 -0.6329905
vn 0.4517475 0.8921451 -0.0011400
v 0.3034450 0.0074076 -0.6328583
vn 0.4517598 0.8921396 -0.0001200
v 0.4061226 0.0312629 -0.5808528
vn 0.4518595 0.8920891 -0.0000100
v 0.3821124 0.0559913 -0.5930137
vn 0.4518197 0.8921093 -0.0000900
v 0.3892917 0.0513974 -0.5893776
vn 0.4516000 0.8922201 0.0008000
v 0.4061226 0.0312629 -0.5808528
vn 0.4517917 0.8921233 0.0004800
v 0.4014324 0.0388936 -0.5832284
vn 0.4516680 0.8921859 0.0006500
v 0.4031083 0.0364385 -0.5823795
vn 0.4513728 0.8923355 0.0002600
v 0.4061226 0.0312629 -0.5808528
vn 0.4513887 0.8923274 0.0001300
v 0.4031083 0.0364385 -0.5823795
vn 0.4514126 0.8923153 0.0002100
v 0.4046730 0.0338928 -0.5815870
vn 0.4518795 0.8920791 -0.0001300
v 0.4061226 0.0312629 -0.5808528
vn 0.4517279 0.8921558 -0.0001100
v 0.3915387 0.0496052 -0.5882394
vn 0.4517997 0.8921195 -0.0001200
v 0.4014324 0.0388936 -0.5832284
vn 0.4518795 0.8920791 0.0001700
v 0.4061226 0.0312629 -0.5808528
vn 0.4518515 0.8920931 0.0001900
v 0.3892917 0.0513974 -0.5893776
vn 0.4518795 0.8920791 0.0001900
v 0.3915387 0.0496052 -0.5882394
vn 0.4518396 0.8920993 0.0000500
v 0.3035124 -0.0080109 -0.6328242
vn 0.4517199 0.8921598 -0.0000200
v 0.3030734 -0.0018496 -0.6330464
vn 0.4518197 0.8921093 0.0000500
v 0.3043758 0.0134997 -0.6323869
vn 0.4521906 0.8919212 -0.0006400
v 0.3035124 -0.0080109 -0.6328242
vn 0.4521387 0.8919474 -0.0006200
v 0.3032244 -0.0049364 -0.6329700
vn 0.4521587 0.8919373 -0.0006500
v 0.3030734 -0.0018496 -0.6330464
vn 0.4515795 0.8922289 -0.0019200
v 0.3044965 -0.0140925 -0.6323258
vn 0.4514480 0.8922961 -0.0016000
v 0.3039367 -0.0110654 -0.6326092
vn 0.4513524 0.8923447 -0.0014600
v 0.3035124 -0.0080109 -0.6328242
vn 0.4515197 0.8922594 0.0018000
v 0.4097458 0.0229339 -0.5790177
vn 0.4522385 0.8918971 -0.0001300
v 0.4074534 0.0285552 -0.5801787
vn 0.4518514 0.8920928 0.0008800
v 0.4086622 0.0257766 -0.5795665
vn 0.4520909 0.8919718 0.0001400
v 0.3060159 -0.0200341 -0.6315561
vn 0.4520391 0.8919982 0.0001200
v 0.3044965 -0.0140925 -0.6323258
vn 0.4520311 0.8920022 0.0001400
v 0.3035124 -0.0080109 -0.6328242
vn 0.4519393 0.8920487 0.0000600
v 0.3060159 -0.0200341 -0.6315561
vn 0.4518715 0.8920830 0.0000100
v 0.3035124 -0.0080109 -0.6328242
vn 0.4517997 0.8921195 -0.0000200
v 0.3043758 0.0134997 -0.6323869
vn 0.4524016 0.8918132 -0.0013900
v 0.3060159 -0.0200341 -0.6315561
vn 0.4521904 0.8919208 -0.0010500
v 0.3051901 -0.0170846 -0.6319744
vn 0.4520829 0.8919756 -0.0007000
v 0.3044965 -0.0140925 -0.6323258
vn 0.4519513 0.8920425 0.0005700
v 0.4115276 0.0170846 -0.5781152
vn 0.4521308 0.8919516 0.0002100
v 0.4061226 0.0312629 -0.5808528
vn 0.4519992 0.8920183 0.0004200
v 0.4074534 0.0285552 -0.5801787
vn 0.4526293 0.8916987 -0.0006000
v 0.4115276 0.0170846 -0.5781152
vn 0.4527888 0.8916176 -0.0006900
v 0.4097458 0.0229339 -0.5790177
vn 0.4527090 0.8916581 -0.0006900
v 0.4107018 0.0200341 -0.5785335
vn 0.4517918 0.8921235 -0.0000400
v 0.4115276 0.0170846 -0.5781152
vn 0.4518915 0.8920729 0.0000000
v 0.3821124 0.0559913 -0.5930137
vn 0.4518795 0.8920791 0.0000000
v 0.4061226 0.0312629 -0.5808528
vn 0.4517199 0.8921597 -0.0004700
v 0.4115276 0.0170846 -0.5781152
vn 0.4516800 0.8921800 -0.0001700
v 0.4074534 0.0285552 -0.5801787
vn 0.4517319 0.8921537 -0.0003200
v 0.4097458 0.0229339 -0.5790177
vn 0.4519114 0.8920628 0.0000300
v 0.4115276 0.0170846 -0.5781152
vn 0.4517918 0.8921235 -0.0000200
v 0.3417969 0.0591552 -0.6134333
vn 0.4518117 0.8921133 -0.0000100
v 0.3663341 0.0613521 -0.6010054
vn 0.4519114 0.8920628 0.0000300
v 0.4115276 0.0170846 -0.5781152
vn 0.4518795 0.8920791 0.0000200
v 0.3167094 0.0407961 -0.6261399
vn 0.4518915 0.8920729 0.0000200
v 0.3417969 0.0591552 -0.6134333
vn 0.4517399 0.8921497 -0.0000200
v 0.4115276 0.0170846 -0.5781152
vn 0.4518715 0.8920830 0.0000400
v 0.3690524 0.0608302 -0.5996286
vn 0.4518117 0.8921133 0.0000100
v 0.3795930 0.0572489 -0.5942897
vn 0.4517319 0.8921537 -0.0000500
v 0.4115276 0.0170846 -0.5781152
vn 0.4518117 0.8921133 -0.0000500
v 0.3663341 0.0613521 -0.6010054
vn 0.4517997 0.8921195 -0.0000300
v 0.3690524 0.0608302 -0.5996286
vn 0.4518077 0.8921154 -0.0000200
v 0.4115276 0.0170846 -0.5781152
vn 0.4519194 0.8920588 0.0000300
v 0.3078324 0.0252224 -0.6306360
vn 0.4517997 0.8921195 -0.0000200
v 0.3167094 0.0407961 -0.6261399
vn 0.4518995 0.8920689 -0.0001600
v 0.4115276 0.0170846 -0.5781152
vn 0.4518077 0.8921154 0.0000400
v 0.3795930 0.0572489 -0.5942897
vn 0.4517798 0.8921295 -0.0001400
v 0.3821124 0.0559913 -0.5930137
vn 0.4527879 0.8916159 -0.0020500
v 0.3080555 -0.0257766 -0.6305230
vn 0.4522982 0.8918664 -0.0009100
v 0.3069719 -0.0229339 -0.6310720
vn 0.4518875 0.8920750 0.0001000
v 0.3060159 -0.0200341 -0.6315561
vn 0.4518595 0.8920891 -0.0000700
v 0.3080555 -0.0257766 -0.6305230
vn 0.4518077 0.8921154 -0.0000300
v 0.3060159 -0.0200341 -0.6315561
vn 0.4517798 0.8921295 -0.0000500
v 0.3043758 0.0134997 -0.6323869
vn 0.4518396 0.8920993 0.0000000
v 0.3080555 -0.0257766 -0.6305230
vn 0.4517877 0.8921255 -0.0000300
v 0.3043758 0.0134997 -0.6323869
vn 0.4518476 0.8920952 0.0000000
v 0.3078324 0.0252224 -0.6306360
vn 0.4517718 0.8921335 0.0001300
v 0.3092643 -0.0285552 -0.6299109
vn 0.4517918 0.8921235 0.0000600
v 0.3080555 -0.0257766 -0.6305230
vn 0.4517598 0.8921396 0.0000700
v 0.3078324 0.0252224 -0.6306360
vn 0.4518317 0.8921033 -0.0000100
v 0.3105951 -0.0312629 -0.6292368
vn 0.4518995 0.8920689 0.0000300
v 0.3078324 0.0252224 -0.6306360
vn 0.4518117 0.8921133 -0.0000100
v 0.4115276 0.0170846 -0.5781152
vn 0.4518077 0.8921154 -0.0000300
v 0.3105951 -0.0312629 -0.6292368
vn 0.4518396 0.8920993 -0.0000200
v 0.3092643 -0.0285552 -0.6299109
vn 0.4518197 0.8921093 -0.0000100
v 0.3078324 0.0252224 -0.6306360
vn 0.4515003 0.8922706 0.0008800
v 0.4134934 0.0049364 -0.5771195
vn 0.4515802 0.8922303 0.0006200
v 0.4127809 0.0110654 -0.5774805
vn 0.4515203 0.8922606 0.0007700
v 0.4132052 0.0080109 -0.5772654
vn 0.4518117 0.8921133 0.0002800
v 0.4136443 0.0018496 -0.5770431
vn 0.4518875 0.8920750 0.0001200
v 0.4115276 0.0170846 -0.5781152
vn 0.4518515 0.8920931 0.0002700
v 0.4122212 0.0140925 -0.5777639
vn 0.4518117 0.8921133 -0.0004600
v 0.4136443 0.0018496 -0.5770431
vn 0.4516202 0.8922102 -0.0003100
v 0.4122212 0.0140925 -0.5777639
vn 0.4516999 0.8921698 -0.0004600
v 0.4127809 0.0110654 -0.5774805
vn 0.4521109 0.8919618 -0.0003700
v 0.4136443 0.0018496 -0.5770431
vn 0.4520790 0.8919780 -0.0002400
v 0.4127809 0.0110654 -0.5774805
vn 0.4521188 0.8919577 -0.0003100
v 0.4134934 0.0049364 -0.5771195
vn 0.4518715 0.8920829 0.0004900
v 0.3136093 -0.0364385 -0.6277102
vn 0.4519273 0.8920548 0.0002300
v 0.3120446 -0.0338928 -0.6285027
vn 0.4520191 0.8920082 0.0000600
v 0.3105951 -0.0312629 -0.6292368
vn 0.4518994 0.8920689 0.0002700
v 0.4136578 -0.0012418 -0.5770362
vn 0.4519593 0.8920386 0.0001600
v 0.4115276 0.0170846 -0.5781152
vn 0.4518715 0.8920830 0.0002400
v 0.4136443 0.0018496 -0.5770431
vn 0.4515002 0.8922705 -0.0009800
v 0.4128751 -0.0104667 -0.5774327
vn 0.4516517 0.8921933 -0.0014000
v 0.4135339 -0.0043301 -0.5770990
vn 0.4516078 0.8922157 -0.0012800
v 0.4132727 -0.0074076 -0.5772313
vn 0.4516592 0.8921884 -0.0019600
v 0.3209377 -0.0456555 -0.6239983
vn 0.4513484 0.8923468 -0.0013800
v 0.3189540 -0.0435078 -0.6250030
vn 0.4511412 0.8924523 -0.0007800
v 0.3170683 -0.0412520 -0.6259583
vn 0.4513480 0.8923461 0.0018300
v 0.3209377 -0.0456555 -0.6239983
vn 0.4517595 0.8921390 0.0011400
v 0.3170683 -0.0412520 -0.6259583
vn 0.4519114 0.8920628 0.0004100
v 0.3152853 -0.0388936 -0.6268613
vn 0.4519593 0.8920386 -0.0001100
v 0.4123419 -0.0134997 -0.5777027
vn 0.4518795 0.8920791 -0.0000600
v 0.4136578 -0.0012418 -0.5770362
vn 0.4518875 0.8920750 -0.0000700
v 0.4135339 -0.0043301 -0.5770990
vn 0.4516999 0.8921699 0.0003900
v 0.4123419 -0.0134997 -0.5777027
vn 0.4514605 0.8922909 0.0005300
v 0.4135339 -0.0043301 -0.5770990
vn 0.4515802 0.8922305 0.0004900
v 0.4128751 -0.0104667 -0.5774327
vn 0.4518117 0.8921133 -0.0000800
v 0.4116745 -0.0164993 -0.5780408
vn 0.4518197 0.8921093 -0.0000800
v 0.4115276 0.0170846 -0.5781152
vn 0.4518197 0.8921093 -0.0000800
v 0.4136578 -0.0012418 -0.5770362
vn 0.4518795 0.8920791 0.0001500
v 0.4116745 -0.0164993 -0.5780408
vn 0.4517678 0.8921356 0.0002200
v 0.4136578 -0.0012418 -0.5770362
vn 0.4518316 0.8921032 0.0002300
v 0.4123419 -0.0134997 -0.5777027
vn 0.4513481 0.8923462 0.0018100
v 0.3321451 -0.0545945 -0.6183218
vn 0.4515720 0.8922340 0.0011500
v 0.3297500 -0.0530619 -0.6195350
vn 0.4517996 0.8921193 0.0006100
v 0.3274260 -0.0513974 -0.6207121
vn 0.4522385 0.8918971 0.0000200
v 0.3321451 -0.0545945 -0.6183218
vn 0.4521109 0.8919618 0.0001600
v 0.3274260 -0.0513974 -0.6207121
vn 0.4520590 0.8919880 0.0003200
v 0.3251790 -0.0496052 -0.6218502
vn 0.4518197 0.8921093 0.0002400
v 0.3321451 -0.0545945 -0.6183218
vn 0.4519314 0.8920528 -0.0000700
v 0.3251790 -0.0496052 -0.6218502
vn 0.4520390 0.8919981 -0.0003200
v 0.3230144 -0.0476896 -0.6229466
vn 0.4517199 0.8921598 -0.0000400
v 0.3321451 -0.0545945 -0.6183218
vn 0.4516202 0.8922103 0.0002700
v 0.3230144 -0.0476896 -0.6229466
vn 0.4515802 0.8922304 0.0005500
v 0.3209377 -0.0456555 -0.6239983
vn 0.4516800 0.8921800 0.0003800
v 0.3321451 -0.0545945 -0.6183218
vn 0.4519114 0.8920628 0.0000600
v 0.3152853 -0.0388936 -0.6268613
vn 0.4520590 0.8919881 -0.0002100
v 0.3136093 -0.0364385 -0.6277102
vn 0.4518995 0.8920689 -0.0001400
v 0.3321451 -0.0545945 -0.6183218
vn 0.4518317 0.8921033 -0.0000100
v 0.3136093 -0.0364385 -0.6277102
vn 0.4517199 0.8921598 0.0000700
v 0.3105951 -0.0312629 -0.6292368
vn 0.4519513 0.8920426 -0.0000900
v 0.3321451 -0.0545945 -0.6183218
vn 0.4518197 0.8921093 -0.0000200
v 0.3209377 -0.0456555 -0.6239983
vn 0.4518117 0.8921133 0.0000600
v 0.3152853 -0.0388936 -0.6268613
vn 0.4474404 0.8943108 -0.0023100
v 0.4063938 -0.0307363 -0.5807155
vn 0.4519193 0.8920587 -0.0003300
v 0.4108745 -0.0194578 -0.5784459
vn 0.4519314 0.8920527 -0.0002300
v 0.4099440 -0.0223679 -0.5789172
vn 0.4519792 0.8920285 0.0000800
v 0.4063938 -0.0307363 -0.5807155
vn 0.4517078 0.8921658 0.0006200
v 0.4099440 -0.0223679 -0.5789172
vn 0.4518675 0.8920850 0.0004200
v 0.4088853 -0.0252224 -0.5794534
vn 0.4510694 0.8924889 0.0000900
v 0.4063938 -0.0307363 -0.5807155
vn 0.4521215 0.8919530 -0.0024400
v 0.4088853 -0.0252224 -0.5794534
vn 0.4515679 0.8922359 -0.0012400
v 0.4077009 -0.0280142 -0.5800534
vn 0.4517798 0.8921295 0.0000000
v 0.3371246 -0.0572489 -0.6157997
vn 0.4515603 0.8922405 0.0005000
v 0.3346054 -0.0559913 -0.6170757
vn 0.4513406 0.8923513 0.0009900
v 0.3321451 -0.0545945 -0.6183218
vn 0.4518995 0.8920689 -0.0000100
v 0.4049673 -0.0333821 -0.5814380
vn 0.4519314 0.8920528 -0.0001000
v 0.4108745 -0.0194578 -0.5784459
vn 0.4519393 0.8920487 -0.0000500
v 0.4063938 -0.0307363 -0.5807155
vn 0.4518915 0.8920729 -0.0000400
v 0.4034250 -0.0359448 -0.5822191
vn 0.4518715 0.8920830 -0.0000600
v 0.4116745 -0.0164993 -0.5780408
vn 0.4519393 0.8920487 -0.0000400
v 0.4108745 -0.0194578 -0.5784459
vn 0.4517279 0.8921558 0.0001000
v 0.4034250 -0.0359448 -0.5822191
vn 0.4516281 0.8922062 0.0005400
v 0.4108745 -0.0194578 -0.5784459
vn 0.4516401 0.8922002 0.0003500
v 0.4049673 -0.0333821 -0.5814380
vn 0.4518715 0.8920830 -0.0000600
v 0.3423152 -0.0593344 -0.6131708
vn 0.4519393 0.8920487 -0.0001200
v 0.3371246 -0.0572489 -0.6157997
vn 0.4518675 0.8920851 -0.0002200
v 0.3321451 -0.0545945 -0.6183218
vn 0.4519792 0.8920284 0.0003000
v 0.3423152 -0.0593344 -0.6131708
vn 0.4518914 0.8920728 0.0005700
v 0.3396968 -0.0583642 -0.6144970
vn 0.4517397 0.8921494 0.0008000
v 0.3371246 -0.0572489 -0.6157997
vn 0.4518795 0.8920791 -0.0000200
v 0.3449737 -0.0601571 -0.6118243
vn 0.4518197 0.8921093 -0.0001300
v 0.3423152 -0.0593344 -0.6131708
vn 0.4518995 0.8920689 -0.0001400
v 0.3321451 -0.0545945 -0.6183218
vn 0.4517598 0.8921396 -0.0000300
v 0.3476653 -0.0608302 -0.6104611
vn 0.4517798 0.8921295 -0.0000500
v 0.3449737 -0.0601571 -0.6118243
vn 0.4517598 0.8921396 -0.0001000
v 0.3321451 -0.0545945 -0.6183218
vn 0.4520590 0.8919880 -0.0002600
v 0.3981424 -0.0430725 -0.5848947
vn 0.4520989 0.8919678 -0.0003600
v 0.4034250 -0.0359448 -0.5822191
vn 0.4521308 0.8919516 -0.0003000
v 0.4017706 -0.0384182 -0.5830570
vn 0.4520112 0.8920123 0.0001000
v 0.3981424 -0.0430725 -0.5848947
vn 0.4515399 0.8922499 0.0013600
v 0.4017706 -0.0384182 -0.5830570
vn 0.4517597 0.8921394 0.0007500
v 0.4000082 -0.0407961 -0.5839496
vn 0.4515283 0.8922567 0.0003000
v 0.3941188 -0.0472988 -0.5869326
vn 0.4521900 0.8919200 -0.0017000
v 0.3981424 -0.0430725 -0.5848947
vn 0.4518196 0.8921092 -0.0007100
v 0.3961776 -0.0452419 -0.5858899
vn 0.4518915 0.8920729 0.0000300
v 0.3941188 -0.0472988 -0.5869326
vn 0.4518276 0.8921053 -0.0000300
v 0.4116745 -0.0164993 -0.5780408
vn 0.4518715 0.8920830 0.0000000
v 0.4034250 -0.0359448 -0.5822191
vn 0.4517678 0.8921356 0.0001700
v 0.3941188 -0.0472988 -0.5869326
vn 0.4519193 0.8920587 -0.0003700
v 0.4034250 -0.0359448 -0.5822191
vn 0.4517997 0.8921195 -0.0001300
v 0.3981424 -0.0430725 -0.5848947
vn 0.4518317 0.8921033 0.0000000
v 0.3919711 -0.0492381 -0.5880204
vn 0.4519314 0.8920528 0.0000500
v 0.4116745 -0.0164993 -0.5780408
vn 0.4518396 0.8920993 0.0000200
v 0.3941188 -0.0472988 -0.5869326
vn 0.4517798 0.8921295 -0.0000300
v 0.3919711 -0.0492381 -0.5880204
vn 0.4518476 0.8920952 -0.0000100
v 0.4115276 0.0170846 -0.5781152
vn 0.4519114 0.8920628 0.0000200
v 0.4116745 -0.0164993 -0.5780408
vn 0.4521825 0.8919249 -0.0010100
v 0.3586301 -0.0619993 -0.6049075
vn 0.4522302 0.8919004 -0.0012500
v 0.3558727 -0.0619373 -0.6063039
vn 0.4523298 0.8918496 -0.0014600
v 0.3531217 -0.0617214 -0.6076973
vn 0.4517798 0.8921295 -0.0000300
v 0.3586301 -0.0619993 -0.6049075
vn 0.4517519 0.8921437 0.0000800
v 0.3531217 -0.0617214 -0.6076973
vn 0.4517079 0.8921659 0.0002400
v 0.3503835 -0.0613521 -0.6090842
vn 0.4519074 0.8920649 -0.0000500
v 0.3586301 -0.0619993 -0.6049075
vn 0.4518715 0.8920830 -0.0001800
v 0.3503835 -0.0613521 -0.6090842
vn 0.4519912 0.8920224 -0.0002700
v 0.3476653 -0.0608302 -0.6104611
vn 0.4518197 0.8921093 0.0000200
v 0.3586301 -0.0619993 -0.6049075
vn 0.4516720 0.8921841 -0.0000900
v 0.3476653 -0.0608302 -0.6104611
vn 0.4518595 0.8920891 0.0000600
v 0.3321451 -0.0545945 -0.6183218
vn 0.4518276 0.8921053 -0.0000100
v 0.3613866 -0.0619070 -0.6035112
vn 0.4518197 0.8921093 0.0000900
v 0.3586301 -0.0619993 -0.6049075
vn 0.4517199 0.8921598 0.0001000
v 0.3321451 -0.0545945 -0.6183218
vn 0.4519194 0.8920588 0.0000300
v 0.3641357 -0.0616609 -0.6021189
vn 0.4516920 0.8921739 -0.0000900
v 0.3321451 -0.0545945 -0.6183218
vn 0.4519393 0.8920487 0.0000400
v 0.3105951 -0.0312629 -0.6292368
vn 0.4518595 0.8920891 -0.0000700
v 0.3641357 -0.0616609 -0.6021189
vn 0.4518396 0.8920993 -0.0001400
v 0.3613866 -0.0619070 -0.6035112
vn 0.4519393 0.8920487 -0.0001900
v 0.3321451 -0.0545945 -0.6183218
vn 0.4519513 0.8920426 0.0000500
v 0.3641357 -0.0616609 -0.6021189
vn 0.4518675 0.8920851 0.0000100
v 0.3105951 -0.0312629 -0.6292368
vn 0.4519194 0.8920588 0.0000400
v 0.4115276 0.0170846 -0.5781152
vn 0.4521507 0.8919415 -0.0004200
v 0.3850490 -0.0543037 -0.5915264
vn 0.4520710 0.8919820 -0.0000700
v 0.3919711 -0.0492381 -0.5880204
vn 0.4521109 0.8919618 -0.0002400
v 0.3897398 -0.0510549 -0.5891505
vn 0.4517718 0.8921335 0.0002800
v 0.3850490 -0.0543037 -0.5915264
vn 0.4514405 0.8923010 0.0007500
v 0.3897398 -0.0510549 -0.5891505
vn 0.4516001 0.8922203 0.0004700
v 0.3874305 -0.0527449 -0.5903202
vn 0.4518516 0.8920932 0.0000000
v 0.3668704 -0.0612615 -0.6007337
vn 0.4518915 0.8920729 0.0000300
v 0.4115276 0.0170846 -0.5781152
vn 0.4518396 0.8920993 0.0000000
v 0.3919711 -0.0492381 -0.5880204
vn 0.4518276 0.8921053 0.0000400
v 0.3668704 -0.0612615 -0.6007337
vn 0.4519314 0.8920528 0.0000200
v 0.3641357 -0.0616609 -0.6021189
vn 0.4519314 0.8920528 0.0001200
v 0.4115276 0.0170846 -0.5781152
vn 0.4518197 0.8921093 0.0000900
v 0.3826010 -0.0557275 -0.5927663
vn 0.4519273 0.8920547 -0.0004900
v 0.3919711 -0.0492381 -0.5880204
vn 0.4518476 0.8920952 -0.0002100
v 0.3850490 -0.0543037 -0.5915264
vn 0.4516920 0.8921739 0.0001500
v 0.3749207 -0.0591552 -0.5966564
vn 0.4518715 0.8920830 -0.0000900
v 0.3826010 -0.0557275 -0.5927663
vn 0.4517319 0.8921537 -0.0000100
v 0.3800928 -0.0570128 -0.5940368
vn 0.4515483 0.8922467 0.0001100
v 0.3749207 -0.0591552 -0.5966564
vn 0.4521583 0.8919367 -0.0013400
v 0.3800928 -0.0570128 -0.5940368
vn 0.4519472 0.8920445 -0.0006000
v 0.3775307 -0.0581563 -0.5953345
vn 0.4523018 0.8918636 -0.0015900
v 0.3749207 -0.0591552 -0.5966564
vn 0.4523098 0.8918597 -0.0014900
v 0.3722697 -0.0600071 -0.5979990
vn 0.4523776 0.8918254 -0.0014100
v 0.3695840 -0.0607097 -0.5993593
vn 0.4513725 0.8923349 0.0011900
v 0.3749207 -0.0591552 -0.5966564
vn 0.4515123 0.8922646 0.0007500
v 0.3695840 -0.0607097 -0.5993593
vn 0.4516999 0.8921699 0.0003800
v 0.3668704 -0.0612615 -0.6007337
vn 0.4518197 0.8921093 0.0000000
v 0.3749207 -0.0591552 -0.5966564
vn 0.4518595 0.8920891 0.0000500
v 0.3668704 -0.0612615 -0.6007337
vn 0.4518795 0.8920791 0.0000300
v 0.3919711 -0.0492381 -0.5880204
vn 0.4517678 0.8921356 0.0000000
v 0.3749207 -0.0591552 -0.5966564
vn 0.4517279 0.8921558 0.0000300
v 0.3919711 -0.0492381 -0.5880204
vn 0.4517997 0.8921195 0.0000700
v 0.3826010 -0.0557275 -0.5927663
vn -0.4518995 -0.8920689 -0.0000300
v -0.1385492 0.0359448 0.2642276
vn -0.4518795 -0.8920791 -0.0000200
v -0.1251353 0.0390000 0.2710216
vn -0.4519713 -0.8920325 -0.0000700
v -0.1368948 0.0384182 0.2650655
vn -0.4519074 -0.8920649 -0.0000400
v -0.1368948 0.0384182 0.2650655
vn -0.4517997 -0.8921195 0.0000200
v -0.1251353 0.0390000 0.2710216
vn -0.4519792 -0.8920285 -0.0000700
v -0.1351325 0.0407961 0.2659581
vn -0.4518516 -0.8920932 0.0000100
v -0.1351325 0.0407961 0.2659581
vn -0.4518276 -0.8921053 0.0000100
v -0.1251353 0.0390000 0.2710216
vn -0.4519593 -0.8920386 -0.0000600
v -0.1332666 0.0430725 0.2669032
vn -0.4518915 -0.8920729 -0.0000300
v -0.1332666 0.0430725 0.2669032
vn -0.4518795 -0.8920791 -0.0000200
v -0.1251353 0.0390000 0.2710216
vn -0.4519513 -0.8920426 -0.0000500
v -0.1313018 0.0452419 0.2678983
vn -0.4518197 -0.8921093 0.0000200
v -0.1313018 0.0452419 0.2678983
vn -0.4518915 -0.8920729 -0.0000300
v -0.1251353 0.0390000 0.2710216
vn -0.4519393 -0.8920487 -0.0000500
v -0.1292430 0.0472988 0.2689411
vn -0.4518715 -0.8920830 -0.0000500
v -0.1292430 0.0472988 0.2689411
vn -0.4518516 -0.8920932 -0.0000100
v -0.1251353 0.0390000 0.2710216
vn -0.4518396 -0.8920993 -0.0000100
v -0.1270953 0.0492381 0.2700289
vn -0.4518595 -0.8920891 0.0000000
v -0.1270953 0.0492381 0.2700289
vn -0.4517598 -0.8921396 0.0000500
v -0.1251353 0.0390000 0.2710216
vn -0.4518317 -0.8921033 0.0000000
v -0.1248640 0.0510549 0.2711591
vn -0.4518197 -0.8921093 0.0000200
v -0.1248640 0.0510549 0.2711591
vn -0.4518595 -0.8920891 -0.0000100
v -0.1251353 0.0390000 0.2710216
vn -0.4517997 -0.8921195 0.0000200
v -0.1225547 0.0527449 0.2723287
vn -0.4517718 -0.8921335 0.0000300
v -0.1225547 0.0527449 0.2723287
vn -0.4518077 -0.8921154 0.0000100
v -0.1251353 0.0390000 0.2710216
vn -0.4517798 -0.8921295 0.0000300
v -0.1201732 0.0543037 0.2735349
vn -0.4518396 -0.8920993 -0.0000100
v -0.1201732 0.0543037 0.2735349
vn -0.4518995 -0.8920689 -0.0000400
v -0.1251353 0.0390000 0.2710216
vn -0.4517798 -0.8921295 0.0000300
v -0.1177253 0.0557275 0.2747748
vn -0.4518595 -0.8920891 -0.0000000
v -0.1177253 0.0557275 0.2747748
vn -0.4519194 -0.8920588 -0.0000300
v -0.1251353 0.0390000 0.2710216
vn -0.4518317 -0.8921033 0.0000000
v -0.1152171 0.0570128 0.2760451
vn -0.4518915 -0.8920729 -0.0000200
v -0.1152171 0.0570128 0.2760451
vn -0.4518476 -0.8920952 -0.0000000
v -0.1251353 0.0390000 0.2710216
vn -0.4518197 -0.8921093 0.0000100
v -0.1126548 0.0581563 0.2773429
vn -0.4519992 -0.8920184 -0.0000800
v -0.1126548 0.0581563 0.2773429
vn -0.4518995 -0.8920689 -0.0000300
v -0.1251353 0.0390000 0.2710216
vn -0.4517519 -0.8921437 0.0000500
v -0.1100449 0.0591552 0.2786648
vn -0.4519913 -0.8920224 -0.0000700
v -0.1100449 0.0591552 0.2786648
vn -0.4518117 -0.8921133 0.0000200
v -0.1251353 0.0390000 0.2710216
vn -0.4517598 -0.8921396 0.0000400
v -0.1073939 0.0600071 0.2800075
vn -0.4520071 -0.8920143 -0.0000800
v -0.1073939 0.0600071 0.2800075
vn -0.4519314 -0.8920528 -0.0000400
v -0.1251353 0.0390000 0.2710216
vn -0.4517798 -0.8921295 0.0000300
v -0.1047082 0.0607097 0.2813678
vn -0.4518675 -0.8920851 -0.0000100
v -0.1047082 0.0607097 0.2813678
vn -0.4518995 -0.8920689 -0.0000300
v -0.1251353 0.0390000 0.2710216
vn -0.4518197 -0.8921093 0.0000200
v -0.1019947 0.0612615 0.2827422
vn -0.4518715 -0.8920830 -0.0000200
v -0.1019947 0.0612615 0.2827422
vn -0.4518595 -0.8920891 -0.0000100
v -0.1251353 0.0390000 0.2710216
vn -0.4517997 -0.8921195 0.0000200
v -0.0992599 0.0616609 0.2841273
vn -0.4518675 -0.8920851 -0.0000000
v -0.0992599 0.0616609 0.2841273
vn -0.4518915 -0.8920729 -0.0000100
v -0.1251353 0.0390000 0.2710216
vn -0.4519074 -0.8920649 -0.0000400
v -0.0965109 0.0619070 0.2855197
vn -0.4518117 -0.8921133 0.0000100
v -0.0965109 0.0619070 0.2855197
vn -0.4518795 -0.8920791 -0.0000200
v -0.1251353 0.0390000 0.2710216
vn -0.4518595 -0.8920891 -0.0000100
v -0.0937542 0.0619993 0.2869159
vn -0.4518396 -0.8920993 0.0000000
v -0.0937542 0.0619993 0.2869159
vn -0.4518995 -0.8920689 -0.0000300
v -0.1251353 0.0390000 0.2710216
vn -0.4518516 -0.8920932 0.0000100
v -0.0909970 0.0619373 0.2883125
vn -0.4518317 -0.8921033 -0.0000100
v -0.0909970 0.0619373 0.2883125
vn -0.4517718 -0.8921335 0.0000200
v -0.1251353 0.0390000 0.2710216
vn -0.4518117 -0.8921133 0.0000000
v -0.0882459 0.0617214 0.2897059
vn -0.4518197 -0.8921093 0.0000100
v -0.0882459 0.0617214 0.2897059
vn -0.4517519 -0.8921437 0.0000400
v -0.1251353 0.0390000 0.2710216
vn -0.4518595 -0.8920891 0.0000000
v -0.0855078 0.0613521 0.2910927
vn -0.4519713 -0.8920325 -0.0000600
v -0.1385492 0.0359448 0.2642276
vn -0.4518595 -0.8920891 -0.0000000
v -0.1400915 0.0333821 0.2634464
vn -0.4518675 -0.8920851 -0.0000100
v -0.1251353 0.0390000 0.2710216
vn -0.4518915 -0.8920729 -0.0000300
v -0.1400915 0.0333821 0.2634464
vn -0.4518317 -0.8921033 -0.0000000
v -0.1415180 0.0307363 0.2627239
vn -0.4518875 -0.8920750 -0.0000200
v -0.1251353 0.0390000 0.2710216
vn -0.4518396 -0.8920993 0.0000100
v -0.1415180 0.0307363 0.2627239
vn -0.4517798 -0.8921295 0.0000400
v -0.1428251 0.0280142 0.2620619
vn -0.4518396 -0.8920993 -0.0000100
v -0.1251353 0.0390000 0.2710216
vn -0.4518197 -0.8921093 0.0000200
v -0.1428251 0.0280142 0.2620619
vn -0.4517997 -0.8921195 0.0000300
v -0.1440095 0.0252224 0.2614620
vn -0.4517598 -0.8921396 0.0000400
v -0.1251353 0.0390000 0.2710216
vn -0.4518516 -0.8920932 -0.0000200
v -0.1440095 0.0252224 0.2614620
vn -0.4518516 -0.8920932 -0.0000300
v -0.1450682 0.0223679 0.2609257
vn -0.4518795 -0.8920791 -0.0000100
v -0.1251353 0.0390000 0.2710216
vn -0.4518396 -0.8920993 0.0000100
v -0.1450682 0.0223679 0.2609257
vn -0.4519194 -0.8920588 -0.0000300
v -0.1459987 0.0194578 0.2604544
vn -0.4517997 -0.8921195 0.0000200
v -0.1251353 0.0390000 0.2710216
vn -0.4518197 -0.8921093 0.0000100
v -0.1459987 0.0194578 0.2604544
vn -0.4518995 -0.8920689 -0.0000300
v -0.1467987 0.0164993 0.2600493
vn -0.4519194 -0.8920588 -0.0000400
v -0.1251353 0.0390000 0.2710216
vn -0.4517678 -0.8921356 0.0000200
v -0.1467987 0.0164993 0.2600493
vn -0.4517997 -0.8921195 -0.0000500
v -0.1474661 0.0134997 0.2597112
vn -0.4518995 -0.8920689 -0.0000200
v -0.1251353 0.0390000 0.2710216
vn -0.4517918 -0.8921235 0.0000500
v -0.1474661 0.0134997 0.2597112
vn -0.4518276 -0.8921053 0.0000400
v -0.1479993 0.0104667 0.2594412
vn -0.4518077 -0.8921154 0.0000100
v -0.1251353 0.0390000 0.2710216
vn -0.4517598 -0.8921396 0.0000200
v -0.1479993 0.0104667 0.2594412
vn -0.4518795 -0.8920791 -0.0000500
v -0.1483970 0.0074076 0.2592398
vn -0.4519393 -0.8920487 -0.0000400
v -0.1251353 0.0390000 0.2710216
vn -0.4517718 -0.8921335 0.0000400
v -0.0560619 0.0456555 0.3060069
vn -0.4518476 -0.8920952 0.0000100
v -0.0572340 0.0390000 0.3054132
vn -0.4517598 -0.8921396 0.0000400
v -0.0540783 0.0435078 0.3070116
vn -0.4519314 -0.8920528 -0.0000500
v -0.0540783 0.0435078 0.3070116
vn -0.4517997 -0.8921195 0.0000100
v -0.0572340 0.0390000 0.3054132
vn -0.4518396 -0.8920993 0.0000000
v -0.0521926 0.0412520 0.3079667
vn -0.4518715 -0.8920830 -0.0000100
v -0.1251353 0.0390000 0.2710216
vn -0.4518795 -0.8920791 -0.0000200
v -0.0572340 0.0390000 0.3054132
vn -0.4517199 -0.8921598 0.0000600
v -0.0855078 0.0613521 0.2910927
vn -0.4518396 -0.8920993 -0.0000100
v -0.0855078 0.0613521 0.2910927
vn -0.4518795 -0.8920791 -0.0000100
v -0.0572340 0.0390000 0.3054132
vn -0.4518516 -0.8920932 -0.0000100
v -0.0827895 0.0608302 0.2924695
vn -0.4518117 -0.8921133 -0.0000300
v -0.0827895 0.0608302 0.2924695
vn -0.4518396 -0.8920993 0.0000200
v -0.0572340 0.0390000 0.3054132
vn -0.4518117 -0.8921133 0.0000200
v -0.0800979 0.0601571 0.2938328
vn -0.4517718 -0.8921335 0.0000200
v -0.0800979 0.0601571 0.2938328
vn -0.4518675 -0.8920851 -0.0000300
v -0.0572340 0.0390000 0.3054132
vn -0.4518396 -0.8920993 -0.0000100
v -0.0774395 0.0593344 0.2951793
vn -0.4517798 -0.8921295 0.0000500
v -0.0774395 0.0593344 0.2951793
vn -0.4517478 -0.8921456 0.0000700
v -0.0572340 0.0390000 0.3054132
vn -0.4516720 -0.8921841 0.0001000
v -0.0748210 0.0583642 0.2965055
vn -0.4517997 -0.8921195 0.0000500
v -0.0748210 0.0583642 0.2965055
vn -0.4518715 -0.8920830 -0.0000100
v -0.0572340 0.0390000 0.3054132
vn -0.4516800 -0.8921800 0.0001000
v -0.0722489 0.0572489 0.2978083
vn -0.4517598 -0.8921396 0.0000000
v -0.0722489 0.0572489 0.2978083
vn -0.4518396 -0.8920993 -0.0000100
v -0.0572340 0.0390000 0.3054132
vn -0.4518276 -0.8921053 -0.0000100
v -0.0697296 0.0559913 0.2990843
vn -0.4517519 -0.8921437 0.0000500
v -0.0697296 0.0559913 0.2990843
vn -0.4518117 -0.8921133 0.0000300
v -0.0572340 0.0390000 0.3054132
vn -0.4518595 -0.8920891 0.0000000
v -0.0672693 0.0545945 0.3003304
vn -0.4517997 -0.8921195 -0.0000000
v -0.0672693 0.0545945 0.3003304
vn -0.4518995 -0.8920689 -0.0000400
v -0.0572340 0.0390000 0.3054132
vn -0.4520311 -0.8920022 -0.0001100
v -0.0648742 0.0530619 0.3015435
vn -0.4518915 -0.8920729 -0.0000200
v -0.0648742 0.0530619 0.3015435
vn -0.4517918 -0.8921235 0.0000200
v -0.0572340 0.0390000 0.3054132
vn -0.4518595 -0.8920891 -0.0000100
v -0.0625502 0.0513974 0.3027206
vn -0.4518595 -0.8920891 0.0000200
v -0.0625502 0.0513974 0.3027206
vn -0.4518995 -0.8920689 -0.0000100
v -0.0572340 0.0390000 0.3054132
vn -0.4518276 -0.8921053 0.0000200
v -0.0603032 0.0496052 0.3038587
vn -0.4517997 -0.8921195 -0.0000600
v -0.0603032 0.0496052 0.3038587
vn -0.4518995 -0.8920689 -0.0000400
v -0.0572340 0.0390000 0.3054132
vn -0.4518595 -0.8920891 -0.0000100
v -0.0581386 0.0476896 0.3049550
vn -0.4518077 -0.8921154 0.0000400
v -0.0581386 0.0476896 0.3049550
vn -0.4518715 -0.8920830 -0.0000000
v -0.0572340 0.0390000 0.3054132
vn -0.4516880 -0.8921760 0.0000800
v -0.0560619 0.0456555 0.3060069
vn -0.4517718 -0.8921335 0.0000400
v -0.1483970 0.0074076 0.2592398
vn -0.4518117 -0.8921133 0.0000200
v -0.1486581 0.0043301 0.2591075
vn -0.4518795 -0.8920791 -0.0000200
v -0.1251353 0.0390000 0.2710216
vn -0.4518516 -0.8920932 -0.0000100
v -0.0572340 0.0390000 0.3054132
vn -0.4517798 -0.8921295 0.0000300
v -0.0504095 0.0388936 0.3088698
vn -0.4517199 -0.8921598 0.0000600
v -0.0521926 0.0412520 0.3079667
vn -0.4518795 -0.8920791 -0.0000200
v -0.0572340 0.0390000 0.3054132
vn -0.4518595 -0.8920891 -0.0000100
v -0.0487335 0.0364385 0.3097186
vn -0.4519792 -0.8920285 -0.0000700
v -0.0504095 0.0388936 0.3088698
vn -0.4517718 -0.8921335 0.0000500
v -0.0572340 0.0390000 0.3054132
vn -0.4517918 -0.8921235 0.0000300
v -0.0471689 0.0338928 0.3105111
vn -0.4518317 -0.8921033 0.0000100
v -0.0487335 0.0364385 0.3097186
vn -0.4518117 -0.8921133 0.0000100
v -0.0572340 0.0390000 0.3054132
vn -0.4517997 -0.8921195 -0.0000300
v -0.0457193 0.0312629 0.3112453
vn -0.4518317 -0.8921033 0.0000000
v -0.0471689 0.0338928 0.3105111
vn -0.4518396 -0.8920993 0.0000200
v -0.0572340 0.0390000 0.3054132
vn -0.4518995 -0.8920689 -0.0000400
v -0.0443885 0.0285552 0.3119194
vn -0.4518715 -0.8920830 -0.0000200
v -0.0457193 0.0312629 0.3112453
vn -0.4517918 -0.8921235 0.0000300
v -0.0572340 0.0390000 0.3054132
vn -0.4518875 -0.8920750 -0.0000100
v -0.0431798 0.0257766 0.3125316
vn -0.4518396 -0.8920993 0.0000100
v -0.0443885 0.0285552 0.3119194
vn -0.4517678 -0.8921356 0.0000400
v -0.0572340 0.0390000 0.3054132
vn -0.4518995 -0.8920689 -0.0000200
v -0.0420960 0.0229339 0.3130805
vn -0.4518317 -0.8921033 0.0000100
v -0.0431798 0.0257766 0.3125316
vn -0.4517598 -0.8921396 0.0000400
v -0.0572340 0.0390000 0.3054132
vn -0.4519393 -0.8920487 -0.0000600
v -0.0411401 0.0200341 0.3135647
vn -0.4516720 -0.8921841 0.0000800
v -0.0420960 0.0229339 0.3130805
vn -0.4518117 -0.8921133 0.0000100
v -0.0572340 0.0390000 0.3054132
vn -0.4518715 -0.8920830 -0.0000200
v -0.0403143 0.0170846 0.3139829
vn -0.4516800 -0.8921800 0.0000800
v -0.0411401 0.0200341 0.3135647
vn -0.4518396 -0.8920993 0.0000200
v -0.0572340 0.0390000 0.3054132
vn -0.4518317 -0.8921033 0.0000100
v -0.0396207 0.0140925 0.3143342
vn -0.4517997 -0.8921195 0.0000300
v -0.0403143 0.0170846 0.3139829
vn -0.4517678 -0.8921356 0.0000200
v -0.0572340 0.0390000 0.3054132
vn -0.4519314 -0.8920528 -0.0000300
v -0.0390610 0.0110654 0.3146177
vn -0.4518476 -0.8920952 -0.0000000
v -0.0396207 0.0140925 0.3143342
vn -0.4517598 -0.8921396 0.0000600
v -0.0572340 0.0390000 0.3054132
vn -0.4518317 -0.8921033 0.0000100
v -0.0386366 0.0080109 0.3148327
vn -0.4518396 -0.8920993 0.0000100
v -0.0390610 0.0110654 0.3146177
vn -0.4518915 -0.8920729 -0.0000600
v -0.0572340 0.0390000 0.3054132
vn -0.4518317 -0.8921033 -0.0000100
v -0.0383486 0.0049364 0.3149785
vn -0.4518117 -0.8921133 -0.0000000
v -0.0386366 0.0080109 0.3148327
vn -0.4518595 -0.8920891 -0.0000100
v -0.1486581 0.0043301 0.2591075
vn -0.4517718 -0.8921335 0.0000400
v -0.1251353 -0.0370000 0.2710216
vn -0.4519314 -0.8920528 -0.0000500
v -0.1251353 0.0390000 0.2710216
vn -0.4518117 -0.8921133 0.0000300
v -0.1365566 -0.0388936 0.2652368
vn -0.4518715 -0.8920830 -0.0000100
v -0.1251353 -0.0370000 0.2710216
vn -0.4518396 -0.8920993 0.0000000
v -0.1382326 -0.0364385 0.2643880
vn -0.4518595 -0.8920891 -0.0000100
v -0.1382326 -0.0364385 0.2643880
vn -0.4517997 -0.8921195 0.0000200
v -0.1251353 -0.0370000 0.2710216
vn -0.4518675 -0.8920851 -0.0000100
v -0.1397973 -0.0338928 0.2635954
vn -0.4518197 -0.8921093 0.0000300
v -0.1397973 -0.0338928 0.2635954
vn -0.4517399 -0.8921497 0.0000500
v -0.1251353 -0.0370000 0.2710216
vn -0.4518715 -0.8920830 -0.0000000
v -0.1412468 -0.0312629 0.2628613
vn -0.4518276 -0.8921053 0.0000000
v -0.1412468 -0.0312629 0.2628613
vn -0.4517718 -0.8921335 0.0000400
v -0.1251353 -0.0370000 0.2710216
vn -0.4518595 -0.8920891 -0.0000200
v -0.1425776 -0.0285552 0.2621872
vn -0.4518197 -0.8921093 0.0000100
v -0.1425776 -0.0285552 0.2621872
vn -0.4518317 -0.8921033 -0.0000100
v -0.1251353 -0.0370000 0.2710216
vn -0.4518995 -0.8920689 -0.0000200
v -0.1437864 -0.0257766 0.2615750
vn -0.4518516 -0.8920932 -0.0000000
v -0.1437864 -0.0257766 0.2615750
vn -0.4518995 -0.8920689 -0.0000300
v -0.1251353 -0.0370000 0.2710216
vn -0.4518795 -0.8920791 -0.0000200
v -0.1448701 -0.0229339 0.2610261
vn -0.4519114 -0.8920628 -0.0000400
v -0.1448701 -0.0229339 0.2610261
vn -0.4518197 -0.8921093 0.0000000
v -0.1251353 -0.0370000 0.2710216
vn -0.4518317 -0.8921033 0.0000100
v -0.1458260 -0.0200341 0.2605419
vn -0.4518675 -0.8920851 -0.0000000
v -0.1458260 -0.0200341 0.2605419
vn -0.4517877 -0.8921255 0.0000300
v -0.1251353 -0.0370000 0.2710216
vn -0.4518595 -0.8920891 -0.0000000
v -0.1466518 -0.0170846 0.2601237
vn -0.4518197 -0.8921093 -0.0000000
v -0.1466518 -0.0170846 0.2601237
vn -0.4517798 -0.8921295 0.0000200
v -0.1251353 -0.0370000 0.2710216
vn -0.4518396 -0.8920993 -0.0000200
v -0.1473454 -0.0140925 0.2597724
vn -0.4517598 -0.8921396 0.0000600
v -0.1473454 -0.0140925 0.2597724
vn -0.4518516 -0.8920932 0.0000200
v -0.1251353 -0.0370000 0.2710216
vn -0.4518396 -0.8920993 0.0000200
v -0.1479051 -0.0110654 0.2594889
vn -0.4517798 -0.8921295 0.0000200
v -0.1479051 -0.0110654 0.2594889
vn -0.4518795 -0.8920791 -0.0000400
v -0.1251353 -0.0370000 0.2710216
vn -0.4518396 -0.8920993 -0.0000100
v -0.1483295 -0.0080109 0.2592739
vn -0.4517598 -0.8921396 0.0000700
v -0.1483295 -0.0080109 0.2592739
vn -0.4517319 -0.8921537 0.0000600
v -0.1251353 -0.0370000 0.2710216
vn -0.4518595 -0.8920891 0.0000200
v -0.1486176 -0.0049364 0.2591280
vn -0.4518117 -0.8921133 -0.0000600
v -0.1486176 -0.0049364 0.2591280
vn -0.4518595 -0.8920891 -0.0000100
v -0.1251353 -0.0370000 0.2710216
vn -0.4517798 -0.8921295 -0.0000400
v -0.1487685 -0.0018496 0.2590516
vn -0.4518476 -0.8920952 0.0000200
v -0.1487685 -0.0018496 0.2590516
vn -0.4518396 -0.8920993 0.0000100
v -0.1251353 -0.0370000 0.2710216
vn -0.4518995 -0.8920689 -0.0000100
v -0.1487820 0.0012418 0.2590447
vn -0.4518516 -0.8920932 0.0000000
v -0.1487820 0.0012418 0.2590447
vn -0.4518197 -0.8921093 0.0000000
v -0.1251353 -0.0370000 0.2710216
vn -0.4517678 -0.8921356 0.0000500
v -0.1486581 0.0043301 0.2591075
vn -0.4518715 -0.8920830 -0.0000100
v -0.1365566 -0.0388936 0.2652368
vn -0.4517598 -0.8921396 0.0000400
v -0.1347736 -0.0412520 0.2661399
vn -0.4518476 -0.8920952 -0.0000000
v -0.1251353 -0.0370000 0.2710216
vn -0.4518197 -0.8921093 0.0000200
v -0.1347736 -0.0412520 0.2661399
vn -0.4517918 -0.8921235 0.0000200
v -0.1328879 -0.0435078 0.2670950
vn -0.4517877 -0.8921255 0.0000200
v -0.1251353 -0.0370000 0.2710216
vn -0.4517598 -0.8921396 0.0000500
v -0.1328879 -0.0435078 0.2670950
vn -0.4518476 -0.8920952 0.0000100
v -0.1309042 -0.0456555 0.2680997
vn -0.4518995 -0.8920689 -0.0000300
v -0.1251353 -0.0370000 0.2710216
vn -0.4518396 -0.8920993 0.0000200
v -0.1309042 -0.0456555 0.2680997
vn -0.4518197 -0.8921093 0.0000200
v -0.1288275 -0.0476896 0.2691516
vn -0.4519393 -0.8920487 -0.0000500
v -0.1251353 -0.0370000 0.2710216
vn -0.4518117 -0.8921133 0.0000000
v -0.1288275 -0.0476896 0.2691516
vn -0.4517918 -0.8921235 0.0000200
v -0.1266629 -0.0496052 0.2702479
vn -0.4518675 -0.8920851 -0.0000100
v -0.1251353 -0.0370000 0.2710216
vn -0.4517997 -0.8921195 0.0000500
v -0.1266629 -0.0496052 0.2702479
vn -0.4518595 -0.8920891 -0.0000100
v -0.1244159 -0.0513974 0.2713860
vn -0.4517918 -0.8921235 0.0000400
v -0.1251353 -0.0370000 0.2710216
vn -0.4518117 -0.8921133 0.0000000
v -0.1244159 -0.0513974 0.2713860
vn -0.4518715 -0.8920830 -0.0000100
v -0.1220919 -0.0530619 0.2725631
vn -0.4518995 -0.8920689 -0.0000300
v -0.1251353 -0.0370000 0.2710216
vn -0.4519194 -0.8920588 -0.0000400
v -0.1220919 -0.0530619 0.2725631
vn -0.4519393 -0.8920487 -0.0000500
v -0.1196968 -0.0545945 0.2737762
vn -0.4517997 -0.8921195 0.0000200
v -0.1251353 -0.0370000 0.2710216
vn -0.4518317 -0.8921033 0.0000100
v -0.1196968 -0.0545945 0.2737762
vn -0.4519314 -0.8920528 -0.0000300
v -0.1172366 -0.0559913 0.2750223
vn -0.4517997 -0.8921195 0.0000300
v -0.1251353 -0.0370000 0.2710216
vn -0.4518396 -0.8920993 0.0000100
v -0.1172366 -0.0559913 0.2750223
vn -0.4518396 -0.8920993 -0.0000000
v -0.1147172 -0.0572489 0.2762983
vn -0.4518117 -0.8921133 0.0000300
v -0.1251353 -0.0370000 0.2710216
vn -0.4518396 -0.8920993 0.0000000
v -0.0441411 -0.0280142 0.3120447
vn -0.4517997 -0.8921195 -0.0000100
v -0.0572340 -0.0370000 0.3054132
vn -0.4518197 -0.8921093 0.0000000
v -0.0454481 -0.0307363 0.3113827
vn -0.4518715 -0.8920830 -0.0000000
v -0.0383486 0.0049364 0.3149785
vn -0.4518197 -0.8921093 0.0000400
v -0.0572340 -0.0370000 0.3054132
vn -0.4518595 -0.8920891 -0.0000100
v -0.0381976 0.0018496 0.3150550
vn -0.4518915 -0.8920729 -0.0000300
v -0.0381976 0.0018496 0.3150550
vn -0.4517997 -0.8921195 0.0000200
v -0.0572340 -0.0370000 0.3054132
vn -0.4517997 -0.8921195 0.0000300
v -0.0381841 -0.0012418 0.3150619
vn -0.4519074 -0.8920649 -0.0000300
v -0.0381841 -0.0012418 0.3150619
vn -0.4518396 -0.8920993 -0.0000000
v -0.0572340 -0.0370000 0.3054132
vn -0.4517678 -0.8921356 0.0000300
v -0.0383080 -0.0043301 0.3149991
vn -0.4519194 -0.8920588 -0.0000400
v -0.0383080 -0.0043301 0.3149991
vn -0.4519114 -0.8920628 -0.0000500
v -0.0572340 -0.0370000 0.3054132
vn -0.4517798 -0.8921295 0.0000300
v -0.0385692 -0.0074076 0.3148668
vn -0.4519513 -0.8920426 -0.0000500
v -0.0385692 -0.0074076 0.3148668
vn -0.4518995 -0.8920689 -0.0000200
v -0.0572340 -0.0370000 0.3054132
vn -0.4517798 -0.8921295 0.0000400
v -0.0389668 -0.0104667 0.3146654
vn -0.4519393 -0.8920487 -0.0000500
v -0.0389668 -0.0104667 0.3146654
vn -0.4519194 -0.8920588 -0.0000400
v -0.0572340 -0.0370000 0.3054132
vn -0.4518197 -0.8921093 0.0000100
v -0.0395000 -0.0134997 0.3143954
vn -0.4519393 -0.8920487 -0.0000500
v -0.0395000 -0.0134997 0.3143954
vn -0.4518595 -0.8920891 -0.0000500
v -0.0572340 -0.0370000 0.3054132
vn -0.4517678 -0.8921356 0.0000300
v -0.0401674 -0.0164993 0.3140573
vn -0.4519393 -0.8920487 -0.0000500
v -0.0401674 -0.0164993 0.3140573
vn -0.4519194 -0.8920588 -0.0000500
v -0.0572340 -0.0370000 0.3054132
vn -0.4518117 -0.8921133 0.0000200
v -0.0409674 -0.0194578 0.3136522
vn -0.4519114 -0.8920628 -0.0000400
v -0.0409674 -0.0194578 0.3136522
vn -0.4518117 -0.8921133 -0.0000000
v -0.0572340 -0.0370000 0.3054132
vn -0.4518476 -0.8920952 -0.0000200
v -0.0418979 -0.0223679 0.3131809
vn -0.4518795 -0.8920791 -0.0000200
v -0.0418979 -0.0223679 0.3131809
vn -0.4519194 -0.8920588 -0.0000200
v -0.0572340 -0.0370000 0.3054132
vn -0.4518396 -0.8920993 0.0000100
v -0.0429567 -0.0252224 0.3126446
vn -0.4519114 -0.8920628 -0.0000300
v -0.0429567 -0.0252224 0.3126446
vn -0.4518516 -0.8920932 0.0000100
v -0.0572340 -0.0370000 0.3054132
vn -0.4518675 -0.8920851 -0.0000000
v -0.0441411 -0.0280142 0.3120447
vn -0.4518317 -0.8921033 0.0000000
v -0.0572340 0.0390000 0.3054132
vn -0.4518995 -0.8920689 -0.0000300
v -0.0572340 -0.0370000 0.3054132
vn -0.4518396 -0.8920993 0.0000000
v -0.0383486 0.0049364 0.3149785
vn -0.4517918 -0.8921235 0.0000300
v -0.0572340 -0.0370000 0.3054132
vn -0.4519114 -0.8920628 -0.0000300
v -0.0468746 -0.0333821 0.3106602
vn -0.4517798 -0.8921295 0.0000400
v -0.0454481 -0.0307363 0.3113827
vn -0.4517997 -0.8921195 0.0000000
v -0.1147172 -0.0572489 0.2762983
vn -0.4518516 -0.8920932 0.0000000
v -0.1121452 -0.0583642 0.2776011
vn -0.4518197 -0.8921093 -0.0000200
v -0.1251353 -0.0370000 0.2710216
vn -0.4518795 -0.8920791 -0.0000200
v -0.0572340 -0.0370000 0.3054132
vn -0.4518875 -0.8920750 -0.0000200
v -0.0484169 -0.0359448 0.3098790
vn -0.4518317 -0.8921033 0.0000100
v -0.0468746 -0.0333821 0.3106602
vn -0.4517598 -0.8921396 0.0000400
v -0.1121452 -0.0583642 0.2776011
vn -0.4518396 -0.8920993 -0.0000000
v -0.1095266 -0.0593344 0.2789273
vn -0.4518516 -0.8920932 -0.0000000
v -0.1251353 -0.0370000 0.2710216
vn -0.4518595 -0.8920891 -0.0000200
v -0.0572340 -0.0370000 0.3054132
vn -0.4518595 -0.8920891 -0.0000200
v -0.0500713 -0.0384182 0.3090411
vn -0.4518915 -0.8920729 -0.0000300
v -0.0484169 -0.0359448 0.3098790
vn -0.4518317 -0.8921033 0.0000100
v -0.1095266 -0.0593344 0.2789273
vn -0.4517519 -0.8921437 0.0000400
v -0.1068683 -0.0601571 0.2802738
vn -0.4518396 -0.8920993 0.0000100
v -0.1251353 -0.0370000 0.2710216
vn -0.4518595 -0.8920891 -0.0000100
v -0.0572340 -0.0370000 0.3054132
vn -0.4518516 -0.8920932 -0.0000000
v -0.0518336 -0.0407961 0.3081484
vn -0.4518715 -0.8920830 -0.0000100
v -0.0500713 -0.0384182 0.3090411
vn -0.4518396 -0.8920993 0.0000000
v -0.1068683 -0.0601571 0.2802738
vn -0.4518396 -0.8920993 0.0000000
v -0.1041766 -0.0608302 0.2816371
vn -0.4518117 -0.8921133 0.0000200
v -0.1251353 -0.0370000 0.2710216
vn -0.4519114 -0.8920628 -0.0000300
v -0.0572340 -0.0370000 0.3054132
vn -0.4518317 -0.8921033 0.0000200
v -0.0536995 -0.0430725 0.3072034
vn -0.4518715 -0.8920830 -0.0000000
v -0.0518336 -0.0407961 0.3081484
vn -0.4518396 -0.8920993 -0.0000000
v -0.1041766 -0.0608302 0.2816371
vn -0.4517798 -0.8921295 0.0000300
v -0.1014583 -0.0613521 0.2830139
vn -0.4517877 -0.8921255 0.0000300
v -0.1251353 -0.0370000 0.2710216
vn -0.4518595 -0.8920891 -0.0000100
v -0.0572340 -0.0370000 0.3054132
vn -0.4519273 -0.8920548 -0.0000500
v -0.0556643 -0.0452419 0.3062083
vn -0.4518795 -0.8920791 -0.0000200
v -0.0536995 -0.0430725 0.3072034
vn -0.4518396 -0.8920993 0.0000100
v -0.1014583 -0.0613521 0.2830139
vn -0.4518915 -0.8920729 -0.0000200
v -0.0987202 -0.0617214 0.2844007
vn -0.4518197 -0.8921093 0.0000200
v -0.1251353 -0.0370000 0.2710216
vn -0.4517598 -0.8921396 0.0000400
v -0.0572340 -0.0370000 0.3054132
vn -0.4518795 -0.8920791 -0.0000200
v -0.0577231 -0.0472988 0.3051655
vn -0.4518995 -0.8920689 -0.0000300
v -0.0556643 -0.0452419 0.3062083
vn -0.4519114 -0.8920628 -0.0000400
v -0.0987202 -0.0617214 0.2844007
vn -0.4518715 -0.8920830 -0.0000100
v -0.0959691 -0.0619373 0.2857941
vn -0.4518595 -0.8920891 -0.0000300
v -0.1251353 -0.0370000 0.2710216
vn -0.4518715 -0.8920830 -0.0000100
v -0.0572340 -0.0370000 0.3054132
vn -0.4518715 -0.8920830 0.0000000
v -0.0598708 -0.0492381 0.3040777
vn -0.4518197 -0.8921093 0.0000200
v -0.0577231 -0.0472988 0.3051655
vn -0.4518995 -0.8920689 -0.0000100
v -0.0959691 -0.0619373 0.2857941
vn -0.4518595 -0.8920891 0.0000100
v -0.0932119 -0.0619993 0.2871906
vn -0.4518915 -0.8920729 -0.0000200
v -0.1251353 -0.0370000 0.2710216
vn -0.4518476 -0.8920952 -0.0000000
v -0.0572340 -0.0370000 0.3054132
vn -0.4518396 -0.8920993 0.0000000
v -0.0621021 -0.0510549 0.3029476
vn -0.4518117 -0.8921133 0.0000100
v -0.0598708 -0.0492381 0.3040777
vn -0.4518276 -0.8921053 -0.0000000
v -0.0932119 -0.0619993 0.2871906
vn -0.4518715 -0.8920830 -0.0000300
v -0.0904552 -0.0619070 0.2885869
vn -0.4518197 -0.8921093 0.0000100
v -0.1251353 -0.0370000 0.2710216
vn -0.4518715 -0.8920830 -0.0000200
v -0.0572340 -0.0370000 0.3054132
vn -0.4518317 -0.8921033 0.0000400
v -0.0644114 -0.0527449 0.3017779
vn -0.4518117 -0.8921133 0.0000100
v -0.0621021 -0.0510549 0.3029476
vn -0.4518396 -0.8920993 0.0000000
v -0.1251353 -0.0370000 0.2710216
vn -0.4518516 -0.8920932 -0.0000000
v -0.0877062 -0.0616609 0.2899792
vn -0.4519393 -0.8920487 -0.0000500
v -0.0572340 -0.0370000 0.3054132
vn -0.4518995 -0.8920689 -0.0000300
v -0.0904552 -0.0619070 0.2885869
vn -0.4518595 -0.8920891 -0.0000100
v -0.0877062 -0.0616609 0.2899792
vn -0.4518317 -0.8921033 0.0000100
v -0.1251353 -0.0370000 0.2710216
vn -0.4518117 -0.8921133 0.0000100
v -0.0572340 -0.0370000 0.3054132
vn -0.4518276 -0.8921053 -0.0000400
v -0.0667929 -0.0543037 0.3005717
vn -0.4518675 -0.8920851 -0.0000200
v -0.0644114 -0.0527449 0.3017779
vn -0.4518715 -0.8920830 -0.0000200
v -0.0877062 -0.0616609 0.2899792
vn -0.4518595 -0.8920891 -0.0000200
v -0.0849714 -0.0612615 0.2913644
vn -0.4518595 -0.8920891 -0.0000100
v -0.0572340 -0.0370000 0.3054132
vn -0.4518197 -0.8921093 0.0000100
v -0.0572340 -0.0370000 0.3054132
vn -0.4517519 -0.8921437 0.0000500
v -0.0692409 -0.0557275 0.2993318
vn -0.4518516 -0.8920932 0.0000000
v -0.0667929 -0.0543037 0.3005717
vn -0.4517918 -0.8921235 0.0000500
v -0.0849714 -0.0612615 0.2913644
vn -0.4518396 -0.8920993 0.0000200
v -0.0822579 -0.0607097 0.2927388
vn -0.4517877 -0.8921255 0.0000400
v -0.0572340 -0.0370000 0.3054132
vn -0.4519314 -0.8920528 -0.0000400
v -0.0572340 -0.0370000 0.3054132
vn -0.4518197 -0.8921093 -0.0000200
v -0.0717490 -0.0570128 0.2980615
vn -0.4518476 -0.8920952 -0.0000100
v -0.0692409 -0.0557275 0.2993318
vn -0.4518476 -0.8920952 -0.0000300
v -0.0822579 -0.0607097 0.2927388
vn -0.4518317 -0.8921033 -0.0000100
v -0.0795722 -0.0600071 0.2940990
vn -0.4518715 -0.8920830 -0.0000200
v -0.0572340 -0.0370000 0.3054132
vn -0.4518715 -0.8920830 -0.0000200
v -0.0572340 -0.0370000 0.3054132
vn -0.4517598 -0.8921396 0.0001000
v -0.0743113 -0.0581563 0.2967637
vn -0.4518915 -0.8920729 -0.0000000
v -0.0717490 -0.0570128 0.2980615
vn -0.4517877 -0.8921255 0.0000300
v -0.0795722 -0.0600071 0.2940990
vn -0.4518317 -0.8921033 0.0000100
v -0.0769212 -0.0591552 0.2954418
vn -0.4518117 -0.8921133 0.0000200
v -0.0572340 -0.0370000 0.3054132
vn -0.4518317 -0.8921033 0.0000100
v -0.0572340 -0.0370000 0.3054132
vn -0.4517598 -0.8921396 0.0000200
v -0.0769212 -0.0591552 0.2954418
vn -0.4518396 -0.8920993 -0.0000100
v -0.0743113 -0.0581563 0.2967637
vn -0.0000300 0.0000000 -1.0000000
v -0.3349313 -0.0370000 0.5789694
vn 0.0001100 0.0000000 -1.0000000
v -0.3073639 -0.0370000 0.5630533
vn 0.0000000 0.0000000 -1.0000000
v -0.3349313 -0.0370000 0.6330533
vn 0.0000400 0.0000000 -1.0000000
v -0.2937399 -0.0370000 0.5630533
vn 0.0000000 0.0000000 -1.0000000
v -0.2869279 -0.0370000 0.5512546
vn 0.0000400 -0.0000100 -1.0000000
v -0.2865793 -0.0370000 0.5510533
vn 0.0000000 0.0000000 -1.0000000
v -0.2341876 -0.0370000 0.6119056
vn 0.0000000 0.0000000 -1.0000000
v -0.2341876 -0.0370000 0.6330533
vn -0.0000100 0.0000000 -1.0000000
v -0.1251353 -0.0370000 0.2710216
vn -0.0000200 0.0000000 -1.0000000
v -0.0572340 -0.0370000 0.3054132
vn -0.0000100 -0.0000200 -1.0000000
v -0.2866955 -0.0370000 0.5508520
vn -0.8660266 0.4999980 0.0001700
v -0.2866955 -0.0370000 0.5508520
vn -0.8659794 0.5000796 0.0000900
v -0.2866955 -0.0330000 0.5508520
vn -0.8659657 0.5001034 0.0000600
v -0.2782799 -0.0330000 0.5362757
vn -0.8659571 0.5001183 0.0000500
v -0.1251353 -0.0370000 0.2710216
vn -0.8659571 0.5001183 0.0000500
v -0.2782799 0.0310000 0.5362757
vn -0.8659906 0.5000604 0.0001100
v -0.1251353 0.0390000 0.2710216
vn -0.8659974 0.5000485 0.0001200
v -0.2782799 -0.0330000 0.5362757
vn -0.8659794 0.5000796 0.0000900
v -0.2782799 0.0310000 0.5362757
vn -0.8659863 0.5000678 0.0001000
v -0.1251353 -0.0370000 0.2710216
vn -0.8659906 0.5000604 0.0001100
v -0.2866955 0.0310000 0.5508520
vn -0.8659906 0.5000604 0.0001100
v -0.2866955 0.0390000 0.5508520
vn -0.8659683 0.5000990 0.0000700
v -0.2782799 0.0310000 0.5362757
vn -0.8659683 0.5000990 0.0000700
v -0.1251353 -0.0370000 0.2710216
vn -0.8659794 0.5000796 0.0000900
v -0.2866955 0.0390000 0.5508520
vn -0.8659502 0.5001302 0.0000400
v -0.1251353 0.0390000 0.2710216
vn -0.8659974 0.5000485 0.0001200
v -0.2782799 0.0310000 0.5362757
vn 0.0000400 0.0000000 1.0000000
v -0.2937399 0.0390000 0.5630533
vn 0.0000200 0.0000000 1.0000000
v -0.3073639 0.0390000 0.5630533
vn 0.0000000 0.0000000 1.0000000
v -0.3306759 0.0390000 0.5765125
vn 0.0000500 0.0000000 1.0000000
v -0.3306759 0.0390000 0.6330533
vn -0.0000800 0.0000000 1.0000000
v -0.2865793 0.0390000 0.5510533
vn -0.0000300 0.0000000 1.0000000
v -0.2869279 0.0390000 0.5512546
vn 0.0000000 0.0000000 1.0000000
v -0.2341876 0.0390000 0.6119056
vn -0.0000500 0.0000000 1.0000000
v -0.2341876 0.0390000 0.6330533
vn 0.0001900 0.0000000 1.0000000
v -0.0572340 0.0390000 0.3054132
vn 0.0000200 0.0000000 1.0000000
v -0.1251353 0.0390000 0.2710216
vn 0.0001100 0.0000000 1.0000000
v -0.2866955 0.0390000 0.5508520
vn 0.8659906 -0.5000604 -0.0001100
v -0.2341876 0.0000000 0.6119056
vn 0.8659683 -0.5000990 -0.0000700
v -0.2341876 -0.0370000 0.6119056
vn 0.8659949 -0.5000529 -0.0001100
v -0.0572340 -0.0370000 0.3054132
vn 0.8659726 -0.5000915 -0.0000800
v -0.2341876 0.0000000 0.6119056
vn 0.8659794 -0.5000796 -0.0000900
v -0.0572340 -0.0370000 0.3054132
vn 0.8659974 -0.5000485 -0.0001200
v -0.0572340 0.0390000 0.3054132
vn 0.8660129 -0.5000217 -0.0001500
v -0.2341876 0.0390000 0.6119056
vn 0.8659726 -0.5000915 -0.0000800
v -0.0572340 0.0390000 0.3054132
vn 1.0000000 0.0000000 0.0000000
v -0.2341876 -0.0370000 0.6330533
vn 1.0000000 0.0000000 0.0000000
v -0.2341876 0.0000000 0.6119056
vn 1.0000000 0.0000000 0.0000000
v -0.2341876 0.0000000 0.6330533
vn 1.0000000 0.0000000 0.0000000
v -0.2341876 -0.0370000 0.6119056
vn -0.0000600 -1.0000000 -0.0000000
v -0.3349313 -0.0370000 0.6330533
vn -0.0000600 -1.0000000 -0.0000000
v -0.3306759 0.0390000 0.6330533
vn -0.0000100 -1.0000000 -0.0000000
v -0.4136578 0.0000000 0.6330533
vn 0.0000000 -1.0000000 0.0000000
v -0.2341876 0.0000000 0.6330533
vn 0.0000000 -1.0000000 0.0000000
v -0.2341876 0.0390000 0.6330533
vn -0.0000500 -1.0000000 -0.0000000
v -0.2341876 -0.0370000 0.6330533
vn -0.4254185 0.0000300 -0.9049968
v -0.4136578 0.0000000 0.6244221
vn -0.4253496 -0.0000000 -0.9050292
v -0.3349313 -0.0370000 0.6330533
vn -0.4253010 -0.0000300 -0.9050520
v -0.4136578 0.0000000 0.6330533
vn -0.4253983 0.0000200 -0.9050063
v -0.4136578 0.0000000 0.6244221
vn -0.4252687 -0.0000400 -0.9050672
v -0.3349313 -0.0370000 0.5789694
vn -0.4254387 0.0000400 -0.9049872
v -0.3349313 -0.0370000 0.6330533
vn -0.5000023 0.8660241 0.0000000
v -0.3073639 -0.0330000 0.5630533
vn -0.5000796 0.8659794 0.0000400
v -0.3073639 -0.0370000 0.5630533
vn -0.5000217 0.8660129 0.0000100
v -0.3349313 -0.0370000 0.5789694
vn -0.4999518 0.8660532 -0.0000300
v -0.3423719 0.0310000 0.5832652
vn -0.4999132 0.8660756 -0.0000500
v -0.3423719 -0.0330000 0.5832652
vn -0.4999593 0.8660489 -0.0000300
v -0.4136578 0.0000000 0.6244221
vn -0.5000217 0.8660129 0.0000100
v -0.3073639 0.0310000 0.5630533
vn -0.5000796 0.8659794 0.0000500
v -0.3423719 0.0310000 0.5832652
vn -0.4999400 0.8660600 -0.0000400
v -0.3306759 0.0390000 0.5765125
vn -0.4999400 0.8660600 -0.0000400
v -0.3073639 0.0390000 0.5630533
vn -0.4999207 0.8660712 -0.0000500
v -0.3073639 0.0310000 0.5630533
vn -0.5000098 0.8660197 0.0000000
v -0.3306759 0.0390000 0.5765125
vn -0.5000291 0.8660086 0.0000100
v -0.3349313 -0.0370000 0.5789694
vn -0.4999905 0.8660309 -0.0000200
v -0.4136578 0.0000000 0.6244221
vn -0.4999830 0.8660352 -0.0000200
v -0.3423719 -0.0330000 0.5832652
vn -0.4999980 0.8660266 0.0000000
v -0.3306759 0.0390000 0.5765125
vn -0.4999712 0.8660421 -0.0000200
v -0.3423719 -0.0330000 0.5832652
vn -0.5000217 0.8660129 0.0000100
v -0.3073639 -0.0330000 0.5630533
vn -0.4999712 0.8660421 -0.0000200
v -0.3349313 -0.0370000 0.5789694
vn -0.0000500 1.0000000 0.0000000
v -0.2937399 -0.0330000 0.5630533
vn 0.0000000 1.0000000 0.0000000
v -0.2937399 -0.0370000 0.5630533
vn -0.0001000 1.0000000 0.0000000
v -0.3073639 -0.0330000 0.5630533
vn 0.0000000 1.0000000 0.0000000
v -0.3073639 -0.0370000 0.5630533
vn -0.8659546 0.5001227 0.0000500
v -0.2869279 -0.0370000 0.5512546
vn -0.8659906 0.5000604 0.0001100
v -0.2937399 -0.0370000 0.5630533
vn -0.8660017 0.5000410 0.0001300
v -0.2869279 -0.0330000 0.5512546
vn -0.8659751 0.5000871 0.0000800
v -0.2937399 -0.0370000 0.5630533
vn -0.8659794 0.5000796 0.0000900
v -0.2937399 -0.0330000 0.5630533
vn -0.8660129 0.5000217 0.0001500
v -0.2869279 -0.0330000 0.5512546
vn -0.4999400 0.8660600 -0.0000400
v -0.2865793 -0.0330000 0.5510533
vn -0.5000796 0.8659794 0.0000400
v -0.2865793 -0.0370000 0.5510533
vn -0.5000098 0.8660197 0.0000000
v -0.2869279 -0.0370000 0.5512546
vn -0.4999712 0.8660421 -0.0000200
v -0.2869279 -0.0330000 0.5512546
vn -0.8660017 -0.5000410 -0.0001400
v -0.2865793 -0.0370000 0.5510533
vn -0.8659571 -0.5001183 -0.0000600
v -0.2865793 -0.0330000 0.5510533
vn -0.8659794 -0.5000796 -0.0000900
v -0.2866955 -0.0370000 0.5508520
vn -0.8659906 -0.5000604 -0.0001200
v -0.2866955 -0.0330000 0.5508520
vn 0.0000200 0.0000000 1.0000000
v -0.3073639 -0.0330000 0.5630533
vn -0.0000300 0.0000000 1.0000000
v -0.3423719 -0.0330000 0.5832652
vn 0.0000200 0.0000000 1.0000000
v -0.3274831 -0.0330000 0.6090533
vn 0.0000400 0.0000000 1.0000000
v -0.2937399 -0.0330000 0.5630533
vn -0.0000800 0.0000000 1.0000000
v -0.2590671 -0.0330000 0.5695533
vn -0.0000800 0.0000000 1.0000000
v -0.2865793 -0.0330000 0.5510533
vn -0.0000300 0.0000000 1.0000000
v -0.2869279 -0.0330000 0.5512546
vn 0.0000400 0.0000000 1.0000000
v -0.2782799 -0.0330000 0.5362757
vn -0.0000200 -0.0000100 1.0000000
v -0.2866955 -0.0330000 0.5508520
vn -0.8660017 -0.5000410 -0.0001300
v -0.2590671 -0.0330000 0.5695533
vn -0.8659546 -0.5001227 -0.0000500
v -0.2590671 0.0310000 0.5695533
vn -0.8659794 -0.5000796 -0.0000900
v -0.2782799 -0.0330000 0.5362757
vn -0.8659906 -0.5000604 -0.0001100
v -0.2782799 0.0310000 0.5362757
vn 0.0000800 0.0000000 -1.0000000
v -0.3423719 0.0310000 0.5832652
vn -0.0000000 -0.0000000 -1.0000000
v -0.3073639 0.0310000 0.5630533
vn -0.0000200 -0.0000000 -1.0000000
v -0.3274831 0.0310000 0.6090533
vn 0.0000400 0.0000000 -1.0000000
v -0.2937399 0.0310000 0.5630533
vn 0.0000300 0.0000000 -1.0000000
v -0.2590671 0.0310000 0.5695533
vn -0.0000000 -0.0000000 -1.0000000
v -0.2869279 0.0310000 0.5512546
vn 0.0000400 0.0000000 -1.0000000
v -0.2865793 0.0310000 0.5510533
vn -0.0000100 -0.0000000 -1.0000000
v -0.2866955 0.0310000 0.5508520
vn 0.0000700 0.0000000 -1.0000000
v -0.2782799 0.0310000 0.5362757
vn -0.8660017 -0.5000410 -0.0001400
v -0.2865793 0.0310000 0.5510533
vn -0.8659546 -0.5001227 -0.0000500
v -0.2865793 0.0390000 0.5510533
vn -0.8659794 -0.5000796 -0.0000900
v -0.2866955 0.0310000 0.5508520
vn -0.8659906 -0.5000604 -0.0001100
v -0.2866955 0.0390000 0.5508520
vn -0.4252687 0.0000400 0.9050672
v -0.3306759 0.0390000 0.5765125
vn -0.4254305 -0.0000400 0.9049911
v -0.4136578 0.0000000 0.6244221
vn -0.4253414 0.0000100 0.9050330
v -0.3306759 0.0390000 0.6330533
vn -0.4253414 0.0000100 0.9050330
v -0.3306759 0.0390000 0.6330533
vn -0.4253698 -0.0000100 0.9050196
v -0.4136578 0.0000000 0.6244221
vn -0.4253819 -0.0000100 0.9050140
v -0.4136578 0.0000000 0.6330533
vn -0.0000500 1.0000000 0.0000000
v -0.2937399 0.0390000 0.5630533
vn -0.0000500 1.0000000 0.0000000
v -0.2937399 0.0310000 0.5630533
vn 0.0000500 1.0000000 0.0000000
v -0.3073639 0.0390000 0.5630533
vn 0.0000000 1.0000000 0.0000000
v -0.3073639 0.0310000 0.5630533
vn -0.8659906 0.5000604 0.0001100
v -0.2937399 0.0310000 0.5630533
vn -0.8660017 0.5000410 0.0001300
v -0.2937399 0.0390000 0.5630533
vn -0.8659683 0.5000990 0.0000700
v -0.2869279 0.0310000 0.5512546
vn -0.8660129 0.5000217 0.0001500
v -0.2869279 0.0310000 0.5512546
vn -0.8659614 0.5001108 0.0000600
v -0.2937399 0.0390000 0.5630533
vn -0.8660017 0.5000410 0.0001300
v -0.2869279 0.0390000 0.5512546
vn -0.4999400 0.8660600 -0.0000400
v -0.2865793 0.0390000 0.5510533
vn -0.5000796 0.8659794 0.0000400
v -0.2865793 0.0310000 0.5510533
vn -0.5000098 0.8660197 0.0000000
v -0.2869279 0.0310000 0.5512546
vn -0.4999712 0.8660421 -0.0000200
v -0.2869279 0.0390000 0.5512546
vn 1.0000000 0.0000000 0.0000000
v -0.2341876 0.0390000 0.6330533
vn 1.0000000 0.0000000 0.0000000
v -0.2341876 0.0390000 0.6119056
vn 0.8659794 0.5000796 0.0000900
v -0.3274831 0.0310000 0.6090533
vn 0.8659906 0.5000604 0.0001100
v -0.3274831 -0.0330000 0.6090533
vn 0.8659906 0.5000604 0.0001100
v -0.3423719 -0.0330000 0.5832652
vn 0.8659683 0.5000990 0.0000700
v -0.3423719 0.0310000 0.5832652
vn -0.5000485 0.8659974 0.0000200
v -0.2590671 0.0310000 0.5695533
vn -0.5000796 0.8659794 0.0000400
v -0.2590671 -0.0330000 0.5695533
vn -0.5000098 0.8660197 0.0000000
v -0.3274831 -0.0330000 0.6090533
vn -0.4999712 0.8660421 -0.0000200
v -0.3274831 0.0310000 0.6090533
# 1671 vertices, 0 vertices normals

f 1//1 2//2 3//3
f 4//4 5//5 6//6
f 7//7 8//8 9//9
f 10//10 11//11 12//12
f 13//13 14//14 15//15
f 16//16 17//17 18//18
f 19//19 20//20 21//21
f 22//22 23//23 24//24
f 25//25 26//26 27//27
f 28//28 29//29 30//30
f 31//31 32//32 33//33
f 34//34 35//35 36//36
f 37//37 38//38 39//39
f 40//40 41//41 42//42
f 43//43 44//44 45//45
f 46//46 47//47 48//48
f 49//49 50//50 51//51
f 52//52 53//53 54//54
f 55//55 56//56 57//57
f 58//58 59//59 60//60
f 61//61 62//62 63//63
f 64//64 65//65 66//66
f 67//67 68//68 69//69
f 70//70 71//71 72//72
f 73//73 74//74 75//75
f 76//76 77//77 78//78
f 79//79 80//80 81//81
f 82//82 83//83 84//84
f 85//85 86//86 87//87
f 88//88 89//89 90//90
f 91//91 92//92 93//93
f 94//94 95//95 96//96
f 97//97 98//98 99//99
f 100//100 101//101 102//102
f 103//103 104//104 105//105
f 106//106 107//107 108//108
f 109//109 110//110 111//111
f 112//112 113//113 114//114
f 115//115 116//116 117//117
f 118//118 119//119 120//120
f 121//121 122//122 123//123
f 124//124 125//125 126//126
f 127//127 128//128 129//129
f 130//130 131//131 132//132
f 133//133 134//134 135//135
f 136//136 137//137 138//138
f 139//139 140//140 141//141
f 142//142 143//143 144//144
f 145//145 146//146 147//147
f 148//148 149//149 150//150
f 151//151 152//152 153//153
f 154//154 155//155 156//156
f 157//157 158//158 159//159
f 160//160 161//161 162//162
f 163//163 164//164 165//165
f 166//166 167//167 168//168
f 169//169 170//170 171//171
f 172//172 173//173 174//174
f 175//175 176//176 177//177
f 178//178 179//179 180//180
f 181//181 182//182 183//183
f 184//184 185//185 186//186
f 187//187 188//188 189//189
f 190//190 191//191 192//192
f 193//193 194//194 195//195
f 196//196 197//197 198//198
f 199//199 200//200 201//201
f 202//202 203//203 204//204
f 205//205 206//206 207//207
f 208//208 209//209 210//210
f 211//211 212//212 213//213
f 214//214 215//215 216//216
f 217//217 218//218 219//219
f 220//220 221//221 222//222
f 223//223 224//224 225//225
f 226//226 227//227 228//228
f 229//229 230//230 231//231
f 232//232 233//233 234//234
f 235//235 236//236 237//237
f 238//238 239//239 240//240
f 241//241 242//242 243//243
f 244//244 245//245 246//246
f 247//247 248//248 249//249
f 250//250 251//251 252//252
f 253//253 254//254 255//255
f 256//256 257//257 258//258
f 259//259 260//260 261//261
f 262//262 263//263 264//264
f 265//265 266//266 267//267
f 268//268 269//269 270//270
f 271//271 272//272 273//273
f 274//274 275//275 276//276
f 277//277 278//278 279//279
f 280//280 281//281 282//282
f 283//283 284//284 285//285
f 286//286 287//287 288//288
f 289//289 290//290 291//291
f 292//292 293//293 294//294
f 295//295 296//296 297//297
f 298//298 299//299 300//300
f 301//301 302//302 303//303
f 304//304 305//305 306//306
f 307//307 308//308 309//309
f 310//310 311//311 312//312
f 313//313 314//314 315//315
f 316//316 317//317 318//318
f 319//319 320//320 321//321
f 322//322 323//323 324//324
f 325//325 326//326 327//327
f 328//328 329//329 330//330
f 331//331 332//332 333//333
f 334//334 335//335 336//336
f 337//337 338//338 339//339
f 340//340 341//341 342//342
f 343//343 344//344 345//345
f 346//346 347//347 348//348
f 349//349 350//350 351//351
f 352//352 353//353 354//354
f 355//355 356//356 357//357
f 358//358 359//359 360//360
f 361//361 362//362 363//363
f 364//364 365//365 366//366
f 367//367 358//358 360//360
f 368//368 369//369 370//370
f 371//371 372//372 373//373
f 374//374 375//375 376//376
f 377//377 378//378 379//379
f 380//380 381//381 382//382
f 383//383 384//384 385//385
f 386//386 387//387 388//388
f 389//389 390//390 391//391
f 392//392 393//393 394//394
f 395//395 396//396 397//397
f 398//398 399//399 400//400
f 401//401 402//402 403//403
f 404//404 405//405 406//406
f 407//407 408//408 409//409
f 410//410 411//411 412//412
f 413//413 414//414 415//415
f 416//416 417//417 418//418
f 419//419 420//420 421//421
f 422//422 423//423 424//424
f 425//425 426//426 427//427
f 428//428 429//429 430//430
f 431//431 432//432 433//433
f 434//434 435//435 436//436
f 437//437 438//438 439//439
f 440//440 441//441 442//442
f 443//443 444//444 445//445
f 446//446 447//447 448//448
f 449//449 450//450 451//451
f 452//452 453//453 454//454
f 455//455 456//456 457//457
f 458//458 459//459 460//460
f 461//461 462//462 463//463
f 464//464 465//465 466//466
f 467//467 468//468 469//469
f 470//470 471//471 472//472
f 473//473 474//474 475//475
f 476//476 477//477 478//478
f 479//479 480//480 481//481
f 482//482 483//483 484//484
f 485//485 486//486 487//487
f 488//488 489//489 490//490
f 491//491 492//492 493//493
f 494//494 495//495 496//496
f 497//497 498//498 499//499
f 500//500 501//501 502//502
f 503//503 504//504 505//505
f 506//506 507//507 508//508
f 509//509 510//510 511//511
f 512//512 513//513 514//514
f 515//515 516//516 517//517
f 518//518 519//519 520//520
f 521//521 522//522 523//523
f 524//524 525//525 526//526
f 527//527 528//528 529//529
f 530//530 531//531 532//532
f 533//533 534//534 535//535
f 536//536 537//537 538//538
f 539//539 540//540 541//541
f 542//542 543//543 544//544
f 545//545 546//546 547//547
f 548//548 549//549 550//550
f 551//551 552//552 553//553
f 554//554 555//555 556//556
f 557//557 558//558 559//559
f 560//560 561//561 562//562
f 563//563 564//564 565//565
f 566//566 567//567 568//568
f 569//569 570//570 571//571
f 572//572 573//573 574//574
f 575//575 576//576 577//577
f 578//578 579//579 580//580
f 581//581 582//582 583//583
f 584//584 585//585 586//586
f 587//587 588//588 589//589
f 590//590 591//591 592//592
f 593//593 594//594 595//595
f 596//596 597//597 598//598
f 599//599 600//600 601//601
f 602//602 603//603 604//604
f 605//605 606//606 607//607
f 608//608 609//609 610//610
f 611//611 612//612 613//613
f 614//614 615//615 616//616
f 617//617 618//618 619//619
f 620//620 621//621 622//622
f 623//623 624//624 625//625
f 626//626 627//627 628//628
f 629//629 630//630 631//631
f 632//632 633//633 634//634
f 635//635 636//636 637//637
f 638//638 639//639 640//640
f 641//641 642//642 643//643
f 644//644 645//645 646//646
f 647//647 648//648 649//649
f 650//650 651//651 652//652
f 653//653 654//654 655//655
f 656//656 657//657 658//658
f 659//659 660//660 661//661
f 662//662 663//663 664//664
f 665//665 666//666 667//667
f 668//668 669//669 670//670
f 671//671 672//672 673//673
f 674//674 675//675 676//676
f 677//677 678//678 679//679
f 680//680 681//681 682//682
f 683//683 684//684 685//685
f 686//686 687//687 688//688
f 689//689 690//690 691//691
f 692//692 693//693 694//694
f 695//695 696//696 697//697
f 698//698 699//699 700//700
f 701//701 702//702 703//703
f 704//704 705//705 706//706
f 707//707 708//708 709//709
f 710//710 711//711 712//712
f 713//713 714//714 715//715
f 716//716 717//717 718//718
f 719//719 720//720 721//721
f 722//722 723//723 724//724
f 725//725 726//726 727//727
f 728//728 729//729 730//730
f 731//731 732//732 733//733
f 734//734 735//735 736//736
f 737//737 738//738 739//739
f 740//740 741//741 742//742
f 743//743 744//744 745//745
f 746//746 747//747 748//748
f 749//749 750//750 751//751
f 752//752 753//753 754//754
f 755//755 756//756 757//757
f 758//758 759//759 760//760
f 761//761 762//762 763//763
f 764//764 765//765 766//766
f 767//767 768//768 769//769
f 770//770 771//771 772//772
f 773//773 774//774 775//775
f 776//776 777//777 778//778
f 779//779 780//780 781//781
f 782//782 783//783 784//784
f 785//785 786//786 787//787
f 788//788 789//789 790//790
f 791//791 792//792 793//793
f 794//794 795//795 796//796
f 797//797 798//798 799//799
f 800//800 801//801 802//802
f 803//803 804//804 805//805
f 806//806 807//807 808//808
f 809//809 810//810 811//811
f 812//812 813//813 814//814
f 815//815 816//816 817//817
f 818//818 819//819 820//820
f 821//821 822//822 823//823
f 824//824 825//825 826//826
f 827//827 828//828 829//829
f 830//830 831//831 832//832
f 833//833 834//834 835//835
f 836//836 837//837 838//838
f 839//839 840//840 841//841
f 842//842 843//843 844//844
f 845//845 846//846 847//847
f 848//848 849//849 850//850
f 851//851 852//852 853//853
f 854//854 855//855 856//856
f 857//857 858//858 859//859
f 860//860 861//861 862//862
f 863//863 864//864 865//865
f 866//866 867//867 868//868
f 869//869 870//870 871//871
f 872//872 873//873 874//874
f 875//875 876//876 877//877
f 878//878 879//879 880//880
f 881//881 882//882 883//883
f 884//884 885//885 886//886
f 887//887 888//888 889//889
f 890//890 891//891 892//892
f 893//893 894//894 895//895
f 896//896 897//897 898//898
f 899//899 900//900 901//901
f 902//902 903//903 904//904
f 905//905 906//906 907//907
f 908//908 909//909 910//910
f 911//911 912//912 913//913
f 914//914 915//915 916//916
f 917//917 918//918 919//919
f 920//920 921//921 922//922
f 923//923 924//924 925//925
f 926//926 927//927 928//928
f 929//929 930//930 931//931
f 932//932 933//933 934//934
f 935//935 936//936 937//937
f 938//938 939//939 940//940
f 941//941 942//942 943//943
f 944//944 945//945 946//946
f 947//947 948//948 949//949
f 950//950 951//951 952//952
f 953//953 954//954 955//955
f 956//956 957//957 958//958
f 959//959 960//960 961//961
f 962//962 963//963 964//964
f 965//965 966//966 967//967
f 968//968 969//969 970//970
f 971//971 972//972 973//973
f 974//974 975//975 976//976
f 977//977 978//978 979//979
f 980//980 981//981 982//982
f 983//983 984//984 985//985
f 986//986 987//987 988//988
f 989//989 990//990 991//991
f 992//992 993//993 994//994
f 995//995 996//996 997//997
f 998//998 999//999 1000//1000
f 1001//1001 1002//1002 1003//1003
f 1004//1004 1005//1005 1006//1006
f 1007//1007 1008//1008 1009//1009
f 1010//1010 1011//1011 1012//1012
f 1013//1013 1014//1014 1015//1015
f 1016//1016 1017//1017 1018//1018
f 1019//1019 1020//1020 1021//1021
f 1022//1022 1023//1023 1024//1024
f 1025//1025 1026//1026 1027//1027
f 1028//1028 1029//1029 1030//1030
f 1031//1031 1032//1032 1033//1033
f 1034//1034 1035//1035 1036//1036
f 1037//1037 1038//1038 1039//1039
f 1040//1040 1041//1041 1042//1042
f 1043//1043 1044//1044 1045//1045
f 1046//1046 1047//1047 1048//1048
f 1049//1049 1050//1050 1051//1051
f 1052//1052 1053//1053 1054//1054
f 1055//1055 1056//1056 1057//1057
f 1058//1058 1059//1059 1060//1060
f 1061//1061 1062//1062 1063//1063
f 1064//1064 1065//1065 1066//1066
f 1067//1067 1068//1068 1069//1069
f 1070//1070 1071//1071 1072//1072
f 1073//1073 1074//1074 1075//1075
f 1076//1076 1077//1077 1078//1078
f 1079//1079 1080//1080 1081//1081
f 1082//1082 1083//1083 1084//1084
f 1085//1085 1086//1086 1087//1087
f 1088//1088 1089//1089 1090//1090
f 1091//1091 1092//1092 1093//1093
f 1094//1094 1095//1095 1096//1096
f 1097//1097 1098//1098 1099//1099
f 1100//1100 1101//1101 1102//1102
f 1103//1103 1104//1104 1105//1105
f 1106//1106 1107//1107 1108//1108
f 1109//1109 1110//1110 1111//1111
f 1112//1112 1113//1113 1114//1114
f 1115//1115 1116//1116 1117//1117
f 1118//1118 1119//1119 1120//1120
f 1121//1121 1122//1122 1123//1123
f 1124//1124 1125//1125 1126//1126
f 1127//1127 1128//1128 1129//1129
f 1130//1130 1131//1131 1132//1132
f 1133//1133 1134//1134 1135//1135
f 1136//1136 1137//1137 1138//1138
f 1139//1139 1140//1140 1141//1141
f 1142//1142 1143//1143 1144//1144
f 1145//1145 1146//1146 1147//1147
f 1148//1148 1149//1149 1150//1150
f 1151//1151 1152//1152 1153//1153
f 1154//1154 1155//1155 1156//1156
f 1157//1157 1158//1158 1159//1159
f 1160//1160 1161//1161 1162//1162
f 1163//1163 1164//1164 1165//1165
f 1166//1166 1167//1167 1168//1168
f 1169//1169 1170//1170 1171//1171
f 1172//1172 1173//1173 1174//1174
f 1175//1175 1176//1176 1177//1177
f 1178//1178 1179//1179 1180//1180
f 1181//1181 1182//1182 1183//1183
f 1184//1184 1185//1185 1186//1186
f 1187//1187 1188//1188 1189//1189
f 1190//1190 1191//1191 1192//1192
f 1193//1193 1194//1194 1195//1195
f 1196//1196 1197//1197 1198//1198
f 1199//1199 1200//1200 1201//1201
f 1202//1202 1203//1203 1204//1204
f 1205//1205 1206//1206 1207//1207
f 1208//1208 1209//1209 1210//1210
f 1211//1211 1212//1212 1213//1213
f 1214//1214 1215//1215 1216//1216
f 1217//1217 1218//1218 1219//1219
f 1220//1220 1221//1221 1222//1222
f 1223//1223 1224//1224 1225//1225
f 1226//1226 1227//1227 1228//1228
f 1229//1229 1230//1230 1231//1231
f 1232//1232 1233//1233 1234//1234
f 1235//1235 1236//1236 1237//1237
f 1238//1238 1239//1239 1240//1240
f 1241//1241 1242//1242 1243//1243
f 1244//1244 1245//1245 1246//1246
f 1247//1247 1248//1248 1249//1249
f 1250//1250 1251//1251 1252//1252
f 1253//1253 1254//1254 1255//1255
f 1256//1256 1257//1257 1258//1258
f 1259//1259 1260//1260 1261//1261
f 1262//1262 1263//1263 1264//1264
f 1265//1265 1266//1266 1267//1267
f 1268//1268 1269//1269 1270//1270
f 1271//1271 1272//1272 1273//1273
f 1274//1274 1275//1275 1276//1276
f 1277//1277 1278//1278 1279//1279
f 1280//1280 1281//1281 1282//1282
f 1283//1283 1284//1284 1285//1285
f 1286//1286 1287//1287 1288//1288
f 1289//1289 1290//1290 1291//1291
f 1292//1292 1293//1293 1294//1294
f 1295//1295 1296//1296 1297//1297
f 1298//1298 1299//1299 1300//1300
f 1301//1301 1302//1302 1303//1303
f 1304//1304 1305//1305 1306//1306
f 1307//1307 1308//1308 1309//1309
f 1310//1310 1311//1311 1312//1312
f 1313//1313 1314//1314 1315//1315
f 1316//1316 1317//1317 1318//1318
f 1319//1319 1320//1320 1321//1321
f 1322//1322 1323//1323 1324//1324
f 1325//1325 1326//1326 1327//1327
f 1328//1328 1329//1329 1330//1330
f 1331//1331 1332//1332 1333//1333
f 1334//1334 1335//1335 1336//1336
f 1337//1337 1338//1338 1339//1339
f 1340//1340 1341//1341 1342//1342
f 1343//1343 1344//1344 1345//1345
f 1346//1346 1347//1347 1348//1348
f 1349//1349 1350//1350 1351//1351
f 1352//1352 1353//1353 1354//1354
f 1355//1355 1356//1356 1357//1357
f 1358//1358 1359//1359 1360//1360
f 1361//1361 1362//1362 1363//1363
f 1364//1364 1365//1365 1366//1366
f 1367//1367 1368//1368 1369//1369
f 1370//1370 1371//1371 1372//1372
f 1373//1373 1374//1374 1375//1375
f 1376//1376 1377//1377 1378//1378
f 1379//1379 1380//1380 1381//1381
f 1382//1382 1383//1383 1384//1384
f 1385//1385 1386//1386 1387//1387
f 1388//1388 1389//1389 1390//1390
f 1391//1391 1392//1392 1393//1393
f 1394//1394 1395//1395 1396//1396
f 1397//1397 1398//1398 1399//1399
f 1400//1400 1401//1401 1402//1402
f 1403//1403 1404//1404 1405//1405
f 1406//1406 1407//1407 1408//1408
f 1409//1409 1410//1410 1411//1411
f 1412//1412 1413//1413 1414//1414
f 1415//1415 1416//1416 1417//1417
f 1418//1418 1419//1419 1420//1420
f 1421//1421 1422//1422 1423//1423
f 1424//1424 1425//1425 1426//1426
f 1427//1427 1428//1428 1429//1429
f 1430//1430 1431//1431 1432//1432
f 1433//1433 1434//1434 1435//1435
f 1436//1436 1437//1437 1438//1438
f 1439//1439 1440//1440 1441//1441
f 1442//1442 1443//1443 1444//1444
f 1445//1445 1446//1446 1447//1447
f 1448//1448 1449//1449 1450//1450
f 1451//1451 1452//1452 1453//1453
f 1454//1454 1455//1455 1456//1456
f 1457//1457 1458//1458 1459//1459
f 1460//1460 1461//1461 1462//1462
f 1463//1463 1464//1464 1465//1465
f 1466//1466 1467//1467 1468//1468
f 1469//1469 1470//1470 1471//1471
f 1472//1472 1473//1473 1474//1474
f 1475//1475 1476//1476 1477//1477
f 1478//1478 1479//1479 1480//1480
f 1481//1481 1482//1482 1483//1483
f 1484//1484 1485//1485 1486//1486
f 1487//1487 1488//1488 1489//1489
f 1490//1490 1491//1491 1492//1492
f 1493//1493 1494//1494 1495//1495
f 1496//1496 1497//1497 1498//1498
f 1499//1499 1500//1500 1501//1501
f 1502//1502 1503//1503 1504//1504
f 1505//1505 1506//1506 1507//1507
f 1508//1508 1509//1509 1510//1510
f 1511//1511 1512//1512 1513//1513
f 1514//1514 1515//1515 1516//1516
f 1517//1517 1518//1518 1519//1519
f 1518//1518 1520//1520 1519//1519
f 1521//1521 1522//1522 1520//1520
f 1519//1519 1523//1523 1524//1524
f 1520//1520 1523//1523 1519//1519
f 1522//1522 1523//1523 1520//1520
f 1525//1525 1526//1526 1527//1527
f 1527//1527 1526//1526 1522//1522
f 1522//1522 1526//1526 1523//1523
f 1528//1528 1529//1529 1530//1530
f 1531//1531 1532//1532 1533//1533
f 1534//1534 1535//1535 1536//1536
f 1537//1537 1538//1538 1539//1539
f 1540//1540 1528//1528 1530//1530
f 1541//1541 1542//1542 1543//1543
f 1544//1544 1545//1545 1546//1546
f 1544//1544 1546//1546 1547//1547
f 1548//1548 1549//1549 1544//1544
f 1550//1550 1547//1547 1551//1551
f 1550//1550 1544//1544 1547//1547
f 1550//1550 1548//1548 1544//1544
f 1552//1552 1553//1553 1554//1554
f 1552//1552 1554//1554 1548//1548
f 1552//1552 1548//1548 1550//1550
f 1555//1555 1556//1556 1557//1557
f 1558//1558 1559//1559 1560//1560
f 1561//1561 1555//1555 1562//1562
f 1563//1563 1564//1564 1565//1565
f 1566//1566 1564//1564 1563//1563
f 1567//1567 1568//1568 1569//1569
f 1570//1570 1571//1571 1568//1568
f 1570//1570 1568//1568 1567//1567
f 1572//1572 1570//1570 1567//1567
f 1573//1573 1574//1574 1575//1575
f 1576//1576 1577//1577 1578//1578
f 1579//1579 1580//1580 1581//1581
f 1582//1582 1583//1583 1584//1584
f 1585//1585 1586//1586 1587//1587
f 1588//1588 1589//1589 1590//1590
f 1591//1591 1592//1592 1593//1593
f 1584//1584 1594//1594 1582//1582
f 1595//1595 1596//1596 1597//1597
f 1598//1598 1599//1599 1600//1600
f 1600//1600 1599//1599 1601//1601
f 1602//1602 1603//1603 1604//1604
f 1605//1605 1606//1606 1607//1607
f 1608//1608 1609//1609 1610//1610
f 1608//1608 1610//1610 1611//1611
f 1612//1612 1613//1613 1614//1614
f 1614//1614 1613//1613 1615//1615
f 1616//1616 1617//1617 1618//1618
f 1619//1619 1616//1616 1618//1618
f 1620//1620 1619//1619 1618//1618
f 1621//1621 1622//1622 1619//1619
f 1621//1621 1619//1619 1620//1620
f 1623//1623 1624//1624 1621//1621
f 1623//1623 1621//1621 1620//1620
f 1625//1625 1626//1626 1627//1627
f 1627//1627 1626//1626 1628//1628
f 1629//1629 1630//1630 1631//1631
f 1630//1630 1632//1632 1631//1631
f 1632//1632 1633//1633 1631//1631
f 1634//1634 1635//1635 1632//1632
f 1632//1632 1635//1635 1633//1633
f 1636//1636 1637//1637 1635//1635
f 1635//1635 1637//1637 1633//1633
f 1638//1638 1639//1639 1640//1640
f 1640//1640 1639//1639 1641//1641
f 1642//1642 1643//1643 1644//1644
f 1645//1645 1646//1646 1647//1647
f 1648//1648 1649//1649 1650//1650
f 1650//1650 1649//1649 1651//1651
f 1652//1652 1653//1653 1654//1654
f 1655//1655 1656//1656 1657//1657
f 1658//1658 1659//1659 1660//1660
f 1658//1658 1660//1660 1661//1661
f 1564//1564 1662//1662 1565//1565
f 1564//1564 1663//1663 1662//1662
f 1664//1664 1665//1665 1666//1666
f 1664//1664 1666//1666 1667//1667
f 1668//1668 1669//1669 1670//1670
f 1668//1668 1670//1670 1671//1671
# 588 faces, 0 coords texture

# End of File
