####
#
# OBJ File Generated by Meshlab
#
####
# Object surgical_knife1.obj
#
# Vertices: 804
# Faces: 1488
#
####
mtllib ./surgical_knife1.obj.mtl

vn 0.0761121 0.0013308 0.9970984
v 0.0129024 0.1219598 0.0071572
vn 0.2079211 0.1440269 0.9674839
v 0.0103847 -0.0429366 0.0070768
vn 0.1673933 -0.0027970 0.9858862
v 0.0095773 -0.0649824 0.0073574
vn 0.5028490 0.0009185 0.8643738
v 0.0105303 -0.0527224 0.0071704
vn 0.8702808 -0.0171200 0.4922583
v 0.0109009 -0.0526040 0.0067418
vn 0.9863058 -0.0228524 0.1633359
v 0.0112490 -0.0474007 0.0058841
vn 0.9600275 0.0070380 0.2798173
v -0.0132959 0.0730406 0.0035824
vn 0.0008091 0.0843262 0.9964379
v -0.0053805 -0.0462049 0.0072025
vn 0.5946206 -0.2980983 0.7467020
v -0.0131139 0.1106801 0.0059339
vn 0.0126684 0.4630784 0.8862268
v -0.0063992 -0.0428229 0.0067337
vn 0.0790178 0.0035635 0.9968668
v 0.0024304 0.1225275 0.0072703
vn 0.0074222 0.0056015 0.9999568
v -0.0002455 0.1104508 0.0073578
vn 0.1041336 -0.0047767 0.9945518
v 0.0012539 0.1104570 0.0073355
vn 0.5780268 -0.0298051 0.8154733
v 0.0020492 0.1104853 0.0071798
vn 0.9335064 -0.0443188 0.3558111
v 0.0023702 0.1105597 0.0067571
vn 0.5701017 -0.6527399 0.4989136
v 0.0024463 0.1107035 0.0059340
vn -0.0161452 0.0770128 0.9968994
v 0.0025073 0.1276682 0.0071116
vn 0.4544209 0.3400194 0.8233399
v 0.0109042 -0.0384699 0.0057414
vn 0.8937001 0.0513104 0.4457213
v 0.0113085 -0.0419807 0.0062499
vn 0.9271706 -0.0858676 0.3646660
v -0.0133742 -0.0159816 -0.0009377
vn 0.7114349 0.2412989 0.6600267
v -0.0135395 0.0095406 0.0001985
vn 0.4661667 -0.2173507 0.8575823
v -0.0138991 0.0295901 0.0038705
vn 0.3574448 0.3009255 0.8841251
v -0.0141886 0.0412334 0.0033888
vn 0.4970168 -0.3370381 0.7996122
v -0.0138530 0.0645392 0.0025961
vn 0.4009380 -0.2898141 0.8690550
v 0.0108751 0.0212915 -0.0001086
vn 0.6142167 -0.2221111 0.7572348
v 0.0109150 0.0671344 0.0037674
vn 0.2363143 -0.4860924 0.8413500
v 0.0117814 0.1038211 0.0033615
vn -0.9179853 -0.1207384 0.3777900
v -0.0229291 -0.0160818 -0.0009559
vn -0.5008657 -0.0950076 0.8602948
v -0.0222954 -0.0200849 -0.0007602
vn -0.4734675 0.1334712 0.8706400
v -0.0223527 -0.0256937 -0.0004759
vn -0.3548411 0.3697491 0.8587045
v -0.0220049 -0.0283401 0.0003710
vn -0.9357953 0.0703101 0.3454615
v -0.0229676 -0.0246571 -0.0024425
vn -0.2526539 0.3924096 0.8844098
v -0.0220473 0.0043771 0.0029348
vn -0.6192161 0.1690915 0.7667982
v -0.0224372 -0.0000266 0.0043212
vn -0.6892428 -0.0968141 0.7180330
v -0.0226341 -0.0050185 0.0043767
vn -0.5715595 -0.2200460 0.7905058
v -0.0223001 0.0208572 -0.0001635
vn -0.5100433 0.0338190 0.8594837
v -0.0223592 0.0144831 -0.0008163
vn -0.4639059 0.2722165 0.8430241
v -0.0219934 0.0095630 0.0003327
vn -0.4283488 0.3468631 0.8343880
v -0.0220117 0.0417524 0.0031543
vn -0.9598520 0.0668514 0.2724246
v -0.0229469 0.0495408 -0.0019601
vn -0.8675232 0.1316338 0.4796624
v -0.0228137 0.0399339 0.0029839
vn -0.3205585 0.1800014 0.9299687
v -0.0220826 0.0378729 0.0042715
vn -0.5368169 -0.0469420 0.8423919
v -0.0224025 0.0332951 0.0044446
vn -0.2674516 -0.2682548 0.9254777
v -0.0219863 0.0590597 -0.0001132
vn -0.9121841 -0.0978735 0.3979207
v -0.0228978 0.0591854 -0.0010829
vn -0.4814887 0.0394603 0.8755636
v -0.0223601 0.0529189 -0.0008207
vn -0.3475947 0.2982230 0.8889550
v -0.0220563 0.0780973 0.0038055
vn -0.8258389 0.0489245 0.5617798
v -0.0228313 0.0750431 0.0038362
vn -0.7359124 -0.2236246 0.6390814
v -0.0225333 0.0980881 0.0000865
vn -0.3020075 -0.1421694 0.9426449
v -0.0220738 0.0937018 -0.0006788
vn -0.8651289 -0.0112648 0.5014231
v -0.0228046 0.0915767 -0.0016496
vn -0.8773018 0.1566385 0.4536585
v -0.0227934 0.0848228 -0.0003671
vn -0.3759294 0.3491992 0.8583339
v -0.0220012 0.0846370 0.0005760
vn -0.4651769 -0.3197586 0.8254483
v 0.0033759 -0.0150643 0.0005466
vn -0.4296749 -0.1448134 0.8912960
v 0.0033859 -0.0183528 -0.0004009
vn -0.7097846 0.2014573 0.6749969
v 0.0028337 0.0030363 0.0034643
vn -0.4627592 0.0489530 0.8851314
v 0.0034105 -0.0011261 0.0044457
vn -0.9337280 -0.0481212 0.3547345
v 0.0026911 -0.0067038 0.0033659
vn -0.6126203 -0.2055786 0.7631735
v 0.0031713 0.0209375 -0.0001865
vn -0.5139584 -0.0311769 0.8572484
v 0.0030421 0.0144143 -0.0007469
vn -0.5112426 0.3084309 0.8021854
v 0.0030887 0.0097805 0.0001998
vn -0.5880327 0.1972587 0.7844149
v 0.0030531 0.0395588 0.0040013
vn -0.1309611 -0.0503948 0.9901059
v 0.0038714 0.0335090 0.0045348
vn -0.6415029 -0.2173803 0.7356765
v 0.0028480 0.0289707 0.0035974
vn -0.4758510 -0.0510476 0.8780433
v 0.0031223 0.0554537 -0.0007591
vn -0.9374417 -0.0908776 0.3360720
v 0.0026911 0.0574716 -0.0016099
vn -0.9761091 0.0312363 0.2150237
v 0.0026198 0.0876492 -0.0024748
vn -0.2546864 0.2033963 0.9453914
v 0.0038150 0.0762296 0.0042933
vn -0.6226207 0.2845466 0.7289560
v 0.0029839 0.0814528 0.0021404
vn -0.9387533 0.0601403 0.3393013
v 0.0025901 0.0745057 0.0036375
vn -0.6039616 -0.0960237 0.7912079
v 0.0029045 0.0703418 0.0043418
vn -0.3154979 -0.3718242 0.8730452
v 0.0034873 0.0662009 0.0034095
vn -0.3640727 -0.3517264 0.8624034
v 0.0033395 0.0983373 0.0005547
vn -0.7618167 -0.2817007 0.5833353
v 0.0027690 0.1051829 0.0040811
vn -0.5008188 -0.1099418 0.8585415
v 0.0034202 0.0939723 -0.0006304
vn -0.9215070 -0.1259086 0.3673851
v 0.0026961 0.0974948 -0.0008733
vn -0.3870971 0.2284096 0.8933001
v 0.0031516 0.0877362 -0.0004478
vn 0.4105486 -0.2758664 0.8691073
v -0.0140517 0.0975349 0.0002201
vn 0.2156113 -0.2950449 0.9308385
v -0.0139981 0.1093236 0.0059531
vn 0.9566687 -0.0989891 0.2738362
v -0.0133772 0.0993667 -0.0005792
vn 0.4366199 -0.3969983 0.8073137
v -0.0140093 0.1054471 0.0043473
vn 0.7864996 0.0175197 0.6173424
v 0.0087644 -0.1961932 0.0070467
vn 0.9755046 0.0020640 0.2199692
v 0.0088064 -0.1758570 0.0062745
vn 0.6687763 -0.0027398 0.7434587
v 0.0082647 -0.1725070 0.0071725
vn 0.8999087 -0.0107380 0.4359462
v 0.0086889 -0.1642225 0.0067482
vn 0.4546150 0.0167829 0.8905299
v 0.0081857 -0.2012616 0.0073353
vn 0.9898121 0.0650843 0.1266339
v 0.0099558 -0.2150133 0.0055868
vn 0.9899883 0.0306853 0.1377736
v 0.0091169 -0.1949587 0.0055633
vn 0.9154667 -0.0158511 0.4020813
v 0.0090271 -0.1379425 0.0067519
vn 0.1949445 -0.0010027 0.9808138
v 0.0076705 -0.1668667 0.0073572
vn 0.8750449 0.0784736 0.4776383
v 0.0113900 -0.2361002 0.0067462
vn 0.3982138 0.0319206 0.9167371
v 0.0100395 -0.2267663 0.0072471
vn 0.7900614 0.0444846 0.6114116
v 0.0094559 -0.2128939 0.0070240
vn -0.0296526 0.0010937 0.9995597
v -0.0183485 -0.2024765 0.0073580
vn 0.0587737 0.0027720 0.9982675
v 0.0107375 -0.2518060 0.0073580
vn 0.1075469 -0.2285253 0.9675794
v 0.0157623 0.1122070 0.0062820
vn 0.3820349 -0.5699688 0.7274510
v 0.0181573 0.1073947 0.0036961
vn 0.6535410 -0.6719118 0.3484519
v 0.0132126 0.1023036 0.0010237
vn 0.7349096 -0.6666854 0.1242514
v 0.0209021 0.1082781 0.0018519
vn 0.3758154 0.0365756 0.9259725
v 0.0195516 0.1214045 0.0060751
vn 0.5570845 -0.2933280 0.7769270
v 0.0208893 0.1116552 0.0048828
vn -0.7291375 0.0664847 0.6811302
v -0.0226600 -0.2349190 0.0070268
vn -0.7960926 0.0470365 0.6033441
v -0.0210308 -0.2146280 0.0069827
vn -0.0928211 -0.0050013 0.9956703
v -0.0238703 -0.2571667 0.0073426
vn -0.2498232 0.0174396 0.9681345
v -0.0205074 -0.2201440 0.0073351
vn -0.9823843 0.0741681 0.1715233
v -0.0222696 -0.2258155 0.0055501
vn -0.9539159 0.0189406 0.2994759
v -0.0204042 -0.1920444 0.0063787
vn -0.4310206 0.0135061 0.9022411
v -0.0199943 -0.2014556 0.0072720
vn -0.6479928 0.0008341 0.7616460
v -0.0197217 -0.1757883 0.0071743
vn -0.1841703 -0.0007415 0.9828941
v -0.0191547 -0.1710047 0.0073352
vn -0.9073690 -0.0084233 0.4202505
v -0.0201538 -0.1595454 0.0067308
vn -0.9871646 -0.0164181 0.1588602
v -0.0205825 -0.1452491 0.0059126
vn -0.3045364 -0.3636795 0.8803379
v -0.0221075 0.1088546 0.0061358
vn -0.3663608 0.1496860 0.9183540
v -0.0219641 0.0878222 -0.0004264
vn 0.5335706 -0.0351569 0.8450245
v -0.0138977 0.0924086 -0.0007800
vn -0.1384800 -0.3766991 0.9159263
v -0.0215389 0.0981981 0.0005201
vn -0.5443371 -0.2494124 0.8009311
v -0.0223171 0.0668712 0.0036177
vn 0.3457346 -0.1398253 0.9278558
v -0.0141721 0.0692295 0.0042568
vn -0.2447267 -0.0028009 0.9695881
v -0.0219809 0.0719278 0.0045228
vn -0.5423639 0.2644791 0.7974285
v -0.0222586 0.0475049 0.0002535
vn 0.1515386 -0.2883674 0.9454525
v -0.0143792 0.0592250 0.0000226
vn 0.5490617 0.0617091 0.8335006
v -0.0138701 0.0362358 0.0044416
vn -0.5792261 -0.2872007 0.7628977
v -0.0223849 0.0288250 0.0035087
vn 0.4660210 0.2117014 0.8590733
v -0.0139607 0.0016342 0.0040450
vn 0.3053247 0.3291174 0.8935652
v -0.0141342 -0.0281126 0.0002586
vn 0.4047285 0.0203698 0.9142100
v -0.0141927 -0.0229395 -0.0007721
vn 0.2858251 -0.3010047 0.9097803
v -0.0141542 -0.0162569 0.0000264
vn -0.2836710 -0.3342412 0.8987845
v -0.0220510 -0.0085870 0.0037716
vn -0.4285874 -0.3057195 0.8502049
v -0.0220695 -0.0153104 0.0004410
vn -0.5758390 0.3594299 0.7343157
v -0.0223863 -0.0371557 0.0049696
vn -0.8251258 0.1497066 0.5447526
v -0.0229324 0.1130247 0.0065857
vn -0.8407732 -0.0119169 0.5412563
v -0.0224016 -0.0525055 0.0067391
vn -0.4665702 0.0021386 0.8844815
v -0.0220060 -0.0522129 0.0071630
vn -0.1205924 0.0055943 0.9926864
v -0.0212054 -0.0524148 0.0073404
vn -0.5911854 -0.0107729 0.8064638
v -0.0202249 -0.1300379 0.0071865
vn -0.1142953 0.0517349 0.9920989
v -0.0214336 -0.0456657 0.0072252
vn -0.9697770 -0.0134226 0.2436234
v -0.0227742 -0.0470626 0.0058826
vn 0.9238974 0.0962841 0.3703283
v -0.0134371 -0.0259386 -0.0014612
vn 0.3562186 -0.0746897 0.9314128
v -0.0140846 -0.0048893 0.0044320
vn 0.6287629 -0.2671804 0.7302547
v -0.0138142 -0.0095846 0.0032668
vn 0.4966505 -0.2343087 0.8357258
v -0.0138735 0.0208298 -0.0003253
vn 0.4321626 0.1186037 0.8939624
v -0.0139861 0.0143912 -0.0007193
vn 0.7089757 -0.1616024 0.6864679
v -0.0137172 0.0581070 -0.0005549
vn 0.9439819 0.0418828 0.3273287
v -0.0133577 0.0490310 -0.0017245
vn 0.3638156 -0.0318473 0.9309264
v -0.0142159 0.0533226 -0.0007671
vn 0.4348627 0.3015859 0.8484930
v -0.0139308 0.0477631 0.0001173
vn 0.3846353 0.1506069 0.9106993
v -0.0138908 0.0768737 0.0041820
vn 0.5090341 0.2741762 0.8159116
v -0.0138186 0.0860873 -0.0001829
vn 0.4352117 0.4344965 0.7885452
v -0.0138647 -0.0366553 0.0048139
vn 0.1197414 0.4358408 0.8920228
v -0.0129754 -0.0416803 0.0067883
vn -0.1473446 -0.0587409 0.9873394
v -0.0219544 0.1121053 0.0070683
vn -0.5709440 0.1540601 0.8064047
v -0.0223996 -0.0412547 0.0067491
vn -0.0131512 0.0002407 0.9999135
v -0.0201675 -0.0634583 0.0073580
vn 0.8823783 0.0009020 0.4705398
v 0.0112910 0.0916135 -0.0014123
vn 0.6554580 0.1935702 0.7300037
v 0.0111657 0.0863610 -0.0001752
vn 0.3006953 -0.0099109 0.9536688
v 0.0102032 0.0916669 -0.0007489
vn 0.7920728 -0.1253424 0.5974194
v 0.0112046 0.0964441 -0.0007539
vn 0.2910942 -0.2535856 0.9224741
v 0.0105457 0.0962660 -0.0001643
vn 0.5027261 -0.4374482 0.7455908
v 0.0107584 0.0988433 0.0007879
vn 0.7767183 0.2313698 0.5858129
v 0.0114123 0.0800565 0.0027010
vn 0.6541808 0.2699585 0.7065195
v 0.0109065 0.0470764 0.0004201
vn 0.5809499 0.0444520 0.8127246
v 0.0108770 0.0527871 -0.0008457
vn 0.9717293 -0.0504217 0.2306509
v 0.0114637 0.0585932 -0.0021738
vn 0.3863779 -0.2984769 0.8727105
v 0.0108815 0.0596581 0.0000105
vn 0.6809417 -0.1961150 0.7055901
v 0.0110114 0.0295360 0.0037370
vn 0.4129282 -0.0014668 0.9107624
v 0.0108873 0.0340207 0.0044608
vn 0.8689749 0.1073565 0.4830707
v 0.0113406 0.0383947 0.0035570
vn 0.1970539 0.1670762 0.9660514
v 0.0100945 0.0383862 0.0042412
vn 0.9288108 0.1046837 0.3554601
v 0.0113606 0.0100087 -0.0009034
vn 0.9636217 -0.0359034 0.2648474
v 0.0114295 0.0199805 -0.0019791
vn 0.6279885 -0.1059429 0.7709777
v 0.0110101 0.0194539 -0.0007472
vn 0.4558368 0.1873894 0.8701138
v 0.0105060 0.0116497 -0.0004071
vn 0.6943266 -0.1590777 0.7018582
v 0.0109711 -0.0076926 0.0039245
vn 0.3248371 0.0920485 0.9412799
v 0.0107395 -0.0006216 0.0043861
vn 0.9744283 0.0257033 0.2232239
v 0.0115200 -0.0020574 0.0032904
vn 0.4642563 0.2579185 0.8473159
v 0.0108595 -0.0272682 -0.0001380
vn 0.4758304 -0.0574482 0.8776589
v 0.0108897 -0.0210407 -0.0008295
vn 0.5156192 -0.2775928 0.8106042
v 0.0110421 -0.0157279 0.0001979
vn -0.2862733 0.2741920 0.9180775
v 0.0033595 0.0485485 -0.0001631
vn 0.5129168 0.3188621 0.7970216
v 0.0108433 0.0040945 0.0030713
vn 0.0766061 0.0105476 0.9970056
v 0.0097798 -0.0525015 0.0073445
vn 0.3602450 -0.0933315 0.9281771
v 0.0026100 0.1168503 0.0069116
vn -0.1234081 0.3419695 0.9315726
v 0.0006904 -0.0423848 0.0067841
vn -0.5525507 0.4848489 0.6779449
v 0.0022264 -0.0386744 0.0056779
vn -0.5680325 0.3261544 0.7556206
v 0.0033773 -0.0288737 0.0006515
vn -0.9358556 0.0765070 0.3439783
v 0.0026845 0.0477184 -0.0008393
vn -0.3034891 -0.4705868 0.8285183
v 0.0026299 0.1107617 0.0060265
vn 0.5147160 0.0308399 0.8568060
v 0.0109691 0.0736557 0.0045276
vn -0.4378216 -0.3170275 0.8413120
v 0.0033909 0.0607150 0.0006255
vn 0.2780686 0.3569613 0.8917716
v 0.0106262 0.0421980 0.0029550
vn -0.3885140 -0.2395793 0.8897520
v 0.0033352 -0.0075686 0.0041587
vn -0.3727202 0.0750410 0.9249046
v 0.0033213 -0.0232373 -0.0007817
vn -0.9164882 -0.0192471 0.3995986
v -0.0210020 -0.1114435 0.0067508
vn -0.9837484 -0.0210123 0.1783191
v -0.0211606 -0.1147629 0.0059142
vn 0.6118832 -0.0122719 0.7908529
v 0.0092683 -0.1082168 0.0071777
vn 0.9123839 -0.0203515 0.4088295
v 0.0099119 -0.0946506 0.0067510
vn 0.9881963 -0.0154753 0.1524096
v 0.0093008 -0.1366385 0.0055422
vn 0.9855359 -0.0215341 0.1680935
v 0.0100705 -0.0968530 0.0059206
vn -0.0129889 0.0839953 -0.9963815
v 0.0108986 0.1194780 -0.0014079
vn 0.3094381 -0.1556551 -0.9380936
v 0.0104774 -0.0437024 -0.0014276
vn 0.9227740 -0.0933950 -0.3738524
v 0.0113548 -0.0429218 -0.0005206
vn 0.9197721 -0.0260293 -0.3915889
v 0.0108398 -0.0554756 -0.0006373
vn 0.0134168 -0.0164312 -0.9997750
v -0.0125522 -0.0471758 -0.0012575
vn 0.2372860 -0.1049829 -0.9657505
v -0.0133866 -0.0433382 -0.0014780
vn 0.0011078 0.0082718 -0.9999652
v -0.0076461 -0.0566188 -0.0012974
vn -0.0802988 -0.0474713 -0.9956398
v -0.0132831 0.1156852 -0.0011856
vn 0.3665168 0.1911483 -0.9105645
v -0.0138644 0.1132049 -0.0017196
vn 0.9329966 0.0119233 -0.3596876
v -0.0131156 0.1116731 0.0002382
vn 0.0378371 0.1477324 -0.9883034
v -0.0058783 -0.0443260 -0.0009694
vn -0.1132466 0.4882146 -0.8653449
v -0.0020919 -0.0427758 -0.0005715
vn 0.0073713 -0.0017266 -0.9999713
v -0.0003220 0.1119421 -0.0011855
vn 0.0748339 -0.0112598 -0.9971325
v 0.0011835 0.1119406 -0.0011633
vn 0.9193487 -0.0499537 -0.3902597
v 0.0023330 0.1118414 -0.0005849
vn -0.9314594 0.0364642 -0.3620135
v 0.0024260 0.1116979 0.0002384
vn 0.5113454 -0.0465775 -0.8581122
v 0.0019937 0.1119146 -0.0010076
vn 0.5182462 -0.3893147 -0.7614822
v 0.0108636 -0.0399103 -0.0030181
vn 0.1384979 -0.4268225 -0.8936671
v -0.0145833 -0.0332808 -0.0067702
vn 0.5260022 -0.3639592 -0.7686712
v -0.0139947 -0.0394382 -0.0032671
vn 0.9094260 -0.0309826 -0.4147100
v -0.0131101 -0.0386646 -0.0022768
vn 0.5638858 0.2560314 -0.7851629
v -0.0138889 -0.0126092 -0.0077307
vn 0.4110895 -0.3422153 -0.8449226
v 0.0108847 0.0042752 -0.0066319
vn 0.9371156 0.0793708 -0.3398747
v 0.0113893 0.0702352 -0.0031655
vn 0.1948905 0.3262360 -0.9249799
v 0.0122878 0.1071755 -0.0044228
vn 0.2013436 0.1772538 -0.9633493
v 0.0183735 0.1112082 -0.0029228
vn -0.6314430 0.2924370 -0.7181646
v -0.0225441 -0.0108578 -0.0069440
vn -0.1744652 0.1810948 -0.9678670
v -0.0220724 -0.0167637 -0.0089001
vn -0.7164499 -0.0030944 -0.6976317
v -0.0227318 -0.0222164 -0.0092463
vn -0.2581298 -0.2523848 -0.9325615
v -0.0219060 -0.0287617 -0.0085837
vn -0.5656356 -0.2751386 -0.7774029
v -0.0224329 0.0002005 -0.0045788
vn -0.4467579 0.1357267 -0.8842995
v -0.0223332 -0.0047358 -0.0039634
vn -0.5110071 0.2886652 -0.8096568
v -0.0224923 0.0246797 -0.0079969
vn -0.6274425 0.0192095 -0.7784259
v -0.0225702 0.0161633 -0.0093361
vn -0.9574026 -0.0545239 -0.2835621
v -0.0229306 0.0374822 -0.0032583
vn -0.2264383 0.3787884 -0.8973545
v -0.0220608 0.0645702 -0.0070617
vn -0.3717286 0.1853113 -0.9096580
v -0.0221048 0.0589887 -0.0088293
vn -0.8749423 -0.0241579 -0.4836243
v -0.0228011 0.0513393 -0.0085326
vn -0.3217180 -0.0309789 -0.9463286
v -0.0221463 0.0530660 -0.0093280
vn -0.4055130 -0.2373062 -0.8827485
v -0.0219872 0.0465101 -0.0084219
vn -0.9603599 -0.0927984 -0.2628635
v -0.0230464 0.0453732 -0.0066128
vn -0.4092917 -0.2128327 -0.8872331
v -0.0223181 0.0370967 -0.0042909
vn -0.9179613 -0.0586303 -0.3923132
v -0.0229015 0.0754087 -0.0034387
vn -0.3350189 -0.2066154 -0.9192783
v -0.0219311 0.0744058 -0.0041084
vn -0.9853693 0.0476333 -0.1636417
v -0.0230042 0.0703580 -0.0022486
vn -0.5091633 0.2003665 -0.8370221
v -0.0223430 0.0695456 -0.0044900
vn -0.2266310 0.3432552 -0.9114902
v -0.0218968 0.1008990 -0.0077698
vn -0.2480376 0.1030319 -0.9632559
v -0.0220154 0.0936361 -0.0092680
vn -0.4914392 -0.1069254 -0.8643231
v -0.0224122 0.0883872 -0.0091208
vn -0.1307644 -0.3195638 -0.9384987
v -0.0211182 0.0827910 -0.0080860
vn -0.2964091 0.3137448 -0.9020565
v 0.0033802 -0.0130634 -0.0079207
vn -0.3849906 0.0987755 -0.9176196
v 0.0033679 -0.0193265 -0.0092244
vn -0.7252757 -0.0723235 -0.6846492
v 0.0029438 -0.0246813 -0.0091363
vn -0.2260561 -0.2912246 -0.9295627
v 0.0033285 -0.0300001 -0.0080963
vn -0.3669046 -0.2580938 -0.8937386
v 0.0034561 -0.0003534 -0.0043833
vn -0.9518706 -0.0865278 -0.2940328
v 0.0026958 -0.0008800 -0.0031591
vn -0.1301571 0.4081080 -0.9036078
v 0.0037108 0.0268133 -0.0070856
vn -0.5387291 0.2507387 -0.8043017
v 0.0030555 0.0230665 -0.0083646
vn -0.4371868 0.0332660 -0.8987553
v 0.0031485 0.0169069 -0.0093751
vn -0.4760689 -0.2169678 -0.8522226
v 0.0031023 0.0091135 -0.0085412
vn -0.4376552 -0.3793620 -0.8151947
v 0.0033569 0.0040142 -0.0065922
vn -0.3902979 0.1684044 -0.9051561
v 0.0033899 0.0326523 -0.0041967
vn -0.5949757 0.3084826 -0.7421877
v 0.0031312 0.0644900 -0.0071362
vn -0.4592389 0.1724909 -0.8714049
v 0.0031210 0.0585727 -0.0089189
vn -0.4380450 -0.0134531 -0.8988524
v 0.0031080 0.0529662 -0.0093209
vn -0.9870031 0.0032092 -0.1606692
v 0.0025502 0.0537348 -0.0080734
vn -0.4682162 -0.2283905 -0.8535874
v 0.0031609 0.0456811 -0.0082375
vn -0.2632494 -0.3978935 -0.8788518
v 0.0033776 0.0802732 -0.0068741
vn -0.3506663 0.1394062 -0.9260665
v 0.0033792 0.0704735 -0.0042072
vn -0.4327507 0.1211929 -0.8933303
v 0.0030067 0.0956164 -0.0089762
vn -0.5782898 -0.0662227 -0.8131393
v 0.0033243 0.0899812 -0.0093591
vn -0.2642424 -0.2338414 -0.9356785
v 0.0034281 0.0846328 -0.0084730
vn -0.8543454 -0.1611990 -0.4940737
v 0.0029393 0.0823689 -0.0073907
vn -0.7832723 -0.1580155 -0.6012618
v 0.0029451 0.0753893 -0.0040598
vn 0.1473333 0.4216964 -0.8946872
v -0.0146772 0.1091709 -0.0033048
vn 0.8007321 0.2492321 -0.5447122
v -0.0136982 0.1092136 -0.0028317
vn 0.6213660 0.0041427 -0.7835096
v 0.0082640 -0.1815041 -0.0011331
vn 0.1993103 0.0003461 -0.9799364
v 0.0076754 -0.1801352 -0.0013139
vn 0.9283234 -0.0010536 -0.3717723
v 0.0086169 -0.1741346 -0.0007082
vn 0.9171470 0.0228092 -0.3978960
v 0.0088780 -0.1953778 -0.0007050
vn 0.3775869 0.0167696 -0.9258223
v 0.0081857 -0.2012616 -0.0012920
vn 0.1242270 -0.0018023 -0.9922522
v 0.0084915 -0.1148743 -0.0013138
vn 0.5842670 -0.0091416 -0.8115100
v 0.0087096 -0.1375161 -0.0011349
vn 0.9164668 -0.0130198 -0.3998989
v 0.0089199 -0.1452348 -0.0007050
vn 0.6682560 0.0302888 -0.7433146
v 0.0090505 -0.2088990 -0.0011341
vn 0.5091082 0.0390009 -0.8598185
v 0.0102087 -0.2286161 -0.0012166
vn 0.8727234 0.0808027 -0.4814819
v 0.0113901 -0.2361003 -0.0007028
vn 0.9200017 0.0529013 -0.3883275
v 0.0096101 -0.2135343 -0.0006939
vn 0.3922625 0.0227513 -0.9195720
v 0.0130743 -0.2577947 -0.0012235
vn 0.0615669 -0.0013970 -0.9981020
v 0.0107392 -0.2518155 -0.0013147
vn 0.9858211 0.0962642 -0.1374409
v 0.0118043 -0.2374102 0.0004862
vn 0.8742718 0.0645705 -0.4811232
v 0.0136136 -0.2573299 -0.0006858
vn 0.1762335 0.1519899 -0.9725435
v 0.0179590 0.1148091 -0.0020873
vn 0.5469448 0.0938706 -0.8318892
v 0.0211262 0.1153982 -0.0009384
vn -0.8886989 0.0805883 -0.4513534
v -0.0223457 -0.2305936 -0.0006921
vn -0.4323373 0.0363734 -0.9009781
v -0.0217542 -0.2298372 -0.0012317
vn -0.9752179 0.0947901 -0.1999124
v -0.0254093 -0.2563481 0.0004905
vn -0.7779233 0.0463246 -0.6266494
v -0.0205683 -0.2079602 -0.0011415
vn -0.0302062 0.0010921 -0.9995431
v -0.0223296 -0.2518626 -0.0013147
vn -0.1750521 -0.0110508 -0.9844972
v -0.0244096 -0.2575367 -0.0012805
vn -0.8438182 0.0150501 -0.5364180
v -0.0200721 -0.1895019 -0.0009450
vn -0.9010947 -0.0094911 -0.4335186
v -0.0201761 -0.1563560 -0.0006864
vn -0.9952421 0.0029299 -0.0973895
v -0.0204483 -0.1793816 0.0011048
vn -0.9911227 -0.0137784 -0.1322348
v -0.0204826 -0.1540753 0.0005065
vn -0.1832169 0.0047856 -0.9830609
v -0.0190721 -0.1942770 -0.0013135
vn 0.3194803 0.4123373 -0.8531766
v -0.0141377 0.1019939 -0.0071886
vn 0.3790647 -0.3302524 -0.8644323
v -0.0141659 0.0432555 -0.0072776
vn 0.5153127 -0.2919292 -0.8057483
v -0.0138075 0.0068973 -0.0078985
vn 0.5397193 -0.2371646 -0.8077475
v -0.0140445 -0.0285080 -0.0085468
vn -0.8508539 0.1615790 -0.4999399
v -0.0226945 0.0616140 -0.0077449
vn -0.8089058 0.1222416 -0.5750900
v -0.0227047 0.0320707 -0.0042876
vn -0.4530734 -0.2351762 -0.8598934
v -0.0222857 0.0078092 -0.0082269
vn -0.9669160 -0.0673498 -0.2460438
v -0.0228876 -0.0432839 0.0001566
vn -0.3907125 -0.3925295 -0.8326250
v -0.0220152 -0.0339587 -0.0064045
vn -0.4295716 -0.3849579 -0.8168694
v -0.0223027 -0.0414973 -0.0021863
vn -0.5778418 0.3300416 -0.7464392
v -0.0223699 0.1114948 -0.0019443
vn -0.5149306 -0.1059259 -0.8506622
v -0.0222153 -0.0444264 -0.0013460
vn -0.8795180 -0.0250317 -0.4752068
v -0.0225309 -0.0478030 -0.0006325
vn -0.4392677 -0.0208621 -0.8981140
v -0.0218505 -0.0506714 -0.0012089
vn 0.8788883 0.0123184 -0.4768686
v -0.0134034 -0.0214372 -0.0086491
vn 0.4001941 0.1353441 -0.9063811
v -0.0141278 -0.0173909 -0.0089394
vn 0.2313483 -0.0149348 -0.9727564
v -0.0142013 -0.0219707 -0.0093433
vn 0.9682590 -0.1058346 -0.2264367
v -0.0132092 -0.0342890 -0.0049834
vn 0.9381529 -0.0628046 -0.3404772
v -0.0133846 -0.0002508 -0.0033200
vn 0.3136189 -0.1523370 -0.9372495
v -0.0142274 -0.0010064 -0.0041443
vn 0.6620556 0.2098142 -0.7194863
v -0.0135805 -0.0058495 -0.0043847
vn 0.9367521 0.0757023 -0.3417085
v -0.0132796 0.0229916 -0.0073514
vn 0.4537157 0.2388331 -0.8585458
v -0.0140971 0.0235174 -0.0084133
vn 0.4714758 -0.0285669 -0.8814162
v -0.0141370 0.0149905 -0.0093862
vn 0.2734426 0.1799142 -0.9449127
v -0.0141694 0.0327544 -0.0040740
vn 0.3511416 0.3080296 -0.8842044
v -0.0141670 0.0639035 -0.0074134
vn 0.3902958 0.1100947 -0.9140834
v -0.0138756 0.0561516 -0.0092533
vn 0.5531884 -0.1197278 -0.8244076
v -0.0138890 0.0505446 -0.0091455
vn 0.4884624 -0.1803183 -0.8537505
v -0.0138620 0.0744749 -0.0039274
vn 0.5526751 0.2909170 -0.7809722
v -0.0138734 0.0695134 -0.0045168
vn 0.6433848 0.1737472 -0.7455655
v -0.0135541 0.0973219 -0.0087321
vn 0.3192548 -0.0832650 -0.9440039
v -0.0141982 0.0903801 -0.0093637
vn 0.9656963 -0.0656239 -0.2512452
v -0.0132263 0.0843072 -0.0069718
vn 0.4646426 -0.2650661 -0.8448949
v -0.0142388 0.0827770 -0.0080111
vn -0.5761757 0.4911221 -0.6533151
v -0.0225018 0.1141065 -0.0009235
vn 0.3981529 -0.2753952 -0.8750039
v 0.0107430 0.0830057 -0.0080429
vn 0.3476893 -0.0448651 -0.9365358
v 0.0107573 0.0912623 -0.0094072
vn 0.6440293 0.1631366 -0.7474040
v 0.0111562 0.0977860 -0.0085491
vn 0.6701698 0.1574996 -0.7253043
v 0.0110489 0.1019142 -0.0071924
vn 0.3465010 0.3713335 -0.8614224
v 0.0105042 0.0678681 -0.0054512
vn 0.5702541 -0.1967523 -0.7975581
v 0.0111601 0.0750600 -0.0041874
vn 0.6326185 -0.2653989 -0.7275694
v 0.0110233 0.0445175 -0.0077367
vn 0.4467014 -0.0370665 -0.8939150
v 0.0108998 0.0515620 -0.0092925
vn 0.1505534 0.1199769 -0.9812947
v 0.0102118 0.0582210 -0.0089743
vn 0.5000087 0.2452661 -0.8305635
v 0.0109402 0.0620154 -0.0080149
vn 0.9719033 0.0149908 -0.2349029
v 0.0114678 0.0553763 -0.0080927
vn 0.6729279 -0.1384330 -0.7266390
v 0.0112205 0.0376338 -0.0042765
vn 0.5950005 -0.1440001 -0.7907202
v 0.0109167 0.0099387 -0.0086152
vn 0.1604139 -0.0549238 -0.9855206
v 0.0102090 0.0149357 -0.0093276
vn 0.5604451 0.1158490 -0.8200490
v 0.0109358 0.0204589 -0.0089595
vn 0.3630418 0.3306452 -0.8711340
v 0.0105761 0.0266168 -0.0071795
vn 0.2143774 0.3093669 -0.9264634
v 0.0102071 -0.0058998 -0.0044620
vn 0.2942809 -0.1487919 -0.9440656
v 0.0105531 -0.0021418 -0.0040543
vn 0.9186239 0.0120762 -0.3949486
v 0.0113053 -0.0034132 -0.0029388
vn 0.5646246 -0.2821474 -0.7756236
v 0.0108855 -0.0312839 -0.0077065
vn 0.9661556 0.0023906 -0.2579488
v 0.0115016 -0.0213632 -0.0081273
vn 0.3044562 -0.0815859 -0.9490260
v 0.0105547 -0.0242106 -0.0093306
vn 0.3873098 0.1432507 -0.9107527
v 0.0107914 -0.0169112 -0.0089122
vn 0.5103907 0.3130545 -0.8009359
v 0.0110733 -0.0122436 -0.0075168
vn -0.5056823 0.3198076 -0.8012543
v 0.0031013 0.1009184 -0.0076526
vn -0.3346391 -0.4106678 -0.8481560
v 0.0038171 -0.0333365 -0.0067267
vn -0.0343912 0.0103990 -0.9993544
v 0.0013512 -0.0475988 -0.0012554
vn -0.4258623 0.2477900 -0.8701962
v 0.0033339 0.1117307 -0.0024560
vn 0.1807305 0.0051851 -0.9835190
v 0.0026215 0.1216656 -0.0011628
vn -0.0082832 0.0928972 -0.9956412
v 0.0026674 0.1287792 -0.0009631
vn -0.2795200 -0.1480149 -0.9486623
v 0.0026764 -0.0425172 -0.0016931
vn -0.7882903 -0.0390856 -0.6140609
v 0.0023778 -0.0399292 -0.0023886
vn -0.9923283 0.0441019 -0.1154974
v 0.0025471 0.1087496 -0.0019182
vn 0.4171486 0.1008345 -0.9032272
v 0.0105528 0.0715879 -0.0041260
vn -0.1824246 -0.2466882 -0.9517701
v 0.0038020 0.0753760 -0.0044171
vn 0.0850159 -0.0106709 -0.9963225
v 0.0099030 -0.0528003 -0.0012394
vn -0.5309271 -0.0048346 -0.8474038
v -0.0198058 -0.1572720 -0.0011375
vn -0.8785510 -0.0186468 -0.4772845
v -0.0213316 -0.0970596 -0.0007027
vn -0.5264206 -0.0107247 -0.8501567
v -0.0210657 -0.0921566 -0.0011269
vn -0.1494188 -0.0020478 -0.9887719
v -0.0197412 -0.1208345 -0.0013144
vn -0.0953550 -0.0012074 -0.9954426
v -0.0206737 -0.0802178 -0.0012873
vn -0.9849284 -0.0222697 -0.1715234
v -0.0215751 -0.0963816 0.0001356
vn 0.5657060 -0.0182586 -0.8244048
v 0.0104770 -0.0546808 -0.0010793
vn 0.8859360 -0.0180647 -0.4634555
v 0.0094504 -0.1159689 -0.0007068
vn -0.9909795 0.0910049 0.0983757
v -0.0227868 -0.2308271 0.0047597
vn -0.9855437 0.0869160 -0.1454279
v -0.0224359 -0.2276927 0.0006144
vn -0.9916995 0.0492784 0.1187590
v -0.0211516 -0.2093449 0.0055447
vn -0.9950205 0.0568112 -0.0818941
v -0.0211883 -0.2083107 0.0011892
vn 0.3493062 -0.9237165 0.1572673
v 0.0141765 -0.2641780 0.0040264
vn 0.0975163 -0.8511537 0.5157791
v 0.0130566 -0.2636248 0.0059120
vn 0.0156106 -0.9966542 0.0802296
v 0.0117404 -0.2643063 0.0037377
vn -0.6347775 0.7333015 0.2435701
v -0.0203707 0.1163277 0.0056442
vn 0.9997711 -0.0124591 0.0173916
v 0.0115345 -0.0431722 0.0035266
vn 0.9994364 -0.0224130 0.0249895
v 0.0103361 -0.0926250 0.0036962
vn 0.9946895 -0.0258502 -0.0996227
v 0.0113102 -0.0479854 0.0005416
vn -0.8824412 0.4683391 -0.0442264
v -0.0230729 0.1142538 0.0021683
vn -0.0360678 -0.9739831 -0.2237322
v -0.0235948 -0.2641351 0.0014407
vn 0.0720912 0.9050573 0.4191352
v -0.0072341 -0.0414572 0.0056014
vn 0.1610297 0.9723091 -0.1693646
v -0.0069023 -0.0413938 0.0029983
vn 0.5216578 0.5413591 -0.6593964
v -0.0109401 -0.0415291 -0.0002370
vn -0.4523743 0.7625458 -0.4624732
v -0.0003625 -0.0411848 0.0001283
vn 0.1824930 0.8639007 0.4694378
v -0.0111613 -0.0401462 0.0052154
vn -0.4048200 0.8111094 0.4221638
v -0.0000917 -0.0406114 0.0052575
vn 0.6222436 0.7316583 0.2783686
v -0.0117781 -0.0390889 0.0034845
vn -0.0565128 -0.9898671 0.1302668
v -0.0240687 -0.2642851 0.0040637
vn -0.0069221 -0.8045332 0.5938674
v -0.0235438 -0.2636254 0.0059126
vn 0.0724779 -0.9832104 -0.1674642
v 0.0122190 -0.2641351 0.0014408
vn -0.9997257 0.0226367 -0.0060151
v -0.0231324 -0.0161537 -0.0051502
vn 0.9960803 0.0263081 -0.0844507
v -0.0131977 -0.0172266 -0.0062435
vn -0.9149497 -0.1521771 -0.3737771
v -0.0229290 -0.0308392 -0.0067752
vn 0.9893302 -0.0109682 0.1452770
v -0.0132243 -0.0054655 0.0026050
vn -0.9731448 0.0155836 -0.2296658
v -0.0229673 -0.0032980 -0.0019445
vn -0.9984761 0.0164893 -0.0526642
v -0.0231277 0.0191898 -0.0060247
vn 0.9839389 -0.0041217 0.1784578
v -0.0133113 0.0173257 -0.0028333
vn 0.9828998 -0.0140266 -0.1836062
v -0.0132327 0.0151449 -0.0079962
vn -0.9637323 -0.0441911 0.2631868
v -0.0230013 0.0202025 -0.0023939
vn -0.9726094 -0.0728482 -0.2207355
v -0.0230035 0.0067200 -0.0059233
vn -0.9249905 0.0929198 0.3684544
v -0.0229224 0.0105648 -0.0011875
vn -0.9960448 0.0082444 0.0884695
v -0.0231212 -0.0030553 0.0021750
vn 0.9801764 -0.0565140 -0.1898954
v -0.0132419 0.0464179 -0.0068981
vn 0.7167650 -0.1752265 -0.6749398
v -0.0136105 0.0375954 -0.0043383
vn -0.9949252 -0.0200879 0.0985917
v -0.0231239 0.0328353 0.0023799
vn -0.9985012 0.0104931 -0.0537139
v -0.0231228 0.0600525 -0.0057398
vn 0.9422945 0.0822183 -0.3245324
v -0.0133374 0.0597936 -0.0076790
vn 0.9960575 -0.0240928 0.0853764
v -0.0131904 0.0558130 -0.0036783
vn 0.9405007 0.1139276 0.3201233
v -0.0133597 0.0407654 0.0023998
vn 0.9866983 0.0076817 -0.1623805
v -0.0132275 0.0728511 -0.0014327
vn -0.9946755 -0.0144462 0.1020389
v -0.0231058 0.0707078 0.0026758
vn 0.9981186 0.0225186 -0.0570277
v -0.0132148 0.1049367 -0.0032200
vn 0.9783001 0.0172969 0.2064698
v -0.0133444 0.0888861 -0.0023816
vn -0.9943097 -0.0280008 0.1027825
v -0.0231108 0.0983136 -0.0022656
vn -0.9262831 0.0790401 -0.3684460
v -0.0229573 0.0965949 -0.0081669
vn -0.9987679 0.0029344 0.0495386
v -0.0231061 0.0883441 -0.0038562
vn -0.8856674 -0.1681630 -0.4327983
v -0.0228605 0.0807032 -0.0064651
vn 0.9823993 0.0280276 0.1846784
v 0.0114706 -0.0240127 -0.0032695
vn -0.9445661 0.0796054 -0.3185246
v 0.0026707 -0.0138216 -0.0071559
vn -0.9303845 -0.1071907 0.3505638
v 0.0026855 -0.0161865 -0.0010044
vn -0.9993761 -0.0086093 -0.0342552
v 0.0025250 -0.0269927 -0.0059730
vn 0.9837504 -0.0744000 -0.1634008
v 0.0115519 -0.0329717 -0.0046411
vn -0.9176003 0.0367443 0.3958024
v 0.0026912 -0.0260084 -0.0016635
vn -0.8457470 -0.2088196 -0.4910259
v 0.0028495 -0.0315458 -0.0071763
vn -0.9868431 0.1486688 0.0635477
v 0.0023863 -0.0358894 0.0014245
vn -0.9981096 0.0127025 0.0601321
v 0.0025281 0.0110708 -0.0038116
vn 0.9949779 -0.0298236 0.0955492
v 0.0115827 -0.0077940 0.0005027
vn -0.9999773 -0.0002579 -0.0067375
v 0.0025282 -0.0064727 -0.0000756
vn -0.6598195 0.1427844 -0.7377335
v 0.0028903 -0.0051693 -0.0040954
vn -0.9951851 -0.0212285 0.0956863
v 0.0024836 0.0232477 -0.0022475
vn -0.9825811 0.0067535 -0.1857117
v 0.0026103 0.0176976 -0.0081452
vn 0.9898617 -0.0241771 -0.1399617
v 0.0115885 0.0118567 -0.0069553
vn 0.9657959 0.0893960 -0.2434063
v 0.0115062 0.0259081 -0.0060981
vn -0.6894926 -0.2025082 -0.6954067
v 0.0028738 0.0375890 -0.0043653
vn 0.9997587 -0.0057838 0.0211938
v 0.0115886 0.0326357 0.0012923
vn -0.9981404 0.0142273 0.0592738
v 0.0025400 0.0380318 0.0020188
vn 0.6055595 0.2497731 -0.7555866
v 0.0111198 0.0324147 -0.0041739
vn -0.9649097 0.0487618 -0.2580146
v 0.0026892 0.0322153 -0.0032822
vn 0.9963923 -0.0133133 0.0838163
v 0.0115893 0.0705588 0.0012104
vn 0.9988757 -0.0227222 -0.0416073
v 0.0115877 0.0504751 -0.0061477
vn 0.9825113 0.0422726 0.1813413
v 0.0114887 0.0477413 -0.0019991
vn -0.9900233 0.0190526 -0.1396103
v 0.0024971 0.0690064 -0.0026889
vn 0.9713552 -0.2375516 0.0061936
v 0.0116196 0.0994552 -0.0018177
vn 0.6706488 -0.2413015 -0.7014299
v 0.0128168 0.1041478 -0.0046146
vn -0.9859757 0.0044414 -0.1668300
v 0.0025485 0.0927199 -0.0081968
vn 0.9862254 -0.0358929 -0.1614659
v 0.0115144 0.0849887 -0.0072171
vn -0.9979433 -0.0112979 -0.0630991
v 0.0024579 0.0760463 -0.0012693
vn 0.9998805 -0.0146352 -0.0049908
v -0.0131343 0.1109049 0.0046434
vn 0.9998325 -0.0170535 0.0066479
v -0.0131353 0.1114481 0.0015286
vn 0.9999509 -0.0097086 -0.0020146
v -0.0131415 0.1111765 0.0030861
vn 0.9405818 0.0783982 -0.3303933
v -0.0133616 0.0321555 -0.0032408
vn 0.9887881 -0.0436720 0.1427966
v -0.0131969 0.0309174 0.0020682
vn 0.9584434 0.2804474 0.0523026
v -0.0131499 -0.0351919 0.0014225
vn -0.8810403 -0.1023499 -0.4618361
v 0.0026896 -0.0376018 -0.0037116
vn -0.8531601 0.5046392 -0.1321254
v 0.0008765 -0.0398311 0.0009816
vn -0.8437641 -0.5358781 -0.0299488
v 0.0024684 0.1109288 0.0046435
vn -0.9990036 -0.0446269 -0.0003242
v 0.0024734 0.1112008 0.0030862
vn -0.9989719 -0.0442801 0.0097183
v 0.0024599 0.1114726 0.0015287
vn -0.9975774 -0.0219631 0.0660088
v -0.0213895 -0.1097569 0.0045775
vn -0.9991499 -0.0236511 -0.0337664
v -0.0218356 -0.0926025 0.0021805
vn -0.9998392 -0.0179223 -0.0006006
v -0.0208479 -0.1395239 0.0030551
vn 0.9970396 0.0274249 -0.0718321
v 0.0092329 -0.1960144 0.0012698
vn 0.9962761 0.0050112 -0.0860742
v 0.0090081 -0.1819083 0.0012821
vn 0.9968259 0.0501654 -0.0618185
v 0.0097510 -0.2094538 0.0012231
vn 0.9906307 -0.0106155 -0.1361549
v 0.0089937 -0.1566947 0.0004554
vn 0.9999137 -0.0131153 -0.0007994
v 0.0091163 -0.1524125 0.0029892
vn -0.9977732 -0.0054803 0.0664736
v -0.0204077 -0.1733537 0.0050176
vn -0.9974624 0.0291896 -0.0649365
v -0.0206701 -0.1947758 0.0012433
vn 0.9308707 -0.3477170 -0.1121286
v 0.0146925 -0.2637627 0.0014829
vn 0.7691553 -0.3079373 0.5599775
v 0.0143891 -0.2627772 0.0062490
vn 0.8275662 -0.0115003 0.5612503
v 0.0224562 0.1176777 0.0043245
vn 0.9570605 -0.2346856 0.1701703
v 0.0228889 0.1117418 0.0017317
vn 0.8866522 -0.1705051 -0.4298556
v 0.0221988 0.1107926 -0.0003211
vn 0.9955444 0.0842865 -0.0422741
v 0.0228486 0.1213836 0.0019892
vn 0.7275034 -0.6432394 -0.2387089
v 0.0138431 0.1027887 -0.0014406
vn 0.6419517 -0.2458678 -0.7262555
v 0.0212012 0.1103720 -0.0016779
vn -0.6257488 -0.6031017 0.4946786
v -0.0258922 -0.2639435 0.0053334
vn -0.0329217 -0.7956830 -0.6048180
v -0.0235439 -0.2636254 0.0001307
vn 0.9898064 -0.0203358 -0.1409603
v 0.0098324 -0.1098434 0.0005118
vn -0.9862473 0.0342444 0.1616899
v -0.0230222 -0.0412564 0.0048945
vn -0.9995435 0.0004835 0.0302101
v -0.0231110 -0.0409653 0.0015522
vn 0.9928269 0.0934138 0.0746239
v 0.0117430 -0.2360758 0.0051416
vn 0.9922116 0.0775197 -0.0975036
v 0.0106309 -0.2229454 0.0010687
vn -0.9984049 0.0558888 0.0080129
v -0.0261260 -0.2615584 0.0030292
vn -0.7417179 -0.5865844 -0.3252281
v -0.0260485 -0.2636551 0.0005611
vn 0.0375821 -0.4173506 -0.9079682
v 0.0120769 -0.2626764 -0.0007049
vn -0.3345520 -0.3052192 -0.8915808
v -0.0253957 -0.2625445 -0.0007453
vn -0.8257284 0.0688439 -0.5598510
v -0.0251698 -0.2572798 -0.0006867
vn -0.0278210 -0.1408596 -0.9896386
v -0.0232659 -0.2607932 -0.0011341
vn 0.2987652 -0.1054923 -0.9484782
v 0.0132916 -0.2607897 -0.0011206
vn 0.3740329 -0.6731989 -0.6378892
v 0.0142642 -0.2635564 0.0000361
vn 0.0573671 -0.4543003 0.8889996
v 0.0120767 -0.2626765 0.0067483
vn 0.0649929 -0.0063406 0.9978656
v 0.0124769 -0.2573861 0.0073338
vn -0.1565605 -0.4964894 0.8538074
v -0.0244775 -0.2626699 0.0067396
vn -0.3114818 -0.1455915 0.9390326
v -0.0249673 -0.2607603 0.0071736
vn -0.9118662 0.0059797 0.4104440
v -0.0257634 -0.2610029 0.0064364
vn 0.3030622 -0.0738348 0.9501062
v 0.0134657 -0.2607560 0.0071749
vn -0.5638928 0.8244611 0.0478428
v -0.0104409 0.1236572 0.0051286
vn -0.5642648 0.8242634 0.0468519
v -0.0119391 0.1226325 0.0051286
vn -0.5666125 0.8228021 0.0441241
v -0.0127526 0.1220751 0.0051286
vn -0.5741600 0.8176322 0.0426361
v -0.0131316 0.1218128 0.0051286
vn -0.5834053 0.8109407 0.0448726
v -0.0133267 0.1216738 0.0051286
vn -0.3084015 0.3720708 0.8754723
v -0.0180104 0.1170861 0.0069400
vn -0.0560035 0.0881310 0.9945334
v -0.0129845 0.1190120 0.0071436
vn -0.0018810 0.9747846 0.2231400
v 0.0044981 0.1325028 0.0051286
vn -0.0046312 0.9756559 0.2192580
v 0.0036897 0.1325009 0.0051286
vn -0.0170050 0.9777479 0.2090931
v 0.0031582 0.1324971 0.0051286
vn -0.0531168 0.9798668 0.1924570
v 0.0028284 0.1324880 0.0051286
vn -0.1791828 0.9695466 0.1669523
v 0.0026255 0.1324716 0.0051286
vn -0.2569984 0.8805559 0.3982125
v 0.0025040 0.1322980 0.0060065
vn 0.5556806 0.5543538 0.6196055
v 0.0170458 0.1273482 0.0061223
vn 0.7021170 0.6602210 0.2667208
v 0.0202696 0.1251938 0.0036020
vn 0.6651612 0.6943485 0.2746649
v 0.0187142 0.1265278 0.0041559
vn 0.6382732 0.7257781 0.2566194
v 0.0167877 0.1281331 0.0045444
vn 0.6130092 0.7350441 0.2897067
v 0.0148070 0.1297357 0.0048020
vn 0.5757228 0.7472944 0.3318046
v 0.0130894 0.1310618 0.0049630
vn -0.5574747 0.7351635 0.3856897
v -0.0169511 0.1188649 0.0063316
vn -0.5892028 0.8063681 0.0510948
v -0.0151230 0.1203635 0.0051286
vn -0.5917192 0.8016651 0.0848614
v -0.0160690 0.1196725 0.0051176
vn -0.5998613 0.7924010 0.1107573
v -0.0171252 0.1189010 0.0050409
vn -0.6081612 0.7868546 0.1048804
v -0.0181415 0.1181588 0.0048324
vn -0.6227756 0.7794186 0.0682441
v -0.0189676 0.1175554 0.0044262
vn -0.5741547 0.8146415 0.0818872
v -0.0131001 0.1218038 0.0057252
vn -0.5877800 0.8076147 0.0476786
v -0.0135548 0.1215081 0.0051286
vn -0.5886723 0.8068913 0.0489016
v -0.0138978 0.1212580 0.0051286
vn -0.5889208 0.8066730 0.0495073
v -0.0144044 0.1208882 0.0051286
vn 0.0744884 0.2358954 0.9689195
v 0.0108964 0.1300469 0.0068966
vn 0.5027151 0.8361736 0.2192975
v 0.0118607 0.1319060 0.0050587
vn 0.3257924 0.9369035 0.1267722
v 0.0109824 0.1323373 0.0051080
vn 0.1134480 0.9780959 0.1745221
v 0.0102247 0.1324937 0.0051261
vn 0.0096510 0.9671475 0.2540328
v 0.0093580 0.1325128 0.0051286
vn 0.2280147 0.8789250 0.4189276
v 0.0108462 0.1322585 0.0060401
vn -0.0024634 0.9622786 0.2720548
v 0.0082196 0.1325095 0.0051286
vn -0.0000464 0.9688271 0.2477380
v 0.0069150 0.1325066 0.0051286
vn -0.0015287 0.9746246 0.2238407
v 0.0056170 0.1325045 0.0051286
vn -0.5419652 0.7932230 -0.2776168
v -0.0003192 0.1305797 0.0009142
vn -0.5385733 0.7976977 -0.2713251
v 0.0011891 0.1316092 0.0009142
vn -0.5144956 0.8177860 -0.2579155
v 0.0020188 0.1321633 0.0009142
vn -0.3985054 0.8821192 -0.2511159
v 0.0024111 0.1323955 0.0009142
vn -0.2034734 0.9434296 -0.2617999
v 0.0026071 0.1324592 0.0009142
vn -0.0709080 0.9575195 -0.2795148
v 0.0028207 0.1324828 0.0009142
vn -0.0226563 0.9555925 -0.2938191
v 0.0031558 0.1324954 0.0009142
vn -0.0058082 0.9529464 -0.3030832
v 0.0036891 0.1325006 0.0009142
vn -0.0018358 0.9517748 -0.3067921
v 0.0044972 0.1325026 0.0009143
vn 0.3573895 0.5273734 -0.7708114
v 0.0146870 0.1290330 -0.0008598
vn 0.5769282 0.7724142 -0.2655753
v 0.0129369 0.1310282 0.0007562
vn 0.5924546 0.7484880 -0.2979319
v 0.0145957 0.1296945 0.0006205
vn 0.6071450 0.7098123 -0.3571297
v 0.0165263 0.1280866 0.0005194
vn 0.6078980 0.6843754 -0.4026044
v 0.0184343 0.1264813 0.0005491
vn 0.6525304 0.6728181 -0.3485971
v 0.0200254 0.1251550 0.0008055
vn 0.4754010 0.4332930 -0.7656704
v 0.0188644 0.1250503 -0.0012339
vn 0.2577288 0.9044861 -0.3398248
v 0.0109945 0.1322159 -0.0000012
vn -0.6116317 0.7813548 -0.1240621
v -0.0197221 0.1169203 0.0003665
vn -0.6081825 0.7929880 -0.0358342
v -0.0189676 0.1175554 0.0016166
vn -0.5995112 0.7988322 -0.0495321
v -0.0181415 0.1181588 0.0012106
vn -0.5941578 0.8013281 -0.0696408
v -0.0171252 0.1189010 0.0010021
vn -0.5906282 0.8032072 -0.0775669
v -0.0160690 0.1196725 0.0009252
vn -0.5888729 0.8058239 -0.0622623
v -0.0151230 0.1203635 0.0009142
vn -0.5885747 0.8061990 -0.0601913
v -0.0144044 0.1208882 0.0009142
vn -0.5883873 0.8063836 -0.0595485
v -0.0138978 0.1212580 0.0009142
vn -0.5874636 0.8071986 -0.0575930
v -0.0135549 0.1215081 0.0009142
vn -0.5834663 0.8104805 -0.0518510
v -0.0133270 0.1216736 0.0009142
vn -0.2260150 0.8408643 -0.4917972
v 0.0025387 0.1321080 -0.0002981
vn 0.0136415 0.9598351 -0.2802330
v 0.0093355 0.1325071 0.0009153
vn 0.1218713 0.9766445 -0.1769543
v 0.0101843 0.1324828 0.0009136
vn 0.3397629 0.9372385 -0.0783925
v 0.0109155 0.1323197 0.0008968
vn 0.5142464 0.8482622 -0.1264987
v 0.0117571 0.1318805 0.0008495
vn -0.0012907 0.9515005 -0.3076446
v 0.0056151 0.1325042 0.0009143
vn -0.0010065 0.9512217 -0.3085067
v 0.0069102 0.1325059 0.0009144
vn -0.0006774 0.9519774 -0.3061677
v 0.0082085 0.1325071 0.0009148
vn 0.8250300 0.4313062 -0.3651033
v 0.0224163 0.1228093 0.0008566
vn 0.8325318 0.4410953 0.3351505
v 0.0222581 0.1229428 0.0038316
vn 0.6995155 0.6873302 -0.1955900
v 0.0210514 0.1243379 0.0013470
vn 0.7718250 0.6350787 -0.0310059
v 0.0214469 0.1240735 0.0020807
vn 0.7617851 0.6401149 0.0996811
v 0.0211927 0.1243596 0.0028759
vn -0.6366901 0.7702063 0.0375224
v -0.0194783 0.1171825 0.0037896
vn -0.6389798 0.7691663 -0.0093845
v -0.0196486 0.1170583 0.0030215
vn -0.6323556 0.7742450 -0.0259081
v -0.0194783 0.1171825 0.0022532
vn -0.3667899 0.5078965 -0.7794269
v -0.0166775 0.1186880 -0.0007020
vn -0.5734644 0.8119350 -0.1090877
v -0.0128112 0.1220065 0.0003140
vn -0.5641133 0.8247052 -0.0404662
v -0.0104605 0.1236439 0.0009142
vn -0.5640423 0.8247324 -0.0409001
v -0.0081629 0.1252153 0.0009142
vn -0.5640391 0.8247360 -0.0408717
v -0.0053987 0.1271057 0.0009142
vn -0.5520650 0.8128384 -0.1857905
v -0.0026301 0.1289992 0.0009142
vn 0.0224706 0.1178622 -0.9927757
v -0.0133945 0.1192103 -0.0010463
vn 0.0091568 0.0129270 -0.9998745
v 0.0015941 0.1243038 -0.0011927
vn -0.0074669 -0.0055464 -0.9999568
v -0.0104628 0.1119256 -0.0011858
vn -0.0000775 -0.0002764 -1.0000000
v -0.0081652 0.1119294 -0.0011857
vn 0.0000371 -0.0005965 -0.9999999
v -0.0026328 0.1119385 -0.0011855
vn 0.0000371 -0.0005884 -0.9999999
v -0.0054012 0.1119340 -0.0011857
vn -0.9234533 -0.1138426 -0.3664339
v -0.0130445 0.1118169 -0.0005851
vn -0.1037613 -0.0426473 -0.9936875
v -0.0119469 0.1119194 -0.0011635
vn -0.5205685 -0.1153645 -0.8459902
v -0.0127312 0.1118910 -0.0010078
vn -0.5743146 0.8175026 -0.0430390
v -0.0131325 0.1218124 0.0009142
vn -0.5665442 0.8231207 -0.0387303
v -0.0127558 0.1220729 0.0009142
vn -0.5644510 0.8245154 -0.0396152
v -0.0119480 0.1226263 0.0009142
vn -0.3917452 0.9075683 0.1511808
v 0.0024458 0.1324191 0.0051286
vn -0.5236192 0.8359942 0.1641240
v 0.0020716 0.1321995 0.0051286
vn -0.5498289 0.8144931 0.1851735
v 0.0012566 0.1316555 0.0051286
vn -0.5534052 0.8098997 0.1944357
v -0.0002455 0.1306300 0.0051286
vn -0.0920993 0.2662473 0.9594947
v 0.0024717 0.1309707 0.0066311
vn -0.1870733 -0.0513226 0.9810044
v -0.0130802 0.1157488 0.0072830
vn -0.0074651 0.0103742 0.9999183
v -0.0104409 0.1104357 0.0073578
vn -0.0012756 0.0106243 0.9999428
v -0.0081270 0.1104393 0.0073578
vn -0.0000105 0.0072485 0.9999738
v -0.0053450 0.1104434 0.0073578
vn -0.0000105 0.0072485 0.9999738
v -0.0025621 0.1104474 0.0073578
vn -0.9356345 -0.0422507 0.3504325
v -0.0130418 0.1105366 0.0067571
vn -0.5359771 -0.0523775 0.8426062
v -0.0127259 0.1104634 0.0071798
vn -0.1050340 -0.0127969 0.9943863
v -0.0119358 0.1104374 0.0073355
vn -0.5578752 0.8188441 0.1351654
v -0.0025621 0.1290457 0.0051286
vn -0.5638617 0.8244678 0.0480930
v -0.0053450 0.1271424 0.0051286
vn -0.5638720 0.8244637 0.0480432
v -0.0081270 0.1252398 0.0051286
vn -0.0713645 0.0586145 0.9957266
v -0.0058707 0.2530993 0.0038339
vn 0.0955441 0.0059441 0.9954075
v 0.0079122 0.2358143 0.0034486
vn -0.0317711 0.1738715 0.9842557
v 0.0024416 0.2622861 0.0037378
vn -0.1058609 -0.0370959 0.9936888
v -0.0131601 0.1458172 0.0034974
vn -0.1941576 -0.0253586 0.9806426
v -0.0191919 0.1608421 0.0035616
vn 0.0309214 0.0003411 0.9995218
v 0.0030713 0.2189642 0.0036827
vn -0.0074108 -0.0033032 0.9999671
v -0.0007838 0.1329754 0.0037638
vn -0.0147362 -0.0057073 0.9998751
v -0.0088635 0.1629729 0.0037754
vn 0.0279878 -0.0095309 0.9995629
v 0.0067625 0.1273736 0.0036684
vn 0.0761527 -0.0132347 0.9970083
v 0.0114061 0.1271306 0.0034431
vn -0.1776558 0.0177618 0.9839324
v -0.0106691 0.1328423 0.0033737
vn 0.0713390 -0.0482115 0.9962863
v 0.0028419 0.1164225 0.0035467
vn -0.0726160 0.0042083 0.9973511
v -0.0133785 0.1114046 0.0036212
vn -0.0093845 -0.1184445 0.9929163
v -0.0081181 0.1050738 0.0036848
vn 0.3095067 -0.3213753 0.8949433
v -0.0007349 0.1049385 0.0032435
vn -0.0320487 0.1287282 -0.9911619
v 0.0027926 0.2618793 0.0015181
vn 0.1300840 0.0165757 -0.9913645
v 0.0077102 0.2399834 0.0017733
vn -0.0080992 -0.0060516 -0.9999489
v -0.0033283 0.1497381 0.0014306
vn 0.0308257 0.0004778 -0.9995247
v 0.0030589 0.2149301 0.0015377
vn 0.0119950 -0.0057643 -0.9999115
v 0.0050945 0.1282174 0.0015013
vn -0.0495716 -0.0020043 -0.9987686
v -0.0071081 0.1338222 0.0016721
vn 0.0868111 -0.0156617 -0.9961017
v 0.0115253 0.1260812 0.0017813
vn 0.0656599 -0.0469324 -0.9967378
v -0.0007924 0.1124320 0.0016095
vn -0.0678268 -0.1510471 -0.9861969
v -0.0122493 0.1046269 0.0015649
vn -0.8433979 -0.2468127 -0.4772458
v -0.0178943 0.1063820 0.0023216
vn -0.2418333 0.0262734 -0.9699621
v -0.0169584 0.1183095 0.0019776
vn 0.5169570 0.6113713 0.5991499
v 0.0051178 0.2639599 0.0029326
vn 0.2552381 0.3770992 -0.8903088
v 0.0044648 0.2636946 0.0018616
vn 0.8200229 0.1659780 -0.5477351
v 0.0107929 0.2421521 0.0024769
vn -0.9953786 -0.0910490 -0.0305220
v -0.0215597 0.1593091 0.0026933
vn -0.9687354 -0.0371904 -0.2452929
v -0.0234995 0.1936965 0.0026146
vn 0.3390845 0.0561297 0.9390800
v 0.0105387 0.2394547 0.0030451
vn 0.9952703 0.0811330 -0.0534282
v 0.0125930 0.2298366 0.0026127
vn -0.2661816 0.0064913 -0.9639010
v -0.0214440 0.2115631 0.0016436
vn 0.2409718 0.0098541 0.9704821
v 0.0118405 0.2178554 0.0030629
vn 0.9995399 0.0301175 0.0035936
v 0.0151067 0.1466996 0.0026119
vn 0.2348961 0.0197458 -0.9718199
v 0.0114517 0.2297219 0.0021562
vn 0.2806640 0.0087522 -0.9597662
v 0.0139120 0.1500285 0.0021545
vn -0.3852471 -0.0829451 -0.9190782
v -0.0120186 0.1358666 0.0021170
vn -0.9032626 -0.3283395 0.2762426
v -0.0201577 0.1478464 0.0027541
vn 0.2916087 -0.1190988 -0.9490943
v 0.0148710 0.1261294 0.0022063
vn -0.9518868 0.2100353 -0.2231516
v -0.0130964 0.1321071 0.0027179
vn -0.9134294 0.2037082 0.3523489
v -0.0180758 0.1233152 0.0027409
vn -0.2527713 0.0768289 -0.9644709
v -0.0122510 0.1306183 0.0019260
vn 0.3126353 -0.2277696 0.9221606
v 0.0050476 0.1146645 0.0030730
vn 0.8458127 -0.3852742 0.3690053
v 0.0156807 0.1256097 0.0026160
vn 0.8259030 -0.5623837 -0.0401119
v 0.0051853 0.1136784 0.0026195
vn 0.2573989 -0.0746927 0.9634141
v 0.0147486 0.1258649 0.0030641
vn -0.7842974 -0.1959323 0.5886325
v -0.0129362 0.1359418 0.0028773
vn 0.0357015 -0.9971907 0.0658502
v -0.0085235 0.1019925 0.0026599
vn 0.4764577 -0.8650529 -0.1570719
v -0.0015797 0.1034346 0.0025296
vn 0.1117784 -0.2398381 -0.9643564
v -0.0031299 0.1043629 0.0017838
vn -0.4534470 -0.7229503 0.5212761
v -0.0155249 0.1034879 0.0029160
vn 0.6893742 -0.5301939 -0.4936170
v 0.0010650 0.1059524 0.0023756
vn 0.2698119 -0.1754599 -0.9467922
v 0.0036836 0.1130126 0.0020146
vn -0.2973749 -0.0683490 0.9523112
v -0.0170322 0.1084950 0.0032352
vn -0.2863473 0.0609782 0.9561835
v -0.0205906 0.2257704 0.0036064
vn -0.2070192 0.0107632 0.9782777
v -0.0208947 0.2161442 0.0037479
vn -0.2130144 -0.0087398 0.9770100
v -0.0205573 0.1877976 0.0037303
vn -0.1124804 0.1125821 -0.9872555
v -0.0039086 0.2557820 0.0014008
vn -0.2545553 0.0640528 -0.9649346
v -0.0198737 0.2283271 0.0015653
vn -0.1579925 0.0841632 -0.9838470
v -0.0151708 0.2401885 0.0014648
vn -0.0780509 -0.0033379 -0.9969438
v -0.0203637 0.1887291 0.0015456
vn -0.0473563 -0.0090230 -0.9988373
v -0.0179701 0.1656990 0.0015720
vn -0.0137340 -0.0014432 -0.9999046
v -0.0144503 0.1877359 0.0014062
vn -0.2245486 -0.0169540 -0.9743154
v -0.0203540 0.1722993 0.0017109
vn -0.1014063 -0.0267027 -0.9944867
v -0.0190121 0.1588642 0.0017201
vn -0.4165243 -0.0820199 -0.9054171
v -0.0199443 0.1494070 0.0022440
vn -0.3303122 0.8543490 -0.4012254
v 0.0010837 0.2640586 0.0025884
vn -0.7337649 0.5990993 0.3204202
v -0.0109030 0.2521969 0.0025908
vn -0.9930556 0.1175914 -0.0035692
v -0.0232332 0.2233552 0.0026105
vn -0.8497040 0.2689115 0.4535305
v -0.0203865 0.2353608 0.0026525
vn -0.9999777 -0.0015239 0.0065008
v -0.0237850 0.2056115 0.0026139
vn -0.7909200 0.3905495 -0.4710805
v -0.0179859 0.2412932 0.0025952
vn -0.8441920 -0.0492594 0.5337729
v -0.0225676 0.1743976 0.0026804
vn -0.5701551 -0.0353214 -0.8207774
v -0.0222914 0.1721275 0.0024628
vn -0.2170979 0.1139522 0.9694759
v -0.0148268 0.2416653 0.0036281
vn -0.3053307 -0.0099478 -0.9521945
v -0.0211532 0.1931854 0.0016475
vn 0.0379640 0.6880519 -0.7246678
v -0.0104721 0.1140931 -0.0033908
vn 0.3809392 0.9244981 -0.0137313
v -0.0095256 0.1138004 0.0049979
vn 0.6733914 0.4175934 -0.6100491
v -0.0081221 0.1127160 -0.0033293
vn 0.6435194 -0.7017980 -0.3055526
v -0.0086189 0.1095814 -0.0032510
vn 0.9486313 0.2459650 -0.1989969
v -0.0078021 0.1120991 0.0082581
vn -0.3487820 -0.9305801 -0.1112283
v -0.0113637 0.1092085 0.0081396
vn -0.1629744 -0.4768945 -0.8637193
v -0.0115777 0.1090557 -0.0033912
vn -0.8502368 -0.2008213 -0.4865884
v -0.0129841 0.1108374 -0.0033444
vn -0.8419909 0.5155992 -0.1587732
v -0.0126307 0.1129633 0.0083929
vn -0.6460792 0.6862840 -0.3340600
v -0.0122051 0.1134929 -0.0032855
vn 0.0796910 0.9922680 -0.0951507
v -0.0101090 0.1141669 0.0087678
vn 0.2290166 0.6067958 -0.7611506
v -0.0095051 0.1138883 0.0084614
vn -0.3014185 0.9525714 0.0418887
v -0.0114607 0.1138377 0.0076190
vn -0.3675489 0.5570987 0.7446805
v -0.0122614 0.1138747 0.0093121
vn -0.0820416 0.6528460 -0.7530348
v -0.0107259 0.1140693 0.0084614
vn 0.0000000 0.0000000 0.0000000
v -0.0104770 0.1140816 0.0084614
vn 0.0000000 0.0000000 0.0000000
v -0.0102281 0.1140693 0.0084614
vn 0.0000000 0.0000000 0.0000000
v -0.0097398 0.1139722 0.0084614
vn -0.3796455 -0.7106668 0.5923023
v -0.0116580 0.1089168 0.0092102
vn 0.5506889 -0.6158220 0.5634758
v -0.0085257 0.1093187 0.0092024
vn -0.9475850 -0.2532736 0.1947693
v -0.0130583 0.1107783 0.0088935
vn 0.6204808 0.6191945 0.4812502
v -0.0080720 0.1132665 0.0091644
vn -0.5120473 0.7687528 0.3831800
v 0.0060968 0.1235427 0.0074997
vn -0.5921039 0.2202919 0.7751674
v -0.0181165 0.1122378 0.0077212
vn -0.0776176 0.1619987 0.9837337
v 0.0056502 0.1219374 0.0077325
vn 0.1636086 -0.8491949 0.5020958
v 0.0122152 0.1163088 0.0075877
vn 0.5225867 -0.8523873 0.0184150
v 0.0256556 0.1181005 0.0055418
vn -0.4040651 0.5469961 -0.7331622
v 0.0087417 0.1251789 -0.0026894
vn 0.2028607 0.0778589 -0.9761074
v 0.0215501 0.1246572 -0.0026911
vn -0.2397994 0.5312528 -0.8125679
v -0.0146788 0.1156132 -0.0027308
vn -0.7834687 0.5420382 -0.3039268
v -0.0171832 0.1142953 -0.0020658
vn -0.3694130 0.7774439 -0.5090333
v -0.0010024 0.1194959 -0.0026883
vn 0.5718613 0.3455342 -0.7440301
v 0.0240311 0.1225517 -0.0024868
vn -0.2894354 0.1630759 -0.9432038
v 0.0177114 0.1318288 0.0066368
vn -0.2714581 0.5535815 -0.7873107
v 0.0007177 0.1202438 0.0065965
vn -0.3227801 0.9148862 -0.2424794
v -0.0138485 0.1163330 0.0066906
vn -0.5432155 0.5039802 -0.6715065
v -0.0163995 0.1147372 0.0066075
vn -0.0474809 0.0688239 -0.9964983
v 0.0046286 0.1217314 0.0065437
vn -0.3369190 0.5237508 0.7824134
v 0.0072118 0.1242726 -0.0015366
vn -0.2831172 0.6003940 0.7479116
v -0.0137403 0.1163715 -0.0016168
vn -0.2862595 0.7964130 0.5327119
v -0.0022708 0.1188093 -0.0016030
vn -0.3800970 0.8748891 0.3001588
v -0.0010924 0.1196645 0.0074670
vn 0.1533280 -0.2982887 0.9420798
v -0.0036815 0.1114768 0.0077268
vn -0.1696660 0.5449342 0.8211334
v -0.0064329 0.1174370 0.0077043
vn -0.2592172 0.9308433 0.2575603
v -0.0055906 0.1178442 0.0067997
vn -0.1690979 -0.3337855 -0.9273582
v -0.0161255 0.1071642 0.0065553
vn -0.3981182 0.8768184 0.2696136
v -0.0147311 0.1162492 0.0074864
vn -0.5356843 -0.4688364 0.7023069
v -0.0172598 0.1080387 0.0077338
vn 0.0958562 -0.5225648 -0.8471940
v 0.0107611 0.1162459 0.0065441
vn -0.4185835 0.8224390 0.3852039
v 0.0173278 0.1328099 0.0074791
vn -0.4194617 0.5805775 -0.6978407
v 0.0091528 0.1256477 0.0067020
vn 0.1826932 0.7267736 0.6621355
v 0.0187238 0.1326088 0.0072045
vn 0.1351392 -0.3080876 0.9417109
v 0.0225306 0.1175952 0.0076602
vn 0.2278110 -0.9731114 0.0340066
v 0.0250534 0.1176594 0.0070264
vn -0.3084416 -0.4936227 -0.8131423
v 0.0242780 0.1179849 0.0066422
vn 0.1257072 -0.5506880 -0.8251912
v 0.0091093 0.1160262 -0.0027258
vn -0.0446607 -0.8379145 0.5439713
v 0.0242843 0.1175909 -0.0017199
vn 0.4438165 -0.8725870 -0.2040073
v -0.0043701 0.1108658 -0.0019877
vn 0.1189158 -0.9283766 0.3521023
v -0.0118933 0.1064196 -0.0018185
vn -0.4336894 -0.2604449 0.8626019
v -0.0184863 0.1089090 -0.0015372
vn -0.3658602 -0.3287179 -0.8706841
v -0.0177997 0.1081196 -0.0027012
vn 0.2274044 -0.3800111 -0.8965929
v 0.0235181 0.1179660 -0.0026958
vn 0.7451354 -0.5057898 -0.4346838
v 0.0256098 0.1180980 -0.0016812
vn -0.3502070 -0.9149770 0.2004301
v 0.0250296 0.1179590 -0.0007578
vn 0.2161645 -0.9694089 0.1162733
v -0.0110422 0.1064449 0.0074406
vn -0.5929511 0.5879385 0.5502158
v 0.0173421 0.1325702 -0.0017185
vn -0.9396521 0.0101358 0.3419813
v 0.0185217 0.1329468 -0.0010507
vn 0.1734749 -0.9192472 0.3533994
v 0.0113260 0.1162707 -0.0015551
vn 0.1589097 -0.3865407 0.9084790
v -0.0109548 0.1071885 -0.0015483
vn 0.2769416 -0.7755858 -0.5672479
v 0.0050375 0.1147029 -0.0016146
vn -0.6434003 -0.7392827 -0.1987391
v 0.0247621 0.1183900 0.0052516
vn -0.8905184 0.3300521 -0.3131176
v 0.0184921 0.1328613 0.0061921
vn 0.1939661 -0.5823315 -0.7894728
v 0.0003509 0.1131214 0.0065945
vn -0.7198806 -0.0770750 -0.6898053
v -0.0182902 0.1106233 0.0065421
vn 0.3508065 -0.7316298 -0.5845107
v -0.0070985 0.1094854 0.0066040
vn 0.5811546 0.7992154 -0.1533431
v 0.0200251 0.1325064 0.0006041
vn 0.4365269 0.3762836 -0.8172239
v 0.0198346 0.1312897 -0.0025156
vn 0.6682649 0.0701448 -0.7406090
v 0.0211148 0.1289545 -0.0020730
vn 0.8076966 0.0664254 -0.5858446
v 0.0230281 0.1245324 -0.0018620
vn 0.9320995 0.3609416 0.0301948
v 0.0238949 0.1237831 0.0029209
vn -0.1764110 0.8297248 -0.5295619
v 0.0184497 0.1335200 -0.0024863
vn 0.2817470 -0.7854956 -0.5510130
v -0.0110153 0.1069042 -0.0026320
vn 0.1537844 -0.3146531 -0.9366664
v -0.0009543 0.1131365 -0.0027270
vn -0.1908148 0.9601574 0.2041751
v 0.0189580 0.1336920 0.0052785
vn 0.8293952 0.3790905 0.4103585
v 0.0239710 0.1267375 0.0072355
vn 0.9641103 -0.1138024 0.2398759
v 0.0215296 0.1291253 0.0064229
vn 0.6172171 0.7636019 0.1896188
v 0.0217447 0.1277188 0.0067490
vn 0.7411242 0.0600240 0.6686794
v 0.0228060 0.1247098 0.0072617
vn 0.9285013 0.2691051 -0.2558668
v 0.0259294 0.1213670 -0.0015337
vn 0.3079312 0.1507087 0.9393963
v 0.0200186 0.1284650 0.0077063
vn 0.3048621 0.2405889 0.9215075
v 0.0235921 0.1225815 0.0076388
vn 0.1813591 -0.5025544 0.8453095
v 0.0051940 0.1146627 0.0077209
vn 0.7876320 -0.0708110 0.6120635
v 0.0250870 0.1203075 0.0073998
vn 0.8636405 0.3628536 -0.3499462
v 0.0222895 0.1310433 -0.0020104
vn 0.6537420 0.5182465 -0.5514000
v 0.0221437 0.1272329 -0.0022738
vn 0.8029857 0.2986850 -0.5157530
v 0.0242434 0.1266827 -0.0018343
vn 0.6018373 0.7844172 0.1499388
v 0.0212348 0.1318004 0.0054305
vn 0.7398595 0.5005779 0.4494774
v 0.0258539 0.1223159 0.0071906
vn 0.8353422 0.1859282 0.5173337
v 0.0222793 0.1305908 0.0071482
# 804 vertices, 0 vertices normals


usemtl material_0
vt 0.6748200 0.1861100
vt 0.6760600 0.1840300
vt 0.6749000 0.1833400
f 1/1/1 526/2/526 542/3/542
vt 0.6762700 0.3460300
vt 0.6768100 0.3460400
vt 0.6768700 0.3401800
f 181/4/181 4/5/4 2/6/2
vt 0.6773300 0.3460600
vt 0.6773700 0.3402100
f 4/5/4 5/7/5 19/8/19
f 4/5/4 19/8/19 2/6/2
vt 0.6761900 0.3563000
f 3/9/3 4/5/4 181/4/181
vt 0.6781300 0.3402700
f 5/7/5 6/10/6 19/8/19
vt 0.6764300 0.3371300
vt 0.6769400 0.3371500
vt 0.6771200 0.3352900
f 2/11/2 19/12/19 18/13/18
vt 0.6505100 0.2006000
vt 0.6515100 0.2005800
vt 0.6512800 0.1977900
f 113/14/113 79/15/79 151/16/151
vt 0.6518600 0.1976000
f 79/15/79 617/17/617 151/16/151
vt 0.6528400 0.2005700
vt 0.6534900 0.2005400
vt 0.6524600 0.1973500
f 79/18/79 9/19/9 617/20/617
vt 0.6620600 0.3402100
vt 0.6649500 0.3371200
vt 0.6620200 0.3372800
f 8/21/8 183/22/183 10/23/10
vt 0.6649900 0.3356300
f 10/23/10 183/22/183 401/24/401
vt 0.6620000 0.3359200
f 10/23/10 401/24/401 396/25/396
vt 0.6565500 0.3370700
vt 0.6590600 0.3372200
vt 0.6589800 0.3357400
f 150/26/150 10/27/10 396/28/396
vt 0.6560500 0.3348600
f 150/26/150 396/28/396 400/29/400
vt 0.6569000 0.3402700
f 8/30/8 10/27/10 150/26/150
vt 0.6635600 0.1987600
vt 0.6648500 0.1987000
vt 0.6650600 0.1944000
f 12/31/12 13/32/13 11/33/11
vt 0.6655900 0.1987400
vt 0.6658200 0.1943000
f 13/32/13 14/34/14 11/35/11
vt 0.6659200 0.1990600
vt 0.6661900 0.1942300
f 14/34/14 15/36/15 182/37/182
f 14/34/14 182/37/182 11/35/11
vt 0.6659100 0.1998400
vt 0.6664000 0.1941500
f 15/36/15 16/38/16 182/39/182
vt 0.6782800 0.3310600
vt 0.6790600 0.3310900
vt 0.6794500 0.3288400
f 18/40/18 19/41/19 433/42/433
vt 0.6786500 0.3287900
vt 0.6798000 0.3268100
vt 0.6789800 0.3267500
f 18/43/18 433/44/433 176/45/176
vt 0.6545300 0.3349200
vt 0.6547000 0.3323700
f 150/46/150 400/29/400 402/47/402
vt 0.6539100 0.3326900
f 150/46/150 402/47/402 149/48/149
vt 0.6540600 0.3301000
f 149/48/149 402/47/402 468/49/468
vt 0.6514500 0.3085300
vt 0.6518500 0.3078500
vt 0.6513800 0.3078900
f 127/50/127 20/51/20 140/52/140
vt 0.6517700 0.3072200
vt 0.6523900 0.3065500
vt 0.6517000 0.3066100
f 20/53/20 409/54/409 140/55/140
vt 0.6514600 0.2765100
vt 0.6521900 0.2764500
vt 0.6521000 0.2757900
f 141/56/141 412/57/412 467/58/467
vt 0.6512400 0.2746100
vt 0.6518500 0.2739400
vt 0.6511700 0.2740000
f 141/59/141 467/60/467 22/61/22
vt 0.6504800 0.2619000
vt 0.6509200 0.2619200
vt 0.6509700 0.2613100
f 23/62/23 424/63/424 146/64/146
vt 0.6516600 0.2613500
vt 0.6517300 0.2607400
f 146/64/146 424/65/424 144/66/144
vt 0.6774500 0.2935700
vt 0.6780000 0.2930200
vt 0.6775400 0.2929600
f 180/67/180 169/68/169 172/69/172
vt 0.6778000 0.2942100
vt 0.6785800 0.2937200
vt 0.6779000 0.2936200
f 180/70/180 175/71/175 169/72/169
vt 0.6779300 0.2756600
vt 0.6786600 0.2755300
vt 0.6785100 0.2748700
f 25/73/25 170/74/170 165/75/165
vt 0.6767300 0.2616100
vt 0.6771700 0.2616700
vt 0.6772600 0.2610800
f 190/76/190 167/77/167 161/78/161
vt 0.6774600 0.2078600
vt 0.6788000 0.2072700
vt 0.6781500 0.2047300
f 159/79/159 98/80/98 27/81/27
vt 0.6438800 0.3119600
vt 0.6432400 0.3127400
vt 0.6438200 0.3127800
f 129/82/129 28/83/28 29/84/29
vt 0.6423500 0.3135300
vt 0.6431800 0.3135900
f 28/83/28 32/85/32 29/86/29
vt 0.6431000 0.3153600
vt 0.6422200 0.3162500
vt 0.6430700 0.3162700
f 29/87/29 32/88/32 30/89/30
vt 0.6438800 0.3226100
vt 0.6432800 0.3226600
vt 0.6433700 0.3235400
f 31/90/31 30/91/30 32/92/32
vt 0.6437200 0.3257900
vt 0.6431900 0.3274900
vt 0.6440200 0.3274000
f 32/93/32 495/94/495 130/95/130
vt 0.6443000 0.3257200
f 31/96/31 32/93/32 130/95/130
vt 0.6445100 0.2976700
vt 0.6438900 0.2977400
vt 0.6439400 0.2983100
f 35/97/35 34/98/34 417/99/417
vt 0.6428400 0.2826200
vt 0.6420200 0.2834900
vt 0.6428300 0.2834900
f 36/100/36 414/101/414 37/102/37
vt 0.6428900 0.2861100
vt 0.6420800 0.2861500
vt 0.6421200 0.2870200
f 37/103/37 414/104/414 416/105/416
vt 0.6436100 0.2886000
vt 0.6431400 0.2894500
vt 0.6436800 0.2893900
f 37/106/37 416/107/416 38/108/38
vt 0.6441600 0.2634100
vt 0.6438200 0.2640400
vt 0.6442400 0.2639800
f 39/109/39 41/110/41 42/111/42
vt 0.6439700 0.2622600
vt 0.6435200 0.2623400
vt 0.6436300 0.2629100
f 39/112/39 40/113/40 41/114/41
vt 0.6444200 0.2657100
vt 0.6440100 0.2657500
vt 0.6440500 0.2663300
f 42/115/42 41/116/41 43/117/43
vt 0.6440800 0.2669200
vt 0.6434700 0.2669600
vt 0.6435000 0.2675400
f 43/118/43 41/119/41 420/120/420
vt 0.6441300 0.2687100
vt 0.6435200 0.2693000
vt 0.6441300 0.2693000
f 43/121/43 420/122/420 123/123/123
vt 0.6439300 0.2727500
vt 0.6432900 0.2726800
vt 0.6432000 0.2732300
f 123/124/123 420/125/420 414/126/414
vt 0.6427800 0.2492700
vt 0.6422200 0.2492600
vt 0.6422100 0.2501200
f 44/127/44 45/128/45 46/129/46
vt 0.6414000 0.2501100
vt 0.6413900 0.2509900
f 46/129/46 45/130/45 40/131/40
vt 0.6422400 0.2527400
vt 0.6414600 0.2536500
vt 0.6422700 0.2536100
f 46/132/46 40/133/40 120/134/120
vt 0.6431800 0.2296800
vt 0.6427200 0.2297600
vt 0.6428400 0.2303400
f 47/135/47 52/136/52 48/137/48
vt 0.6437600 0.2343600
vt 0.6433800 0.2349900
vt 0.6437900 0.2349700
f 47/138/47 48/139/48 119/140/119
vt 0.6438400 0.2367800
vt 0.6434300 0.2373800
vt 0.6438400 0.2373800
f 119/141/119 48/142/48 117/143/117
vt 0.6434100 0.2379600
vt 0.6427700 0.2385100
vt 0.6433900 0.2385400
f 48/144/48 426/145/426 117/146/117
vt 0.6419400 0.2143500
vt 0.6412900 0.2152100
vt 0.6418900 0.2152400
f 49/147/49 51/148/51 50/149/50
vt 0.6426800 0.2135300
vt 0.6426200 0.2143900
f 116/150/116 49/147/49 50/151/50
vt 0.6413400 0.2143100
vt 0.6404600 0.2142500
vt 0.6404100 0.2151700
f 49/152/49 429/153/429 51/154/51
vt 0.6418500 0.2189100
vt 0.6412800 0.2198500
vt 0.6418800 0.2198300
f 50/155/50 51/156/51 114/157/114
vt 0.6420300 0.2225100
vt 0.6414500 0.2225600
vt 0.6415300 0.2234200
f 114/158/114 51/159/51 52/160/52
vt 0.6421100 0.2233600
f 114/158/114 52/160/52 53/161/53
vt 0.6714700 0.3109100
vt 0.6709800 0.3116700
vt 0.6714700 0.3116700
f 54/162/54 435/163/435 55/164/55
vt 0.6714700 0.3149300
vt 0.6709700 0.3149300
vt 0.6709700 0.3157800
f 55/165/55 435/166/435 438/167/438
vt 0.6714700 0.3157800
f 55/165/55 438/167/438 192/168/192
vt 0.6714400 0.3200100
vt 0.6709300 0.3208300
vt 0.6714300 0.3208400
f 192/169/192 438/170/438 185/171/185
vt 0.6716800 0.2995100
vt 0.6712900 0.2995200
vt 0.6713100 0.3001400
f 57/172/57 56/173/56 58/174/58
vt 0.6716900 0.3001400
f 57/172/57 58/174/58 191/175/191
vt 0.6703200 0.2805600
vt 0.6695600 0.2805600
vt 0.6695700 0.2813700
f 59/176/59 445/177/445 60/178/60
vt 0.6706000 0.2650900
vt 0.6699600 0.2651200
vt 0.6699800 0.2657200
f 62/179/62 451/180/451 64/181/64
vt 0.6714500 0.2681800
vt 0.6710600 0.2681900
vt 0.6710700 0.2688100
f 63/182/63 62/183/62 64/184/64
vt 0.6701800 0.2472100
vt 0.6696900 0.2472100
vt 0.6697000 0.2480000
f 189/185/189 66/186/66 65/187/65
vt 0.6702600 0.2529500
vt 0.6697800 0.2529600
vt 0.6697900 0.2537900
f 179/188/179 65/189/65 186/190/186
vt 0.6690400 0.2538100
f 65/189/65 66/191/66 186/190/186
vt 0.6698400 0.2295600
vt 0.6691800 0.2296200
vt 0.6692300 0.2302000
f 69/192/69 67/193/67 70/194/70
vt 0.6707800 0.2318900
vt 0.6703800 0.2319000
vt 0.6704000 0.2325100
f 68/195/68 69/196/69 70/197/70
vt 0.6708200 0.2337400
vt 0.6704300 0.2337500
vt 0.6704400 0.2343700
f 68/198/68 70/199/70 71/200/71
vt 0.6704500 0.2398700
vt 0.6700500 0.2398600
vt 0.6700200 0.2404500
f 72/201/72 71/202/71 66/203/66
vt 0.6704300 0.2404600
vt 0.6699800 0.2410400
vt 0.6704000 0.2410600
f 72/204/72 66/205/66 189/206/189
vt 0.6693500 0.2092000
vt 0.6689600 0.2107400
vt 0.6694300 0.2106900
f 74/207/74 76/208/76 73/209/73
vt 0.6695000 0.2127700
vt 0.6690300 0.2135900
vt 0.6695300 0.2135700
f 73/210/73 76/211/76 75/212/75
vt 0.6695700 0.2143800
vt 0.6690600 0.2144000
vt 0.6690900 0.2152200
f 75/213/75 76/214/76 67/215/67
vt 0.6696500 0.2168800
vt 0.6691500 0.2169000
vt 0.6691800 0.2177500
f 75/216/75 67/217/67 77/218/77
vt 0.6511000 0.2058100
vt 0.6520900 0.2037900
vt 0.6516300 0.2035500
f 78/219/78 80/220/80 81/221/81
f 81/221/81 80/220/80 9/19/9
f 81/221/81 9/19/9 79/18/79
vt 0.6499100 0.2031600
f 81/222/81 79/15/79 113/14/113
vt 0.6768000 0.4777100
vt 0.6772900 0.4777000
vt 0.6768500 0.4641900
f 86/223/86 82/224/82 84/225/84
vt 0.6763700 0.4642000
f 86/223/86 84/225/84 90/226/90
vt 0.6773400 0.4641800
f 82/224/82 83/227/83 84/225/84
vt 0.6770900 0.4490000
f 84/225/84 83/227/83 85/228/85
vt 0.6774600 0.4901800
vt 0.6779600 0.4901700
f 86/229/86 93/230/93 82/224/82
vt 0.6784600 0.4901500
vt 0.6792500 0.4901100
vt 0.6785700 0.4776600
f 93/231/93 87/232/87 88/233/88
vt 0.6777800 0.4776900
f 93/231/93 88/233/88 82/234/82
vt 0.6781300 0.4641600
f 82/234/82 88/233/88 83/235/83
vt 0.6778700 0.4489900
vt 0.6777700 0.4315300
f 85/228/85 83/236/83 197/237/197
vt 0.6769800 0.4315300
f 85/228/85 197/237/197 89/238/89
vt 0.6765900 0.4490100
f 84/239/84 85/228/85 89/238/89
vt 0.6799000 0.5128700
vt 0.6804200 0.5128400
vt 0.6793800 0.5019800
f 92/240/92 91/241/91 93/242/93
vt 0.6802400 0.5295400
vt 0.6810900 0.5295400
vt 0.6803200 0.5222300
f 95/243/95 508/244/508 92/245/92
vt 0.6816800 0.5295400
vt 0.6809000 0.5222300
f 508/244/508 512/246/512 92/247/92
vt 0.6822100 0.5295300
vt 0.6814300 0.5222100
f 512/246/512 485/248/485 91/249/91
f 512/246/512 91/249/91 92/247/92
vt 0.6822200 0.5221500
f 485/248/485 497/250/497 91/249/91
vt 0.6812200 0.5127800
vt 0.6801700 0.5019300
f 91/241/91 497/251/497 87/252/87
f 91/241/91 87/252/87 93/242/93
vt 0.6783500 0.5020100
f 92/253/92 93/230/93 86/229/86
vt 0.6776000 0.5020200
f 95/254/95 92/253/92 86/229/86
vt 0.6767500 0.4901900
f 95/254/95 86/229/86 90/255/90
vt 0.6581100 0.5299500
vt 0.6598600 0.5299300
vt 0.6599800 0.5225500
f 104/256/104 95/257/95 94/258/94
vt 0.6803200 0.1981700
vt 0.6807200 0.1999900
vt 0.6822300 0.1988900
f 96/259/96 97/260/97 101/261/101
vt 0.6769900 0.1997000
vt 0.6775600 0.2023200
vt 0.6790800 0.2012200
f 96/262/96 27/263/27 97/264/97
vt 0.6803400 0.2048000
vt 0.6796400 0.2031900
f 27/81/27 98/265/98 97/266/97
vt 0.6817800 0.2027400
f 97/266/97 98/265/98 99/267/99
vt 0.6825200 0.2001300
vt 0.6836500 0.1992000
f 101/261/101 97/268/97 99/269/99
vt 0.6776600 0.1874500
vt 0.6796100 0.1908600
vt 0.6795400 0.1883900
f 1/270/1 100/271/100 526/272/526
vt 0.6777000 0.1903400
vt 0.6797500 0.1935000
f 1/273/1 96/274/96 100/271/100
vt 0.6815800 0.1935600
f 100/271/100 96/274/96 101/275/101
vt 0.6814600 0.1913400
vt 0.6831700 0.1935900
f 100/276/100 101/275/101 486/277/486
vt 0.6813300 0.1875500
vt 0.6830000 0.1899100
vt 0.6829100 0.1884400
f 100/278/100 486/279/486 587/280/587
vt 0.6488200 0.5227900
vt 0.6494500 0.5227800
vt 0.6501000 0.5133900
f 102/281/102 104/282/104 105/283/105
vt 0.6495000 0.5134000
vt 0.6507400 0.5025000
vt 0.6501700 0.5025100
f 102/284/102 105/285/105 103/286/103
vt 0.6469300 0.5301100
vt 0.6482700 0.5227900
vt 0.6474700 0.5227600
f 511/287/511 102/288/102 383/289/383
vt 0.6477200 0.5301400
vt 0.6482800 0.5301300
f 511/290/511 510/291/510 102/281/102
f 510/291/510 104/282/104 102/281/102
vt 0.6509500 0.5133700
f 104/282/104 94/292/94 105/283/105
vt 0.6512300 0.4906400
vt 0.6506900 0.4906500
f 103/286/103 105/293/105 108/294/108
vt 0.6488500 0.5024800
vt 0.6501700 0.4906500
vt 0.6493700 0.4906400
f 106/295/106 103/296/103 385/297/385
vt 0.6481600 0.5133600
vt 0.6489600 0.5134000
vt 0.6496400 0.5025100
f 106/298/106 102/299/102 103/300/103
f 383/289/383 102/299/102 106/298/106
vt 0.6504300 0.4781700
vt 0.6509400 0.4781700
vt 0.6509100 0.4646500
f 107/301/107 108/302/108 109/303/109
vt 0.6514300 0.4646400
f 108/302/108 110/304/110 109/303/109
vt 0.6504100 0.4646600
vt 0.6506400 0.4494700
vt 0.6501300 0.4494800
f 107/305/107 109/306/109 111/307/111
f 385/297/385 103/296/103 107/301/107
f 103/296/103 108/302/108 107/301/107
vt 0.6522000 0.4781500
vt 0.6514600 0.4781600
f 105/293/105 94/308/94 108/309/108
vt 0.6521500 0.4646300
f 108/309/108 94/310/94 110/304/110
vt 0.6506600 0.4320000
vt 0.6501300 0.4320100
f 109/306/109 110/311/110 135/312/135
f 111/307/111 109/306/109 135/312/135
vt 0.6493400 0.4495000
vt 0.6496200 0.4320200
vt 0.6488300 0.4320400
f 482/313/482 111/314/111 112/315/112
vt 0.6496100 0.4646700
f 482/316/482 107/305/107 111/307/111
vt 0.6425700 0.2067000
vt 0.6435700 0.2045700
vt 0.6430500 0.2045100
f 49/317/49 113/318/113 131/319/131
vt 0.6427100 0.2087700
vt 0.6433200 0.2088600
vt 0.6436900 0.2068600
f 49/320/49 116/321/116 113/322/113
vt 0.6417700 0.2066200
f 429/323/429 49/317/49 131/319/131
vt 0.6486600 0.2245600
vt 0.6475400 0.2245700
vt 0.6475600 0.2252900
f 148/324/148 114/325/114 53/326/53
vt 0.6486500 0.2214000
vt 0.6475000 0.2222400
vt 0.6486500 0.2222200
f 115/327/115 114/328/114 148/329/148
vt 0.6447100 0.2188700
vt 0.6434600 0.2188800
vt 0.6434800 0.2197800
f 115/330/115 50/331/50 114/332/114
vt 0.6448600 0.2136900
vt 0.6436200 0.2136100
vt 0.6435600 0.2144500
f 78/333/78 116/334/116 50/335/50
vt 0.6448100 0.2145200
vt 0.6435200 0.2153100
vt 0.6447700 0.2153700
f 78/336/78 50/337/50 115/338/115
vt 0.6489700 0.2095500
vt 0.6477600 0.2109800
vt 0.6488700 0.2110500
f 81/339/81 116/340/116 78/341/78
vt 0.6488100 0.2397900
vt 0.6479100 0.2404200
vt 0.6488400 0.2403900
f 118/342/118 117/343/117 24/344/24
vt 0.6458100 0.2380000
vt 0.6449300 0.2380000
vt 0.6449200 0.2386000
f 118/345/118 119/346/119 117/347/117
vt 0.6486700 0.2354300
vt 0.6478000 0.2354500
vt 0.6478100 0.2360900
f 147/348/147 119/349/119 118/350/118
vt 0.6457000 0.2336400
vt 0.6448600 0.2343000
vt 0.6457300 0.2342600
f 47/351/47 119/352/119 147/353/147
vt 0.6455600 0.2543000
vt 0.6444400 0.2551700
vt 0.6456000 0.2551100
f 145/354/145 46/355/46 146/356/146
vt 0.6444900 0.2559700
f 146/356/146 46/355/46 120/357/120
vt 0.6454700 0.2493000
vt 0.6442900 0.2501300
vt 0.6454700 0.2501300
f 44/358/44 46/359/46 145/360/145
vt 0.6492300 0.2492600
vt 0.6481000 0.2492800
vt 0.6481100 0.2501000
f 121/361/121 44/362/44 145/363/145
vt 0.6465000 0.2705400
vt 0.6456200 0.2705300
vt 0.6456000 0.2711300
f 22/364/22 43/365/43 123/366/123
vt 0.6464700 0.2674400
vt 0.6456000 0.2674600
vt 0.6456200 0.2680800
f 122/367/122 42/368/42 43/369/43
vt 0.6493700 0.2686300
vt 0.6485100 0.2692800
vt 0.6493900 0.2692600
f 122/370/122 43/371/43 22/372/22
vt 0.6463200 0.2643700
vt 0.6454200 0.2644400
vt 0.6454700 0.2650300
f 23/373/23 39/374/39 42/375/42
vt 0.6493000 0.2648700
vt 0.6484300 0.2655000
vt 0.6493100 0.2654800
f 23/376/23 42/377/42 122/378/122
vt 0.6462100 0.2876200
vt 0.6450500 0.2876800
vt 0.6451000 0.2884800
f 142/379/142 37/380/37 38/381/38
vt 0.6499400 0.2875100
vt 0.6488400 0.2883100
vt 0.6499500 0.2883000
f 142/382/142 38/383/38 21/384/21
vt 0.6461000 0.2834700
vt 0.6449300 0.2843300
vt 0.6461100 0.2843100
f 141/385/141 37/386/37 142/387/142
vt 0.6461000 0.2818200
vt 0.6449200 0.2826400
vt 0.6460900 0.2826400
f 36/388/36 37/389/37 141/390/141
vt 0.6496900 0.2766400
vt 0.6486600 0.2766800
vt 0.6486700 0.2773500
f 141/391/141 123/392/123 36/393/36
vt 0.6499300 0.3018200
vt 0.6490500 0.3018300
vt 0.6490600 0.3024600
f 139/394/139 35/395/35 128/396/128
vt 0.6499600 0.3037000
vt 0.6490800 0.3043300
vt 0.6499800 0.3043100
f 139/397/139 128/398/128 140/399/140
vt 0.6499100 0.3005500
vt 0.6490400 0.3005600
vt 0.6490400 0.3012000
f 139/400/139 34/401/34 35/402/35
vt 0.6499000 0.2999100
f 124/403/124 34/401/34 139/400/139
vt 0.6468100 0.2956900
vt 0.6459400 0.2963600
vt 0.6468500 0.2962900
f 33/404/33 34/405/34 124/406/124
vt 0.6508600 0.3249700
vt 0.6497200 0.3250600
vt 0.6498800 0.3266200
f 125/407/125 31/408/31 149/409/149
vt 0.6507300 0.3228800
vt 0.6495600 0.3229600
vt 0.6496300 0.3238900
f 125/410/125 30/411/30 31/412/31
vt 0.6466300 0.3206800
vt 0.6454300 0.3216100
vt 0.6466800 0.3215200
f 126/413/126 30/414/30 125/415/125
vt 0.6465200 0.3180500
vt 0.6452700 0.3180800
vt 0.6453000 0.3189800
f 126/416/126 29/417/29 30/418/30
vt 0.6465600 0.3121300
vt 0.6453900 0.3120800
vt 0.6453500 0.3128700
f 127/419/127 129/420/129 29/421/29
vt 0.6465000 0.3145700
vt 0.6452700 0.3154100
vt 0.6464900 0.3154200
f 127/422/127 29/423/29 126/424/126
vt 0.6426800 0.2438600
vt 0.6431900 0.2439300
vt 0.6432800 0.2432700
f 45/425/45 44/426/44 117/427/117
vt 0.6423200 0.2418700
vt 0.6430000 0.2419700
vt 0.6430900 0.2413800
f 426/428/426 45/429/45 117/430/117
vt 0.6432600 0.2611500
vt 0.6437400 0.2610600
vt 0.6436200 0.2604300
f 40/431/40 39/432/39 120/433/120
vt 0.6426000 0.2762600
vt 0.6433400 0.2763700
vt 0.6434500 0.2757100
f 414/434/414 36/435/36 123/436/123
vt 0.6438500 0.2936500
vt 0.6443200 0.2935700
vt 0.6442000 0.2929400
f 34/437/34 33/438/33 38/439/38
vt 0.6437100 0.2930200
vt 0.6440900 0.2922800
vt 0.6435800 0.2923700
f 34/440/34 38/441/38 416/442/416
vt 0.6437400 0.3089300
vt 0.6442500 0.3090100
vt 0.6443600 0.3083500
f 28/443/28 129/444/129 128/445/128
vt 0.6438600 0.3082700
f 28/443/28 128/445/128 35/446/35
vt 0.6449000 0.3359700
vt 0.6456500 0.3359200
vt 0.6452800 0.3339300
f 495/447/495 152/448/152 130/449/130
vt 0.6442500 0.1993200
vt 0.6446700 0.1993000
vt 0.6447400 0.1983500
f 131/450/131 113/451/113 151/452/151
vt 0.6451700 0.1981800
vt 0.6456700 0.1968700
vt 0.6450400 0.1973500
f 151/453/151 518/454/518 131/455/131
vt 0.6452800 0.1958900
f 131/455/131 518/454/518 390/456/390
vt 0.6462700 0.3466400
vt 0.6468000 0.3465900
vt 0.6465500 0.3407500
f 132/457/132 133/458/133 152/459/152
vt 0.6473800 0.3465700
vt 0.6471200 0.3407200
f 133/458/133 134/460/134 136/461/136
f 133/458/133 136/461/136 152/459/152
vt 0.6467100 0.3568700
vt 0.6472400 0.3568400
f 132/462/132 135/463/135 133/458/133
f 135/463/135 134/460/134 133/458/133
vt 0.6452700 0.3408800
vt 0.6458900 0.3377800
vt 0.6451500 0.3378500
f 137/464/137 152/465/152 495/466/495
vt 0.6454900 0.3467200
vt 0.6460300 0.3408000
f 137/467/137 132/457/132 152/468/152
vt 0.6424500 0.2285500
vt 0.6429300 0.2284600
vt 0.6428000 0.2278200
f 52/469/52 47/470/47 53/471/53
vt 0.6523200 0.3144700
vt 0.6518000 0.3144900
vt 0.6518300 0.3153300
f 20/472/20 127/473/127 126/474/126
vt 0.6523500 0.3153100
f 20/472/20 126/474/126 138/475/138
vt 0.6530900 0.3144400
vt 0.6531200 0.3152800
f 20/476/20 138/475/138 321/477/321
vt 0.6525600 0.3203600
vt 0.6520300 0.3203800
vt 0.6520700 0.3212000
f 138/478/138 126/479/126 125/480/125
vt 0.6527500 0.3248200
vt 0.6523400 0.3263800
vt 0.6528300 0.3263000
f 138/481/138 125/482/125 149/483/149
vt 0.6534900 0.3247300
vt 0.6535600 0.3261700
f 138/484/138 149/483/149 468/485/468
vt 0.6513800 0.2986400
vt 0.6509700 0.2992700
vt 0.6513800 0.2992600
f 124/486/124 139/487/139 409/488/409
vt 0.6520200 0.2980300
vt 0.6520200 0.2986400
f 21/489/21 124/486/124 409/490/409
vt 0.6514100 0.3011600
vt 0.6510100 0.3018000
vt 0.6514200 0.3017900
f 409/491/409 139/492/139 140/493/140
vt 0.6524300 0.2793300
vt 0.6517100 0.2801500
vt 0.6524600 0.2801100
f 412/494/412 141/495/141 142/496/142
vt 0.6518400 0.2875000
vt 0.6513300 0.2882900
vt 0.6518400 0.2882900
f 142/497/142 21/498/21 412/499/412
vt 0.6508100 0.2642700
vt 0.6503900 0.2642600
vt 0.6503900 0.2648600
f 424/500/424 23/501/23 122/502/122
vt 0.6514500 0.2654800
vt 0.6508100 0.2660900
vt 0.6514500 0.2660900
f 424/503/424 122/504/122 467/505/467
vt 0.6514900 0.2685800
vt 0.6508500 0.2685900
vt 0.6508700 0.2692200
f 467/506/467 122/507/122 22/508/22
vt 0.6509400 0.2453600
vt 0.6504500 0.2453900
vt 0.6504900 0.2461200
f 24/509/24 121/510/121 143/511/143
vt 0.6516900 0.2453000
vt 0.6510000 0.2460900
f 423/512/423 24/509/24 143/513/143
vt 0.6516200 0.2445900
f 7/514/7 24/509/24 423/512/423
vt 0.6505900 0.2484200
vt 0.6500300 0.2484400
vt 0.6500500 0.2492400
f 143/515/143 121/516/121 145/517/145
vt 0.6511300 0.2492100
vt 0.6506400 0.2500400
vt 0.6511500 0.2500300
f 143/518/143 145/519/145 144/520/144
vt 0.6518900 0.2491900
f 423/521/423 143/518/143 144/520/144
vt 0.6512100 0.2533400
vt 0.6507100 0.2541600
vt 0.6512200 0.2541600
f 144/522/144 145/523/145 146/524/146
vt 0.6508700 0.2299200
vt 0.6502000 0.2298900
vt 0.6501600 0.2304800
f 7/525/7 148/526/148 147/527/147
vt 0.6501800 0.2360200
vt 0.6497700 0.2360400
vt 0.6497900 0.2366700
f 7/528/7 147/529/147 118/530/118
vt 0.6502700 0.2385000
vt 0.6498800 0.2391300
vt 0.6503000 0.2391000
f 7/531/7 118/532/118 24/533/24
vt 0.6506500 0.2163600
vt 0.6501200 0.2163500
vt 0.6501100 0.2171900
f 80/534/80 78/535/78 115/536/115
vt 0.6514200 0.2163700
vt 0.6506300 0.2172000
vt 0.6514100 0.2172100
f 80/537/80 115/538/115 428/539/428
vt 0.6513800 0.2197400
vt 0.6506100 0.2197300
vt 0.6506000 0.2205700
f 428/540/428 115/541/115 148/542/148
vt 0.6512300 0.2260800
vt 0.6504400 0.2267400
vt 0.6511800 0.2267800
f 428/543/428 148/544/148 7/545/7
vt 0.6441800 0.2090000
vt 0.6456300 0.2071900
vt 0.6445200 0.2070100
f 116/546/116 81/547/81 113/548/113
vt 0.6446500 0.2427800
vt 0.6456900 0.2422300
vt 0.6447000 0.2421600
f 44/549/44 24/550/24 117/551/117
vt 0.6446000 0.2434100
vt 0.6456300 0.2434800
vt 0.6456600 0.2428500
f 44/552/44 121/553/121 24/554/24
vt 0.6483400 0.2612500
vt 0.6493300 0.2606300
vt 0.6483300 0.2606300
f 39/555/39 23/556/23 146/557/146
vt 0.6450100 0.2608600
vt 0.6459600 0.2601200
vt 0.6449300 0.2602300
f 39/558/39 146/559/146 120/560/120
vt 0.6486400 0.2760300
vt 0.6496600 0.2759900
vt 0.6496300 0.2753600
f 123/561/123 141/562/141 22/563/22
vt 0.6456000 0.2933700
vt 0.6465500 0.2926300
vt 0.6455200 0.2927400
f 33/564/33 21/565/21 38/566/38
vt 0.6456700 0.2939900
vt 0.6466600 0.2938900
vt 0.6466100 0.2932700
f 33/567/33 124/568/124 21/569/21
vt 0.6491300 0.3080100
vt 0.6501100 0.3073500
vt 0.6491200 0.3073800
f 127/570/127 140/571/140 128/572/128
vt 0.6457600 0.3078800
vt 0.6467900 0.3079600
vt 0.6468300 0.3073400
f 129/573/129 127/574/127 128/575/128
vt 0.6474800 0.3357100
vt 0.6485500 0.3355800
vt 0.6482500 0.3335100
f 152/576/152 150/577/150 149/578/149
vt 0.6471700 0.3336700
f 152/576/152 149/578/149 130/579/130
vt 0.6467900 0.3314200
vt 0.6475400 0.3289700
vt 0.6464100 0.3291500
f 130/580/130 149/581/149 31/582/31
vt 0.6491700 0.1963700
vt 0.6502400 0.1958600
vt 0.6500500 0.1940200
f 151/583/151 617/584/617 519/585/519
vt 0.6490100 0.1947100
f 151/583/151 519/585/519 518/586/518
vt 0.6522700 0.3567300
vt 0.6529800 0.3464100
vt 0.6518700 0.3464400
f 153/587/153 181/588/181 134/589/134
vt 0.6526600 0.3404200
f 134/589/134 181/588/181 8/590/8
vt 0.6515500 0.3404900
f 134/589/134 8/590/8 136/591/136
vt 0.6523800 0.3372000
f 136/591/136 8/590/8 150/592/150
vt 0.6512800 0.3373000
f 136/591/136 150/592/150 152/593/152
vt 0.6476200 0.2286200
vt 0.6486100 0.2286100
vt 0.6486200 0.2279800
f 47/594/47 147/595/147 148/596/148
vt 0.6443200 0.2288700
vt 0.6452600 0.2281200
vt 0.6442300 0.2282400
f 47/597/47 148/598/148 53/599/53
vt 0.6754700 0.5020600
vt 0.6766100 0.5020400
vt 0.6758000 0.4902100
f 94/600/94 95/601/95 90/602/90
vt 0.6772400 0.2176600
vt 0.6766200 0.2185500
vt 0.6772300 0.2185600
f 157/603/157 156/604/156 154/605/154
vt 0.6772000 0.2194500
vt 0.6766000 0.2194300
vt 0.6765700 0.2203100
f 154/606/154 156/607/156 155/608/155
vt 0.6778000 0.2131400
vt 0.6772300 0.2140500
vt 0.6778200 0.2140300
f 159/609/159 158/610/158 157/611/157
vt 0.6772600 0.2158500
vt 0.6766400 0.2158500
vt 0.6766400 0.2167500
f 157/612/157 158/613/158 156/614/156
vt 0.6776300 0.2097300
vt 0.6786300 0.2096500
f 98/80/98 159/615/159 458/616/458
vt 0.6786300 0.2111100
vt 0.6777600 0.2122200
vt 0.6786600 0.2121900
f 458/617/458 159/618/159 157/619/157
vt 0.6773300 0.2399600
vt 0.6767900 0.2406500
vt 0.6774500 0.2405200
f 26/620/26 164/621/164 163/622/163
vt 0.6788400 0.2546600
vt 0.6780300 0.2546200
vt 0.6779900 0.2554500
f 456/623/456 162/624/162 161/625/161
vt 0.6788800 0.2511400
vt 0.6780800 0.2520300
vt 0.6788900 0.2520300
f 163/626/163 162/627/162 456/628/456
vt 0.6785500 0.2459500
vt 0.6777600 0.2460400
vt 0.6778500 0.2468500
f 163/629/163 164/630/164 162/631/162
vt 0.6775000 0.2691600
vt 0.6769300 0.2697900
vt 0.6775400 0.2697300
f 167/632/167 166/633/166 165/634/165
vt 0.6764900 0.2639000
vt 0.6760400 0.2644600
vt 0.6764600 0.2644700
f 190/635/190 168/636/168 167/637/167
vt 0.6764200 0.2656500
vt 0.6760100 0.2656400
vt 0.6760000 0.2662400
f 167/638/167 168/639/168 166/640/166
vt 0.6787000 0.2854500
vt 0.6781400 0.2863000
vt 0.6786800 0.2863200
f 170/641/170 172/642/172 169/643/169
vt 0.6786400 0.2819500
vt 0.6781200 0.2828400
vt 0.6786700 0.2828200
f 171/644/171 172/645/172 170/646/170
vt 0.6788100 0.2762200
vt 0.6780600 0.2763500
vt 0.6781800 0.2770700
f 170/647/170 25/648/25 171/649/171
vt 0.6775000 0.3005700
vt 0.6771100 0.3005900
vt 0.6771400 0.3011900
f 175/650/175 174/651/174 173/652/173
vt 0.6775400 0.2964700
vt 0.6771000 0.2970200
vt 0.6775000 0.2970400
f 180/653/180 174/654/174 175/655/175
vt 0.6805200 0.3174200
vt 0.6796600 0.3174400
vt 0.6796700 0.3183600
f 433/656/433 177/657/177 176/658/176
vt 0.6803200 0.3137100
vt 0.6795400 0.3146800
vt 0.6803900 0.3146200
f 178/659/178 177/660/177 433/661/433
vt 0.6740000 0.2086200
vt 0.6751000 0.2084400
vt 0.6746900 0.2063300
f 74/662/74 159/663/159 27/664/27
vt 0.6731200 0.2040200
vt 0.6741400 0.2038000
vt 0.6735000 0.2008400
f 74/665/74 27/666/27 96/667/96
vt 0.6724600 0.2010500
f 74/665/74 96/667/96 187/668/187
vt 0.6745400 0.2428300
vt 0.6754100 0.2421000
vt 0.6744800 0.2422000
f 189/669/189 164/670/164 72/671/72
vt 0.6753300 0.2414800
f 72/671/72 164/670/164 26/672/26
vt 0.6718200 0.2614400
vt 0.6726900 0.2608000
vt 0.6717900 0.2608300
f 62/673/62 190/674/190 179/675/179
vt 0.6748000 0.2602100
vt 0.6757300 0.2602800
vt 0.6757900 0.2596400
f 179/676/179 190/677/190 161/678/161
vt 0.6750400 0.2741300
vt 0.6758700 0.2734300
vt 0.6749800 0.2735200
f 59/679/59 25/680/25 64/681/64
vt 0.6724200 0.2933900
vt 0.6733000 0.2927300
vt 0.6723900 0.2927700
f 56/682/56 180/683/180 61/684/61
vt 0.6757300 0.3284500
vt 0.6770500 0.3265400
vt 0.6759700 0.3264100
f 18/685/18 176/686/176 185/687/185
vt 0.6718100 0.3326300
vt 0.6731000 0.3304400
vt 0.6721000 0.3303200
f 184/688/184 18/689/18 185/690/185
vt 0.6747200 0.3370400
vt 0.6758800 0.3351700
vt 0.6748900 0.3350800
f 2/691/2 18/692/18 184/693/184
vt 0.6713900 0.3368400
vt 0.6724100 0.3369000
vt 0.6725900 0.3348700
f 183/694/183 2/695/2 184/696/184
vt 0.6712200 0.3400800
f 8/697/8 2/695/2 183/694/183
vt 0.6711100 0.3460700
vt 0.6722400 0.3401000
f 181/698/181 2/699/2 8/697/8
vt 0.6681300 0.1977800
vt 0.6692300 0.1935500
vt 0.6682100 0.1935800
f 187/700/187 96/701/96 182/702/182
vt 0.6715000 0.1893900
vt 0.6725300 0.1857000
vt 0.6715300 0.1856800
f 1/703/1 542/704/542 17/705/17
vt 0.6681900 0.1894100
vt 0.6691900 0.1894000
vt 0.6692300 0.1856300
f 11/706/11 1/707/1 17/708/17
f 182/702/182 96/701/96 1/707/1
f 182/702/182 1/707/1 11/706/11
vt 0.6662600 0.1984200
vt 0.6666300 0.1938800
f 16/38/16 187/709/187 182/710/182
vt 0.6674300 0.3368700
vt 0.6693500 0.3346500
vt 0.6678600 0.3346400
f 183/711/183 184/712/184 401/713/401
vt 0.6700000 0.3276700
vt 0.6708400 0.3259600
vt 0.6701200 0.3258400
f 440/714/440 185/715/185 438/716/438
vt 0.6697000 0.3297800
vt 0.6703900 0.3300400
vt 0.6707000 0.3278500
f 440/717/440 184/718/184 185/719/185
vt 0.6711700 0.3074400
vt 0.6716100 0.3074600
vt 0.6716500 0.3068400
f 435/720/435 54/721/54 191/722/191
vt 0.6720700 0.3074800
vt 0.6727400 0.3068700
vt 0.6720900 0.3068500
f 54/723/54 178/724/178 191/725/191
vt 0.6712200 0.3068200
vt 0.6716800 0.3062300
vt 0.6712600 0.3062100
f 435/726/435 191/727/191 58/728/58
vt 0.6698700 0.2741600
vt 0.6705500 0.2742000
vt 0.6706000 0.2735900
f 445/729/445 59/730/59 64/731/64
vt 0.6701400 0.2596900
vt 0.6705300 0.2590000
vt 0.6700700 0.2590400
f 62/732/62 179/733/179 186/734/186
vt 0.6695200 0.2604000
vt 0.6694300 0.2597600
f 451/735/451 62/732/62 186/736/186
vt 0.6688700 0.2271600
vt 0.6695800 0.2271000
vt 0.6695200 0.2264400
f 67/737/67 69/738/69 77/739/77
vt 0.6721000 0.2242200
vt 0.6711000 0.2249600
vt 0.6721000 0.2249400
f 155/740/155 77/741/77 160/742/160
vt 0.6721100 0.2256400
vt 0.6711200 0.2256600
vt 0.6711500 0.2263400
f 160/743/160 77/744/77 69/745/69
vt 0.6757300 0.2202900
vt 0.6745900 0.2211100
vt 0.6757000 0.2211400
f 156/746/156 77/747/77 155/748/155
vt 0.6757700 0.2185300
vt 0.6746300 0.2185200
vt 0.6746200 0.2194000
f 156/749/156 75/750/75 77/751/77
vt 0.6757700 0.2158600
vt 0.6746200 0.2167600
vt 0.6757800 0.2167500
f 158/752/158 75/753/75 156/754/156
vt 0.6715600 0.2089600
vt 0.6706800 0.2106100
vt 0.6717200 0.2105200
f 74/755/74 73/756/73 159/757/159
vt 0.6718200 0.2117100
vt 0.6708000 0.2127100
vt 0.6718800 0.2126500
f 159/758/159 73/759/73 158/760/158
vt 0.6708400 0.2135200
f 158/760/158 73/759/73 75/761/75
vt 0.6749200 0.2373500
vt 0.6741200 0.2373900
vt 0.6741500 0.2380000
f 26/762/26 71/763/71 72/764/72
vt 0.6722000 0.2349700
vt 0.6714100 0.2349800
vt 0.6714200 0.2356100
f 188/765/188 68/766/68 71/767/71
vt 0.6748400 0.2355300
vt 0.6740700 0.2361700
vt 0.6748600 0.2361400
f 188/768/188 71/769/71 26/770/26
vt 0.6748600 0.2319000
vt 0.6740400 0.2324800
vt 0.6748400 0.2324900
f 160/771/160 68/772/68 188/773/188
vt 0.6721500 0.2294500
vt 0.6712900 0.2294700
vt 0.6713100 0.2300700
f 160/774/160 69/775/69 68/776/68
vt 0.6760800 0.2553600
vt 0.6750000 0.2553300
vt 0.6749900 0.2561000
f 162/777/162 179/778/179 161/779/161
vt 0.6761200 0.2520400
vt 0.6750200 0.2520500
vt 0.6750300 0.2528900
f 162/780/162 65/781/65 179/782/179
vt 0.6760300 0.2486400
vt 0.6749700 0.2495200
vt 0.6760700 0.2494800
f 164/783/164 65/784/65 162/785/162
vt 0.6724200 0.2456800
vt 0.6714200 0.2464300
vt 0.6724400 0.2464100
f 189/786/189 65/787/65 164/788/164
vt 0.6758000 0.2728400
f 165/789/165 64/681/64 25/680/25
vt 0.6754700 0.2686800
vt 0.6746900 0.2693300
vt 0.6754900 0.2692900
f 166/790/166 63/791/63 165/792/165
vt 0.6755300 0.2698900
vt 0.6747200 0.2699400
vt 0.6747600 0.2705500
f 165/793/165 63/794/63 64/795/64
vt 0.6727800 0.2662700
vt 0.6719800 0.2662900
vt 0.6720000 0.2669100
f 168/796/168 62/797/62 63/798/63
vt 0.6754200 0.2668500
vt 0.6746200 0.2668600
vt 0.6746300 0.2674800
f 168/799/168 63/800/63 166/801/166
vt 0.6755300 0.2626700
vt 0.6746600 0.2632200
vt 0.6755000 0.2632600
f 190/802/190 62/803/62 168/804/168
vt 0.6765300 0.2908600
vt 0.6755000 0.2914800
vt 0.6764800 0.2915400
f 172/805/172 61/806/61 180/807/180
vt 0.6767200 0.2871100
vt 0.6756400 0.2870900
vt 0.6756300 0.2878800
f 172/808/172 60/809/60 61/810/61
vt 0.6766900 0.2820300
vt 0.6755900 0.2820700
vt 0.6756200 0.2829100
f 25/811/25 59/812/59 60/813/60
vt 0.6767100 0.2828800
f 25/811/25 60/813/60 171/814/171
vt 0.6767400 0.2845900
vt 0.6756500 0.2854400
vt 0.6767500 0.2854400
f 171/815/171 60/816/60 172/817/172
vt 0.6765100 0.3054200
vt 0.6756300 0.3055100
vt 0.6756900 0.3061200
f 173/818/173 191/819/191 178/820/178
vt 0.6761100 0.3006300
vt 0.6753400 0.3012800
vt 0.6761400 0.3012400
f 174/821/174 191/822/191 173/823/173
vt 0.6760900 0.3000200
vt 0.6752900 0.3000400
vt 0.6753100 0.3006600
f 174/824/174 57/825/57 191/826/191
vt 0.6761100 0.2963900
vt 0.6752700 0.2969700
vt 0.6760900 0.2969800
f 180/827/180 56/828/56 174/829/174
vt 0.6752700 0.2975700
f 174/829/174 56/828/56 57/830/57
vt 0.6775500 0.3210200
vt 0.6763900 0.3209700
vt 0.6763500 0.3218100
f 176/831/176 192/832/192 185/833/185
vt 0.6775900 0.3174700
vt 0.6764400 0.3174800
vt 0.6764400 0.3183700
f 177/834/177 192/835/192 176/836/176
vt 0.6772800 0.3114400
vt 0.6762000 0.3115300
vt 0.6762500 0.3123200
f 178/837/178 54/838/54 55/839/55
vt 0.6774700 0.3139200
vt 0.6763400 0.3139800
vt 0.6763800 0.3148400
f 177/840/177 55/841/55 192/842/192
vt 0.6774200 0.3130700
f 178/843/178 55/841/55 177/840/177
vt 0.6527900 0.3722500
vt 0.6533500 0.3567100
f 3/844/3 181/845/181 153/587/153
vt 0.6489200 0.4121200
f 112/315/112 111/314/111 193/846/193
vt 0.6481300 0.4121500
f 112/315/112 193/846/193 194/847/194
vt 0.6494400 0.4121100
f 111/314/111 135/848/135 193/846/193
vt 0.6499800 0.4121000
f 135/312/135 110/311/110 134/849/134
vt 0.6513900 0.4319900
vt 0.6507300 0.4120900
f 110/311/110 94/850/94 153/851/153
f 110/311/110 153/851/153 134/849/134
vt 0.6473600 0.3723600
f 193/852/193 135/463/135 132/462/132
vt 0.6465700 0.3724000
f 137/853/137 193/852/193 132/462/132
vt 0.6473400 0.3915400
f 194/854/194 193/852/193 137/853/137
vt 0.6632900 0.4118600
vt 0.6656700 0.4118200
vt 0.6653900 0.3911900
f 153/855/153 90/856/90 3/857/3
vt 0.6570400 0.4318900
vt 0.6579500 0.4318700
vt 0.6574600 0.4119700
f 94/858/94 90/859/90 153/860/153
vt 0.6764800 0.4116300
vt 0.6769800 0.4116200
vt 0.6770400 0.3909900
f 195/861/195 89/862/89 196/863/196
vt 0.6760300 0.3910000
vt 0.6766300 0.3718200
vt 0.6761100 0.3718200
f 90/864/90 195/865/195 3/866/3
vt 0.6760000 0.4315500
vt 0.6764900 0.4315400
f 90/867/90 84/868/84 195/861/195
f 84/868/84 89/862/89 195/861/195
vt 0.6777700 0.4116200
vt 0.6778300 0.3909900
f 89/862/89 197/869/197 198/870/198
f 89/862/89 198/870/198 196/863/196
vt 0.6771400 0.3718200
vt 0.6779300 0.3718300
vt 0.6780300 0.3563500
f 196/871/196 198/872/198 6/873/6
vt 0.6772500 0.3563100
f 196/871/196 6/873/6 5/874/5
f 195/865/195 196/871/196 5/874/5
vt 0.6767300 0.3563000
f 195/865/195 5/874/5 4/875/4
f 3/866/3 195/865/195 4/875/4
vt 0.4292800 0.2287400
vt 0.4294100 0.2279700
vt 0.4292500 0.2279400
f 366/876/366 367/877/367 199/878/199
vt 0.4291200 0.2287100
f 366/876/366 199/878/199 291/879/291
vt 0.4290800 0.2264200
vt 0.4291200 0.2258400
vt 0.4288500 0.2259800
f 199/880/199 560/881/560 566/882/566
vt 0.4289300 0.2279100
vt 0.4287600 0.2271900
vt 0.4286800 0.2279100
f 199/883/199 566/884/566 291/885/291
vt 0.4148500 0.2986800
vt 0.4148700 0.2927800
vt 0.4142900 0.2986000
f 374/886/374 200/887/200 381/888/381
vt 0.4143400 0.2926800
f 381/888/381 200/887/200 201/889/201
vt 0.4137500 0.2985100
f 381/888/381 201/889/201 202/890/202
vt 0.4135500 0.2925100
f 202/890/202 201/889/201 393/891/393
vt 0.4342700 0.2349200
vt 0.4343200 0.2347800
vt 0.4342300 0.2347500
f 332/892/332 337/893/337 336/894/336
vt 0.4341800 0.2348900
vt 0.4341000 0.2347000
f 332/895/332 336/894/336 425/896/425
vt 0.4356800 0.2911600
vt 0.4358300 0.2895500
vt 0.4343500 0.2896100
f 204/897/204 219/898/219 398/899/398
vt 0.4342000 0.2293200
vt 0.4341300 0.2288300
vt 0.4340900 0.2293300
f 207/900/207 600/901/600 206/902/206
vt 0.4341200 0.2298600
vt 0.4339900 0.2293500
vt 0.4337800 0.2299600
f 207/903/207 206/904/206 208/905/208
vt 0.4292700 0.2996000
vt 0.4268600 0.2939400
vt 0.4265800 0.2994900
f 205/906/205 209/907/209 365/908/365
vt 0.4342400 0.2996700
vt 0.4342100 0.2940200
vt 0.4320000 0.2941000
f 205/909/205 203/910/203 209/911/209
vt 0.4342000 0.2912800
vt 0.4320100 0.2915800
f 203/910/203 204/912/204 209/913/209
vt 0.4319500 0.2904400
f 204/912/204 398/914/398 209/913/209
vt 0.4295300 0.2906200
f 209/913/209 398/914/398 210/915/210
vt 0.4248400 0.2909800
vt 0.4246700 0.2937200
f 209/907/209 210/916/210 365/917/365
vt 0.4310400 0.2274700
vt 0.4310200 0.2265500
vt 0.4309600 0.2274400
f 601/918/601 368/919/368 367/920/367
vt 0.4315400 0.2294200
vt 0.4312000 0.2285100
vt 0.4312800 0.2294400
f 211/921/211 601/922/601 212/923/212
vt 0.4310600 0.2295200
vt 0.4308600 0.2284600
vt 0.4309300 0.2296500
f 213/924/213 367/925/367 214/926/214
vt 0.4311300 0.2294600
vt 0.4309200 0.2284900
f 215/927/215 367/928/367 213/924/213
vt 0.4310200 0.2284900
f 212/923/212 601/922/601 367/929/367
f 212/923/212 367/929/367 215/927/215
vt 0.4167600 0.2833700
vt 0.4172100 0.2820500
vt 0.4166700 0.2819200
f 216/930/216 358/931/358 437/932/437
vt 0.4156500 0.2865700
vt 0.4155900 0.2847800
vt 0.4149600 0.2864400
f 216/933/216 437/934/437 201/935/201
vt 0.4156200 0.2882700
vt 0.4151200 0.2881700
f 200/936/200 216/933/216 201/937/201
vt 0.4366700 0.2895700
vt 0.4368300 0.2879300
vt 0.4362200 0.2879000
f 204/938/204 218/939/218 219/940/219
vt 0.4362500 0.2616700
vt 0.4359900 0.2612300
vt 0.4359800 0.2616600
f 323/941/323 306/942/306 322/943/322
vt 0.4356400 0.2508800
vt 0.4355900 0.2505500
vt 0.4353500 0.2505900
f 326/944/326 328/945/328 466/946/466
vt 0.4357000 0.2512500
vt 0.4354100 0.2509200
vt 0.4354700 0.2512800
f 326/947/326 466/948/466 325/949/325
vt 0.4350300 0.2450400
vt 0.4350100 0.2447300
vt 0.4348200 0.2447400
f 419/950/419 305/951/305 418/952/418
vt 0.4199100 0.2688000
vt 0.4195700 0.2683600
vt 0.4195900 0.2688100
f 355/953/355 357/954/357 362/955/362
vt 0.4204800 0.2605900
vt 0.4202300 0.2600500
vt 0.4200800 0.2604500
f 221/956/221 447/957/447 357/958/357
vt 0.4224900 0.2501800
vt 0.4225000 0.2498200
vt 0.4222500 0.2498100
f 354/959/354 452/960/452 448/961/448
vt 0.4243900 0.2445100
vt 0.4242100 0.2441000
vt 0.4240800 0.2443800
f 449/962/449 345/963/345 350/964/350
vt 0.4264500 0.2367900
vt 0.4265000 0.2366200
vt 0.4263500 0.2365800
f 348/965/348 343/966/343 222/967/222
vt 0.4261500 0.2373800
vt 0.4262100 0.2371500
vt 0.4259800 0.2370900
f 348/968/348 222/969/222 349/970/349
vt 0.4278500 0.2341500
vt 0.4278600 0.2339800
vt 0.4277700 0.2341000
f 339/971/339 461/972/461 344/973/344
vt 0.4291500 0.2294000
f 224/974/224 366/876/366 291/879/291
vt 0.4410300 0.2726300
vt 0.4413400 0.2732300
vt 0.4413200 0.2726200
f 226/975/226 227/976/227 225/977/225
vt 0.4416700 0.2789400
vt 0.4421000 0.2795300
vt 0.4419800 0.2788900
f 228/978/228 408/979/408 227/980/227
vt 0.4420700 0.2809400
vt 0.4422700 0.2817700
vt 0.4426200 0.2817000
f 228/981/228 312/982/312 408/983/408
vt 0.4410000 0.2622400
vt 0.4415600 0.2624100
vt 0.4414500 0.2621000
f 229/984/229 410/985/410 415/986/415
vt 0.4414700 0.2641900
vt 0.4415100 0.2644900
vt 0.4420300 0.2644200
f 229/987/229 230/988/230 410/989/410
vt 0.4400100 0.2583200
vt 0.4404700 0.2587500
vt 0.4403700 0.2582500
f 310/990/310 415/991/415 232/992/232
vt 0.4402000 0.2593300
vt 0.4403100 0.2598200
vt 0.4406900 0.2597200
f 310/993/310 229/994/229 415/995/415
vt 0.4390000 0.2472700
vt 0.4393300 0.2474600
vt 0.4392800 0.2472100
f 240/996/240 309/997/309 233/998/233
vt 0.4361400 0.2384300
vt 0.4361900 0.2386900
vt 0.4363200 0.2386600
f 234/999/234 235/1000/235 308/1001/308
vt 0.4366900 0.2400900
vt 0.4369900 0.2403300
vt 0.4369000 0.2400300
f 308/1002/308 236/1003/236 421/1004/421
vt 0.4365400 0.2401300
vt 0.4366300 0.2404400
vt 0.4367700 0.2404000
f 235/1005/235 237/1006/237 236/1007/236
f 235/1005/235 236/1007/236 308/1002/308
vt 0.4371200 0.2420800
vt 0.4372300 0.2424200
vt 0.4373900 0.2423700
f 237/1008/237 238/1009/238 236/1010/236
vt 0.4375100 0.2427100
f 238/1009/238 239/1011/239 236/1010/236
vt 0.4376000 0.2434500
vt 0.4379100 0.2437000
vt 0.4377700 0.2433800
f 238/1012/238 240/1013/240 239/1014/239
vt 0.4357600 0.2361700
vt 0.4358900 0.2362400
vt 0.4358700 0.2361500
f 242/1015/242 244/1016/244 241/1017/241
vt 0.4360500 0.2362100
f 241/1017/241 244/1016/244 243/1018/243
vt 0.4359900 0.2315600
vt 0.4359700 0.2317900
vt 0.4360700 0.2318000
f 314/1019/314 245/1020/245 430/1021/430
vt 0.4359200 0.2325600
vt 0.4359100 0.2327500
vt 0.4359900 0.2327600
f 245/1022/245 246/1023/246 430/1024/430
vt 0.4358300 0.2333100
vt 0.4358000 0.2334900
vt 0.4358900 0.2335000
f 246/1025/246 247/1026/247 430/1027/430
vt 0.4357600 0.2342000
vt 0.4358600 0.2343800
vt 0.4358800 0.2342200
f 247/1028/247 432/1029/432 430/1030/430
vt 0.4355500 0.2345100
vt 0.4356200 0.2346800
vt 0.4356400 0.2345200
f 248/1031/248 432/1032/432 247/1033/247
vt 0.4233100 0.2724400
vt 0.4232500 0.2730700
vt 0.4235200 0.2731000
f 249/1034/249 250/1035/250 434/1036/434
vt 0.4234600 0.2737400
f 250/1035/250 251/1037/251 434/1036/434
vt 0.4227300 0.2783100
vt 0.4226600 0.2789800
vt 0.4229400 0.2790100
f 251/1038/251 252/1039/252 439/1040/439
vt 0.4233600 0.2797100
vt 0.4234100 0.2790500
f 439/1040/439 436/1041/436 251/1042/251
vt 0.4221600 0.2809900
vt 0.4224300 0.2818500
vt 0.4224800 0.2810200
f 364/1043/364 439/1044/439 252/1045/252
vt 0.4243200 0.2654500
vt 0.4242900 0.2657400
vt 0.4246000 0.2657800
f 253/1046/253 444/1047/444 254/1048/254
vt 0.4258800 0.2510100
vt 0.4261500 0.2514700
vt 0.4262200 0.2510800
f 256/1049/256 446/1050/446 453/1051/453
vt 0.4253300 0.2531900
vt 0.4254800 0.2537100
vt 0.4255400 0.2532200
f 257/1052/257 446/1053/446 256/1054/256
vt 0.4251900 0.2562700
vt 0.4251300 0.2568000
vt 0.4254900 0.2568300
f 257/1055/257 258/1056/258 446/1057/446
vt 0.4245900 0.2599200
vt 0.4248000 0.2604300
vt 0.4248300 0.2599400
f 259/1058/259 254/1059/254 258/1060/258
vt 0.4248700 0.2594300
vt 0.4252200 0.2599600
vt 0.4252600 0.2594600
f 258/1061/258 254/1062/254 446/1063/446
vt 0.4264400 0.2471600
vt 0.4264000 0.2473700
vt 0.4266300 0.2474100
f 449/1064/449 260/1065/260 453/1066/453
vt 0.4280500 0.2387700
vt 0.4279800 0.2390500
vt 0.4281800 0.2391100
f 261/1067/261 262/1068/262 264/1069/264
vt 0.4276900 0.2402900
vt 0.4276100 0.2406200
vt 0.4278400 0.2406700
f 262/1070/262 263/1071/263 264/1072/264
vt 0.4274000 0.2416400
vt 0.4273200 0.2420000
vt 0.4275700 0.2420400
f 263/1073/263 265/1074/265 264/1075/264
vt 0.4270000 0.2437900
vt 0.4269500 0.2441400
vt 0.4272300 0.2441700
f 265/1076/265 449/1077/449 264/1078/264
vt 0.4288900 0.2351500
vt 0.4289800 0.2352700
vt 0.4290000 0.2351700
f 373/1079/373 272/1080/272 266/1081/266
vt 0.4288100 0.2359900
vt 0.4289100 0.2361400
vt 0.4289400 0.2360200
f 267/1082/267 457/1083/457 272/1084/272
vt 0.4291000 0.2361900
vt 0.4291300 0.2360700
f 272/1084/272 457/1085/457 462/1086/462
vt 0.4287200 0.2358500
vt 0.4288400 0.2358800
f 373/1087/373 267/1082/267 272/1088/272
vt 0.4297400 0.2318000
vt 0.4297000 0.2319700
vt 0.4298200 0.2319900
f 363/1089/363 268/1090/268 460/1091/460
vt 0.4294400 0.2329600
vt 0.4294800 0.2331400
vt 0.4295100 0.2329700
f 269/1092/269 460/1093/460 268/1094/268
vt 0.4293400 0.2334700
vt 0.4293800 0.2336600
vt 0.4294100 0.2334900
f 269/1095/269 271/1096/271 460/1097/460
vt 0.4293000 0.2336500
vt 0.4292600 0.2338200
vt 0.4293400 0.2338400
f 269/1098/269 270/1099/270 271/1100/271
vt 0.4291400 0.2339800
vt 0.4291000 0.2341500
vt 0.4291900 0.2341700
f 270/1101/270 266/1102/266 271/1103/271
vt 0.4291500 0.2343400
vt 0.4291200 0.2345000
vt 0.4292100 0.2345100
f 271/1104/271 266/1105/266 272/1106/272
vt 0.4292700 0.2341800
vt 0.4292400 0.2343500
vt 0.4293800 0.2343800
f 271/1107/271 272/1108/272 462/1109/462
vt 0.4294100 0.2342100
f 271/1107/271 462/1109/462 460/1110/460
vt 0.4346900 0.2310500
vt 0.4346100 0.2306700
vt 0.4345100 0.2307000
f 304/1111/304 273/1112/273 274/1113/274
vt 0.4345100 0.2302500
vt 0.4342700 0.2298200
vt 0.4343900 0.2302800
f 273/1114/273 207/1115/207 274/1116/274
vt 0.4342700 0.2303200
f 274/1117/274 207/903/207 208/905/208
vt 0.4340900 0.2303600
f 274/1117/274 208/905/208 427/1118/427
vt 0.4345800 0.2313900
vt 0.4345100 0.2310900
vt 0.4343700 0.2311100
f 334/1119/334 274/1120/274 427/1121/427
vt 0.4346600 0.2313800
f 304/1122/304 274/1120/274 334/1119/334
vt 0.4232400 0.4213600
vt 0.4213000 0.3990300
vt 0.4207600 0.4213000
f 303/1123/303 280/1124/280 276/1125/276
vt 0.4333500 0.4215900
vt 0.4338600 0.3993300
vt 0.4321400 0.3993000
f 303/1126/303 378/1127/378 280/1128/280
vt 0.4092700 0.4582200
vt 0.4099500 0.4406300
vt 0.4093300 0.4406100
f 279/1129/279 276/1130/276 275/1131/275
vt 0.4086300 0.4582100
vt 0.4086900 0.4405900
vt 0.4079900 0.4581800
f 275/1132/275 277/1133/277 278/1134/278
vt 0.4105300 0.4209900
vt 0.4110800 0.3986800
vt 0.4104600 0.3986500
f 276/1135/276 280/1136/280 281/1137/281
vt 0.4099100 0.4209700
f 276/1135/276 281/1137/281 275/1138/275
vt 0.4098400 0.3986300
f 275/1138/275 281/1137/281 282/1139/282
vt 0.4092800 0.4209500
f 275/1138/275 282/1139/282 277/1140/277
vt 0.4088400 0.3986000
f 277/1140/277 282/1139/282 480/1141/480
vt 0.4082700 0.4209200
vt 0.4076700 0.4405600
f 277/1133/277 480/1142/480 478/1143/478
f 278/1134/278 277/1133/277 478/1143/478
vt 0.4069600 0.4581400
f 278/1134/278 478/1143/478 477/1144/477
vt 0.4071100 0.4744200
f 286/1145/286 278/1134/278 477/1144/477
vt 0.4060800 0.4743600
f 286/1145/286 477/1144/477 479/1146/479
vt 0.4077600 0.4744400
f 283/1147/283 275/1132/275 278/1134/278
f 283/1147/283 278/1134/278 286/1145/286
vt 0.4084100 0.4744500
f 279/1148/279 275/1132/275 283/1147/283
vt 0.4056100 0.5037300
vt 0.4060400 0.4897600
vt 0.4049400 0.5037200
f 284/1149/284 286/1150/286 285/1151/285
vt 0.4058400 0.5246500
vt 0.4054100 0.5155900
vt 0.4048000 0.5246900
f 288/1152/288 284/1153/284 287/1154/287
vt 0.4083300 0.4897800
vt 0.4093300 0.4744600
f 288/1155/288 276/1156/276 279/1148/279
vt 0.4073800 0.4897800
f 288/1155/288 279/1148/279 284/1157/284
f 284/1157/284 279/1148/279 283/1147/283
vt 0.4067000 0.4897700
f 284/1158/284 283/1147/283 286/1145/286
vt 0.4050200 0.4897000
f 286/1150/286 479/1146/479 498/1159/498
f 285/1151/285 286/1150/286 498/1159/498
vt 0.4039300 0.5036600
f 285/1151/285 498/1159/498 289/1160/289
vt 0.4034200 0.5247300
vt 0.4040200 0.5156100
vt 0.4030200 0.5155700
f 290/1161/290 285/1162/285 289/1163/289
vt 0.4024500 0.5247200
f 290/1161/290 289/1163/289 484/1164/484
vt 0.4040700 0.5247200
vt 0.4046900 0.5156100
f 287/1165/287 284/1166/284 285/1162/285
f 287/1165/287 285/1162/285 290/1161/290
vt 0.4244200 0.5038000
vt 0.4246900 0.4899700
vt 0.4214400 0.4899100
f 297/1167/297 276/1168/276 288/1169/288
vt 0.4273600 0.2286900
vt 0.4270000 0.2285900
vt 0.4270200 0.2288400
f 291/1170/291 292/1171/292 491/1172/491
vt 0.4273500 0.2289900
f 291/1170/291 491/1172/491 224/1173/224
vt 0.4276600 0.2294900
vt 0.4272900 0.2294200
vt 0.4275900 0.2297300
f 224/1174/224 491/1175/491 459/1176/459
vt 0.4283200 0.2301100
vt 0.4280100 0.2298200
vt 0.4279300 0.2301200
f 223/1177/223 224/1178/224 459/1179/459
vt 0.4274900 0.2274600
vt 0.4270500 0.2279200
vt 0.4274400 0.2279100
f 566/1180/566 292/1181/292 291/1182/291
vt 0.4466200 0.5254100
vt 0.4453300 0.5163000
vt 0.4456500 0.5253900
f 295/1183/295 293/1184/293 503/1185/503
vt 0.4463300 0.5162900
vt 0.4458200 0.5044200
vt 0.4448000 0.5044400
f 295/1186/295 384/1187/384 293/1188/293
vt 0.4452300 0.4904800
vt 0.4447600 0.4751600
vt 0.4437300 0.4751700
f 384/1189/384 386/1190/386 296/1191/296
vt 0.4442100 0.4904900
f 384/1189/384 296/1191/296 293/1192/293
vt 0.4430600 0.4751600
vt 0.4435300 0.4904900
f 293/1192/293 296/1193/296 294/1194/294
vt 0.4428000 0.4904600
vt 0.4423500 0.4751400
vt 0.4413700 0.4751200
f 294/1195/294 296/1196/296 303/1197/303
vt 0.4433500 0.5043900
vt 0.4417600 0.4904200
vt 0.4422700 0.5043400
f 294/1198/294 303/1199/303 297/1200/297
vt 0.4446400 0.5162800
f 503/1185/503 293/1184/293 294/1201/294
vt 0.4449700 0.5253600
f 503/1185/503 294/1201/294 298/1202/298
vt 0.4435700 0.4413800
vt 0.4438800 0.4217600
vt 0.4432300 0.4217500
f 299/1203/299 300/1204/300 375/1205/375
vt 0.4429100 0.4413700
vt 0.4425600 0.4217400
f 299/1206/299 375/1205/375 303/1207/303
vt 0.4445400 0.4589500
vt 0.4435100 0.4589500
f 386/1190/386 483/1208/483 299/1209/299
f 386/1190/386 299/1209/299 296/1191/296
vt 0.4446000 0.4413900
f 483/1208/483 301/1210/301 299/1203/299
vt 0.4448900 0.4217800
f 301/1210/301 302/1211/302 300/1204/300
f 301/1210/301 300/1204/300 299/1203/299
vt 0.4430700 0.3994600
f 375/1205/375 378/1212/378 303/1207/303
vt 0.4428500 0.4589400
vt 0.4421600 0.4589300
f 296/1193/296 299/1213/299 303/1214/303
vt 0.4362500 0.2304600
vt 0.4362300 0.2300500
vt 0.4360700 0.2300900
f 430/1215/430 394/1216/394 314/1217/314
vt 0.4360500 0.2297400
f 394/1216/394 338/1218/338 314/1217/314
vt 0.4348100 0.2336900
vt 0.4347800 0.2338600
vt 0.4349400 0.2338900
f 335/1219/335 337/1220/337 248/1221/248
vt 0.4353600 0.2337800
vt 0.4355000 0.2339800
vt 0.4355300 0.2338100
f 335/1222/335 248/1223/248 247/1224/247
vt 0.4348900 0.2331800
vt 0.4350300 0.2333700
vt 0.4350500 0.2332000
f 335/1225/335 247/1226/247 246/1227/246
vt 0.4349400 0.2326700
vt 0.4349300 0.2328400
vt 0.4350900 0.2328500
f 334/1228/334 335/1229/335 246/1230/246
vt 0.4355200 0.2323400
vt 0.4356900 0.2325400
vt 0.4357100 0.2323500
f 334/1231/334 246/1232/246 245/1233/245
vt 0.4349500 0.2319900
vt 0.4351200 0.2321500
vt 0.4351200 0.2319800
f 304/1234/304 334/1235/334 245/1236/245
vt 0.4343000 0.2368100
vt 0.4343100 0.2369200
vt 0.4346000 0.2369000
f 332/1237/332 333/1238/333 244/1239/244
vt 0.4346000 0.2368000
f 332/1237/332 244/1239/244 242/1240/242
vt 0.4351600 0.2354500
vt 0.4353800 0.2355400
vt 0.4353800 0.2354500
f 332/1241/332 242/1242/242 248/1243/248
vt 0.4367300 0.2437300
vt 0.4368200 0.2440800
vt 0.4372300 0.2439600
f 238/1244/238 305/1245/305 240/1246/240
vt 0.4352700 0.2429000
vt 0.4353300 0.2432700
vt 0.4356900 0.2432100
f 331/1247/331 305/1248/305 238/1249/238
vt 0.4361700 0.2416100
vt 0.4365900 0.2418600
vt 0.4365000 0.2415200
f 331/1250/331 238/1251/238 237/1252/237
vt 0.4350300 0.2414800
vt 0.4354200 0.2417700
vt 0.4353500 0.2414300
f 330/1253/330 331/1254/331 237/1255/237
vt 0.4358600 0.2402900
vt 0.4362400 0.2405400
vt 0.4361700 0.2402200
f 330/1256/330 237/1257/237 235/1258/235
vt 0.4346600 0.2392600
vt 0.4347100 0.2395500
vt 0.4350000 0.2395100
f 329/1259/329 330/1260/330 235/1261/235
vt 0.4355500 0.2388100
vt 0.4358900 0.2390300
vt 0.4358400 0.2387600
f 329/1262/329 235/1263/235 234/1264/234
vt 0.4379000 0.2494200
vt 0.4379200 0.2496700
vt 0.4384900 0.2496400
f 309/1265/309 328/1266/328 231/1267/231
vt 0.4376600 0.2475200
vt 0.4382800 0.2476500
vt 0.4382400 0.2474200
f 328/1268/328 309/1269/309 240/1270/240
vt 0.4375000 0.2466900
vt 0.4375400 0.2468900
vt 0.4381000 0.2467700
f 419/1271/419 328/1272/328 240/1273/240
vt 0.4367900 0.2576000
vt 0.4368200 0.2581400
vt 0.4373400 0.2581100
f 327/1274/327 306/1275/306 310/1276/310
vt 0.4384100 0.2569400
vt 0.4384700 0.2574600
vt 0.4389800 0.2574100
f 232/1277/232 327/1278/327 310/1279/310
vt 0.4365800 0.2544600
vt 0.4366200 0.2549800
vt 0.4371100 0.2549400
f 326/1280/326 327/1281/327 232/1282/232
vt 0.4381600 0.2538400
vt 0.4382000 0.2543500
vt 0.4386900 0.2543200
f 231/1283/231 326/1284/326 232/1285/232
vt 0.4370300 0.2641000
vt 0.4377400 0.2643300
vt 0.4377300 0.2640800
f 323/1286/323 230/1287/230 229/1288/229
vt 0.4380700 0.2807200
vt 0.4381000 0.2814500
vt 0.4388200 0.2814100
f 307/1289/307 217/1290/217 228/1291/228
vt 0.4388700 0.2822800
f 217/1290/217 312/1292/312 228/1291/228
vt 0.4378600 0.2773300
vt 0.4379100 0.2780100
vt 0.4385500 0.2779600
f 320/1293/320 307/1294/307 228/1295/228
vt 0.4385000 0.2772900
f 320/1293/320 228/1295/228 227/1296/227
vt 0.4377100 0.2746900
vt 0.4383700 0.2753100
vt 0.4383300 0.2746500
f 320/1297/320 227/1298/227 226/1299/226
vt 0.4376800 0.2740400
f 319/1300/319 320/1297/320 226/1299/226
vt 0.4396500 0.2726700
vt 0.4396700 0.2733000
vt 0.4402800 0.2732700
f 220/1301/220 319/1302/319 226/1303/226
vt 0.4396100 0.2714500
vt 0.4402500 0.2720400
vt 0.4402400 0.2714400
f 220/1304/220 226/1305/226 225/1306/225
vt 0.4363800 0.2379200
vt 0.4363500 0.2377200
vt 0.4361500 0.2377500
f 421/1307/421 243/1308/243 308/1309/308
vt 0.4363000 0.2373800
vt 0.4360900 0.2372700
vt 0.4361100 0.2374100
f 243/1310/243 244/1311/244 308/1312/308
vt 0.4359600 0.2372900
vt 0.4359800 0.2374300
f 308/1312/308 244/1313/244 234/1314/234
vt 0.4388700 0.2449200
vt 0.4384300 0.2448300
vt 0.4385400 0.2450700
f 239/1315/239 240/1316/240 233/1317/233
vt 0.4418500 0.2698700
vt 0.4419000 0.2694000
vt 0.4414400 0.2693600
f 225/1318/225 410/1319/410 230/1320/230
vt 0.4439100 0.2839800
vt 0.4429200 0.2827500
vt 0.4433100 0.2840900
f 311/1321/311 408/1322/408 313/1323/313
vt 0.4425500 0.2828200
f 313/1323/313 408/1322/408 312/1324/312
vt 0.4455600 0.2993800
vt 0.4447300 0.2936000
vt 0.4450000 0.2994400
f 316/1325/316 315/1326/315 317/1327/317
vt 0.4460900 0.2933900
vt 0.4450600 0.2906100
vt 0.4452800 0.2935200
f 311/1328/311 315/1329/315 316/1330/316
vt 0.4458600 0.2904900
vt 0.4447300 0.2889800
f 311/1331/311 313/1332/313 315/1329/315
vt 0.4357000 0.2352100
vt 0.4356100 0.2351000
vt 0.4356100 0.2352200
f 241/1333/241 432/1334/432 242/1335/242
vt 0.4355100 0.2351000
f 242/1335/242 432/1334/432 248/1336/248
vt 0.4359700 0.2705200
vt 0.4360200 0.2710600
vt 0.4364700 0.2710300
f 324/1337/324 407/1338/407 220/1339/220
vt 0.4361100 0.2722300
vt 0.4365800 0.2728200
vt 0.4365500 0.2722000
f 407/1340/407 318/1341/318 220/1342/220
vt 0.4368700 0.2728000
f 220/1342/220 318/1341/318 319/1343/319
vt 0.4367500 0.2767200
vt 0.4370800 0.2773700
vt 0.4370500 0.2767000
f 318/1344/318 307/1345/307 320/1346/320
vt 0.4366700 0.2747400
vt 0.4369900 0.2753800
vt 0.4369600 0.2747300
f 318/1347/318 320/1348/320 319/1349/319
vt 0.4368700 0.2794200
vt 0.4368900 0.2800900
vt 0.4372000 0.2800800
f 318/1350/318 321/1351/321 307/1352/307
vt 0.4369100 0.2814800
vt 0.4372300 0.2823100
vt 0.4372400 0.2814700
f 321/1353/321 218/1354/218 307/1355/307
vt 0.4376000 0.2823200
f 307/1355/307 218/1354/218 217/1356/217
vt 0.4368900 0.2823200
vt 0.4368500 0.2833600
vt 0.4372000 0.2833600
f 321/1357/321 219/1358/219 218/1359/218
vt 0.4365700 0.2657700
vt 0.4365800 0.2660500
vt 0.4371200 0.2660200
f 323/1360/323 324/1361/324 230/1362/230
vt 0.4358400 0.2649300
vt 0.4358500 0.2652200
vt 0.4361800 0.2652100
f 322/1363/322 324/1364/324 323/1365/323
vt 0.4357300 0.2540100
vt 0.4359900 0.2545000
vt 0.4359500 0.2539900
f 325/1366/325 327/1367/327 326/1368/326
vt 0.4357600 0.2545100
vt 0.4357900 0.2550300
vt 0.4360200 0.2550100
f 325/1369/325 413/1370/413 327/1371/327
vt 0.4359000 0.2571200
vt 0.4361600 0.2576400
vt 0.4361300 0.2571100
f 413/1372/413 306/1373/306 327/1374/327
vt 0.4348900 0.2474500
vt 0.4349100 0.2476600
vt 0.4351600 0.2476400
f 419/1375/419 466/1376/466 328/1377/328
vt 0.4340500 0.2385400
vt 0.4340900 0.2387900
vt 0.4342200 0.2387700
f 333/1378/333 422/1379/422 329/1380/329
vt 0.4342200 0.2396300
vt 0.4344000 0.2399100
vt 0.4343500 0.2396100
f 422/1381/422 330/1382/330 329/1383/329
vt 0.4342100 0.2412600
vt 0.4344800 0.2415700
vt 0.4344400 0.2412300
f 422/1384/422 331/1385/331 330/1386/330
vt 0.4342500 0.2416000
vt 0.4342900 0.2419400
vt 0.4345300 0.2419100
f 422/1387/422 418/1388/418 331/1389/331
vt 0.4346700 0.2429900
vt 0.4348800 0.2433300
vt 0.4348300 0.2429700
f 418/1390/418 305/1391/305 331/1392/331
vt 0.4335700 0.2370800
vt 0.4338000 0.2371800
vt 0.4337900 0.2370700
f 425/1393/425 333/1394/333 332/1395/332
vt 0.4336300 0.2374600
vt 0.4336600 0.2376000
vt 0.4338700 0.2375700
f 425/1396/425 422/1397/422 333/1398/333
vt 0.4345400 0.2336400
vt 0.4345800 0.2338200
vt 0.4346100 0.2336500
f 336/1399/336 337/1400/337 335/1401/335
vt 0.4345700 0.2334700
f 334/1402/334 336/1399/336 335/1401/335
vt 0.4403800 0.4903800
f 297/1200/297 303/1199/303 276/1403/276
vt 0.4357200 0.2309200
vt 0.4357000 0.2305200
vt 0.4354700 0.2305400
f 245/1404/245 314/1405/314 273/1406/273
vt 0.4351700 0.2301500
vt 0.4348400 0.2297500
vt 0.4349100 0.2301800
f 314/1407/314 207/1408/207 273/1409/273
vt 0.4350700 0.2313100
vt 0.4350300 0.2309800
vt 0.4348300 0.2310100
f 245/1410/245 273/1411/273 304/1412/304
vt 0.4356200 0.2374800
vt 0.4356000 0.2373400
vt 0.4353200 0.2373800
f 234/1413/234 244/1414/244 333/1415/333
vt 0.4353400 0.2375200
f 234/1413/234 333/1415/333 329/1416/329
vt 0.4360800 0.2455100
vt 0.4355900 0.2452900
vt 0.4356200 0.2455600
f 240/1417/240 305/1418/305 419/1419/419
vt 0.4367700 0.2507300
vt 0.4362200 0.2504500
vt 0.4362600 0.2508000
f 231/1420/231 328/1421/328 326/1422/326
vt 0.4398300 0.2625200
vt 0.4397700 0.2621800
vt 0.4391200 0.2622900
f 229/1423/229 310/1424/310 306/1425/306
vt 0.4391700 0.2626300
f 229/1423/229 306/1425/306 323/1426/323
vt 0.4403000 0.2684400
vt 0.4403100 0.2680700
vt 0.4395900 0.2680700
f 225/1427/225 230/1428/230 324/1429/324
vt 0.4395900 0.2684300
f 225/1427/225 324/1429/324 220/1430/220
vt 0.4401600 0.2862900
vt 0.4400000 0.2846800
vt 0.4390200 0.2847400
f 313/1431/313 312/1432/312 217/1433/217
vt 0.4390900 0.2863500
f 313/1431/313 217/1433/217 218/1434/218
vt 0.4427900 0.2893200
vt 0.4414800 0.2878700
vt 0.4417000 0.2894800
f 313/1435/313 218/1436/218 204/1437/204
vt 0.4350700 0.2291000
vt 0.4347800 0.2287300
vt 0.4347900 0.2290200
f 338/1438/338 594/1439/594 207/1440/207
vt 0.4345400 0.2286100
f 207/1440/207 594/1439/594 600/1441/600
vt 0.4351200 0.2297500
vt 0.4348000 0.2293600
f 314/1442/314 338/1443/338 207/1408/207
vt 0.4423400 0.2996000
vt 0.4420800 0.2938300
vt 0.4407700 0.2939200
f 317/1444/317 315/1445/315 203/1446/203
vt 0.4406000 0.2911400
vt 0.4393300 0.2912200
f 203/1446/203 315/1447/315 204/1448/204
vt 0.4430100 0.2909000
f 315/1449/315 313/1435/313 204/1437/204
vt 0.4346500 0.2354100
vt 0.4346700 0.2352900
vt 0.4344500 0.2352500
f 332/1450/332 248/1451/248 337/1452/337
vt 0.4283800 0.2328800
vt 0.4284000 0.2330400
vt 0.4284500 0.2329000
f 461/1453/461 339/1454/339 340/1455/340
vt 0.4283500 0.2325600
vt 0.4283200 0.2327100
vt 0.4284200 0.2327300
f 341/1456/341 461/1457/461 340/1458/340
vt 0.4282600 0.2305700
vt 0.4285000 0.2310200
vt 0.4284900 0.2306800
f 459/1459/459 342/1460/342 223/1461/223
vt 0.4265600 0.2359200
vt 0.4266600 0.2361000
vt 0.4267100 0.2359800
f 222/1462/222 343/1463/343 372/1464/372
vt 0.4269300 0.2352100
vt 0.4270000 0.2354000
vt 0.4270600 0.2352900
f 222/1465/222 372/1466/372 344/1467/344
vt 0.4244400 0.2419100
vt 0.4243000 0.2422400
vt 0.4245400 0.2423400
f 349/1468/349 345/1469/345 346/1470/346
vt 0.4255800 0.2393700
vt 0.4254800 0.2396900
vt 0.4256200 0.2397300
f 348/1471/348 349/1472/349 346/1473/346
vt 0.4257200 0.2394200
vt 0.4257700 0.2397800
f 348/1474/348 346/1473/346 347/1475/347
vt 0.4206800 0.2586800
vt 0.4209100 0.2592700
vt 0.4210400 0.2587900
f 447/1476/447 221/1477/221 351/1478/351
vt 0.4213400 0.2557200
vt 0.4216000 0.2562800
vt 0.4216800 0.2557800
f 447/1479/447 351/1480/351 353/1481/353
vt 0.4219100 0.2558100
vt 0.4218200 0.2563200
vt 0.4220600 0.2563600
f 353/1482/353 351/1483/351 352/1484/352
vt 0.4216300 0.2537500
vt 0.4215700 0.2542400
vt 0.4219100 0.2542800
f 448/1485/448 447/1486/447 353/1487/353
vt 0.4221300 0.2523300
vt 0.4223100 0.2528300
vt 0.4223500 0.2523500
f 448/1488/448 353/1489/353 354/1490/354
vt 0.4195500 0.2658000
vt 0.4195300 0.2660900
vt 0.4199200 0.2661100
f 356/1491/356 357/1492/357 355/1493/355
vt 0.4201100 0.2625900
vt 0.4204000 0.2629400
vt 0.4204600 0.2626900
f 357/1494/357 356/1495/356 221/1496/221
vt 0.4178700 0.2781600
vt 0.4177100 0.2787800
vt 0.4181600 0.2789000
f 359/1497/359 437/1498/437 358/1499/358
vt 0.4187000 0.2763800
vt 0.4185800 0.2770100
vt 0.4188600 0.2770600
f 359/1500/359 358/1501/358 360/1502/360
vt 0.4189100 0.2751400
vt 0.4190900 0.2758000
vt 0.4191800 0.2751800
f 359/1503/359 360/1504/360 361/1505/361
vt 0.4187200 0.2732500
vt 0.4190700 0.2739100
vt 0.4191400 0.2733000
f 362/1506/362 359/1507/359 361/1508/361
vt 0.4294600 0.2300400
vt 0.4296000 0.2295100
vt 0.4293600 0.2294500
f 223/1509/223 366/1510/366 224/1511/224
vt 0.4297600 0.2305900
vt 0.4298900 0.2301700
vt 0.4296900 0.2301100
f 363/1512/363 366/1513/366 223/1514/223
vt 0.4294900 0.2308800
vt 0.4295800 0.2305400
vt 0.4293600 0.2304800
f 342/1515/342 363/1516/363 223/1517/223
vt 0.4287500 0.2350000
vt 0.4287800 0.2348800
vt 0.4285800 0.2348200
f 373/1518/373 266/1519/266 344/1520/344
vt 0.4286200 0.2346800
f 266/1519/266 339/1521/339 344/1520/344
vt 0.4280300 0.2373000
vt 0.4280800 0.2371400
vt 0.4278100 0.2370500
f 261/1522/261 267/1523/267 343/1524/343
vt 0.4248000 0.2446500
vt 0.4248900 0.2443600
vt 0.4245000 0.2442200
f 449/1525/449 265/1526/265 345/1527/345
vt 0.4253100 0.2498500
vt 0.4248800 0.2494800
vt 0.4248300 0.2497600
f 255/1528/255 452/1529/452 354/1530/354
vt 0.4229500 0.2695000
vt 0.4224100 0.2689400
vt 0.4223600 0.2694300
f 249/1531/249 355/1532/355 362/1533/362
vt 0.4230100 0.2690200
vt 0.4230700 0.2685800
vt 0.4224600 0.2685000
f 249/1534/249 444/1535/444 355/1536/355
vt 0.4203400 0.2874700
vt 0.4205100 0.2857600
vt 0.4195400 0.2856500
f 369/1537/369 364/1538/364 216/1539/216
vt 0.4197800 0.2840600
f 364/1538/364 358/1540/358 216/1539/216
vt 0.4201700 0.2890800
vt 0.4192800 0.2873500
vt 0.4190500 0.2889500
f 369/1541/369 216/1542/216 200/1543/200
vt 0.4197000 0.2934100
vt 0.4200000 0.2906300
vt 0.4188400 0.2905000
f 365/1544/365 369/1545/369 200/1546/200
vt 0.4167400 0.2988900
vt 0.4162300 0.2929800
vt 0.4156600 0.2987700
f 365/1547/365 200/1548/200 374/1549/374
vt 0.4302800 0.2272300
vt 0.4303500 0.2264300
vt 0.4300800 0.2264100
f 367/1550/367 368/1551/368 199/1552/199
vt 0.4301100 0.2257800
f 368/1551/368 560/1553/560 199/1552/199
vt 0.4307900 0.2283600
f 214/926/214 367/925/367 366/1554/366
vt 0.4231800 0.2935900
vt 0.4234000 0.2907700
vt 0.4224900 0.2907200
f 365/1555/365 210/1556/210 369/1557/369
vt 0.4248000 0.2893000
vt 0.4233500 0.2891500
f 210/916/210 399/1558/399 369/1559/369
vt 0.4224900 0.2874600
vt 0.4224000 0.2857700
vt 0.4219700 0.2857900
f 370/1560/370 469/1561/469 364/1562/364
vt 0.4219500 0.2874900
f 370/1560/370 364/1562/364 369/1563/369
vt 0.4230700 0.2874700
f 399/1558/399 370/1564/370 369/1559/369
vt 0.4223800 0.2842100
vt 0.4223900 0.2828900
vt 0.4220500 0.2828800
f 469/1565/469 439/1566/439 364/1567/364
vt 0.4239300 0.2696400
vt 0.4237300 0.2691300
vt 0.4236500 0.2696000
f 434/1568/434 444/1569/444 249/1570/249
vt 0.4247700 0.2613200
vt 0.4245300 0.2608800
vt 0.4245100 0.2613100
f 254/1571/254 259/1572/259 253/1573/253
vt 0.4256700 0.2509700
vt 0.4257400 0.2506100
vt 0.4255200 0.2505600
f 256/1574/256 260/1575/260 255/1576/255
vt 0.4259600 0.2506500
f 256/1049/256 453/1577/453 260/1575/260
vt 0.4286700 0.2375300
vt 0.4285300 0.2373100
vt 0.4284700 0.2374600
f 264/1578/264 457/1579/457 261/1580/261
vt 0.4284100 0.2372600
f 261/1580/261 457/1579/457 267/1581/267
vt 0.4300900 0.2310500
vt 0.4300700 0.2307100
vt 0.4299600 0.2310200
f 460/1582/460 371/1583/371 363/1584/363
vt 0.4305800 0.2299900
vt 0.4306400 0.2292600
f 371/1585/371 214/926/214 366/1586/366
vt 0.4299800 0.2306800
f 363/1584/363 371/1583/371 366/1587/366
vt 0.4288600 0.2339000
vt 0.4288100 0.2340700
vt 0.4289800 0.2341200
f 270/1588/270 339/1589/339 266/1590/266
vt 0.4285700 0.2331000
vt 0.4285300 0.2332500
vt 0.4286700 0.2333000
f 340/1591/340 339/1592/339 270/1593/270
vt 0.4287100 0.2331400
f 340/1591/340 270/1593/270 269/1594/269
vt 0.4287400 0.2323200
vt 0.4288600 0.2325000
vt 0.4288800 0.2323400
f 340/1595/340 269/1596/269 268/1597/268
vt 0.4287800 0.2319900
vt 0.4287600 0.2321600
vt 0.4289100 0.2321700
f 341/1598/341 340/1599/340 268/1600/268
vt 0.4293000 0.2318900
vt 0.4294200 0.2320800
vt 0.4294500 0.2319200
f 341/1601/341 268/1602/268 363/1603/363
vt 0.4293600 0.2315500
vt 0.4293300 0.2317200
vt 0.4294800 0.2317500
f 342/1604/342 341/1605/341 363/1606/363
vt 0.4270900 0.2361300
vt 0.4273400 0.2363500
vt 0.4273800 0.2362500
f 372/1607/372 343/1608/343 267/1609/267
vt 0.4282400 0.2358200
vt 0.4282000 0.2359300
vt 0.4284600 0.2360100
f 344/1610/344 372/1611/372 267/1612/267
vt 0.4285000 0.2359000
f 344/1610/344 267/1612/267 373/1613/373
vt 0.4253500 0.2418600
vt 0.4252400 0.2422100
vt 0.4255600 0.2423100
f 346/1614/346 345/1615/345 265/1616/265
vt 0.4265800 0.2414500
vt 0.4268000 0.2418800
vt 0.4268800 0.2415300
f 346/1617/346 265/1618/265 263/1619/263
vt 0.4259800 0.2398400
vt 0.4258900 0.2401700
vt 0.4261800 0.2402500
f 347/1620/347 346/1621/346 263/1622/263
vt 0.4262700 0.2399300
f 347/1620/347 263/1622/263 262/1623/262
vt 0.4263500 0.2386000
vt 0.4262600 0.2389000
vt 0.4265400 0.2389800
f 348/1624/348 347/1625/347 262/1626/262
vt 0.4265100 0.2380300
vt 0.4264300 0.2383100
vt 0.4267100 0.2383900
f 343/1627/343 348/1628/348 261/1629/261
vt 0.4273400 0.2385700
vt 0.4272500 0.2388600
vt 0.4275200 0.2389300
f 261/1630/261 348/1631/348 262/1632/262
vt 0.4249200 0.2492400
vt 0.4253700 0.2495800
vt 0.4254200 0.2493400
f 452/1633/452 255/1634/255 260/1635/260
vt 0.4253000 0.2471800
vt 0.4252600 0.2474000
vt 0.4257600 0.2474900
f 350/1636/350 452/1637/452 260/1638/260
vt 0.4258000 0.2472700
f 350/1636/350 260/1638/260 449/1639/449
vt 0.4220100 0.2584900
vt 0.4219000 0.2590000
vt 0.4224000 0.2591000
f 351/1640/351 221/1641/221 258/1642/258
vt 0.4217900 0.2595000
vt 0.4222000 0.2601000
vt 0.4223000 0.2596100
f 221/1643/221 259/1644/259 258/1645/258
vt 0.4223900 0.2564200
vt 0.4223100 0.2569400
vt 0.4227700 0.2570100
f 352/1646/352 351/1647/351 258/1648/258
vt 0.4239000 0.2566500
vt 0.4242900 0.2572300
vt 0.4243600 0.2567100
f 352/1649/352 258/1650/258 257/1651/257
vt 0.4227000 0.2543900
vt 0.4226300 0.2548900
vt 0.4230800 0.2549600
f 353/1652/353 352/1653/352 257/1654/257
vt 0.4242900 0.2535700
vt 0.4246700 0.2541200
vt 0.4247300 0.2536200
f 353/1655/353 257/1656/257 256/1657/256
vt 0.4229700 0.2519300
vt 0.4229300 0.2524100
vt 0.4233800 0.2524500
f 354/1658/354 353/1659/353 256/1660/256
vt 0.4244800 0.2521000
vt 0.4248600 0.2526400
vt 0.4249200 0.2521600
f 354/1661/354 256/1662/256 255/1663/255
vt 0.4228000 0.2655700
vt 0.4227700 0.2658500
vt 0.4234400 0.2659200
f 356/1664/356 355/1665/355 444/1666/444
vt 0.4229300 0.2644400
vt 0.4235600 0.2647900
vt 0.4235900 0.2645100
f 356/1667/356 444/1668/444 253/1669/253
vt 0.4209600 0.2628100
vt 0.4209000 0.2630600
vt 0.4215600 0.2631900
f 221/1670/221 356/1671/356 253/1672/253
vt 0.4231700 0.2623400
vt 0.4237500 0.2626900
vt 0.4237700 0.2623900
f 221/1673/221 253/1674/253 259/1675/259
vt 0.4211500 0.2801600
vt 0.4210600 0.2808800
vt 0.4217000 0.2809500
f 252/1676/252 358/1677/358 364/1678/364
vt 0.4214200 0.2781500
vt 0.4213300 0.2788200
vt 0.4219300 0.2789000
f 360/1679/360 358/1680/358 252/1681/252
vt 0.4220100 0.2782300
f 360/1679/360 252/1681/252 251/1682/251
vt 0.4200500 0.2740200
vt 0.4199700 0.2746500
vt 0.4205300 0.2747200
f 361/1683/361 360/1684/360 250/1685/250
vt 0.4217500 0.2755200
vt 0.4222400 0.2762300
vt 0.4223100 0.2755800
f 360/1686/360 251/1687/251 250/1688/250
vt 0.4220800 0.2723200
vt 0.4220200 0.2729500
vt 0.4225700 0.2730000
f 249/1689/249 361/1690/361 250/1691/250
vt 0.4221900 0.2711000
vt 0.4221400 0.2717000
vt 0.4227000 0.2717600
f 362/1692/362 361/1693/361 249/1694/249
vt 0.4164400 0.3266700
vt 0.4172400 0.3096100
vt 0.4159700 0.3095100
f 205/1695/205 365/1696/365 374/1697/374
vt 0.4143800 0.3488700
vt 0.4151400 0.3265900
vt 0.4140000 0.3265200
f 280/1698/280 205/1699/205 374/1700/374
vt 0.4420900 0.3495900
vt 0.4424700 0.3273200
vt 0.4410700 0.3273300
f 378/1701/378 379/1702/379 205/1703/205
vt 0.4425300 0.3102300
vt 0.4411600 0.3102600
f 379/1702/379 317/1704/317 203/1705/203
f 379/1702/379 203/1705/203 205/1703/205
vt 0.4449900 0.3746000
vt 0.4455500 0.3495900
vt 0.4449200 0.3495900
f 300/1706/300 376/1707/376 377/1708/377
vt 0.4443500 0.3745900
f 300/1706/300 377/1708/377 375/1709/375
vt 0.4442700 0.3495900
f 375/1709/375 377/1708/377 378/1710/378
vt 0.4446200 0.3273000
f 377/1708/377 379/1711/379 378/1710/378
vt 0.4459700 0.3746200
vt 0.4464900 0.3496000
f 302/1712/302 380/1713/380 376/1707/376
f 302/1712/302 376/1707/376 300/1706/300
vt 0.4467800 0.3272600
vt 0.4467100 0.3100500
vt 0.4458500 0.3101100
f 380/1714/380 311/1715/311 316/1716/316
vt 0.4458700 0.3272800
f 380/1714/380 316/1716/316 376/1717/376
vt 0.4452700 0.3101400
f 376/1717/376 316/1716/316 317/1718/317
vt 0.4452700 0.3272900
f 376/1717/376 317/1718/317 377/1719/377
vt 0.4446300 0.3101700
f 377/1719/377 317/1720/317 379/1711/379
vt 0.4327500 0.3744500
f 378/1127/378 205/1721/205 280/1128/280
vt 0.4116800 0.3737800
vt 0.4117500 0.3487300
vt 0.4110600 0.3737500
f 280/1722/280 381/1723/381 281/1724/281
vt 0.4123700 0.3487600
vt 0.4131600 0.3264700
vt 0.4125600 0.3264200
f 280/1725/280 374/1726/374 381/1727/381
vt 0.4111500 0.3487000
f 281/1724/281 381/1723/381 382/1728/382
vt 0.4119700 0.3263800
f 381/1723/381 202/1729/202 382/1728/382
vt 0.4120400 0.3091200
vt 0.4110700 0.3263200
f 202/1729/202 393/1730/393 494/1731/494
f 382/1728/382 202/1729/202 494/1731/494
vt 0.4104500 0.3737300
vt 0.4094800 0.3737000
f 282/1139/282 382/1732/382 494/1733/494
f 282/1139/282 494/1733/494 480/1141/480
f 281/1137/281 382/1732/382 282/1139/282
vt 0.6476400 0.5024200
vt 0.6481600 0.4906000
vt 0.6467100 0.4905600
f 106/1734/106 385/1735/385 386/1736/386
vt 0.6461900 0.5023500
f 106/1734/106 386/1736/386 383/1737/383
vt 0.4486600 0.4903700
vt 0.4463300 0.4751300
vt 0.4467900 0.4904300
f 383/1738/383 386/1739/386 384/1740/384
vt 0.4498300 0.5254300
vt 0.4496500 0.5162100
vt 0.4478400 0.5162600
f 499/1741/499 384/1742/384 295/1743/295
vt 0.6457300 0.5300600
vt 0.6448200 0.5225800
vt 0.6442900 0.5299900
f 383/1744/383 384/1745/384 499/1746/499
vt 0.6823800 0.5392500
vt 0.6821600 0.5405200
vt 0.6828800 0.5401400
f 388/1747/388 389/1748/389 387/1749/387
vt 0.4022000 0.5389400
vt 0.4032500 0.5394800
vt 0.4039600 0.5379100
f 387/1750/387 389/1751/389 405/1752/405
vt 0.4030700 0.5375000
f 387/1750/387 405/1752/405 484/1753/484
vt 0.4044500 0.5366800
f 484/1753/484 405/1752/405 506/1754/506
vt 0.6431400 0.1967100
vt 0.6434000 0.1963800
vt 0.6421900 0.1957600
f 131/1755/131 390/1756/390 394/1757/394
vt 0.4114400 0.2890100
vt 0.4123500 0.2922400
vt 0.4127700 0.2893500
f 391/1758/391 393/1759/393 201/1760/201
vt 0.6781500 0.3372300
vt 0.6793000 0.3403700
f 19/1761/19 6/10/6 391/1762/391
vt 0.4102000 0.2978700
vt 0.4091500 0.3087700
vt 0.4107300 0.3089700
f 391/1763/391 392/1764/392 393/1765/393
vt 0.4313800 0.5401400
vt 0.4336600 0.5384400
vt 0.4313100 0.5385100
f 395/1766/395 493/1767/493 506/1768/506
vt 0.6619800 0.3346200
vt 0.6647100 0.3342700
vt 0.6643600 0.3328600
f 396/1769/396 401/1770/401 399/1771/399
vt 0.6619700 0.3332200
f 396/1769/396 399/1771/399 397/1772/397
vt 0.4312600 0.2884900
vt 0.4295600 0.2896100
vt 0.4316100 0.2894200
f 397/1773/397 210/1774/210 398/1775/398
vt 0.4296000 0.2886200
vt 0.4275300 0.2892900
f 397/1776/397 399/1777/399 210/1774/210
vt 0.6661400 0.3318800
f 401/1770/401 470/1778/470 399/1771/399
vt 0.4326000 0.2879600
f 402/1779/402 397/1773/397 398/1775/398
vt 0.6569300 0.3333300
vt 0.6592100 0.3343500
vt 0.6595200 0.3329200
f 400/1780/400 396/1781/396 397/1782/397
vt 0.6576400 0.3320400
f 400/1780/400 397/1782/397 402/1783/402
vt 0.6656200 0.5412200
vt 0.6622800 0.5412500
vt 0.6622700 0.5426100
f 388/1784/388 404/1785/404 403/1786/403
vt 0.6656400 0.5425700
f 388/1784/388 403/1786/403 389/1787/389
vt 0.4279300 0.5420700
vt 0.4314300 0.5420100
f 389/1788/389 403/1789/403 395/1766/395
vt 0.4279200 0.5402000
f 389/1788/389 395/1766/395 405/1790/405
f 405/1790/405 395/1766/395 506/1768/506
vt 0.6542100 0.3143900
vt 0.6542500 0.3152300
vt 0.6555100 0.3151800
f 20/1791/20 321/1792/321 407/1793/407
vt 0.4424500 0.2737800
vt 0.4424200 0.2731900
vt 0.4417600 0.2732100
f 227/1794/227 406/1795/406 225/1796/225
vt 0.6409800 0.3162200
vt 0.6410100 0.3152800
vt 0.6395900 0.3152000
f 32/1797/32 28/1798/28 406/1799/406
vt 0.4346600 0.2794500
vt 0.4356400 0.2801100
vt 0.4356300 0.2794500
f 407/1800/407 321/1801/321 318/1802/318
vt 0.6410000 0.3209900
vt 0.6394900 0.3200700
vt 0.6395200 0.3210600
f 32/1803/32 406/1804/406 496/1805/496
vt 0.4438800 0.2778300
vt 0.4437500 0.2772400
vt 0.4429000 0.2774000
f 496/1806/496 406/1807/406 408/1808/408
vt 0.4427900 0.2767900
f 406/1807/406 227/1809/227 408/1808/408
vt 0.6545800 0.3235500
vt 0.6558400 0.3245000
vt 0.6558200 0.3234800
f 138/1810/138 219/1811/219 321/1812/321
vt 0.6416200 0.3260400
vt 0.6413800 0.3248000
vt 0.6399000 0.3250000
f 495/1813/495 32/1814/32 496/1815/496
vt 0.4339800 0.2658700
vt 0.4347400 0.2661500
vt 0.4347300 0.2658500
f 409/1816/409 324/1817/324 322/1818/322
vt 0.4438300 0.2670200
vt 0.4438400 0.2666700
vt 0.4429700 0.2666600
f 406/1819/406 417/1820/417 410/1821/410
vt 0.6533800 0.3058400
vt 0.6534600 0.3064300
vt 0.6548000 0.3062800
f 409/1822/409 20/1823/20 407/1824/407
vt 0.4341500 0.2682600
vt 0.4341900 0.2685900
vt 0.4349800 0.2684900
f 409/1825/409 407/1826/407 324/1827/324
vt 0.4403600 0.2523100
vt 0.4398000 0.2518500
vt 0.4398000 0.2523100
f 411/1828/411 309/1829/309 231/1830/231
vt 0.6535600 0.2800600
vt 0.6548400 0.2808200
vt 0.6548200 0.2800000
f 412/1831/412 413/1832/413 325/1833/325
vt 0.4404300 0.2542000
vt 0.4398500 0.2537400
vt 0.4398900 0.2542400
f 411/1834/411 231/1835/231 232/1836/232
vt 0.6537000 0.2875100
vt 0.6537000 0.2883200
vt 0.6549500 0.2883300
f 412/1837/412 21/1838/21 413/1839/413
vt 0.6409400 0.2871000
vt 0.6408900 0.2862000
vt 0.6395200 0.2862600
f 416/1840/416 414/1841/414 411/1842/411
vt 0.4407600 0.2571600
vt 0.4406900 0.2566600
vt 0.4401400 0.2567400
f 415/1843/415 411/1844/411 232/1845/232
vt 0.6415900 0.2920300
vt 0.6401200 0.2915500
vt 0.6402900 0.2923200
f 416/1846/416 411/1847/411 417/1848/417
vt 0.4421200 0.2597900
vt 0.4419900 0.2593600
vt 0.4412700 0.2595700
f 417/1849/417 411/1850/411 415/1851/415
vt 0.4414100 0.2600200
f 417/1849/417 415/1851/415 410/1852/410
vt 0.6430900 0.2635800
vt 0.6429800 0.2630300
vt 0.6419700 0.2632300
f 41/1853/41 40/1854/40 420/1855/420
vt 0.6525000 0.2649000
vt 0.6538500 0.2655000
vt 0.6538600 0.2649200
f 424/1856/424 467/1857/467 418/1858/418
vt 0.4334800 0.2468700
vt 0.4334800 0.2470900
vt 0.4340200 0.2470700
f 418/1859/418 467/1860/467 419/1861/419
vt 0.4340300 0.2472800
f 467/1860/467 466/1862/466 419/1861/419
vt 0.4407800 0.2462400
vt 0.4400500 0.2462000
vt 0.4401300 0.2464500
f 420/1863/420 233/1864/233 309/1865/309
vt 0.4412700 0.2488100
vt 0.4412500 0.2485300
vt 0.4405400 0.2485700
f 411/1866/411 420/1867/420 309/1868/309
vt 0.6402400 0.2528000
vt 0.6388500 0.2519200
vt 0.6388700 0.2528400
f 40/1869/40 421/1870/421 239/1871/239
vt 0.6402100 0.2510000
vt 0.6402100 0.2500900
vt 0.6388400 0.2500800
f 40/1872/40 45/1873/45 421/1874/421
vt 0.4374200 0.2405400
vt 0.4373200 0.2402300
f 239/1875/239 421/1876/421 236/1003/236
vt 0.6530900 0.2541500
vt 0.6543400 0.2549700
vt 0.6543400 0.2541400
f 144/1877/144 418/1878/418 423/1879/423
vt 0.4334200 0.2420300
vt 0.4339400 0.2423400
vt 0.4339100 0.2419900
f 423/1880/423 418/1881/418 422/1882/422
vt 0.6530600 0.2573400
vt 0.6530300 0.2580900
vt 0.6542800 0.2581400
f 144/1883/144 424/1884/424 418/1885/418
vt 0.4390700 0.2431300
vt 0.4384300 0.2430900
vt 0.4385800 0.2433900
f 420/1886/420 239/1887/239 233/1888/233
vt 0.6407000 0.2580200
vt 0.6392200 0.2574000
vt 0.6393600 0.2582500
f 40/1889/40 239/1890/239 420/1891/420
vt 0.4362400 0.2354100
vt 0.4360400 0.2353700
vt 0.4360500 0.2354500
f 426/1892/426 432/1893/432 241/1894/241
vt 0.4365100 0.2361400
vt 0.4362500 0.2361400
vt 0.4362900 0.2362300
f 426/1895/426 241/1896/241 243/1897/243
vt 0.4366900 0.2365200
vt 0.4366400 0.2364200
vt 0.4363900 0.2365200
f 421/1898/421 426/1899/426 243/1900/243
vt 0.6525700 0.2131800
vt 0.6525700 0.2139600
vt 0.6538100 0.2139700
f 80/1901/80 428/1902/428 427/1903/427
vt 0.4343900 0.2326400
vt 0.4343800 0.2327900
vt 0.4345500 0.2328100
f 427/1904/427 336/1905/336 334/1906/334
vt 0.6538100 0.2147600
f 428/1902/428 336/1907/336 427/1903/427
vt 0.6403800 0.2161100
vt 0.6391200 0.2151100
vt 0.6390900 0.2160800
f 51/1908/51 429/1909/429 431/1910/431
vt 0.4364600 0.2336100
vt 0.4365000 0.2334300
vt 0.4362500 0.2333700
f 431/1911/431 429/1912/429 430/1913/430
vt 0.6407000 0.2235200
vt 0.6406100 0.2226400
vt 0.6393700 0.2227700
f 52/1914/52 51/1915/51 431/1916/431
vt 0.4362700 0.2344500
vt 0.4363000 0.2343000
vt 0.4360700 0.2342500
f 432/1917/432 431/1918/431 430/1919/430
vt 0.6522800 0.2268600
f 428/543/428 7/545/7 336/1920/336
vt 0.6414000 0.2274000
vt 0.6401000 0.2269500
vt 0.6402900 0.2276700
f 52/1921/52 431/1922/431 426/1923/426
vt 0.6397600 0.2253900
vt 0.6382100 0.2248000
vt 0.6383800 0.2256700
f 431/1924/431 432/1925/432 426/1926/426
vt 0.6794400 0.3081000
vt 0.6807200 0.3085400
vt 0.6805400 0.3078400
f 178/1927/178 433/1928/433 442/1929/442
vt 0.6691600 0.3100900
vt 0.6679200 0.3092900
vt 0.6678800 0.3100300
f 435/1930/435 443/1931/443 436/1932/436
vt 0.4257700 0.2709600
vt 0.4258300 0.2704400
vt 0.4249800 0.2703200
f 436/1933/436 443/1934/443 434/1935/434
vt 0.4250600 0.2698200
f 443/1934/443 444/1936/444 434/1935/434
vt 0.6813400 0.3117800
vt 0.6828700 0.3125100
vt 0.6827400 0.3115800
f 433/1937/433 359/1938/359 442/1939/442
vt 0.6690800 0.3149300
vt 0.6690800 0.3140900
vt 0.6678100 0.3140800
f 438/1940/438 435/1941/435 436/1942/436
vt 0.4244300 0.2757900
vt 0.4244900 0.2751300
vt 0.4237800 0.2750700
f 436/1943/436 434/1944/434 251/1945/251
vt 0.6818000 0.3183400
vt 0.6832800 0.3193000
vt 0.6832600 0.3183100
f 433/1946/433 437/1947/437 359/1948/359
vt 0.4250700 0.2830800
vt 0.4240600 0.2819800
vt 0.4240800 0.2830200
f 440/1949/440 436/1950/436 439/1951/439
vt 0.6690500 0.3256900
vt 0.6678100 0.3242500
vt 0.6678200 0.3255300
f 438/1952/438 436/1953/436 440/1954/440
vt 0.4174200 0.2630900
vt 0.4173300 0.2634400
vt 0.4181800 0.2636400
f 175/1955/175 442/1956/442 357/1957/357
vt 0.6696200 0.2995600
vt 0.6682500 0.2989900
vt 0.6682700 0.2996000
f 56/1958/56 441/1959/441 443/1960/443
vt 0.4265700 0.2650400
vt 0.4265900 0.2647300
vt 0.4258500 0.2646900
f 443/1961/443 441/1962/441 254/1963/254
vt 0.4258300 0.2649900
f 443/1961/443 254/1963/254 444/1964/444
vt 0.6696600 0.3014200
vt 0.6696500 0.3008000
vt 0.6683000 0.3008300
f 58/1965/58 56/1966/56 443/1967/443
vt 0.6782300 0.3022800
vt 0.6782900 0.3028400
vt 0.6792600 0.3027100
f 175/1968/175 173/1969/173 442/1970/442
vt 0.4170400 0.2673700
vt 0.4179500 0.2676600
vt 0.4179100 0.2673100
f 442/1971/442 359/1972/359 357/1973/357
vt 0.6797500 0.2752900
vt 0.6799200 0.2760000
vt 0.6812200 0.2757100
f 450/1974/450 170/1975/170 448/1976/448
vt 0.4266800 0.2515600
f 445/1977/445 453/1051/453 446/1050/446
vt 0.6695800 0.2822000
vt 0.6684600 0.2813800
vt 0.6684700 0.2822100
f 60/1978/60 445/1979/445 441/1980/441
vt 0.6806700 0.2827600
vt 0.6820600 0.2836500
vt 0.6820500 0.2827200
f 170/1981/170 447/1982/447 448/1983/448
vt 0.4269300 0.2554000
vt 0.4269700 0.2548900
vt 0.4262600 0.2548200
f 441/1984/441 445/1985/445 446/1986/446
vt 0.6806400 0.2872700
vt 0.6805900 0.2881400
vt 0.6819500 0.2882600
f 170/1987/170 169/1988/169 447/1989/447
vt 0.6696600 0.2863600
vt 0.6696400 0.2855400
vt 0.6685300 0.2855600
f 61/1990/61 60/1991/60 441/1992/441
vt 0.6801800 0.2913300
vt 0.6800400 0.2920300
vt 0.6813300 0.2922800
f 169/1993/169 175/1994/175 447/1995/447
vt 0.4266000 0.2604800
vt 0.4258400 0.2599900
vt 0.4258300 0.2604600
f 441/1996/441 446/1997/446 254/1998/254
vt 0.6699800 0.2916600
vt 0.6688200 0.2910700
vt 0.6688900 0.2917700
f 61/1999/61 441/2000/441 56/2001/56
vt 0.4280100 0.2478100
vt 0.4274900 0.2475200
vt 0.4274600 0.2477400
f 451/2002/451 449/2003/449 453/2004/453
vt 0.4207100 0.2471600
vt 0.4213500 0.2475700
vt 0.4214000 0.2473100
f 450/2005/450 452/2006/452 350/2007/350
vt 0.6785000 0.2696400
f 167/632/167 165/634/165 450/2008/450
vt 0.4205300 0.2485700
vt 0.4205200 0.2488600
vt 0.4212400 0.2488700
f 450/2009/450 448/2010/448 452/2011/452
vt 0.6796000 0.2449700
vt 0.6810800 0.2455900
vt 0.6809400 0.2447400
f 163/2012/163 455/2013/455 454/2014/454
vt 0.4249600 0.2379000
vt 0.4248800 0.2381800
vt 0.4253000 0.2383000
f 454/2015/454 455/2016/455 349/2017/349
vt 0.6678500 0.2496600
vt 0.6678400 0.2488300
vt 0.6665900 0.2488400
f 66/2018/66 457/2019/457 264/2020/264
vt 0.4240700 0.2417500
f 455/2021/455 345/1469/345 349/1468/349
vt 0.6800800 0.2529300
vt 0.6800600 0.2538300
vt 0.6814300 0.2538800
f 163/2022/163 456/2023/456 455/2024/455
vt 0.6679300 0.2538400
vt 0.6679100 0.2530100
vt 0.6666600 0.2530400
f 186/2025/186 66/2026/66 264/2027/264
vt 0.6682700 0.2592100
vt 0.6681900 0.2585100
vt 0.6669300 0.2586200
f 451/2028/451 186/2029/186 264/2030/264
vt 0.6681200 0.2297200
f 70/194/70 67/193/67 462/2031/462
vt 0.6768300 0.2331500
vt 0.6768100 0.2337200
vt 0.6777700 0.2337400
f 160/2032/160 188/2033/188 454/2034/454
vt 0.4264000 0.2344700
vt 0.4265800 0.2348000
vt 0.4266600 0.2347000
f 160/2035/160 222/2036/222 344/2037/344
vt 0.4297300 0.2359300
vt 0.4294600 0.2357800
vt 0.4294400 0.2358900
f 70/2038/70 462/2039/462 457/2040/457
vt 0.4262100 0.2346900
vt 0.4261100 0.2348200
vt 0.4264100 0.2350400
f 160/2041/160 454/2042/454 222/2043/222
vt 0.6768300 0.2354700
vt 0.6768500 0.2360500
vt 0.6778100 0.2359900
f 188/2044/188 26/2045/26 454/2046/454
vt 0.6784700 0.2403000
f 26/620/26 163/622/163 454/2047/454
vt 0.6693100 0.2410000
vt 0.6683000 0.2403500
vt 0.6682400 0.2409300
f 71/2048/71 70/2049/70 457/2050/457
vt 0.4278700 0.2311900
vt 0.4281800 0.2313200
vt 0.4281200 0.2310800
f 458/2051/458 342/2052/342 459/2053/459
vt 0.6800600 0.2098300
vt 0.6804400 0.2080200
f 98/80/98 458/2054/458 490/2055/490
vt 0.4277400 0.2309000
f 490/2056/490 458/2051/458 459/2053/459
vt 0.6671100 0.2119800
vt 0.6671200 0.2109100
vt 0.6658700 0.2110000
f 76/2057/76 74/2058/74 460/2059/460
vt 0.6786800 0.2131200
vt 0.6799600 0.2140200
vt 0.6799700 0.2131100
f 157/2060/157 154/2061/154 458/2062/458
vt 0.4280400 0.2321100
vt 0.4282300 0.2322600
vt 0.4282400 0.2321100
f 458/2063/458 461/2064/461 341/2065/341
vt 0.4280100 0.2317000
vt 0.4282400 0.2318200
vt 0.4282300 0.2316600
f 458/2066/458 341/2067/341 342/2068/342
vt 0.6672500 0.2169600
vt 0.6672200 0.2161100
vt 0.6659600 0.2161500
f 67/2069/67 76/2070/76 460/2071/460
vt 0.6798700 0.2177200
vt 0.6812100 0.2187000
vt 0.6812500 0.2177800
f 154/2072/154 461/2073/461 458/2074/458
vt 0.6797500 0.2204700
vt 0.6796900 0.2213800
vt 0.6810600 0.2214800
f 154/2075/154 155/2076/155 461/2077/461
vt 0.6675600 0.2251700
vt 0.6675000 0.2244200
vt 0.6662400 0.2245000
f 462/2078/462 67/2079/67 460/2080/460
vt 0.4367900 0.2303700
vt 0.4364800 0.2299900
vt 0.4364900 0.2304200
f 429/2081/429 394/2082/394 430/2083/430
vt 0.6416500 0.2022100
vt 0.6407600 0.2002000
vt 0.6402000 0.2020400
f 131/2084/131 394/2085/394 429/2086/429
vt 0.6529100 0.2043000
vt 0.6535500 0.2021500
f 9/19/9 80/2087/80 463/2088/463
vt 0.4336100 0.2300800
f 464/2089/464 427/1118/427 208/905/208
vt 0.4335000 0.2301900
vt 0.4338700 0.2304200
f 465/2090/465 427/2091/427 464/2089/464
vt 0.6539000 0.2048500
f 463/2088/463 80/2087/80 427/2092/427
vt 0.6541800 0.2032800
f 463/2088/463 427/2092/427 465/2093/465
vt 0.6415700 0.2280700
f 48/2094/48 52/1921/52 426/1923/426
vt 0.6522100 0.2275300
vt 0.6535100 0.2276300
f 336/1920/336 7/2095/7 425/2096/425
vt 0.6412800 0.2416800
vt 0.6414100 0.2411200
vt 0.6401600 0.2408800
f 45/2097/45 426/2098/426 421/2099/421
vt 0.4330100 0.2378700
vt 0.4330400 0.2380500
vt 0.4334100 0.2379900
f 7/2100/7 423/2101/423 425/2102/425
vt 0.4334500 0.2381800
f 423/2101/423 422/2103/422 425/2102/425
vt 0.6415100 0.2760600
vt 0.6416600 0.2754000
vt 0.6403800 0.2751300
f 414/2104/414 420/2105/420 411/2106/411
vt 0.6530000 0.2744100
vt 0.6543800 0.2748800
vt 0.6543000 0.2742600
f 412/2107/412 466/2108/466 467/2109/467
vt 0.6530900 0.2750300
vt 0.6544600 0.2755300
f 412/2110/412 325/2111/325 466/2108/466
vt 0.6430000 0.2931600
vt 0.6428500 0.2925000
vt 0.6417500 0.2927300
f 34/2112/34 416/2113/416 417/2114/417
vt 0.6533300 0.2939800
vt 0.6545900 0.2946800
vt 0.6546400 0.2940900
f 21/2115/21 409/2116/409 413/2117/413
vt 0.4340900 0.2623000
vt 0.4340600 0.2626300
vt 0.4348100 0.2626800
f 413/2118/413 409/2119/409 322/2120/322
vt 0.4349500 0.2611900
vt 0.4355600 0.2616500
vt 0.4355800 0.2612200
f 413/2121/413 322/2122/322 306/2123/306
vt 0.6429900 0.3088100
vt 0.6420500 0.3079200
vt 0.6418900 0.3085900
f 35/2124/35 417/2125/417 28/2126/28
vt 0.4425500 0.2699300
f 406/2127/406 410/1319/410 225/1318/225
vt 0.6407700 0.3076100
f 28/2126/28 417/2125/417 406/2128/406
vt 0.4448100 0.2837900
vt 0.4434700 0.2826400
f 496/2129/496 408/2130/408 311/1321/311
vt 0.4340400 0.2859400
vt 0.4335000 0.2871100
vt 0.4344100 0.2874900
f 468/2131/468 402/2132/402 398/2133/398
vt 0.4350000 0.2860800
f 468/2131/468 398/2133/398 219/2134/219
vt 0.6546300 0.3259900
vt 0.6547500 0.3277100
vt 0.6559500 0.3273900
f 138/2135/138 468/2136/468 219/2137/219
vt 0.6681300 0.3313200
vt 0.6675700 0.3287900
vt 0.6671100 0.3304400
f 184/2138/184 440/2139/440 470/2140/470
vt 0.4258100 0.2868600
vt 0.4253500 0.2856600
vt 0.4243800 0.2857400
f 470/2141/470 440/2142/440 469/2143/469
vt 0.4241600 0.2843100
f 440/2142/440 439/2144/439 469/2143/469
vt 0.4248700 0.2871800
vt 0.4234700 0.2857800
vt 0.4238600 0.2874500
f 470/2145/470 469/2146/469 370/2147/370
vt 0.4258600 0.2884400
f 470/2148/470 370/2147/370 399/1558/399
vt 0.6669300 0.3331500
f 401/2149/401 184/2138/184 470/2140/470
vt 0.6806800 0.3289100
vt 0.6817500 0.3312100
vt 0.6821500 0.3290000
f 433/2150/433 391/2151/391 437/2152/437
vt 0.6802700 0.3311400
vt 0.6798600 0.3333800
vt 0.6813400 0.3334300
f 433/2153/433 19/2154/19 391/2155/391
vt 0.4135100 0.2842200
vt 0.4139200 0.2861900
vt 0.4146300 0.2845500
f 391/2156/391 201/2157/201 437/2158/437
vt 0.6694500 0.3067000
vt 0.6695100 0.3061000
vt 0.6681700 0.3060100
f 435/2159/435 58/2160/58 443/2161/443
vt 0.6792700 0.3074300
f 173/2162/173 178/1927/178 442/1929/442
vt 0.4187300 0.2679800
vt 0.4187000 0.2676100
f 359/1972/359 362/2163/362 357/2164/357
vt 0.4184100 0.2605900
vt 0.4182500 0.2609100
vt 0.4189900 0.2612400
f 447/2165/447 175/2166/175 357/2167/357
vt 0.6688000 0.2740800
vt 0.6688600 0.2734800
vt 0.6675400 0.2733900
f 445/2168/445 64/2169/64 451/2170/451
vt 0.4275900 0.2503500
vt 0.4270500 0.2499600
vt 0.4269800 0.2502200
f 451/2171/451 453/2172/453 445/2173/445
f 165/75/165 170/74/170 450/1974/450
vt 0.4281800 0.2451500
vt 0.4276400 0.2448400
vt 0.4276300 0.2451200
f 451/2174/451 264/2175/264 449/2176/449
vt 0.6779400 0.2611800
vt 0.6788500 0.2619400
vt 0.6789800 0.2613700
f 161/2177/161 167/2178/167 456/2179/456
vt 0.6800900 0.2621900
f 456/2179/456 167/2178/167 450/2180/450
vt 0.6802300 0.2616400
f 456/2179/456 450/2180/450 455/2181/455
vt 0.4223000 0.2437000
vt 0.4221400 0.2439100
vt 0.4226500 0.2442400
f 455/2182/455 450/2183/450 350/2184/350
vt 0.4232800 0.2432700
vt 0.4231200 0.2435400
vt 0.4235400 0.2437800
f 455/2185/455 350/2186/350 345/2187/345
vt 0.6691900 0.2422200
vt 0.6692500 0.2416000
vt 0.6681800 0.2415200
f 66/2188/66 71/2189/71 457/2190/457
vt 0.4252600 0.2366800
vt 0.4256400 0.2370000
vt 0.4256900 0.2367900
f 454/2191/454 349/2192/349 222/2193/222
vt 0.4273300 0.2337000
vt 0.4272400 0.2337800
vt 0.4274100 0.2339700
f 461/2194/461 160/2195/160 344/2196/344
vt 0.6788900 0.2270100
vt 0.6787300 0.2276700
vt 0.6799900 0.2279600
f 155/2197/155 160/2198/160 461/2199/461
vt 0.6671800 0.2031400
vt 0.6657400 0.2016000
f 187/2200/187 16/38/16 471/2201/471
vt 0.6665500 0.2037000
f 187/2200/187 471/2201/471 74/2202/74
vt 0.6655600 0.2027700
f 74/2202/74 471/2201/471 472/2203/472
vt 0.6656400 0.2042900
f 74/2202/74 472/2203/472 371/2204/371
vt 0.4309900 0.2301800
vt 0.4311300 0.2299100
vt 0.4310600 0.2298000
f 371/2205/371 472/2206/472 473/2207/473
vt 0.4307800 0.2300900
f 371/2208/371 473/2207/473 214/926/214
vt 0.6671100 0.2095400
vt 0.6658400 0.2080800
vt 0.6658700 0.2097000
f 74/2209/74 371/2210/371 460/2211/460
vt 0.6469200 0.4121900
vt 0.6446800 0.3916600
vt 0.6454700 0.4122500
f 474/2212/474 475/2213/475 476/2214/476
f 112/315/112 194/847/194 474/2212/474
vt 0.6476200 0.4320800
f 112/315/112 474/2212/474 476/2215/476
vt 0.6453600 0.3724700
f 194/854/194 137/853/137 474/2216/474
vt 0.6447200 0.3570300
f 137/853/137 495/2217/495 474/2216/474
vt 0.6432800 0.3571500
f 474/2216/474 495/2217/495 475/2218/475
vt 0.4481700 0.3272300
f 475/2219/475 311/1715/311 380/1714/380
vt 0.4474600 0.3746400
vt 0.4479400 0.3496100
f 476/2220/476 475/2221/475 380/1713/380
f 476/2220/476 380/1713/380 302/1712/302
vt 0.6790800 0.4489800
vt 0.6807900 0.4641000
vt 0.6805400 0.4489600
f 83/2222/83 478/2223/478 481/2224/481
vt 0.6793300 0.4641300
vt 0.6797800 0.4776100
vt 0.6812300 0.4775500
f 83/2225/83 88/2226/88 477/2227/477
f 83/2225/83 477/2227/477 478/2223/478
vt 0.4048400 0.4208100
vt 0.4061000 0.4405000
vt 0.4067100 0.4208700
f 481/2228/481 478/2229/478 480/2230/480
vt 0.6804600 0.4900300
vt 0.6819100 0.4899400
f 88/2226/88 87/2231/87 479/2232/479
f 88/2226/88 479/2232/479 477/2227/477
vt 0.6789800 0.4315200
f 197/2233/197 83/2222/83 481/2224/481
vt 0.6484200 0.4781600
vt 0.6484000 0.4646800
vt 0.6469500 0.4646900
f 107/2234/107 482/2235/482 301/2236/301
vt 0.6469700 0.4781500
f 107/2234/107 301/2236/301 483/2237/483
vt 0.4480500 0.4414200
vt 0.4483200 0.4218400
vt 0.4464500 0.4218000
f 301/2238/301 482/2239/482 302/2240/302
f 482/313/482 112/315/112 476/2215/476
vt 0.4487400 0.3995600
vt 0.4469100 0.3995300
f 482/2239/482 476/2241/476 302/2242/302
f 385/1735/385 107/2234/107 483/2237/483
f 385/1735/385 483/2237/483 386/1736/386
vt 0.6841400 0.5388100
vt 0.6839100 0.5394400
vt 0.6847900 0.5401200
f 485/2243/485 387/2244/387 484/2245/484
vt 0.6843900 0.1902300
vt 0.6844800 0.1918500
vt 0.6858100 0.1917700
f 587/2246/587 486/2247/486 489/2248/489
vt 0.6858600 0.1934300
f 486/2247/486 487/2249/487 489/2248/489
vt 0.4264500 0.2275700
vt 0.4263900 0.2279300
vt 0.4267100 0.2279300
f 489/2250/489 487/2251/487 488/2252/488
vt 0.4267600 0.2275700
f 489/2250/489 488/2252/488 586/2253/586
f 586/2253/586 488/2252/488 292/1181/292
vt 0.4271000 0.2275300
f 586/2253/586 292/1181/292 566/2254/566
vt 0.6847200 0.1976500
vt 0.6847400 0.1987900
vt 0.6859300 0.1988000
f 487/2255/487 99/2256/99 488/2257/488
vt 0.6832600 0.1953600
vt 0.6846400 0.1964800
vt 0.6845700 0.1951400
f 101/2258/101 487/2259/487 486/2260/486
vt 0.6835300 0.1980900
f 101/2261/101 99/2256/99 487/2255/487
vt 0.4266800 0.2285500
f 488/2262/488 491/1172/491 292/1171/292
vt 0.6838300 0.2017000
vt 0.6839100 0.2042900
vt 0.6849300 0.2021800
f 99/2263/99 490/2264/490 491/2265/491
vt 0.4272200 0.2301100
vt 0.4277500 0.2303400
vt 0.4274400 0.2299300
f 490/2266/490 459/2267/459 491/2268/491
vt 0.6814600 0.2058100
f 99/267/99 98/265/98 490/2269/490
vt 0.6845300 0.2001000
vt 0.6856200 0.2003100
f 99/2270/99 491/2265/491 488/2271/488
vt 0.6487100 0.5401000
vt 0.6474600 0.5407900
vt 0.6482900 0.5411600
f 404/2272/404 492/2273/492 403/2274/403
vt 0.4445300 0.5385200
vt 0.4450100 0.5370200
vt 0.4440900 0.5372600
f 395/2275/395 500/2276/500 493/2277/493
vt 0.4451400 0.5401100
vt 0.4463100 0.5396000
vt 0.4455200 0.5381300
f 403/2278/403 492/2279/492 500/2280/500
f 403/2278/403 500/2280/500 395/2275/395
vt 0.6790400 0.3910000
vt 0.6789800 0.4116200
vt 0.6804300 0.4116200
f 392/2281/392 197/2282/197 481/2283/481
vt 0.4070400 0.3485200
vt 0.4061900 0.3736000
vt 0.4079900 0.3736500
f 392/2284/392 481/2285/481 494/2286/494
vt 0.6791400 0.3718600
f 6/873/6 198/872/198 392/2287/392
vt 0.6792300 0.3564000
f 6/873/6 392/2287/392 391/2288/391
f 198/870/198 197/2282/197 392/2281/392
vt 0.4073100 0.3985600
f 481/2285/481 480/2289/480 494/2286/494
vt 0.4096900 0.3262200
f 392/1764/392 494/2290/494 393/1765/393
vt 0.4480300 0.3099600
vt 0.4476400 0.2991200
vt 0.4463900 0.2992700
f 475/2291/475 496/2292/496 311/2293/311
vt 0.6428700 0.3470200
f 495/2217/495 496/2294/496 475/2218/475
vt 0.6813800 0.5018300
vt 0.6838600 0.5125300
vt 0.6828300 0.5017100
f 87/2295/87 497/2296/497 498/2297/498
vt 0.4015800 0.4894600
vt 0.4005400 0.5034300
vt 0.4023900 0.5035600
f 498/2298/498 497/2299/497 289/2300/289
vt 0.3996900 0.5153700
vt 0.4015100 0.5154800
f 497/2299/497 484/2301/484 289/2302/289
vt 0.6834200 0.5220300
vt 0.6841900 0.5293900
vt 0.6856300 0.5292700
f 497/2303/497 485/2304/485 484/2305/484
f 87/2231/87 498/2297/498 479/2232/479
vt 0.6460900 0.5394600
vt 0.6457600 0.5380200
vt 0.6444100 0.5383600
f 492/2306/492 511/2307/511 499/2308/499
vt 0.6455600 0.5350700
vt 0.6441100 0.5351200
f 511/2307/511 383/2309/383 499/2310/499
vt 0.4491000 0.5352300
vt 0.4479500 0.5314400
vt 0.4475700 0.5348700
f 499/2311/499 295/2312/295 500/2313/500
vt 0.4480000 0.5381300
vt 0.4485000 0.5371800
vt 0.4471900 0.5365700
f 492/2314/492 499/2315/499 500/2316/500
vt 0.4105400 0.5364000
vt 0.4108700 0.5343100
vt 0.4094700 0.5342100
f 501/2317/501 504/2318/504 505/2319/505
vt 0.4099200 0.5305900
f 504/2318/504 298/2320/298 505/2319/505
vt 0.4068000 0.5305400
vt 0.4054600 0.5305600
f 298/2321/298 288/1152/288 287/2322/287
vt 0.4063900 0.5339700
f 505/2323/505 298/2321/298 287/2322/287
vt 0.4437900 0.5361700
vt 0.4424400 0.5363400
f 493/2277/493 502/2324/502 501/2325/501
vt 0.4421200 0.5344800
f 502/2324/502 504/2326/504 501/2325/501
vt 0.4401200 0.5310100
vt 0.4398300 0.5250500
vt 0.4381100 0.5249800
f 298/2327/298 297/2328/297 288/2329/288
vt 0.4456600 0.5345100
vt 0.4457100 0.5312800
vt 0.4450800 0.5312300
f 502/2330/502 503/2331/503 298/2332/298
vt 0.4464100 0.5346200
vt 0.4466000 0.5313400
f 500/2333/500 295/2334/295 503/2331/503
f 500/2333/500 503/2331/503 502/2330/502
vt 0.4443400 0.5311700
vt 0.4441800 0.5253000
vt 0.4430600 0.5252200
f 298/2335/298 294/2336/294 297/2337/297
vt 0.4444800 0.5344300
vt 0.4432700 0.5311000
vt 0.4435100 0.5344300
f 502/2338/502 298/2339/298 504/2340/504
f 500/2276/500 502/2324/502 493/2277/493
vt 0.4312400 0.5370600
f 493/1767/493 501/2341/501 506/1768/506
vt 0.4036400 0.5338700
vt 0.4037900 0.5306200
vt 0.4031800 0.5306500
f 505/2342/505 287/2343/287 290/2344/290
vt 0.4031300 0.5339000
f 505/2342/505 290/2344/290 506/2345/506
vt 0.4047900 0.5356100
vt 0.4042400 0.5338600
vt 0.4039700 0.5354700
f 501/2346/501 505/2347/505 506/2348/506
vt 0.4022900 0.5306800
f 506/2345/506 290/2344/290 484/2349/484
vt 0.6501300 0.5393600
vt 0.6489900 0.5391700
f 404/2272/404 507/2350/507 509/2351/509
vt 0.6504300 0.5377900
f 509/2351/509 507/2350/507 510/2352/510
vt 0.6473500 0.5390000
vt 0.6478800 0.5377000
vt 0.6474200 0.5377300
f 492/2353/492 510/2354/510 511/2355/511
vt 0.6477300 0.5389900
vt 0.6482200 0.5390500
vt 0.6484400 0.5376900
f 492/2356/492 509/2357/509 510/2358/510
vt 0.6479400 0.5398700
f 492/2359/492 404/2272/404 509/2351/509
vt 0.6622900 0.5400400
vt 0.6655500 0.5381700
vt 0.6623200 0.5382100
f 507/2360/507 512/2361/512 510/2362/510
vt 0.6654900 0.5349700
f 510/2362/510 512/2361/512 104/2363/104
vt 0.6686100 0.5348900
f 512/2361/512 508/2364/508 104/2363/104
vt 0.6655900 0.5400100
f 404/1785/404 388/1784/388 507/2365/507
vt 0.6683700 0.5297900
f 104/2363/104 508/2364/508 95/2366/95
vt 0.6816900 0.5394900
vt 0.6820700 0.5384600
vt 0.6813800 0.5385900
f 388/2367/388 485/2368/485 507/2369/507
vt 0.6828100 0.5391100
vt 0.6825200 0.5383900
f 388/1747/388 387/2370/387 485/2371/485
vt 0.6818100 0.5371100
f 507/2369/507 485/2368/485 512/2372/512
vt 0.6535800 0.1863400
vt 0.6521100 0.1874200
vt 0.6524300 0.1878700
f 513/2373/513 514/2374/514 538/2375/538
vt 0.6513300 0.1880400
vt 0.6516600 0.1884800
f 514/2374/514 515/2376/515 538/2377/538
vt 0.6509600 0.1883300
vt 0.6513000 0.1887700
f 515/2376/515 516/2378/516 538/2379/538
vt 0.6507800 0.1884800
vt 0.6511200 0.1889200
f 516/2378/516 517/2380/517 538/2381/538
vt 0.6684600 0.1784900
vt 0.6677000 0.1784900
vt 0.6677100 0.1790000
f 520/2382/520 521/2383/521 525/2384/525
vt 0.6672000 0.1785200
vt 0.6672400 0.1790200
f 521/2383/521 522/2385/522 525/2386/525
vt 0.6668900 0.1785500
vt 0.6669500 0.1790400
f 522/2385/522 523/2387/523 525/2388/525
vt 0.6667000 0.1785700
vt 0.6667700 0.1790600
f 523/2387/523 524/2389/524 525/2390/525
vt 0.6684100 0.1806600
vt 0.6676900 0.1806400
vt 0.6676100 0.1825600
f 542/2391/542 616/2392/616 17/2393/17
vt 0.6684400 0.1796000
f 525/2394/525 616/2392/616 542/2391/542
vt 0.6827600 0.1856400
vt 0.6813900 0.1844700
vt 0.6813100 0.1849900
f 527/2395/527 528/2396/528 526/2397/526
vt 0.6827500 0.1861400
f 527/2395/527 526/2397/526 587/2398/587
vt 0.6797600 0.1830000
vt 0.6796200 0.1835000
f 528/2396/528 529/2399/529 526/2400/526
vt 0.6780300 0.1815000
vt 0.6778500 0.1819900
f 529/2399/529 530/2401/530 526/2402/526
vt 0.6764700 0.1802800
vt 0.6762600 0.1807500
f 530/2401/530 531/2403/531 526/2404/526
vt 0.6828200 0.1874100
vt 0.6813000 0.1863600
f 587/2405/587 526/2406/526 100/278/100
vt 0.6491000 0.1899700
vt 0.6482500 0.1907700
vt 0.6485000 0.1912900
f 533/2407/533 534/2408/534 538/2409/538
vt 0.6472900 0.1916500
vt 0.6474800 0.1922000
f 534/2408/534 535/2410/535 532/2411/532
f 534/2408/534 532/2411/532 538/2409/538
vt 0.6463300 0.1924300
vt 0.6464400 0.1930100
f 535/2410/535 536/2412/536 390/2413/390
f 535/2410/535 390/2413/390 532/2411/532
vt 0.6454000 0.1929600
vt 0.6454200 0.1935400
f 536/2412/536 537/2414/537 390/2415/390
vt 0.6465300 0.1943400
vt 0.6465300 0.1951900
f 532/2416/532 390/456/390 518/2417/518
vt 0.6505600 0.1886700
vt 0.6509000 0.1891000
f 517/2380/517 539/2418/539 538/2419/538
vt 0.6502300 0.1889500
vt 0.6505700 0.1893800
f 539/2418/539 540/2420/540 538/2421/538
vt 0.6497600 0.1893700
vt 0.6500900 0.1898100
f 540/2420/540 541/2422/541 538/2423/538
vt 0.6493900 0.1904400
f 541/2422/541 533/2407/533 538/2424/538
vt 0.6753000 0.1795400
vt 0.6751000 0.1800100
f 531/2403/531 543/2425/543 547/2426/547
f 531/2403/531 547/2426/547 526/2404/526
vt 0.6744700 0.1791600
vt 0.6743100 0.1796300
f 543/2425/543 544/2427/544 547/2428/547
vt 0.6737700 0.1789500
vt 0.6736600 0.1794400
f 544/2427/544 545/2429/545 547/2430/547
vt 0.6729800 0.1788100
vt 0.6729100 0.1793100
f 545/2429/545 546/2431/546 547/2432/547
vt 0.6761500 0.1813300
vt 0.6750000 0.1805700
vt 0.6749500 0.1815600
f 526/2433/526 547/2434/547 542/2435/542
vt 0.6719300 0.1786800
vt 0.6718800 0.1791900
f 546/2431/546 548/2436/548 547/2437/547
vt 0.6707200 0.1785800
vt 0.6706900 0.1791000
f 548/2436/548 549/2438/549 547/2439/547
vt 0.6695100 0.1785200
vt 0.6694900 0.1790300
f 549/2438/549 550/2440/550 525/2441/525
f 549/2438/549 525/2441/525 547/2439/547
vt 0.6684500 0.1790000
f 550/2440/550 520/2382/520 525/2442/525
vt 0.6694600 0.1796300
f 547/2443/547 525/2394/525 542/2391/542
vt 0.4318100 0.2253400
vt 0.4314400 0.2251100
vt 0.4313800 0.2252200
f 551/2444/551 552/2445/552 578/2446/578
vt 0.4312300 0.2250000
vt 0.4311900 0.2251200
f 552/2445/552 553/2447/553 578/2448/578
vt 0.4311300 0.2249600
vt 0.4311000 0.2250800
f 553/2447/553 554/2449/554 578/2450/578
vt 0.4310800 0.2249400
vt 0.4310500 0.2250700
f 554/2449/554 555/2451/555 578/2452/578
vt 0.4310300 0.2249300
vt 0.4310100 0.2250600
f 555/2451/555 556/2453/556 578/2454/578
vt 0.4309500 0.2249200
vt 0.4309400 0.2250500
f 556/2453/556 557/2455/557 578/2456/578
vt 0.4308300 0.2249200
vt 0.4308200 0.2250400
f 557/2455/557 558/2457/558 578/2458/578
vt 0.4306500 0.2249100
vt 0.4306500 0.2250300
f 558/2457/558 559/2459/559 578/2460/578
vt 0.4288400 0.2251900
vt 0.4284800 0.2254400
vt 0.4285100 0.2255500
f 561/2461/561 562/2462/562 560/2463/560
vt 0.4288800 0.2253000
f 561/2461/561 560/2463/560 567/2464/567
vt 0.4280700 0.2257300
vt 0.4280800 0.2258500
f 562/2462/562 563/2465/563 560/2466/560
vt 0.4276600 0.2260200
vt 0.4276600 0.2261400
f 563/2465/563 564/2467/564 566/2468/566
f 563/2465/563 566/2468/566 560/2466/560
vt 0.4273000 0.2262500
vt 0.4272900 0.2263700
f 564/2467/564 565/2469/565 566/2470/566
vt 0.4352800 0.2285400
vt 0.4350300 0.2285300
vt 0.4353000 0.2286700
f 568/2471/568 594/2472/594 338/2473/338
vt 0.4354700 0.2283500
vt 0.4352700 0.2282900
vt 0.4352700 0.2284100
f 569/2474/569 570/2475/570 568/2476/568
vt 0.4350500 0.2281800
vt 0.4350300 0.2282900
f 570/2475/570 571/2477/571 568/2478/568
vt 0.4348400 0.2280400
vt 0.4348000 0.2281400
f 571/2477/571 572/2479/572 568/2480/568
vt 0.4346700 0.2279000
vt 0.4346100 0.2279900
f 572/2479/572 573/2481/573 595/2482/595
f 572/2479/572 595/2482/595 568/2480/568
vt 0.4345800 0.2280900
f 568/2480/568 595/2482/595 594/2483/594
vt 0.4345400 0.2277900
vt 0.4344800 0.2278700
f 573/2481/573 574/2484/574 595/2485/595
vt 0.4344500 0.2277100
vt 0.4343800 0.2277900
f 574/2484/574 575/2486/575 595/2487/595
vt 0.4343900 0.2276600
vt 0.4343200 0.2277300
f 575/2486/575 576/2488/576 595/2489/595
vt 0.4343600 0.2276200
vt 0.4342800 0.2277000
f 576/2488/576 577/2490/577 595/2491/595
vt 0.4294600 0.2251600
vt 0.4293200 0.2254000
vt 0.4294600 0.2253700
f 567/2492/567 560/2493/560 578/2494/578
vt 0.4296200 0.2249100
vt 0.4294400 0.2249200
vt 0.4294600 0.2250400
f 579/2495/579 580/2496/580 567/2497/567
vt 0.4292800 0.2249600
vt 0.4293100 0.2250700
f 580/2496/580 581/2498/581 567/2499/567
vt 0.4291000 0.2250400
vt 0.4291300 0.2251500
f 581/2498/581 582/2500/582 567/2501/567
f 582/2500/582 561/2461/561 567/2464/567
vt 0.4304100 0.2249100
vt 0.4304100 0.2250300
f 559/2459/559 583/2502/583 578/2503/578
vt 0.4301300 0.2249100
vt 0.4301300 0.2250200
f 583/2502/583 584/2504/584 578/2505/578
vt 0.4298600 0.2249000
vt 0.4298600 0.2250200
f 584/2504/584 585/2506/585 578/2507/578
vt 0.4296300 0.2250200
f 585/2506/585 579/2495/579 567/2508/567
f 585/2506/585 567/2508/567 578/2507/578
vt 0.4304000 0.2253900
vt 0.4303800 0.2258000
f 578/2509/578 560/1553/560 368/2510/368
vt 0.6850600 0.1871700
vt 0.6841200 0.1879100
vt 0.6853100 0.1878400
f 586/2511/586 587/2512/587 489/2513/489
vt 0.4270300 0.2263800
vt 0.4270100 0.2264900
f 565/2469/565 588/2514/588 586/2515/586
f 565/2469/565 586/2515/586 566/2470/566
vt 0.4268500 0.2263700
vt 0.4267900 0.2264700
f 588/2514/588 589/2516/589 586/2517/586
vt 0.6845900 0.1862600
vt 0.6838200 0.1862500
vt 0.6839000 0.1867200
f 589/2518/589 590/2519/590 587/2520/587
vt 0.6848200 0.1866800
f 589/2518/589 587/2520/587 586/2521/586
f 590/2519/590 527/2395/527 587/2398/587
vt 0.6445400 0.1931100
vt 0.6444300 0.1936300
f 537/2414/537 591/2522/591 390/2523/390
vt 0.6438100 0.1928800
vt 0.6435300 0.1933100
f 591/2522/591 592/2524/592 394/2525/394
f 591/2522/591 394/2525/394 390/2523/390
vt 0.4357800 0.2282400
vt 0.4356500 0.2283300
vt 0.4357000 0.2284300
f 592/2526/592 593/2527/593 568/2528/568
vt 0.4358600 0.2283100
f 592/2526/592 568/2528/568 394/2529/394
vt 0.4355000 0.2284700
f 593/2527/593 569/2474/569 568/2530/568
vt 0.4360300 0.2284600
vt 0.4358200 0.2286400
vt 0.4359000 0.2287500
f 394/2531/394 568/2532/568 338/2533/338
vt 0.4328100 0.2263500
vt 0.4322000 0.2259900
vt 0.4327600 0.2264700
f 595/2534/595 578/2535/578 594/2536/594
vt 0.4338500 0.2271300
vt 0.4334200 0.2267400
vt 0.4333400 0.2268300
f 596/2537/596 597/2538/597 595/2539/595
vt 0.4328900 0.2262600
f 597/2538/597 598/2540/598 595/2534/595
vt 0.4323300 0.2257600
vt 0.4322500 0.2258600
f 598/2540/598 599/2541/599 595/2542/595
vt 0.4317400 0.2254500
f 599/2541/599 551/2444/551 578/2543/578
f 599/2541/599 578/2543/578 595/2542/595
vt 0.4321600 0.2262000
vt 0.4316400 0.2262400
vt 0.4321200 0.2265700
f 578/2544/578 368/2545/368 600/2546/600
vt 0.4327200 0.2266500
f 594/2547/594 578/2544/578 600/2546/600
vt 0.4332900 0.2295800
vt 0.4329900 0.2289100
vt 0.4329000 0.2295000
f 602/2548/602 206/2549/206 603/2550/603
vt 0.4320600 0.2271300
f 601/2551/601 600/2546/600 368/2545/368
vt 0.4319400 0.2294200
vt 0.4315100 0.2285600
f 604/2552/604 601/2553/601 211/921/211
vt 0.4324200 0.2294500
vt 0.4319600 0.2286400
f 605/2554/605 601/2555/601 604/2552/604
vt 0.4324800 0.2287600
f 603/2550/603 206/2549/206 601/2556/601
f 603/2550/603 601/2556/601 605/2554/605
vt 0.4339400 0.2293300
vt 0.4337100 0.2298000
f 208/905/208 206/2557/206 606/2558/606
vt 0.4338000 0.2286800
vt 0.4338600 0.2282400
vt 0.4335800 0.2280600
f 206/2559/206 600/2560/600 601/2561/601
vt 0.4335400 0.2296600
vt 0.4334200 0.2290700
f 607/2562/607 206/2563/206 602/2548/602
vt 0.4336600 0.2297200
vt 0.4336900 0.2291900
f 608/2564/608 206/2565/206 607/2562/607
vt 0.4338500 0.2292700
f 606/2558/606 206/2566/206 608/2564/608
vt 0.4343200 0.2275900
vt 0.4342500 0.2276700
f 577/2490/577 609/2567/609 595/2568/595
vt 0.4342600 0.2275200
vt 0.4341800 0.2276000
f 609/2567/609 610/2569/610 595/2570/595
vt 0.4341100 0.2273900
vt 0.4340400 0.2274700
f 610/2569/610 611/2571/611 595/2572/595
vt 0.4337700 0.2272200
f 611/2571/611 596/2537/596 595/2573/595
vt 0.6665300 0.1786100
vt 0.6666200 0.1791000
f 524/2389/524 612/2574/612 525/2575/525
vt 0.6661200 0.1787200
vt 0.6662600 0.1792200
f 612/2574/612 613/2576/613 525/2577/525
vt 0.6652400 0.1790900
vt 0.6654400 0.1795800
f 613/2576/613 614/2578/614 525/2579/525
vt 0.6637000 0.1799000
vt 0.6639300 0.1803800
f 614/2578/614 615/2580/615 525/2581/525
vt 0.6555300 0.1989800
vt 0.6572600 0.1989400
vt 0.6569700 0.1958800
f 618/2582/618 619/2583/619 617/2584/617
vt 0.6594400 0.1988900
vt 0.6593200 0.1953600
f 619/2583/619 620/2585/620 11/2586/11
f 619/2583/619 11/2586/11 617/2584/617
vt 0.6616600 0.1988300
vt 0.6617000 0.1949000
f 620/2585/620 621/2587/621 11/2588/11
vt 0.6637300 0.1945800
f 621/2587/621 12/31/12 11/2589/11
vt 0.6617100 0.1910700
vt 0.6638900 0.1866900
vt 0.6617200 0.1876500
f 11/2590/11 17/2591/17 519/2592/519
vt 0.6546700 0.1937300
vt 0.6567200 0.1928700
vt 0.6565600 0.1901500
f 617/2593/617 11/2594/11 519/2595/519
vt 0.6535300 0.1995100
vt 0.6527000 0.1972600
f 9/19/9 622/2596/622 617/2597/617
vt 0.6539000 0.1991800
vt 0.6530600 0.1971200
f 622/2596/622 623/2598/623 617/2599/617
vt 0.6544600 0.1990300
vt 0.6537500 0.1968400
f 623/2598/623 624/2600/624 617/2601/617
vt 0.6550200 0.1964100
f 624/2600/624 618/2582/618 617/2602/617
vt 0.6616300 0.1817200
vt 0.6588800 0.1834200
vt 0.6590400 0.1839800
f 525/2603/525 538/2604/538 532/2605/532
vt 0.6617700 0.1822900
vt 0.6590900 0.1848800
f 525/2606/525 532/2605/532 518/2607/518
vt 0.6613800 0.1812500
f 615/2580/615 625/2608/625 525/2603/525
vt 0.6586100 0.1829600
f 625/2608/625 626/2609/626 538/2604/538
f 625/2608/625 538/2604/538 525/2603/525
vt 0.6558500 0.1847600
vt 0.6561400 0.1852200
f 626/2609/626 627/2610/627 538/2611/538
vt 0.6538800 0.1868000
f 627/2610/627 513/2373/513 538/2612/538
vt 0.6640300 0.1819900
vt 0.6617900 0.1832600
vt 0.6617600 0.1849800
f 616/2613/616 518/2614/518 519/2615/519
vt 0.6639600 0.1838200
f 616/2613/616 519/2615/519 17/2616/17
vt 0.6640400 0.1809700
f 525/2617/525 518/2614/518 616/2613/616
vt 0.0128600 0.4618500
vt 0.0187600 0.4492500
vt 0.0129100 0.4491800
f 635/2618/635 634/2619/634 628/2620/628
vt 0.0187500 0.4618900
vt 0.0246200 0.4619800
vt 0.0246200 0.4493300
f 634/2621/634 636/2622/636 633/2623/633
vt 0.0068000 0.4867200
vt 0.0127000 0.4745200
vt 0.0077000 0.4745700
f 631/2624/631 635/2625/635 632/2626/632
vt 0.0294900 0.4494000
f 636/2622/636 637/2627/637 633/2623/633
vt 0.0080900 0.4491100
vt 0.0129500 0.4379400
vt 0.0081300 0.4379400
f 686/2628/686 628/2629/628 685/2630/685
vt 0.0080200 0.4617500
f 686/2631/686 635/2618/635 628/2620/628
f 632/2626/632 635/2618/635 686/2631/686
vt 0.0187900 0.4379700
vt 0.0246900 0.4292500
vt 0.0189000 0.4292300
f 634/2632/634 633/2633/633 628/2634/628
vt 0.0246400 0.4380100
vt 0.0294900 0.4380600
vt 0.0294900 0.4292900
f 633/2635/633 637/2636/637 629/2637/629
vt 0.0249100 0.4179900
vt 0.0293900 0.4142200
vt 0.0250500 0.4142000
f 633/2638/633 629/2639/629 630/2640/630
vt 0.0194500 0.4179800
f 628/2641/628 633/2638/633 630/2640/630
vt 0.0091600 0.4960000
vt 0.0138000 0.4960600
vt 0.0131000 0.4921800
f 631/2642/631 634/2643/634 635/2644/635
vt 0.0107000 0.5006700
vt 0.0147800 0.4997800
vt 0.0103900 0.4993600
f 638/2645/638 634/2646/634 631/2647/631
vt 0.0133200 0.5182700
vt 0.0178400 0.5185600
vt 0.0194500 0.5161800
f 634/2648/634 639/2649/639 636/2650/636
vt 0.0081800 0.5206200
vt 0.0123000 0.5208100
f 640/2651/640 641/2652/641 634/2648/634
f 641/2652/641 639/2649/639 634/2648/634
vt 0.0059100 0.5128600
vt 0.0103500 0.5131700
vt 0.0112400 0.5110800
f 638/2653/638 640/2654/640 634/2655/634
vt 0.0224900 0.5119900
vt 0.0271500 0.5123700
vt 0.0282800 0.5106800
f 636/2656/636 639/2657/639 637/2658/637
vt 0.0198900 0.5212700
vt 0.0164400 0.5210400
vt 0.0153600 0.5235500
f 642/2659/642 639/2660/639 641/2661/641
vt 0.0076700 0.5232100
vt 0.0044400 0.5254900
vt 0.0074000 0.5255700
f 640/2662/640 683/2663/683 641/2664/641
vt 0.0048300 0.5273400
f 641/2664/641 683/2663/683 680/2665/680
vt 0.2146500 0.5159200
vt 0.2172600 0.5194500
vt 0.2177000 0.5160400
f 643/2666/643 655/2667/655 644/2668/644
vt 0.2079500 0.4430000
vt 0.2138500 0.4553700
vt 0.2138400 0.4429600
f 645/2669/645 646/2670/646 647/2671/647
vt 0.1960200 0.4306300
vt 0.1969200 0.4427800
vt 0.2019300 0.4428300
f 694/2672/694 691/2673/691 645/2674/645
vt 0.2020900 0.4555000
f 691/2673/691 692/2675/692 645/2674/645
vt 0.2187100 0.4679500
vt 0.2187000 0.4552700
f 646/2670/646 644/2676/644 649/2677/649
f 647/2671/647 646/2670/646 649/2677/649
vt 0.2086700 0.4993700
vt 0.2142800 0.5031500
vt 0.2141400 0.4993600
f 687/2678/687 643/2679/643 646/2680/646
vt 0.2186200 0.5031300
f 646/2680/646 643/2679/643 644/2681/644
vt 0.2080100 0.4793800
vt 0.2081300 0.4881200
vt 0.2139100 0.4881000
f 645/2682/645 687/2683/687 646/2684/646
vt 0.2021800 0.4794100
f 692/2685/692 687/2683/687 645/2682/645
vt 0.1974100 0.4245200
vt 0.2018200 0.4320500
f 648/2686/648 694/2672/694 645/2687/645
vt 0.2023300 0.4251700
vt 0.2079700 0.4324600
f 648/2688/648 645/2687/645 647/2689/647
vt 0.2025500 0.3990800
vt 0.2086700 0.4011700
vt 0.2070700 0.3987900
f 651/2690/651 647/2691/647 650/2692/650
vt 0.1951400 0.4044900
vt 0.1958000 0.4066200
vt 0.2004700 0.4062700
f 653/2693/653 671/2694/671 651/2695/651
vt 0.2128100 0.4008800
f 650/2692/650 647/2691/647 649/2696/649
vt 0.2023500 0.4096100
vt 0.2031800 0.4109900
vt 0.2086400 0.4104700
f 651/2697/651 648/2698/648 647/2699/647
vt 0.1976800 0.4100100
f 671/2700/671 648/2698/648 651/2697/651
vt 0.2091100 0.3960800
vt 0.2045900 0.3938000
vt 0.2056600 0.3963100
f 682/2701/682 679/2702/679 650/2703/650
vt 0.1969000 0.3941400
vt 0.1936700 0.3918600
vt 0.1937000 0.3942300
f 651/2704/651 652/2705/652 653/2706/653
vt 0.2007400 0.3939900
f 650/2703/650 679/2702/679 651/2707/651
vt 0.0050600 0.5178400
vt 0.0054300 0.5152600
vt 0.0028500 0.5151100
f 640/2708/640 638/2709/638 670/2710/670
vt 0.0288900 0.3943200
vt 0.0296800 0.3977600
vt 0.0303500 0.3976800
f 654/2711/654 659/2712/659 656/2713/656
vt 0.2178600 0.5262300
vt 0.2187000 0.5231400
vt 0.2181100 0.5230300
f 654/2714/654 656/2715/656 655/2716/655
vt 0.0275500 0.3945400
f 630/2717/630 659/2712/659 654/2711/654
vt 0.2189000 0.5195900
vt 0.2196300 0.5161200
f 655/2718/655 656/2719/656 644/2668/644
vt 0.0014500 0.4869700
vt 0.0016300 0.4811000
vt 0.0013200 0.4789000
f 667/2720/667 632/2721/632 657/2722/657
vt 0.1904000 0.4333200
vt 0.1902900 0.4316200
vt 0.1901200 0.4375000
f 695/2723/695 667/2724/667 657/2725/657
vt 0.0021700 0.4607300
vt 0.0021100 0.4485900
vt 0.0017000 0.4483700
f 702/2726/702 686/2727/686 658/2728/658
vt 0.0024800 0.4726900
vt 0.0025000 0.4609400
f 632/2729/632 686/2730/686 702/2726/702
vt 0.0021200 0.4375700
vt 0.0017100 0.4373700
f 686/2727/686 685/2731/685 700/2732/700
f 686/2727/686 700/2732/700 658/2728/658
vt 0.0014000 0.4705300
f 632/2721/632 702/2733/702 657/2722/657
vt 0.0310000 0.4045100
vt 0.0323600 0.4076500
vt 0.0318300 0.4044800
f 659/2734/659 660/2735/660 656/2736/656
vt 0.2215900 0.5097000
vt 0.2210600 0.5065000
vt 0.2207000 0.5096800
f 660/2737/660 664/2738/664 656/2739/656
vt 0.0288200 0.4045500
vt 0.0290900 0.4076800
vt 0.0314700 0.4076700
f 630/2740/630 629/2741/629 659/2742/659
vt 0.2185000 0.5065000
f 656/2739/656 664/2738/664 644/2743/644
vt 0.1921100 0.4948800
vt 0.1915700 0.4884100
vt 0.1911500 0.4886000
f 688/2744/688 661/2745/661 698/2746/698
vt 0.1909400 0.4799800
f 661/2745/661 700/2747/700 698/2746/698
vt 0.0325000 0.4621400
vt 0.0335300 0.4746300
vt 0.0335800 0.4621600
f 662/2748/662 663/2749/663 660/2750/660
vt 0.2228100 0.4551900
vt 0.2227600 0.4427200
vt 0.2216800 0.4427500
f 660/2751/660 663/2752/663 665/2753/665
vt 0.2217300 0.4552100
f 660/2751/660 665/2753/665 664/2754/664
vt 0.2186700 0.4428400
f 664/2754/664 665/2753/665 649/2755/649
vt 0.2217500 0.4679000
f 664/2756/664 649/2677/649 644/2676/644
vt 0.0323000 0.4180300
vt 0.0324200 0.4228400
vt 0.0334800 0.4228500
f 659/2757/659 662/2758/662 660/2759/660
vt 0.0294600 0.4180100
f 629/2760/629 662/2758/662 659/2757/659
vt 0.0325200 0.4381000
f 629/2637/629 637/2636/637 662/2761/662
vt 0.0244800 0.3871600
vt 0.0253200 0.3865700
vt 0.0248800 0.3864300
f 630/2762/630 654/2763/654 696/2764/696
vt 0.0258300 0.3861800
vt 0.0260300 0.3859500
vt 0.0255300 0.3858500
f 654/2765/654 655/2766/655 696/2767/696
vt 0.2141200 0.5314800
vt 0.2140000 0.5313100
vt 0.2132900 0.5311600
f 696/2768/696 655/2769/655 643/2770/643
vt 0.0323600 0.4925100
vt 0.0333900 0.4971400
vt 0.0334100 0.4925600
f 675/2771/675 673/2772/673 663/2773/663
vt 0.2226400 0.4247900
vt 0.2226200 0.4202100
vt 0.2215900 0.4202700
f 663/2774/663 673/2775/673 668/2776/668
vt 0.2215900 0.4248400
f 663/2774/663 668/2776/668 665/2777/665
vt 0.0294200 0.4850500
vt 0.0323900 0.4851600
f 637/2778/637 675/2771/675 662/2779/662
vt 0.2187300 0.4204600
f 665/2777/665 668/2776/668 649/2780/649
f 662/2779/662 675/2771/675 663/2773/663
vt 0.1945500 0.4210700
vt 0.1937100 0.4227300
vt 0.1946200 0.4233400
f 676/2781/676 667/2782/667 666/2783/666
vt 0.0081800 0.4928300
vt 0.0043600 0.4916900
vt 0.0053900 0.4940100
f 631/2784/631 667/2785/667 676/2786/676
vt 0.1935800 0.4256600
f 667/2782/667 695/2787/695 666/2783/666
f 666/2783/666 695/2787/695 694/2672/694
f 666/2783/666 694/2672/694 648/2686/648
vt 0.0045200 0.5086800
vt 0.0045000 0.5069700
vt 0.0034600 0.5085600
f 638/2788/638 669/2789/669 670/2790/670
vt 0.1926800 0.4087900
vt 0.1937200 0.4103800
vt 0.1947700 0.4102500
f 670/2791/670 669/2792/669 671/2793/671
vt 0.1918500 0.4069400
vt 0.1937400 0.4086800
vt 0.1929000 0.4068400
f 670/2794/670 671/2795/671 653/2796/653
vt 0.0283000 0.5145200
vt 0.0261700 0.5166600
vt 0.0271200 0.5168000
f 675/2797/675 672/2798/672 673/2799/673
vt 0.0248800 0.5191100
f 672/2798/672 674/2800/674 673/2799/673
vt 0.2163400 0.4005500
vt 0.2141000 0.3982400
vt 0.2132200 0.3983700
f 673/2801/673 674/2802/674 668/2803/668
vt 0.0255200 0.5143100
f 639/2804/639 672/2798/672 675/2797/675
vt 0.0216200 0.5188100
vt 0.0220800 0.5214300
f 639/2805/639 642/2659/642 672/2806/672
vt 0.2113000 0.3959200
f 674/2802/674 682/2807/682 668/2803/668
vt 0.2108400 0.3985400
f 668/2803/668 682/2701/682 650/2808/650
vt 0.2154000 0.4006900
f 668/2809/668 650/2808/650 649/2696/649
vt 0.0300500 0.5126100
f 637/2658/637 639/2657/639 675/2810/675
vt 0.1961500 0.4144200
vt 0.1973100 0.4156400
vt 0.1971400 0.4143100
f 669/2811/669 666/2812/666 671/2813/671
vt 0.1963300 0.4157300
vt 0.1962200 0.4170300
vt 0.1972100 0.4169600
f 669/2814/669 676/2815/676 666/2816/666
vt 0.0106400 0.5033100
vt 0.0080900 0.5017200
vt 0.0079100 0.5030400
f 638/2817/638 676/2818/676 669/2819/669
vt 0.0076300 0.4990900
f 638/2645/638 631/2647/631 676/2820/676
vt 0.2000300 0.4153600
f 671/2813/671 666/2812/666 648/2821/648
vt 0.2027600 0.3869300
vt 0.1994100 0.3872200
vt 0.2026100 0.3873800
f 678/2822/678 677/2823/677 679/2824/679
vt 0.0133100 0.5291000
vt 0.0103300 0.5291800
vt 0.0101800 0.5301300
f 642/2825/642 641/2826/641 677/2827/677
vt 0.0070700 0.5297500
f 641/2826/641 680/2828/680 677/2827/677
vt 0.1960400 0.3871800
vt 0.1938700 0.3884900
vt 0.1962900 0.3876000
f 680/2829/680 651/2830/651 677/2831/677
vt 0.1995500 0.3881700
f 679/2824/679 677/2823/677 651/2832/651
vt 0.0160600 0.5292800
vt 0.0133800 0.5299700
vt 0.0135300 0.5304200
f 642/2833/642 677/2834/677 678/2835/678
vt 0.0206100 0.5239100
vt 0.0200600 0.5263400
vt 0.0213900 0.5240300
f 642/2836/642 681/2837/681 674/2838/674
vt 0.0193400 0.5261900
vt 0.0185400 0.5282400
f 642/2839/642 678/2840/678 681/2837/681
vt 0.2106100 0.3933200
vt 0.2085700 0.3911600
vt 0.2098300 0.3934400
f 674/2841/674 681/2842/681 682/2843/682
vt 0.2077700 0.3891100
vt 0.2052900 0.3880700
vt 0.2071600 0.3893400
f 678/2844/678 679/2845/679 681/2846/681
vt 0.2067000 0.3913500
f 682/2843/682 681/2842/681 679/2847/679
f 672/2806/672 642/2836/642 674/2838/674
vt 0.0032200 0.5274500
vt 0.0025600 0.5255100
vt 0.0018200 0.5255600
f 680/2848/680 683/2849/683 652/2850/652
vt 0.0044700 0.5231300
vt 0.0047400 0.5205000
vt 0.0025700 0.5204300
f 683/2851/683 640/2852/640 670/2853/670
vt 0.0024400 0.5231000
vt 0.0017400 0.5204100
vt 0.0016600 0.5231000
f 683/2854/683 670/2855/670 652/2856/652
vt 0.1908800 0.3942500
vt 0.1909700 0.3969400
vt 0.1918000 0.3969200
f 652/2857/652 670/2858/670 653/2859/653
vt 0.1934000 0.3882000
vt 0.1924400 0.3899000
f 680/2860/680 652/2861/652 651/2830/651
vt 0.0086700 0.4077700
vt 0.0072800 0.4108600
vt 0.0086500 0.4108700
f 704/2862/704 684/2863/684 685/2864/685
vt 0.0099400 0.4077800
f 704/2862/704 685/2864/685 628/2865/628
vt 0.1950300 0.4945400
vt 0.1986900 0.4993600
vt 0.1980200 0.4945600
f 689/2866/689 687/2867/687 692/2868/692
vt 0.1926800 0.4794500
vt 0.1929200 0.4880900
vt 0.1945200 0.4880800
f 690/2869/690 688/2870/688 689/2871/689
vt 0.1942900 0.4794200
f 690/2869/690 689/2871/689 692/2872/692
vt 0.1920000 0.4795100
f 661/2873/661 688/2870/688 690/2869/690
vt 0.1919900 0.4444900
vt 0.1926800 0.4561000
vt 0.1925800 0.4441400
f 693/2874/693 690/2875/690 691/2876/691
vt 0.1920200 0.4562700
vt 0.1919700 0.4684700
vt 0.1926500 0.4683800
f 693/2877/693 705/2878/705 690/2879/690
vt 0.1942200 0.4558400
f 691/2876/691 690/2875/690 692/2880/692
f 705/2878/705 661/2873/661 690/2869/690
vt 0.1918100 0.4347000
f 694/2881/694 693/2874/693 691/2876/691
vt 0.0041600 0.4842000
f 632/2882/632 667/2785/667 631/2624/631
vt 0.0185300 0.3902700
vt 0.0203100 0.3885000
vt 0.0184400 0.3902100
f 630/2883/630 696/2884/696 697/2885/697
vt 0.0023100 0.4169700
vt 0.0032800 0.4131200
vt 0.0022100 0.4169300
f 684/2886/684 699/2887/699 698/2888/698
vt 0.1914400 0.5004200
vt 0.1925100 0.5042300
vt 0.1926100 0.5041900
f 698/2889/698 699/2890/699 688/2891/688
vt 0.0079300 0.4038700
vt 0.0098400 0.4009600
vt 0.0096200 0.4008500
f 701/2892/701 704/2893/704 697/2894/697
vt 0.1938500 0.5075400
f 699/2890/699 701/2895/701 688/2891/688
vt 0.1898900 0.4575000
vt 0.1899800 0.4694800
vt 0.1900800 0.4577700
f 702/2896/702 658/2897/658 703/2898/703
vt 0.1900200 0.4463400
vt 0.1901600 0.4471300
f 657/2725/657 702/2899/702 703/2900/703
vt 0.1902300 0.4387400
f 657/2725/657 703/2900/703 695/2901/695
vt 0.0146500 0.3953800
vt 0.0169500 0.3927800
vt 0.0166100 0.3926000
f 697/2902/697 628/2903/628 630/2904/630
vt 0.0110100 0.4015700
vt 0.0131700 0.3986400
vt 0.0127600 0.3984300
f 704/2905/704 628/2906/628 697/2907/697
vt 0.1944200 0.5072500
vt 0.1928300 0.5040800
vt 0.1940700 0.5074300
f 689/2908/689 688/2909/688 701/2910/701
vt 0.1994100 0.5162100
vt 0.1975000 0.5133000
vt 0.1971600 0.5134800
f 697/2911/697 689/2912/689 701/2913/701
vt 0.2128600 0.5291400
vt 0.2113300 0.5278900
vt 0.2109800 0.5280700
f 643/2914/643 687/2915/687 696/2916/696
vt 0.2091300 0.5263500
f 687/2915/687 697/2917/697 696/2916/696
vt 0.0023400 0.4289400
vt 0.0019300 0.4287500
f 685/2731/685 684/2918/684 698/2919/698
f 685/2731/685 698/2919/698 700/2732/700
vt 0.1913900 0.4566200
vt 0.1913700 0.4449200
vt 0.1909900 0.4456000
f 693/2920/693 695/2921/695 703/2922/703
vt 0.1909300 0.4689800
vt 0.1909900 0.4569700
vt 0.1906000 0.4574900
f 705/2923/705 693/2924/693 703/2925/703
vt 0.1917000 0.4446600
vt 0.1912200 0.4352200
f 693/2926/693 694/2927/694 695/2921/695
vt 0.1905200 0.4692200
vt 0.1902800 0.4578400
vt 0.1901900 0.4694100
f 705/2928/705 703/2929/703 658/2930/658
vt 0.1905300 0.4801700
f 700/2931/700 705/2928/705 658/2930/658
vt 0.1913500 0.4797800
f 661/2932/661 705/2923/705 700/2747/700
vt 0.2024000 0.5187100
vt 0.2002300 0.5157800
vt 0.1998200 0.5160000
f 687/2933/687 689/2934/689 697/2935/697
vt 0.0051400 0.4140300
vt 0.0063800 0.4106900
vt 0.0060300 0.4105100
f 684/2936/684 704/2937/704 699/2938/699
vt 0.0074600 0.4074200
f 704/2937/704 701/2939/701 699/2938/699
vt 0.1341400 0.3031100
vt 0.1356900 0.3031200
vt 0.1356900 0.3029100
f 706/2940/706 718/2941/718 707/2942/707
vt 0.1288700 0.3021900
vt 0.1304200 0.3019900
vt 0.1288700 0.3019800
f 706/2943/706 707/2944/707 708/2945/708
vt 0.1341500 0.3018100
vt 0.1357000 0.3016100
vt 0.1341500 0.3016000
f 707/2946/707 710/2947/710 708/2948/708
vt 0.1341700 0.2994500
vt 0.1357100 0.2992500
vt 0.1341700 0.2992300
f 708/2949/708 710/2950/710 709/2951/709
vt 0.1289000 0.2959900
vt 0.1304500 0.2959900
vt 0.1304500 0.2957800
f 712/2952/712 709/2953/709 711/2954/711
vt 0.1341700 0.2949300
vt 0.1357100 0.2947100
vt 0.1341700 0.2947100
f 711/2955/711 726/2956/726 713/2957/713
vt 0.1289000 0.2949200
vt 0.1304500 0.2949200
vt 0.1304500 0.2947100
f 712/2958/712 711/2959/711 713/2960/713
vt 0.1341600 0.2925600
vt 0.1357000 0.2923400
vt 0.1341600 0.2923500
f 713/2961/713 726/2962/726 714/2963/714
vt 0.1288900 0.2923600
vt 0.1304300 0.2921400
vt 0.1288800 0.2921500
f 713/2964/713 714/2965/714 715/2966/715
vt 0.1357000 0.3018300
vt 0.1367000 0.3018300
f 710/2947/710 707/2967/707 716/2968/716
vt 0.1374400 0.3020600
vt 0.1375000 0.3022700
vt 0.1375000 0.3020600
f 716/2969/716 717/2970/717 710/2971/710
vt 0.1288500 0.2906500
vt 0.1304000 0.2904200
vt 0.1288500 0.2904300
f 715/2972/715 718/2973/718 706/2974/706
vt 0.1288600 0.2908600
vt 0.1304000 0.2908500
vt 0.1304000 0.2906400
f 715/2975/715 714/2976/714 718/2977/718
vt 0.1264500 0.3011000
vt 0.1264400 0.3008800
vt 0.1264300 0.3011000
f 708/2978/708 712/2979/712 706/2980/706
vt 0.1357100 0.2977400
vt 0.1367100 0.2979700
vt 0.1367100 0.2977500
f 709/2981/709 710/2982/710 725/2983/725
vt 0.1374200 0.3038100
vt 0.1374100 0.3040300
vt 0.1374700 0.3040400
f 716/2984/716 718/2985/718 714/2986/714
vt 0.1374300 0.3033700
vt 0.1374800 0.3035900
vt 0.1374900 0.3033700
f 716/2987/716 714/2988/714 720/2989/720
vt 0.1374300 0.3031400
vt 0.1375000 0.3031500
f 716/2990/716 720/2989/720 721/2991/721
vt 0.1366900 0.3031400
f 707/2942/707 718/2941/718 716/2992/716
vt 0.1374400 0.3029200
vt 0.1375000 0.3029300
f 716/2993/716 721/2991/721 722/2994/722
vt 0.1374400 0.3022700
vt 0.1375000 0.3024900
f 716/2995/716 723/2996/723 717/2970/717
vt 0.1383800 0.2973300
vt 0.1384100 0.2975400
vt 0.1384100 0.2973300
f 724/2997/724 725/2998/725 719/2999/719
vt 0.1357100 0.2964500
vt 0.1367100 0.2966700
vt 0.1367100 0.2964500
f 709/3000/709 725/3001/725 711/3002/711
vt 0.1374500 0.2942800
vt 0.1374500 0.2945000
vt 0.1375100 0.2945000
f 726/3003/726 711/3004/711 724/3005/724
vt 0.1383800 0.2996900
vt 0.1384100 0.2999100
vt 0.1384100 0.2996900
f 727/3006/727 719/3007/719 725/3008/725
vt 0.1383800 0.2934100
vt 0.1383800 0.2936300
vt 0.1384100 0.2936300
f 726/3009/726 724/3010/724 719/3011/719
vt 0.1375500 0.2992600
vt 0.1375500 0.2990500
vt 0.1375100 0.2990500
f 727/3012/727 725/3013/725 710/3014/710
vt 0.1375400 0.3022700
f 727/3015/727 710/2971/710 717/2970/717
vt 0.1382800 0.2916800
vt 0.1382500 0.2914700
vt 0.1382500 0.2916800
f 719/3016/719 714/3017/714 726/3018/726
vt 0.1375500 0.2958000
vt 0.1375100 0.2955800
vt 0.1375100 0.2958000
f 724/3019/724 711/3020/711 725/3021/725
vt 0.1375300 0.3033700
f 716/3022/716 721/2991/721 720/2989/720
vt 0.1375200 0.3035900
f 719/3023/719 716/3022/716 720/2989/720
f 719/3023/719 720/2989/720 714/2988/714
vt 0.1382900 0.3031400
vt 0.1382900 0.3029200
vt 0.1382500 0.3029200
f 719/3024/719 727/3025/727 716/3026/716
vt 0.1375400 0.3024900
f 716/3027/716 727/3015/727 717/2970/717
f 716/3027/716 717/2970/717 723/2996/723
vt 0.1375300 0.3031500
f 716/3028/716 722/2994/722 721/2991/721
vt 0.1264700 0.2972500
vt 0.1264700 0.2970400
vt 0.1264600 0.2970400
f 708/3029/708 709/3030/709 712/3031/712
vt 0.1264000 0.2904800
vt 0.1263800 0.2902600
vt 0.1263700 0.2902600
f 713/3032/713 715/3033/715 706/3034/706
vt 0.0977400 0.2954500
vt 0.0976300 0.2959800
vt 0.0979400 0.2955300
f 713/3035/713 706/3036/706 712/3037/712
vt 0.0853000 0.4527200
vt 0.0843000 0.4498600
vt 0.0850100 0.4527400
f 730/3038/730 755/3039/755 728/3040/728
vt 0.0863400 0.4638800
vt 0.0861500 0.4638900
vt 0.0861200 0.4659600
f 730/3041/730 747/3042/747 749/3043/749
vt 0.0856800 0.4731800
vt 0.0853300 0.4737200
vt 0.0856300 0.4736900
f 749/3044/749 752/3045/752 729/3046/729
vt 0.0862400 0.4614100
vt 0.0857700 0.4586500
vt 0.0860400 0.4614200
f 730/3047/730 728/3048/728 747/3049/747
vt 0.0935900 0.4410700
vt 0.0941300 0.4400100
vt 0.0936200 0.4400600
f 758/3050/758 759/3051/759 798/3052/798
vt 0.0945900 0.4387000
vt 0.0950800 0.4380100
vt 0.0946800 0.4379900
f 759/3053/759 732/3054/732 798/3055/798
vt 0.0948700 0.4360900
vt 0.0952600 0.4361000
vt 0.0952600 0.4349900
f 798/3056/798 732/3057/732 768/3058/768
vt 0.0948700 0.4350100
f 798/3056/798 768/3058/768 794/3059/794
vt 0.0942000 0.4300900
vt 0.0946400 0.4307500
vt 0.0946100 0.4301000
f 738/3060/738 768/3061/768 767/3062/767
vt 0.0937600 0.4307900
vt 0.0938200 0.4314000
vt 0.0942900 0.4313500
f 738/3063/738 794/3064/794 768/3065/768
vt 0.0918900 0.3639100
vt 0.0927500 0.3611900
vt 0.0924700 0.3611900
f 743/3066/743 756/3067/756 739/3068/739
vt 0.0913000 0.3791700
vt 0.0917200 0.3801800
vt 0.0915300 0.3791800
f 740/3069/740 741/3070/741 750/3071/750
vt 0.0921000 0.3835800
vt 0.0924200 0.3841000
vt 0.0923800 0.3836000
f 740/3072/740 742/3073/742 741/3074/741
vt 0.0918000 0.3835700
vt 0.0921300 0.3840800
f 779/3075/779 742/3076/742 740/3072/740
vt 0.0914600 0.3667200
vt 0.0921400 0.3639100
f 740/3077/740 756/3078/756 743/3066/743
vt 0.0917500 0.3095900
vt 0.0917200 0.3089900
vt 0.0914800 0.3090000
f 745/3079/745 736/3080/736 765/3081/765
vt 0.0826400 0.3460500
vt 0.0820700 0.3460600
vt 0.0820900 0.3470000
f 772/3082/772 769/3083/769 776/3084/776
vt 0.0825200 0.3587500
vt 0.0834600 0.3612200
vt 0.0827100 0.3587100
f 731/3085/731 754/3086/754 759/3087/759
vt 0.0954200 0.4423600
vt 0.0952200 0.4443800
vt 0.0956200 0.4423900
f 758/3088/758 731/3089/731 759/3090/759
vt 0.0918000 0.3721000
vt 0.0919500 0.3695100
vt 0.0917500 0.3695000
f 747/3091/747 728/3092/728 740/3093/740
vt 0.0922500 0.3667600
vt 0.0925400 0.3639300
vt 0.0920600 0.3667300
f 728/3094/728 756/3095/756 740/3096/740
vt 0.0917900 0.3744000
vt 0.0916000 0.3721000
f 750/3097/750 747/3091/747 740/3098/740
vt 0.0857700 0.4639000
vt 0.0854500 0.4614600
vt 0.0855600 0.4639100
f 749/3099/749 747/3100/747 750/3101/750
vt 0.0926400 0.4656600
vt 0.0929400 0.4673100
vt 0.0928400 0.4656500
f 748/3102/748 780/3103/780 797/3104/797
vt 0.0850300 0.3763200
vt 0.0850000 0.3778700
vt 0.0852000 0.3778800
f 797/3105/797 780/3106/780 778/3107/778
vt 0.0925000 0.3801300
vt 0.0922900 0.3791300
vt 0.0920900 0.3791600
f 752/3108/752 749/3109/749 750/3110/750
vt 0.0923000 0.3801600
f 752/3108/752 750/3110/750 741/3111/741
vt 0.0927100 0.3865200
vt 0.0929700 0.3859000
vt 0.0927900 0.3858500
f 729/3112/729 752/3113/752 742/3114/742
vt 0.0931400 0.3852800
vt 0.0930500 0.3846700
vt 0.0929600 0.3852400
f 752/3115/752 741/3116/741 742/3117/742
vt 0.0930700 0.4770500
vt 0.0926700 0.4776500
vt 0.0928400 0.4777500
f 770/3118/770 753/3119/753 751/3120/751
vt 0.0915000 0.3881800
vt 0.0918100 0.3875700
vt 0.0913600 0.3880600
f 729/3121/729 742/3122/742 779/3123/779
vt 0.0892000 0.3894700
vt 0.0893400 0.3894600
vt 0.0893300 0.3893000
f 753/3124/753 729/3125/729 779/3126/779
vt 0.0844000 0.3667600
vt 0.0847300 0.3695100
vt 0.0849200 0.3694900
f 731/3127/731 797/3128/797 778/3129/778
vt 0.0846000 0.3667300
f 731/3127/731 778/3129/778 754/3130/754
vt 0.0933800 0.3612600
vt 0.0941300 0.3587500
vt 0.0939400 0.3587100
f 728/3131/728 755/3132/755 756/3133/756
vt 0.0965200 0.3519900
vt 0.0965300 0.3514800
vt 0.0963400 0.3514400
f 755/3134/755 757/3135/757 777/3136/777
vt 0.0801200 0.3514800
vt 0.0803200 0.3519700
vt 0.0803100 0.3514400
f 759/3137/759 760/3138/760 776/3139/776
vt 0.0963500 0.3499800
vt 0.0961100 0.3490000
vt 0.0961700 0.3499400
f 789/3140/789 772/3141/772 777/3142/777
vt 0.0964400 0.3508200
vt 0.0962600 0.3507700
f 757/3135/757 789/3143/789 777/3144/777
vt 0.0803000 0.3499800
vt 0.0802100 0.3508200
vt 0.0803900 0.3507800
f 732/3145/732 759/3146/759 776/3147/776
vt 0.0804800 0.3499400
f 732/3145/732 776/3147/776 769/3148/769
vt 0.0934800 0.4233200
vt 0.0944500 0.4256300
vt 0.0936800 0.4232700
f 761/3149/761 762/3150/762 773/3151/773
vt 0.0919500 0.3264800
vt 0.0918000 0.3238900
vt 0.0916000 0.3238900
f 744/3152/744 737/3153/737 746/3154/746
vt 0.0828900 0.4181500
vt 0.0832700 0.4151400
vt 0.0830700 0.4151300
f 733/3155/733 737/3156/737 744/3157/744
vt 0.0918900 0.3196600
vt 0.0920900 0.3180700
vt 0.0918900 0.3180500
f 737/3158/737 735/3159/735 746/3160/746
vt 0.0921300 0.3166900
f 735/3159/735 745/3161/745 746/3160/746
vt 0.0843000 0.3125100
vt 0.0846200 0.3134300
vt 0.0844900 0.3125000
f 763/3162/763 774/3163/774 764/3164/764
vt 0.0906200 0.3960400
vt 0.0908100 0.3969500
vt 0.0908200 0.3960300
f 787/3165/787 763/3166/763 764/3167/764
vt 0.0900700 0.3937900
vt 0.0903500 0.3944700
vt 0.0905500 0.3944200
f 766/3168/766 787/3169/787 764/3170/764
vt 0.0814700 0.3955800
vt 0.0813900 0.3947800
vt 0.0812600 0.3955600
f 735/3171/735 736/3172/736 745/3173/745
vt 0.0859100 0.3077500
vt 0.0856000 0.3083700
vt 0.0860500 0.3078700
f 766/3174/766 764/3175/764 765/3176/765
vt 0.0910700 0.3073000
vt 0.0906100 0.3069500
vt 0.0904900 0.3071000
f 736/3177/736 766/3178/766 765/3179/765
vt 0.0849200 0.3238900
vt 0.0847300 0.3264800
vt 0.0849200 0.3264900
f 761/3180/761 773/3181/773 775/3182/775
vt 0.0850100 0.3215900
vt 0.0851100 0.3239000
f 763/3183/763 761/3180/761 775/3184/775
vt 0.0823400 0.4210800
vt 0.0826800 0.4181300
vt 0.0821400 0.4210500
f 733/3185/733 744/3186/744 771/3187/771
vt 0.0807400 0.4282200
vt 0.0811500 0.4262200
vt 0.0809400 0.4261900
f 786/3188/786 733/3189/733 771/3190/771
vt 0.0965300 0.3445100
vt 0.0963300 0.3440200
vt 0.0963400 0.3445500
f 786/3191/786 771/3192/771 772/3193/772
vt 0.0951100 0.4290900
vt 0.0953800 0.4300500
vt 0.0953000 0.4290400
f 767/3194/767 768/3195/768 762/3196/762
vt 0.0801300 0.3440000
vt 0.0803100 0.3445500
vt 0.0803200 0.3440100
f 768/3197/768 769/3198/769 762/3199/762
vt 0.0948200 0.4276400
f 761/3200/761 767/3194/767 762/3196/762
vt 0.0962600 0.3479900
vt 0.0962900 0.3469700
vt 0.0961100 0.3469900
f 789/3201/789 786/3202/786 772/3203/772
vt 0.0803200 0.4356100
vt 0.0801200 0.4345200
vt 0.0801200 0.4356100
f 781/3204/781 786/3205/786 789/3206/789
vt 0.0957600 0.4338600
vt 0.0958500 0.4349700
vt 0.0960400 0.4349600
f 768/3207/768 732/3208/732 769/3209/769
vt 0.0932900 0.4712500
vt 0.0934300 0.4718300
vt 0.0936400 0.4717900
f 748/3210/748 770/3211/770 780/3212/780
vt 0.0859900 0.3815700
vt 0.0859000 0.3821100
vt 0.0861900 0.3821000
f 778/3213/778 780/3214/780 751/3215/751
vt 0.0884200 0.3894800
vt 0.0884400 0.3893000
vt 0.0884000 0.3893000
f 753/3216/753 779/3217/779 751/3218/751
vt 0.0940000 0.3469900
vt 0.0934300 0.3469900
vt 0.0934300 0.3479900
f 772/3219/772 776/3220/776 777/3221/777
vt 0.0832900 0.3435500
vt 0.0826400 0.3441200
vt 0.0832200 0.3441300
f 771/3222/771 762/3223/762 772/3224/772
vt 0.0826200 0.3446000
f 772/3224/772 762/3223/762 769/3225/769
vt 0.0857000 0.3292800
vt 0.0856300 0.3320800
vt 0.0859600 0.3292800
f 775/3226/775 773/3227/773 774/3228/774
vt 0.0906900 0.3292700
vt 0.0910200 0.3320800
vt 0.0913200 0.3320800
f 774/3229/774 773/3230/773 744/3231/744
vt 0.0904000 0.3239000
vt 0.0907300 0.3265000
vt 0.0906200 0.3239000
f 774/3232/774 744/3233/744 746/3234/746
vt 0.0855500 0.3089900
vt 0.0857600 0.3090000
vt 0.0861100 0.3084700
f 764/3235/764 774/3236/774 765/3237/765
vt 0.0914600 0.3109300
vt 0.0917600 0.3109300
vt 0.0916500 0.3102300
f 774/3238/774 745/3239/745 765/3240/765
vt 0.0855500 0.3155200
vt 0.0858000 0.3155200
vt 0.0856700 0.3144400
f 763/3241/763 775/3242/775 774/3243/774
vt 0.0912100 0.3144300
vt 0.0914900 0.3144200
vt 0.0916500 0.3134300
f 774/3244/774 746/3245/746 745/3246/745
vt 0.0842900 0.3373200
vt 0.0837300 0.3395200
vt 0.0841900 0.3395300
f 773/3247/773 762/3248/762 744/3249/744
vt 0.0837500 0.3413300
f 762/3248/762 771/3250/771 744/3249/744
vt 0.0832100 0.3513900
vt 0.0826200 0.3507600
vt 0.0826200 0.3513900
f 777/3251/777 776/3252/776 760/3253/760
vt 0.0955200 0.3525400
vt 0.0951600 0.3519000
vt 0.0950500 0.3525100
f 755/3254/755 777/3255/777 739/3256/739
vt 0.0955700 0.3534500
vt 0.0952200 0.3534400
f 756/3257/756 755/3254/755 739/3258/739
vt 0.0939400 0.3524500
vt 0.0934300 0.3518600
vt 0.0933600 0.3524300
f 739/3259/739 777/3260/777 760/3261/760
vt 0.0857000 0.3667100
vt 0.0859600 0.3667100
vt 0.0856300 0.3639100
f 778/3262/778 751/3263/751 743/3264/743
vt 0.0853400 0.3639100
f 778/3262/778 743/3264/743 754/3265/754
vt 0.0904000 0.3744100
vt 0.0906300 0.3744100
vt 0.0906200 0.3720900
f 751/3266/751 740/3267/740 743/3268/743
vt 0.0851600 0.3851800
vt 0.0853000 0.3857700
vt 0.0855700 0.3857600
f 770/3269/770 751/3270/751 780/3271/780
vt 0.0914400 0.3830700
vt 0.0917400 0.3830800
f 751/3272/751 779/3075/779 740/3273/740
vt 0.0832000 0.3586800
vt 0.0835200 0.3586800
vt 0.0828600 0.3564800
f 759/3274/759 754/3275/754 760/3276/760
vt 0.0914600 0.3611900
vt 0.0918000 0.3611900
vt 0.0923600 0.3586700
f 754/3277/754 743/3278/743 739/3279/739
vt 0.0919600 0.3586700
vt 0.0929200 0.3564700
vt 0.0924600 0.3564600
f 754/3280/754 739/3281/739 760/3282/760
vt 0.0815700 0.4318700
vt 0.0814800 0.4325900
vt 0.0819100 0.4326200
f 782/3283/782 786/3284/786 781/3285/781
vt 0.0892300 0.4378600
vt 0.0891400 0.4370300
vt 0.0889900 0.4377300
f 785/3286/785 801/3287/801 790/3288/790
vt 0.0889300 0.4384400
f 793/3289/793 785/3286/785 790/3288/790
vt 0.0858100 0.4334700
vt 0.0858400 0.4344100
vt 0.0861800 0.4344000
f 783/3290/783 791/3291/791 800/3292/800
vt 0.0901500 0.4323900
vt 0.0905700 0.4332800
vt 0.0906100 0.4323800
f 784/3293/784 785/3294/785 738/3295/738
vt 0.0882400 0.4391200
vt 0.0885600 0.4386800
vt 0.0882200 0.4387400
f 795/3296/795 793/3297/793 790/3298/790
vt 0.0822100 0.4281100
vt 0.0825700 0.4295000
vt 0.0827100 0.4280600
f 733/3299/733 786/3300/786 734/3301/734
vt 0.0835600 0.4304300
vt 0.0835600 0.4311300
vt 0.0840600 0.4311300
f 734/3302/734 782/3303/782 783/3304/783
vt 0.0830500 0.4304700
vt 0.0830900 0.4294600
f 786/3300/786 782/3305/782 734/3306/734
vt 0.0840200 0.4316600
f 782/3303/782 799/3307/799 783/3304/783
vt 0.0862600 0.4303100
vt 0.0862900 0.4310900
vt 0.0868600 0.4310600
f 734/3308/734 783/3309/783 800/3310/800
vt 0.0879000 0.4309500
vt 0.0883800 0.4314900
vt 0.0884100 0.4309500
f 800/3311/800 801/3312/801 734/3313/734
vt 0.0889600 0.4316900
f 734/3313/734 801/3312/801 784/3314/784
vt 0.0900900 0.4309300
vt 0.0901200 0.4316000
vt 0.0906700 0.4315800
f 734/3315/734 784/3316/784 738/3317/738
vt 0.0920600 0.4290700
vt 0.0927000 0.4300700
vt 0.0925800 0.4290700
f 734/3318/734 738/3319/738 767/3320/767
vt 0.0896700 0.4119400
vt 0.0894100 0.4119500
vt 0.0897700 0.4148900
f 788/3321/788 735/3322/735 761/3323/761
vt 0.0848200 0.4121400
vt 0.0844500 0.4151100
vt 0.0847300 0.4151000
f 735/3324/735 737/3325/737 761/3326/761
vt 0.0842000 0.4181100
f 761/3326/761 737/3325/737 733/3327/733
vt 0.0847000 0.3916300
vt 0.0848600 0.3913900
vt 0.0845700 0.3916300
f 735/3328/735 766/3329/766 736/3330/736
vt 0.0895500 0.3953100
vt 0.0890900 0.3945900
vt 0.0892300 0.3953300
f 787/3331/787 766/3332/766 788/3333/788
vt 0.0887700 0.3946100
f 788/3333/788 766/3332/766 735/3334/735
vt 0.0899400 0.4046200
vt 0.0897300 0.4029200
vt 0.0897600 0.4046300
f 763/3335/763 788/3336/788 761/3337/761
vt 0.0899500 0.4014700
vt 0.0900400 0.4001900
vt 0.0898400 0.4002000
f 763/3338/763 787/3339/787 788/3340/788
vt 0.0891000 0.4258000
vt 0.0887900 0.4277200
vt 0.0892900 0.4277000
f 761/3341/761 734/3342/734 767/3343/767
vt 0.0834700 0.4260800
vt 0.0830000 0.4261100
f 761/3344/761 733/3345/733 734/3301/734
vt 0.0814700 0.4392600
vt 0.0817300 0.4385200
vt 0.0813300 0.4385800
f 757/3346/757 802/3347/802 789/3348/789
vt 0.0813800 0.4366500
vt 0.0817600 0.4366000
vt 0.0816700 0.4355500
f 789/3349/789 802/3350/802 781/3351/781
vt 0.0859200 0.4363400
vt 0.0862100 0.4353600
vt 0.0858800 0.4353800
f 792/3352/792 800/3353/800 791/3354/791
vt 0.0903800 0.4380000
vt 0.0908400 0.4379800
vt 0.0907200 0.4370900
f 793/3355/793 796/3356/796 785/3357/785
vt 0.0815500 0.4404800
vt 0.0819700 0.4404900
vt 0.0819300 0.4398000
f 755/3358/755 795/3359/795 757/3360/757
vt 0.0828200 0.4429200
vt 0.0833200 0.4429200
vt 0.0830700 0.4415000
f 730/3361/730 795/3362/795 755/3363/755
vt 0.0844100 0.4397500
vt 0.0848800 0.4389800
vt 0.0843300 0.4392300
f 795/3364/795 791/3365/791 804/3366/804
vt 0.0849500 0.4396900
vt 0.0854900 0.4389900
f 795/3367/795 792/3368/792 791/3365/791
vt 0.0888200 0.4403200
vt 0.0893100 0.4395100
vt 0.0887700 0.4395800
f 795/3369/795 796/3370/796 793/3371/793
vt 0.0872100 0.4395900
vt 0.0877500 0.4396200
vt 0.0877800 0.4390800
f 792/3372/792 795/3373/795 790/3374/790
vt 0.0924400 0.4425900
vt 0.0930700 0.4411200
vt 0.0925500 0.4411600
f 796/3375/796 758/3376/758 798/3377/798
vt 0.0915500 0.4401800
vt 0.0920800 0.4401700
vt 0.0921000 0.4394400
f 796/3378/796 798/3379/798 803/3380/803
vt 0.0863900 0.4556700
vt 0.0859400 0.4527000
vt 0.0856200 0.4527100
f 748/3381/748 797/3382/797 730/3383/730
vt 0.0883200 0.4789300
vt 0.0884900 0.4791500
vt 0.0885800 0.4791500
f 748/3384/748 729/3385/729 753/3386/753
vt 0.0928000 0.4751000
vt 0.0924800 0.4751000
vt 0.0923800 0.4757400
f 770/3387/770 748/3388/748 753/3389/753
vt 0.0863100 0.4747400
vt 0.0859800 0.4747700
vt 0.0860800 0.4753700
f 748/3390/748 749/3391/749 729/3392/729
vt 0.0870400 0.4638500
vt 0.0868000 0.4638600
vt 0.0867900 0.4659200
f 748/3393/748 730/3394/730 749/3395/749
vt 0.0936300 0.4444200
vt 0.0939500 0.4424600
vt 0.0934500 0.4425100
f 731/3396/731 758/3397/758 796/3398/796
vt 0.0931600 0.4444600
f 731/3396/731 796/3398/796 797/3399/797
vt 0.0912800 0.4445800
vt 0.0914300 0.4426600
vt 0.0909200 0.4426900
f 797/3400/797 796/3401/796 795/3402/795
vt 0.0842400 0.4448400
vt 0.0837700 0.4448400
f 797/3403/797 795/3362/795 730/3404/730
vt 0.0833300 0.4337500
vt 0.0833100 0.4345600
vt 0.0836200 0.4345500
f 799/3405/799 802/3406/802 804/3407/804
vt 0.0919300 0.4328200
vt 0.0921300 0.4334000
vt 0.0921400 0.4328000
f 738/3408/738 785/3409/785 794/3410/794
vt 0.0922200 0.4360300
vt 0.0925100 0.4351000
vt 0.0921900 0.4351200
f 803/3411/803 794/3412/794 785/3413/785
vt 0.0915600 0.4369400
vt 0.0917600 0.4376400
vt 0.0919400 0.4375000
f 785/3414/785 796/3415/796 803/3416/803
vt 0.0834500 0.4392700
vt 0.0838900 0.4393000
vt 0.0838700 0.4389400
f 757/3417/757 795/3418/795 804/3419/804
vt 0.0831600 0.4387200
vt 0.0836100 0.4386500
vt 0.0833100 0.4384700
f 757/3420/757 804/3421/804 802/3422/802
vt 0.0933600 0.4376200
vt 0.0933100 0.4368600
vt 0.0931700 0.4374900
f 798/3423/798 794/3424/794 803/3425/803
vt 0.0826200 0.4336500
vt 0.0825200 0.4345300
vt 0.0827800 0.4345500
f 781/3426/781 802/3427/802 799/3428/799
vt 0.0830700 0.4325000
vt 0.0828000 0.4329500
vt 0.0829900 0.4330800
f 782/3429/782 781/3430/781 799/3431/799
vt 0.0852000 0.4344400
vt 0.0851100 0.4335200
vt 0.0848400 0.4335700
f 791/3432/791 783/3433/783 799/3434/799
vt 0.0867300 0.4344000
vt 0.0870000 0.4353300
vt 0.0869800 0.4344000
f 800/3435/800 792/3436/792 801/3437/801
vt 0.0872400 0.4353200
f 801/3437/801 792/3436/792 790/3438/790
vt 0.0892400 0.4334000
vt 0.0887900 0.4327700
vt 0.0889900 0.4334600
f 785/3439/785 784/3440/784 801/3441/801
vt 0.0852800 0.4363600
vt 0.0850000 0.4354100
vt 0.0850300 0.4363600
f 791/3442/791 799/3443/799 804/3444/804
# 1488 faces, 3444 coords texture

# End of File
